{
  "category": "행정",
  "begin": "2019-09-02",
  "content": "안녕하세요. 안양시 비산1동 **보육원 앞 단지에 사는 주민입니다. 우리 동네는 **보육원과 초등학교 중학교, 그리고 작은 복지관과 안양에서 제일가는 망해암을 비롯하여 4개의 사찰이 있는 조용한 마을입니다. 우리 아파트 단지 앞에는 왕복2차선 도로밖에 없어 출퇴근과 학교나 사찰에서 행사할 때는 매우 교통이 혼잡하기는 합니다만 해마다 보육원 마당에서 샘골음악회와 수푸루지 마을 축제를 할만큼 지역주민과 소통을 하며 잘 지내는 평화로운 마을입니다. 그런데 이런 마을에 안양시에서 추진하는 독선적인 행정 정책으로 마을은 갈등과 혼란에 빠졌습니다. 안양시는 **보육원 이전이라는 계획에 맞추어, 주민들과 한번의 상의나 설명도 없이 **보육원 개인의 이익을 위한 정책을 안양시 관 주도로 개발계획을 세워 추진하고 있습니다. 개인의 돈벌이에 이용되는 안양시의 행정에 분노하며, 안양시의 정책에 결사 반대함은 물론 이런 정책을 세우고 추진하는 안양시를 바로 잡아주십시오. 그 이유는 첫째, **보육원이 위치한 곳에는 민원제기가 없고 주민과 함께 하기 때문에 이전할 이유가 전혀 없습니다. 이유라면 땅값이 올라서 보육원 재단의 이익을 위해 이전하는 것입니다. 보육원 아이들은 보육원 주변환경이 좋아지면 보육원생들도 학교도 가깝고 깨끗하고 주민과 함께 더불어 살수 있는 환경에서 지내면 안됩니까? 왜 환경이 좋아지고 살기가 좋아지면 보육원은 주민들과 괴리되는 외곽을 찾아 떠나야 합니까? 보육원이 전하려는 안양시 만안구나 동안구 비산사거리 성모병원 근처 아파트 주민들은 **보육원 이사오지 말라고 현수막을 걸고 반대하고 있습니다. 우리는 떠나라고 한 적이 없는데 말입니다. 여러가지 열악함과 어려움 때문에 가정에서 살지 못하고 보육원에서 지내야 하는 아이들이 그 현수막을 보고,오지말라고 외치는 소리를 들을 때 어떤 상처를 받는지 안양시장님은 생각해 보지 않은 것 같습니다. 모델링을 하거나 신축이나 개축을 해서 충분히 이전하지 않아도 되는데 이전 한다는 것은 보육원을 돈벌이 수단으로 사용하려는 계산이라는 판단밖에 서지 않습니다. 이러한 상황에서 안양시장님은 1종일반주거지를 3종으로 변경시켜주며 지구단위계획을 세워 주민이 반대하는 개발계획을 추진하려 하고 있습니다. 저지시켜 주십시오. 둘째, 보육원을 돈벌이 수단으로 사용해서는 안됩니다. **보육원 토지는 2019년 3월 13일 이전까지는 1종 일반주거지였습니다. 층 건물이나 빌라 즉 일반 주택을 지을 수 있는 토지로 저희들은 이해하고 있습니다. 그래서 저희들도 보육원 앞 아파트지만 조망권을 보고 전입을 하였습니다. 토지 종 변경을 하기가 대한민국에서는 어렵다는 것은 일 반 상식입니다. 그런데 **보육원은 2019년 3월 13일 1종 일반주거지에서 3종주거지로 안양시는 변경해 주었습니다. 그런 결과 **보육원은 이 땅을 팔고 이전을 하려하고 이 땅의 소유주는 29층 아파트 단지를 건설하려 하고 있습니다. 주변 살고 있는 저희 아파트 주민은 어떻게 1종에서 3종으로 2단계나 상승시켜 줄 수 있는지 의문이니, 그 종변경의 근거가 알고 싶습니다. 그리고 어떻게 안양시에서 한 개인의 종 변경 신청을 받아들여, 뻔히 주민의 반발이 예상되는데도 안양시 정책으로 추진할 수 있습니까? 잘못된 행정입니다. 1종 일반 주거지로 환원하여 주십시오. 셋째, 안양시는 비산1동주민센터가 있는 근처부근에서 부터 안양동초등학교 후문까지 마을 뒤로 8미터 소방도로가 예정되어 있었습니다. 그런데 안양시는 이 소방도로를 예정대로 건설하여 안전을 기해야 함에도 이 소방도로를 개발단지에 수용하게 하여 소방도로를 없애는 정책을 펴고 있습니다. 주민에게 알리지도 않고 하는 이러한 정책의 실행이 권위주의 정책이요, 관의 독선적인 정책이라고 생각합니다. 우리 아파트는 2차선 왕복도로밖에 없습니다. 수용 인원이 늘면 늘수록 도로는 확장되어야 하는데 계획했던 도로마저 없애는 정책을 펼수 있습니까? 계획했던 소방도로 확보해 주십시오. 넷째, **보육원 개발은 명분없는 개발입니다. 땅이 5,000평방미터 이상이 되면 아무나 어디서나 지구단위계획을 세우고 관이 주도하여 개발을 하게 해 줍니까? 여기는 개발이 필요 없는 곳입니다. 개발을 해달라고 원하는 사람은 **보육원 관계자와 안양시장님과 ****국장님과 정치가들 뿐입니다. 우리 아파트 앞 도르는 도로가 확장될 수도 없는 곳입니다. 그런데도 29층 고층 아파트 단지를 건설하려는 것은 비영리법인의 **보육원 땅값이 올라서 개인의 이득을 보려는 행위에 안양시청이 특혜를 주는 개발입니다. 안양시에서 종변경을 해주지 않았다면 절대로 29층 고층아파트 단지를 건설할 계획을 세우지 않았을 것입니다. 소방도로를 수용하게 하고, 경제기획재정원 땅이 933.6평방미터나 포함되어 있는 것도 수용하게 하고 , 주민의 반대와 민원이 있을 것이 뻔히 예상되는 대도 지구단위 계획을 세우고 추진해 주는 행정, 안양시청 관이 주도하여 개인에게 베푸는 특혜 중의 특혜입니다. 바로 철회하여 주십시오. 다섯째, 이곳은 70년 넘게 비영리시설이 보육원이 운영되어 왔습니다. 그래서 국가 땅도 제공되고 안양시나 주위의 후원이 있었던 곳입니다. **보육원 이전 계획을 세웠다면 주민의 민원이 생기지 않게 개인이 지니고 있는 땅의 한도 안에서 종 일반 주거지에서 할 수 있는 개발을 하게 안양시는 추진하십시오. 국가땅도 도로예정지도 개인에게 수용되는 특혜는 거부합니다. 도로를 유지하고 국가땅에는 공공시설을 유치하여 주십시오. 여섯째, 안양시장님은 인근 주변 아파트 주민들이 기존에 누리고 있는 조망권과 일조권과 프라이버시를 존중하여 주십시오. 관이 나서서 이 조망권과 일조권과 프라이버시 침해가 될 수 있는 정책 폐기시켜 주십시오. 이제 대한민국은 살만한 나라가 되었습니다. 보육원 정책도 바뀌어야 합니다. 왜 보육원아이들은 발전하여 땅값이 오르면 외곽으로 떠나야 합니까? 보육원 아이들을 위해 자선을 한다면서, 땅값이 오르면 팔고 외곽으로 가고, 또 땅값이 오르면 외곽으로 가고, 이런 정책은 시정되어야 합니다. 개인의 이득을 위해서 보육원 운영이 이용되고 있다고 국민이 생각하지 않게 하여 주십시오. [본 게시물의 일부 내용이 국민 청원 요건에 위배되어 관리자에 의해 수정되었습니다]",
  "num_agree": 154,
  "petition_idx": "582440",
  "title": "안양시 동안구 평화지구 개발계획 철회하여 주십시오."
}