{
  "category": "교통/건축/국토",
  "begin": "2019-09-02",
  "content": "토지 강제수용법은 깡패법! 여러분, 누구의 입에서 나온 말인지 아십니까? LH 담당자 입에서 나온 말입니다. LH는 우리 회사가 사업 진행 중인 토지를 강제수용 했습니다. LH 담당자 말을 빌리자면, LH는 깡패법을 우리 회사에 적용한 것입니다. 우리 회사는 당초 2020년 완공을 목표로 연호부지 1만4100여m² 터에 800억 원을 투입했습니다. 때문에 회사가 추진하던 조성 사업에 심각한 제동이 걸렸습니다. 우리 회사가 사업 진행 중인 부지는 ‘제1종일반주거지역’으로 민간이 주택사업을 진행 중인 곳이었습니다. 분쟁이 일어날 것을 알면서도 LH는 ‘토지수용권’을 무기로 중소 건설사를 사면초가(四面楚歌)에 내모는 등의 추악한 민낯을 고스란히 드러냈습니다. LH는 기업 회생자금이라는 가당치도 않는 단어로 우리를 회유했습니다. 입에 풀칠이라도 해야 하는 우리 회사 직원들은 울며겨자먹기식으로 ‘기업 회생자금(?)’을 받았습니다. 여기서 중요한 건 기업 ‘회생자금의 내막’입니다. 표면적으로는 기업 회생자금이지만, LH는 우리 회사로부터 ‘6%대 고리대금을 꼬박꼬박 받는 대출’을 해 준 것입니다. 이뿐만이 아닙니다! LH는 올해 2019년 연말까지 우리 회사에 대체지 등 보상을 해 준다고 했다가, 담당자 승진· 인사이동 등을 빌미로 이제는 2년 후에야 우리 회사에 대한 보상 관련 답변을 해 줄 수 있다는 말을 스스럼없이 하고 있습니다. 결론적으로 우리 회사는 추가 금융비용 및 선투입 비용으로 40억이 발생하는 등 피해액이 산더미처럼 불어나 수백억에 달했습니다. 지금에 와서는 LH가 토지강제수용을 시행할 때 급구 막았어야 했으나 막지 못한 힘 없는 지역 중소기업이라는 죄가 죄라면 죄입니다. 그 당시 수익이 극대화 되던 때 땅을 팔았어도 이렇게 되지는 않았을 겁니다. LH가 약속한 대체부지와 적절한 보상은 온 데 간 데 없습니다. 여러분, 가족이 이런 일을 당했다면 어떻게 하시겠습니까? 공기업이라고 믿으면 안 됩니다. LH가 말하는 건 바뀝니다. 우리에게 LH 담당자가 강제수용법은 깡패법이라고 직접 발설한 날이 아직 트라우마로 남아 있습니다. 우리만 당하겠습니까? 이전도 그렇고 앞으로 LH는 깡패법을 악용해 선량한 국민들을 우롱하지 않을 거란 보장을 못합니다. 여러분, LH에 반드시 도장을 받으세요. LH는 구두약속은 약속이 아니라고 다시 한 번 법을 들이내밀 것입니다. 그 법은 세상을 품는 다정한 손이 아니라, 약자를 찌르는 칼일 것입니다. 여러분들의 사례도 함께 공유하고 해결해 가고 싶습니다.",
  "num_agree": 305,
  "petition_idx": "582433",
  "title": "토지 강제수용법은 깡패법!"
}