{
  "category": "보건복지",
  "begin": "2019-09-03",
  "content": "안녕하세요. 저는 4살 딸아이를 키우는 엄마입니다. 저희아이는 3살부터 이 어린이집에 다니기 시작했고 4살올라가자마자 이두명의 선생님에게 폭행을당하기 시작했습니다. 신학기부터 2019년 6월3 일까지 일이엇고, 6월3일 사건만 터지자 그이후로는 애들한테 잘하셧습니다. 자기들도 느꼇으니 행동이 달라졌겟죠. 하지만 그행동들이 습관이 되어있는사람들에게 한번에 고친다고 고쳐지겠습니까? 6월3일 이후부터 8월23일까지 근무하신 영상들을 보는데 폭행장면은 나오지않았으나 저희아이는 피해를 봤고 또다른 사건이 간간히 나옵니다.. 그조그마한 아이들이 인제는 물어도 대답을 안해주는 선생님들이라는걸 알기때문에 말을 안겁니다. 저도 경찰서에서 영상을 60일치를 보고와서 충격이였습니다.몇날몇칠 밥도안먹고 잠도 못자고 있어요 저 어린것들이 아직 고작 4살밖에 밖에 안된 아이들이 얼마나 2달동안 불안속에 떨었을지 생각을하니 진짜 미안해서 죽겠는데 선생이라는 것들은 사과한번 하로 안나타나네요.참.. 저희 폭행아이들 이야기도 같이 적으려니 정말 수없이 많아서 저희아이것만 팩트로적겠습니다. 말이짧더라도 이해해주시고 긴글한번씩만 꼭읽어주세요..감사드립니다.. (아이들이 부르는 선생님들 호칭, **선생님은(**선생님),나머지 한분은(**선생님)이십니다.) 2019년 8월 12일 딸아이 등에는 어른손바닥 상처와, 왼쪽 겨드랑이에는 손톱으로 할킨자국, 딸아이말로는 첨에는 **선생님한테 혼났다고함, 그러고 차분히 앉아 아이에게 물어보니. **선생님이 떄치햇다고함. 5번이나 되묻자 5번다 맞은곳을 똑같이가르킴,결국동영상촬영. **&원장에게 연락. **선생은 떄린적이없다고함. 다음날 씨씨티비 돌리기로함. 2019년 8월13일 등원하며 씨씨티비를 보러감. **을 믿었기에 4시 이후로 퇴근한시간부터봄. 영상으로는 때린장면이 안나옴 하지만 아이몸에는 상처가있음. 속은상하지만 원장님께 아이의몸에는 상처가있지만 영상은안나오니, 저희가 오해한거같다 밖에서 **선생님을 보게되면 정중히 사과를 드리겠다고하고 잘마무리하고끝남. 2019년 8월16일 어린이집 오후5시 간담회를 한다고 **선생님께 연락이옴. 06월03일같은반 쌍둥이아이들중 첫째가 잠을재우려니 이상반응을 보임. 그걸본 아버님께서 둘째에게 언니 선생님한테 혼났어?라고 몇번이나 물으니 혼났엇다고함. 의심이간 부모님은 경찰관님을 부르고 어린이집 씨씨티비를 보셨다고함. 영상에 위생과 안전에 문제점이 나왔음 이사건떄문에 경찰서 조사를 받고 한다고 2달이 걸렸다고함. 하지만 단순위생과 깜빡증이라고함, 울며 학부모님들께 이야기를함결론은 학부모님들이 퇴소를 원하지 않는다고 의사를 밣킴. 퇴소사건은 미뤄졌음. 2019년 8월21일 어린이집 남자아이 아동학대사실이 드러남. 그날 남자아이부모님은 어린이집 선생들과 사건이생김. 뒤늦게 우리아이 폭행사실알게됨. 2019년 8월 22일 어린이집 번호로 원장이 부재중이옴 뒤늦게 전화를 검. 남자아이와 친하니 사건을 알거라고 말함 거기서 뭐 다른일아시는거 있으면 말해달라고함. 우리아이도 6월3일에 폭행사실을 아냐고 원장한테 물음 안다고 면목이 없다고함. 우리가족은 8월12일에도 씨씨티비를 볼떈 맞은상처는 있지만 영상은없어서 오해라고사과한다고 하였는데 실망이크다고 함. 원장,**,**선생 세명다 전화통화를함 우리입장은 이미 남자아이사건에서 마무리가 되었기에 더일을 크게 벌리고싶지 않다.이시간이후로 없었던일이라고 생각하고 밖에서 보게 된다면 딸아이에게 웃으며 아무일없듯이 인사를 해달라고함. 사건은 마무리가 되었음. 2019년8월23일 **선생님과 **선생이 퇴소를 하게됨 2019 8월26일 딸아이가 새마음으로 어린이집에 등원을 하게됨 딸아이반 선생님들이 바뀜. 원장선생님도 특별히 딸아이를 관리 한다고함. 2019년 8월 30일 오후7시22분에 원장선생님 전화가오심. 쌍둥이 부모님께서 6월3일 이전 60일영상을 경찰서에 의뢰를 했더니 피해아동이6명이나옴. 그중 딸아이도 포함이되어있다고 8시까지 어린이집에 오라고함. 가서 피해아동들 부모님은 영상을 못본 상태니 원장선생님이 보실떄는 폭행이 맞는지 이야기를 해달라말함. 원장선생님이 말하시길 괴롭힘이라고 볼수있고 폭행이라고 볼수있다고 하심. 피해아동학부모님들은 임신한 선생님 **선생님의 사과를 원했음. 하지만 **선생님은 전화기를 꺼놓은 상태. 임신한 선생님은 무섭다고 안오심 . 피해아동들은 약2~3달간 두려움,정서불안,학대,방치를 당하였는데 사과하는게 무섭다고하심. 그럼 신랑분이라도 오시라고하니 어린이집에 신랑분이오셔서 사과는 커녕 객관적이게 생각해달라고함. 와이프가 처벌받아야하면 받는게 당연한데 어린이집 교사가 힘든직업인지 알아달라고 이야기하고 폭행이라고 생각들면 인정을 하고 폭행이라고 생각이 안드는거는 넘어간다고함. 열분한 어머니들은 법절차는 뒤에일이고 처음으로 사과를 하셔야하는거아니냐고 다음간담회떄 선생님을 데리고 와달라고 부탁을함. 남편분이 그날은 무조건 델고오겠다고 하고 집에가심. 그러고 사건마무리가됨. 2019년 8월31일 딸아이가 한달째 한쪽눈이 아프다하여 가족들은 속눈썹이 기니깐 안구를 찔러그러는줄 알고 안과예약을 해놓은상태였는데 알고보니 딸아이가 임신한선생님에게 분무기로 물총처럼 나가게 하여 분무기를들고 바로 눈앞에갖다대고 약6~7번 쏨. 하루만 그런행동을 한것이아니라, 2달가량 간간히 그런짓을 하고있엇는것. 2019년9월1일 경찰서 조사받으러감. 5월7일,5월9일 이틀이 폭행장면이 찍힘 5월7일-11시52분 밥을안먹는다하여, 분무기를 들고 멀리서 3번 쏨 놀래서 우는 아이를 끌고와서 눈앞에서 4번쏨 그러곤 조용하라함 = -12시13분 아이들 낮잠시간이되어 아이들의 이불을 꺼내는데 임신한 선생님교실 문앞에서 아이들의 이불을 하나씩던짐 그이불던지는 곳에 딸아이가 있엇는데 딸아이를 봐 놓고 더떤져 딸아이가 뒤로 넘어짐. = -2시 42분 다음날이 어버이 날이라고 아이들의 머리에 꽃을달고 방문앞에 서있게 한다음 사진을찍음. **선생이 포즈 취하는대로 딸아이가 안따라하니 따라할하라고 주먹으로 배를 떄림. 딸아이는 아파서 울자 화가난다고 효자손이 가득한 곳에 딸아이를 밀어버림. = -2시51분 무서움을 딸아이가 표현함.그모습을 **선생님은 보고 방치를시킴 = -2시53분 또다시 아이가 무서움을 표현을하고 불안하니 화장실가고싶다고 바지 가랑이를 잡고 의사표현을함 그모습을 선생두명이 봄 하지만 방치를 시킴.아이는 그자리에서 쉬를쌈. **선생이 수건가지고와서 딸아이 오줌 흐르지말라고 바닥에 내팽겨치고 또다시 6분다 선생두명이 방치를 시킴. = -3시 15분 딸아이가 벌레는 무섭고 두려움에 떤다는 것을 선생두분다 아심. 벌레때문에 소풍도 안보낸적이 있는아이를 **선생님이 벌레를 발견하고 갑자기 딸아이를 번쩍들어 벌레를 쫒아다님. 교실 반바퀴를 들어서 쫒아다닌후 내려놓음. 딸아이는 바닥에서 놀래서 반응이 없음. 그런아이를 또다시 구석에 있는 벌레는 번쩍들어 구석에서 공포감을주고 또다시 내려놓음. 바닥에 내려진 아이는 두려워서 벌벌떨고 울며 **선생님에게 안아달라고 요청을함 그걸보고 임신한선생님은 애를 밀어버리고 문을 재빨리 닫고 나가버림. 거기서 요청할곳없는 아이는 자기를 벌레보게한 선생님에게 안아달라고 요청을함 하지만 밀쳐버림.바닥에 주저앉은 아니는 갈곳이 없어 교실 구석에 앉아 떨고있음. 그러다 **선생님이 들어오시더니 갑자기 **선생님이 파일을 하나 잡아서 벌레를 잡아버림 그잡은걸 파일위에 얹어 딸아이에게 가지옴. 딸아이는 싫타고 치우라고 무서워서 도망을감 하지만 계속 잡아서 강제로 보게함 반바퀴를 지나 구석으로 또도망간 아이를 구성에 몰아넣고 벌레를 보게함 2분이흐른뒤 **선생이 임신한선생님한테 가자 딸아이는 숨을곳이 없어 책상밑으로감. 임신한선생은 **선생이 잡아온 벌레를 비닐팩에 넣음.그러곤 딸아이를 찾음 책상 밑에 있는아이에게 벌레봉지를 갖다놓음 아이는 울고있음 5월9일 12시04분 아이가 밥을 거부함 ,그러자 7일날 트라우마가 있는 벌레봉지를 몸속안에 집어넣음 아이는 울고불고 기절을 할려하는데 3번을 넣고 이번에는 아예 못빼게 등에다 넣음 아이는 덜덜떨며 울면서 뺴달라고 하는데도 밥을 입에 강제로 쑤셔넣음.목이 뒤로 젖혀짐. 결국 아이는 음식을 뱉고 불안해서 오줌을쌈.그러자 **선생님이 와서 수건을 아이 발에 던져놓음 2분동안 방치후 아이옷을 벗겨줌 벗겨주다 비닐이 나오자 그비닐을 아이 목구멍에 집어넣음. 그러고 난후 다른아이 얼굴 닦는것을 우리아이에게 물티슈를 들고오라고 시킴 들고가니 그아이얼굴을 세게 밀어서 아이가 바닥에 머리가 부딪침 하지만 아무렇지않게 닦고 우리아이 얼굴을 닦음 이런사건으로 저희아이는 2달간 소변도잘가리던 아이가 1달간 어린이집에서 소변을싸고 집에서도 쌋엇습니다.자다가도 울고 어떤날에는 헛소리도 합니다 저희아이뿐만이아니라 다른아이들도 저 시기에 똑같이그랬습니다.학대안당한 아이들도 그런표현을 보였구여..아이가 인제서야 **선생님들이 바뀌어 웃음을 찾아가고있습니다.그전에는 눈에 물들어가기 싫어하고 씻기를거부를하고 기가죽고 눈도안마주치고 무조건 구름반이 좋아요 선생님 좋아요 세뇌된것처럼 이야기를했엇습니다.정말로너무 속상하고 힘듭니다. 저희아이가 죽다살아났는데 몰랐던 저희가 정말 죄인이고 속상하고 죽고싶고, 지금 살아있는것에 너무 감사할따름입니다... 이런피해아동들이 더이상 나타나지 않도록 이선생님 두분을 강력히 처벌하여 주십시요.. [본 게시물의 일부 내용이 국민 청원 요건에 위배되어 관리자에 의해 수정되었습니다]",
  "num_agree": 12631,
  "petition_idx": "582475",
  "title": "대구광역시 달성군 ** ****어린이집 아동학대사건."
}