{
  "category": "기타",
  "begin": "2019-09-02",
  "content": "안녕하세요? 저희는 대구에 사는 초등학교 6학년 학생들입니다. 요즘 일본 제품 불매 운동으로 온 세상이 시끌시끌합니다. 그래서 저희도 문구점에 가면 불매운동에 동참하기 위해 일본 물건보다는 국산품을 많이 쓰려고 노력하고 있습니다. 하지만 우리와 같은 학생들이 자주 가는 문구점에도 일본 제품들이 많이 진열되어 있고 일본 제품들 틈 속에서 우리나라 제품을 찾아내는 과정이 생각보다 힘들었습니다. 왜냐하면 볼펜이나 샤프 속에 아주 작은 글씨들을 꼼꼼히 살펴보아야만 겨우 일본 제품인지 알 수 있었고 그나마 우리나라 제품에는 표기조차 없는 것들이 많았습니다. 불매운동에 동참하고 싶지만 학용품조차도 일일이 번거롭게 찾아보아야 하고 일본 제품인지 아닌지 구별하기조차도 힘들었습니다. 그래서 지속적으로 우리 제품을 찾아 쓰기는 힘들겠다는 생각을 하게 되었습니다. 최근 일본에 대응하기 위해서 우리 국민들이 하고 있는 불매운동뿐만 아니라 우리나라 제품을 많이 사용하여 부강한 나라로 성장하기 위해서 반드시 우리나라 제품을 알려야 한다고 생각합니다. 그래서 저는 한국에서 나고 만들어진 물건에만 붙일 수 있는 한국 토종 마크를 만들어 보면 어떨까 하는 생각을 하였습니다. 한국에서 나고 만들어진 검증된 제품에만 이 마크를 부여한다면 우리나라 국민들은 더 쉽고 편리하게 국산품을 살 수 있을 것입니다. 이번 불매운동뿐만이 아니더라도 우리 국산품을 애용한다면 우리나라의 자본이 외국으로 넘어가지 않고 우리나라에서 경제가 순환하게 되어 경제가 자연스럽게 발전할 것입니다. 국산품 중에서도 좋은 물건이 많습니다. 하지만 우리 같은 국민들은 고정관념 때문에 외국 제품을 쓰는 경우도 많습니다. 예를 하나 들어 볼까요? 유기농 표시 마크를 아시죠? 그 마크가 붙어 있는 물건은 믿고 안전하게 살 수 있습니다. 이처럼 이 마크가 대중적으로 보편화된다면 그 물건을 사는 사람들이 믿고 살 수 있지 않을까요? 자동차, 반도체부터 농수산물, 음식물, 학용품 같은 소소한 것까지 이 마크를 나라에서 부여해 준다면 우리나라 제품을 사는 사람들이 많아지게 되고, 기업들도 제품의 품질 향상을 위하여 더욱 노력하게 될 것입니다. 이번 기회에 우리나라 국민들의 가치관과 역사관이 바로잡혀서 하나로 뭉쳐서 어려움을 이겨내고 성장하는 나라가 될 수 있으면 좋겠습니다. (저희가 직접 마크도 만들어 보았으니 아래의 링크를 참고해 주세요 )",
  "num_agree": 377,
  "petition_idx": "582452",
  "title": "순수 국산 제품 인증 마크를 만들어 주세요"
}