{
  "category": "육아/교육",
  "begin": "2019-09-02",
  "content": "뜻있는 시민들께, 언론에, 정부와 청와대에 청원합니다. 무슨 말로 이 청원을 시작해야 할지 모르겠습니다. 조국 교수가 법무장관 후보로 지명된 이후 우리 사회의 공론장은 온통 이 문제를 논하는 말들로 가득한 상황입니다. 이 혼란스런 목소리들에 또 하나의 부실한 목소리를 더하는 건 아닌지 우려하면서도, 뜻있는 이들의 공감을 구하고자 이 청원의 글을 씁니다. 조국 후보의 문제가 우리 사회의 ‘공정성’에 대한 커다란 의문을 일으켰고, 그 의문이 다름 아닌 교육 문제에 집중되어 있음을 우리는 이번에 모두 느끼고 있습니다. 저는 여기서 조국 후보의 자격 여부를 다시 논하려는 것이 아닙니다. 사법 개혁의 적임자로 평가되는 그의 자격 여부에 앞서 오히려 교육 개혁이야말로 그가 뜻하지 않게 우리 모두에게 던진 과제가 되었음을 말하고 싶을 뿐입니다. 조국 후보의 딸이 받았다는 특혜가 과연 사실인지도 중요하지 않습니다. 그보다는 그 개인으로 대표되는 우리 사회 상위층의 기득권 구조가 어떻게 작동하는지 확인하게 되었다는 데 더 큰 의미를 두고 싶습니다. 재력과 학벌로 짜인 집단적 기득권 구조가 정-경-관-법-언으로 이어져 다시 기득권층의 집단 이익을 보장하는 ‘합법적’ 불공정의 실상을 보게 되었고, 그 핵심에 교육이 있음을 확인했다는 데 의미가 있습니다. 저는 조국 후보 자신부터 이 부분을 뼈아프게 반성하게 되었을 거라 믿습니다. 대학 서열화와 입시 경쟁으로 요약되는 현재의 교육 제도가 사회 기득권과 계급적 울타리를 지키는 보안문 구실을 하게 된 지 이미 오래입니다. 부모의 재력과 정보력과 신분이 학생의 능력으로 치환되고, 그렇게 만들어진 능력이 또한 명문대 졸업으로 추인되고, 그리하여 또 한 번의 기득권과 계급으로 대물림되는 현상을 우리는 분명하게 목도하고 있습니다. 교육을 통해 올라설 수 있다고 오래도록 믿어온 계급 간 사다리를 오히려 교육이 걷어차고 있는 현실을 너무나 뚜렷이 확인하고 있는 것입니다. ‘기회는 평등, 과정은 공정, 결과는 정의로운’ 사회를 이루겠다는 이 정부의 의지가 교육에서도 과연 실현되고 있는지 많은 이들이 묻고 있다는 점에서, 마침내 교육의 혁명적 변화를 논의할 적기가 찾아온 듯합니다. 여기서 고등교육의 공공성이 얼마나 중요한지를 다시 논하는 것은 사족일지도 모르겠습니다. 대학이라는 고등교육 기관들을 줄세우고, ‘명문대’라는 이름의 교육 기회를 일부 계층이 사유함으로써 이 사회는 교육에 의거한 불평등 구조를 고착시키고 있는 중입니다. 이 사회 지도층과 상류층을 구성하는 이들은 일찌감치 학교문에서부터 불평등한 혜택을 누려왔으며, 그것이야말로 우리가 우려하는 사회적 불평등의 근본 원인이 되고 있음을 인정해야 할 때입니다. 취업과 사회적 성공 여부가 명문대 졸업장에 달려 있고, 그 졸업장이 부모의 능력에 좌우되는 현실, 그것의 한가운데는 역시 ‘학벌 사다리’로 부르는 대학 서열화가 있습니다. 대학 서열화는 심지어 부모의 능력 덕분으로 기회를 차지한 학생들조차 자기들 내부에서 ‘능력’과 ‘특혜’를 다시 시비하는 우스운 풍경을 만들어내고 있습니다. 서울대, 고려대의 촛불집회에서 보듯이 ‘스카이 캐슬’이라 부르는 성채 안의 학생들이 사회적 공정성을 그들만의 계급 내 문제로 번역하는 신공에는 아연할 뿐입니다. 그들끼리 따지는 자기들만의 공정을 회수하여 고등교육 전체의 공공성 문제로 회복시켜야 할 필요성을 절감합니다. 교육에서 시작하여 생애 전체로 이어지는 이 사회의 기득권 구조와 불평등 경로를 무너뜨리는 길은 대학 서열화를 타파하는 데 있다고 믿습니다. 그리고 대학 서열화의 타파를 위해서 가장 효과적인 지름길로 ‘전국 국공립대 통합’을 공론에 부치자고 제안합니다. 그간 우리 사회는 입시제도의 공정성이 기회의 평등을 확보하는 열쇠인 양 끝없는 수정에 수정을 거듭해왔습니다. 하지만 공정한 선발을 위한 ‘능력’의 기준조차 출신상의 불평등을 대리하는 수단이 된 지금, 수시니 정시니 하는 제도상의 수정은 전혀 불공정을 해소하는 장치가 되지 못했습니다. 서울대를 비롯한 전국 40개 국공립 대학을 하나로 묶어 통합적으로 학생을 선발하고 추첨에 의해 캠퍼스를 배정하고 자유로운 학점 이동을 보장한다면, 이 사회의 교육 현실은 획기적으로 바뀔 것입니다. 사립대들의 또 다른 서열화를 강화한다는 일각의 반박은 통합 국립대학이 배출할 수십만 명의 효과를 전혀 고려치 않은, 내용 없는 반대에 불과합니다. 사립대에 지원하는 교육부 지원금을 축소하는 대신 등록금 인상과 기부금 입학을 자율에 맡겨 말 그대로 부모의 능력에 따라 사립대에 지원토록 한다면 사립대 서열화는 작은 문제로 머물 것입니다. 나아가 전국 국공립대 통합은 지방 분권화와 균형 발전이라는 과제까지 함께 해결할 수 있는 열쇠입니다. 전국이 수도권에, 서울대에 몰려드는 기현상도 사라질 것입니다. 그리하여 지역, 계급, 학력에 기초한 사회 전체의 기득권 구조도 차츰 허물어질 것입니다. 저는 전국 국공립대 통합이야말로 교육발 혁신이 사회 전체의 혁신으로 이어지는 도화선이 될 거라 믿습니다. 뜻있는 이들의 공감과 토론을 청합니다.",
  "num_agree": 2007,
  "petition_idx": "582419",
  "title": "'국공립대 통합'을 청원합니다!"
}