{
  "category": "문화/예술/체육/언론",
  "begin": "2019-09-02",
  "content": "문화체육관광부 한국콘텐츠진흥원 2019년 지역전략과제산업 공모에서 선정 되어 국고보조금 1억9천만원과 지방비 충청북도 3천만원, 영동군 5천만원 자부담 1천만원. 총 2억 8천만원의 제작비를 투입하여 창작 뮤지컬 <39 써티나인>을 제작하여 현재 공연을 진행하고 있습니다. 본래 유료공연을 진행하여 흑자로 전환 운영하는 것이 마땅한 일이었지만 지역에서 유료 공연을 한다는 것은 불가한 일이어서 부득이 무료공연을 하게 되었습니다. 지역의 명소를 활성화 시켜 지역경제활성화에 도움이 되고자 시행한 전략적 공연이었습니다. 지난 8월 10일 부터 매주 토요일 영동군 심천면 고당리 국악로 <난계 에코씨어터> 야외특설무대에서 공연을 하고 있습니다. 많은 사람들이 매회 찾아와 감동을 받고 가고 있습니다. 공연을 관람한 많은 분들이 본 공연을 지역의 공연으로만 끝나는 것을 안타까워합니다. 저 개인도 현재 신규인력을 채용하고 고용창출을 하며 많은 자금을 들여 공연을 진행하고 있는 상황이라서 더 이상 투자는 불가한 실정입니다. 본 공연 뮤지컬 39써티나인(thirty-nine)은 세종대왕과 함께 예악을 정론하여 조선시대 나라의 기틀을 세운, 국악의 아버지라 알려진 악성 난계 박연선생이 세종대왕께 올린 서른아홉 개의 상서를 중심으로 그린 작품입니다. 기준을 정하고 조화를 이루어 나라의 혼란을 수습한 한국음악 역사 이야기입니다. 국무총리님, 문체부장관님! 한 번 오셔서 공연 관람하시고, 보다 많은 국민이 봐야할 공연이라면 도와주시길 간곡히 바라옵니다. 이렇게 글을 올리는 것이 청원이 맞는 것인지는 잘 모르겠습니다. 그러나 오랜세월 공을 드린 작품의 공연으로서 9월 28일 마지막 공연을 끝으로 막을 내린 다는 것이 가슴이 아픔니다. 꼭 오셔서 공연 봐주시고 필요하고 지속 가능한 공연이라면 도움을 요청드리는 바입니다. 감사합니다! 뮤지컬 39-THIRTY-NINE 작/연출자 박** 올림 [본 게시물의 일부 내용이 국민 청원 요건에 위배되어 관리자에 의해 수정되었습니다]",
  "num_agree": 197,
  "petition_idx": "582443",
  "title": "뮤지컬 39-써티나인. 국무총리님, 문화체육부장관님! 오셔서 꼭 보시고 도와주세요."
}