{
  "category": "외교/통일/국방",
  "begin": "2019-09-04",
  "content": "2017년부터 인천시 강화군에 있는 헌법상 우리나라 영토 '함박도'가 북한군에 의해 불법으로 점령당하고 그들은 군사기지를 설치하여 우리 대한민국 군대를 위협해왔습니다. 국토교통부는 우리나라 영토가 맞다고 하면서, 정작 문재인정부는 북한 땅이라고 하는 이상한 상황이 일어나고 있습니다. 2년이 넘는 시간동안 국방부장관은 왜 이런 사실을 인지하지 못한건가요? 아니면 알고도 숨겨왔던 것인가요? 그리고 우리 대한민국의 영토인지 북한의 영토인지 확실하게 선을 그어 주시기 바랍니다",
  "num_agree": 2367,
  "petition_idx": "582486",
  "title": "함박도 북한군 주둔 해명해주십시오."
}