{
  "category": "기타",
  "begin": "2019-09-04",
  "content": "우선 이런글을 청화대게시판에까지 올려서 죄송스러운맘입니다. 게임이 관련된부분이다보니.. 과연 글을 올리는것이 옳은일인지 너무많은 고민을 했습니다. 하지만.. 게임문화 산업또한 공정하고 정직해야한다고 생각하기에 이렇게 글을 올립니다. 몇몇기사에따라면.. 게임관련 불법프로그램으로인한 피해가 몇백억 몇천억이라고 합니다. 하지만..우리나라는 관련법자체가 미비하고, 판매자들은 쉽게 판매를 할수있고, 처벌수위또한 약하기에. 게임회사는 물론, 너무많은 유저들이 피해를 보고있는 상황합니다. 많은게임중에서도 불법프로그램으로 피해가 가장크고.. 관리자체가 가장되지않은 게임이 유명한 ******라는 게임입니다. 동시접속자가 평균 50~60만정도 일정도로 괞장히 많이 하는 게임입니다. 말그대로 동시접속자고요.. 게임하는사람들은 몇백만 1천만 이상일듯합니다. 하지만.. 매주불법프로그램으로 정지되는 사람들이 1주에 10만~20만씩나옵니다. 이 핵을쓰는 사람들은 다시 남의명의 계정을 사서 핵을쓰고 접속합니다. 정지되는사람만 10~20만이고요.. 그외에 정지안되고 걸리지않고쓰는사람도 2배이상될듯합니다. 또한 문제시되는것은 한국서버에 중국인들이 불법프로그램을 사용하여들어온다는것입니다. 고스란히 한국인들은 피해를 보고, 피해보는한국인도 결국 핵을사서 사용합니다. 핵이란 불법프로그램은 구글 검색시 아주쉽게 구매하여 사용할수있습니다. 가장문제가되는것은 ****란 회사가 핵프로그램에관련된 어떠한 답변도 행동도 거의하지않는것입니다. 단순히 선량한 유저들 돈만 받으면된다는 식인냥... 나름 보여주는 핵들 잡긴하지만.. 그리 깨끗하지않습니다. 조취하는대까지 걸리는 시간도있으며, 어차피유저들은 고스란이 게임내에서 피해를 보고있습니다. 다른게임회사들의경우 불법핵프로그램 판매자들을 고발조취하고, 최소한의 노력이라도 하고있는상황이지만. **** 회사는 최소한의 노력도하지않습니다. 단순히 유저들의 신고를 확인하고 정지먹이는 정도뿐입니다. 유저들을 거의 *** 정도로만 생각하고, 금전적이득만 취할려고하는듯합니다. 보통 ****** 유저들의 소문에는 **** ******의 수익구조는 게임내에 아이템을 통한 수익도있지만, 가장큰수익은 역시 가입할때 계정비용입니다. 한번비용을 내면 계속게임을 무료로 할수있기 때문에 더이상 계정비용은 들지않습니다. 그러다 보니 소문에는 핵을 보유주기식으로 일부만 평균적으로 10만내외씩잡고, 핵을쓴사람들은 또 계정을 사거나 만들어야되기에.. 다시 계정비용을 받을수있기때문에... 어느정도만 잡고, 나머지는 놔둔다는것이고요, 대략적 계산만해도.. 한국 계정은 평균 30000만원인데.. 매주 10만이면, 대략 30억씩 다른나라계정이면 15억씩 정도 매주 수익이 발생한다는 것입니다. 하드웨어 벤이나 그외여러가지방법이 있음에도...강력하게 처벌하지않고, 판매자를 그냥놔두는이유는 이런수익때문이라는 말이 소문으로 돌아다닙니다. 허나 이게임을 하는사람들은 거의 맞다고 생각합니다. 다시말해 완벽하게 핵을 차단하거나 잡으면, 다시 계정을 사지않기에.. 수익에 큰구멍이 생기겠죠.. 매주 10억씩만 생각해도 한달이면 40~50억을 버리게 됩니다. 유저들에게 피해가 돌아가도, 회사의 수익이 크게 줄 걱정때문에.. 아무런조취를 안하는것이 아닌가하고 생각합니다. 현재 홈페이지에는 어떠한 게시판도없고,, 공식카페만 운영중입니다. 공식카페에는 핵관련 불만과 신고들이 넘처나는데도, ****라는 회사는 아무런 답변도,, 솔직한이야기도 없고, 오직 수익구조에만 관심있는듯합니다. 이런상황이 몇년째계속 되고있는상황에서도, 심지어 몇몇언론에서도 이야기했어도.. 꿈적도 하지않습니다. 두번째소문은 직접 핵관련정보를 판매자나 핵개발자들에게 넘긴다는 소문이지만.. 워낙 회사 신뢰가 무너지니 나오는 이야기라 봅니다. 우선 개인적으로 바라는것은, 당연히 100%핵을 없애지는 못하겠지만, 최소한 어느정도 깨끗하고, 걱정없이 게임을 할수있는 환경이 조성되는것이고요, 그래야 신규유저들도 많이 들어온다고 생각합니다. 1. 게임관련법률을 통하여, ****란 회사를 제재하거나 조사를 해봣으면합니다. 저희가 보기에는 투명하지않기에.. 핵관련 연관이 있는지, 불법은 있는지 이회사를 조사해봤으면합니다. 꼭 경찰이나 검찰에서 조사를 하지않아도, 언론에서라도.. 이내용들이 밝혀졌으면 합니다. 2. 불법프로그램 판매자에대한 법적인 조취와 처벌강도가 높아지도록 했으면합니다. 3. 핵관련불법프로그램을 사용하는 사용자에게도 법적인 제재나 처벌이 가능했으면합니다. 이글을 결국 청화대게시판에 쓴이유는 처음에 언급하였듯이... 고민을 많이 했습니다. 하지만, 점차 커지는 게임산업에서 정말 없어져야할 가장큰 문제점이라고생각합니다. 어떤언론사에서는 게임관련핵으로 피해보는 피해액이 1조원가까이된다고 서술하였던것으로 봅니다. 특히 그피해를 가장많이 보는것이 한국게임유저들이라고 생각합니다. 중국에서 들어오는 유입만 차단해도 보다확실히 클린해질텐데도 ****라는 회사는 수익에 관련되어있기에 어떠한 조취도 취하지않고 있습니다. 제발 많은분들이 동의해서 저게임회사와 게임자체가 클린한 게임이 됬으면합니다. [본 게시물의 일부 내용이 국민 청원 요건에 위배되어 관리자에 의해 수정되었습니다]",
  "num_agree": 173,
  "petition_idx": "582477",
  "title": "**** ****** 핵에관련된 판매자와 내부자를 조사및 처벌해주세요"
}