{
  "category": "기타",
  "begin": "2019-09-02",
  "content": "미혼모로 8살까지 키운 제아들.... 매일 받아쓰기 100점맞아올정도로 공부에 신경도많이썻고 아빠없단소리 안듣게할려고 예의도 잘가르치고 똘똘하게 키웠습니다... 초등학교 1학년...학교마치고 공부방에 갈려고 신호를 기다리는데....하청택배회사 후진차량에 의해 그대로 깔려서 사망했습니다.... ㅠㅠ 그 가해차량은 책임보험만 가입한 차량이였고.. 너무억울해서 그 원청택배회사 상대로 소송을 걸었고...1심,2심 원고승으로 승소까지했습니다.. 하지만 소송도중 회사가 넘어가고... 2심끝날땐 부도까지 났습니다... 그런데 그 사고당시 원청회사 회장과 대표이사 상대로 고소장을 접수했습니다... 솔직히 그당시 원청회장과 대표이사가 책임져야되는거 아닙니까...... 그택배상호를 떡하니 붙힌 차량이였으며.. 아들잃은것도 너무 억울한데 다들 나몰라라하니 더 화가납니다... 그럼 사람을죽이고 나몰라라하면 해결되는겁니까? 우리나라가 이런겁니까? 도와주세요...여러분들... 다시는 이런일이 생겨나지 안도록....... 청원좀 해주세요.... 하루하루가 지옥같습니다....",
  "num_agree": 902,
  "petition_idx": "582453",
  "title": "억울하게 하늘나라로 간 제아들 한을풀어주세요.."
}