{
  "category": "기타",
  "begin": "2019-09-03",
  "content": "조국후보자의 따님이 혼자사는 오피스텔에 한밤중에 찾아가 문을 두드리는 행위가 취재행위는 아니라고 생각합니다. 혼자사는 여성의 집인줄 알면서 수사의 대상도 아니고 의혹만으로 조국의 딸이기전에 한여성입니다. 얼마나 두렵고 힘들었겠습니까? 이것은 명백한 사생활 침해이고 기자의 알권리이전에 국민의 기본권침해입니다. 반드시 신상공개하고 국민의 공분을 바탕으로 법적처벌을 받아야한다고 생각합니다.",
  "num_agree": 35324,
  "petition_idx": "582469",
  "title": "한밤중에 조국법무부장관 후보자의 딸의 오피스텔의 문을 두드린 기자두명을 신상공개하고 처벌하여 주세요."
}