{
  "category": "육아/교육",
  "begin": "2019-09-02",
  "content": "이런 제목을 써야 하는 게 너무나 어처구니가 없고, 피해 학생과 가족들에게 죄송한 마음입니다. 피해자는 최대한 보호를 받아야 하고 불필요한 관심에서 벗어나야 하는데, 제목에서 언급하게 되었습니다. 이건 너무 당연하므로 더이상 이 글에 언급하지 않겠습니다. 모든 종류의 폭력은 '가해자 되지 않기' 가 핵심이 되어야 한다고 생각합니다. 성폭력은 특히 그러합니다. 잘못을 저지른 가해자가 적반하장으로 나오는 것, 처벌 강화를 요구하는 똑같은 댓글들의 반복. 이러면서 가해 연령대는 점점 낮아지고, 죄질도 더 고약해지는 성범죄. 한 건이라도 덜 발생하게, 지금 당장 대책을 시행해야 합니다. 지금도 어디에서 무슨 일이 벌어지고 있을지 무섭습니다. 가해자의 연령대에 상관없이 미성년자를 대상으로 한 성폭력은 모두 강력처벌해야 합니다. 이번 사건의 처벌부터, 죄의 무게에 합당하게 시행해주세요.",
  "num_agree": 693,
  "petition_idx": "582411",
  "title": "초등학생에게 성폭력을 저지른 중고생들에게 죄의 무게에 합당한 처벌을 시행해주세요."
}