{
  "category": "교통/건축/국토",
  "begin": "2019-09-02",
  "content": "울산 송정 LH 1단지 (박** 4로 **, 행복주택)임대주택 입주민 입니다. 위 단지는 임대주택으로 LH소속입니다. 수요를 훨씬 밑도는 지나친 공실률로 인해 초기 공고보다 계약조건은 계속 완화되고 있으며, 사전에 정확한 수요예측과 행정을 파악하지 못한 LH의 실책을 기존 입주민들이 떠안고 있습니다. 대부분이 사회초년생이고, 대학생, 신혼부부, 주거약자, 노약자 분들이 입주 대상입니다. 1. 공실률을 메꾸기 위한 추가모집 공고 : 기존입주민들과 비교하여 보증금액, 월세, 동호수지정 등과 같은 조건들아 완화된 상태, 기존입주민들의 불합리한 조건으로 인해 고통 받고 있습니다. 2. 입주기간(7월 30일~9월 27일) : 입주기간이 끝나기 전 8월 9일 보증금, 월세, 자격조건, 동호수지정 등등 감소 금액으로 공고가 올라왔습니다. 사전고지없이 입주기간에 입주한 사람은 기존계약을 유지(퇴거시 재입주 불가)해야하며, 입주 전 세대(위약금물고)만 기존계약을 변경하게 함으로써 불합리한 상황이 발생했습니다. 3. 예시 완화 조건 : 16형(소득있는청년)을 기준으로 기존 보증금 14,670,000원 월세 86,000원 인데, 현재 올라온 공고는 같은조건 보증금 13,930,000원 월세 76,000원 입니다. 월세도 1만원이나 낮은 상태이고 보증금 또한 300만원 가량 낮은 금액입니다. 전세 대출 받은 사람도 있고 이자 및 일년계산으로 월세금액을 따져도 기존입주민들은 손해만 보게 됩니다. 기존 입주민인 주거약자와 사회 초년생 등 은 이러한 손해를 보기엔 큰 금액이라고 생각이 됩니다. 4. 견해 : LH의 답변은 이해해달라 방침이다 어쩔 수 없다고 말만 하는데 개인에서 하는것도 아니고 나라에서 하는사업이 이렇게 국민들을 우롱하고 기만한다면 어떻게 국민들은 나라를 믿고 살 수 있을까요 아무리 미달 돼서 입주 물량 채우는 것은 좋지만 기존입주자들은 비싼 돈 주고 입주하고 추후 신규 계약자 분들은 싼 가격에 들어 와서 살게 되는 이런 어이 없는 상황이 생기게 됩니다. 기존 입주민들은 신규 계약자대비 최소 30만원 ~ 440만원 까지 비싼돈 주고 살게 되었습니다. 이런 불합리 적인 LH의 일 처리로 인해 먼저 입주한 주민들은 말 그대로 호구가 되어 버렸습니다. 이에 대한 해결방안 및 조치를 취해주시기 바랍니다. LH와 함께 논의를 하셔서 입주민들의 고통을 해결해 주시기 바랍니다",
  "num_agree": 229,
  "petition_idx": "582417",
  "title": "LH의 불평등한 임대조건  누구나 평등하게 살 권리는 있습니다."
}