{
  "category": "행정",
  "begin": "2019-09-04",
  "content": "도저는 60을 바라보는 평범한 중년 여성입니다 이 번에 모친상을 당하고 사망신고를 하려다가 거절 당해 참담한 심정으로 도움을 구하고자 글을 올립니다 저희 어머니는 85세에 영면하셨는데 ,그 세대의 많은 분들이 그러하듯 어려운 환경 속에서 배운 것도 가진 것도 없이 어렵게 살아 오셨습니다 저희를 낳고 도 어머니앞으로 저희를 자식으로 올리지 못하는 삶을 사셨고 자식도 장성한 후에나 만날 수 있었습니다. 시간이 흐르니 어색함도 없어지고 자주 뵙다보니 엄마가 기초생활수급자로 되있는 것을 알았고 그것도 포기시켰습니다 엄연히 자식이 있는데 나라의 돈을 가지고 병원비를 하게 한다는 것이 부끄러운 일이라고 생각했기때무입니다 자식 집에도 계셨고 마지막 2년은 와상상태로 요양원에 계셨습니다 물론 요양원에 보내는 돈은 고스란히 저희 통장에 찍혀있습니다 그간 그 분을 돌봐드린 모든 흔적들이 다 있습니다 그런데 그 분이 8월29일 돌아가시고 사망신고를 하러 갔더니 호적에 함께 되있지 않으니 안된다는 것이었습니다 용인시 역삼동 동사무소에서는 무연고 처리를 하라고 했습니다 처인구청과 대법원에서 안 받아주니 어쩔 수 없다고 했습니다 이해합니다 서류로 하는 행정인지라 .. 하지만 기초생활수급자인 독거노인으로 두면 경제적으로 좀 더 나은 혜택이 있어도 자식으로서 국민으로서 정직한 의무를 다하며 모셨는데 무연고 처리를 하라고 쉽게 말 할 수 있습니까 재산이 있으신 분도 아니고 다른 문제가 있을 일도 아닌데 어떤 고민도 없이 무연고처리하라고 하면 세상에 저처럼 호적에 오르지 못한 사람이나, 어려운 노인을 돌봤던 누구도 마지막엔 이런 일을 겪을 거라고 생각하니 참 어이가 없었습니다. 자식이라고 제대로 부르지도 못한 그 분의 아픈 세월은 개인 사정이겠지만 세상 일이 다 정석대로만 살아지는 것도 아니고 ,국민들의 삶도 얼마나 다양한 형태로 살고 있는데 증빙할 만한 정확한 서류나 문서를 정해놓고 충분히 사망신고를 받아 줄 수 있는 문제라고 생각합니다 제가 그 동사무소 직원에게 마지막으로 물었습니다 규정만 반복하지 말고 , 그럼 무연고처리 안하고 내버려두면 그 분은 평생 살아 있게 되는건데 인구 통계에 그렇게 정직하지 않은 통계로 잡혀서 되겠는가, 공무원으로 그 런 왜곡된 통계는 걱정이 안되는가 라구요 물론 대답은 못들었습니다. 규정 외엔 관심이 없기 때문입니다 존경하는 대통령님 저같은 사람은 단지 용기를 못낼 뿐이지 많습니다 숨죽이고 목소리도 못내는 못난 사람도 국민입니다 부디 외롭게 사셨던 엄마의 삶에 마지막까지 무연고로 처리되지 않고 정직한 사망신고가 이루어 질 수 있도록 돌아 봐 주시길 간곡히 부탁드립니다",
  "num_agree": 197,
  "petition_idx": "582479",
  "title": "정직한 사망신고를 하게 해주세요."
}