{
  "category": "일자리",
  "begin": "2019-09-04",
  "content": "가장 열악한 노동환경에서 한 인간을 철저하게 파괴한 가장 악질적인 기업을 고발하고자 합니다. 아직도 이런 기막힌 악질기업이 버젓이 활개치는 세상이 정의로운 나라인지 우리 가족들은 통곡합니다! 지난 5월 ***골프장을 인수한 ****레저개발이라는 회사는 ****건설이라는 개발회사라고 합니다. 불과 3개월도 못돼 60여명의 정규직 직원들 중 10여명이 견디다 견디다 못해 사표를 쓰고 나갔습니다. 계약서에 따라 주어진 일에만 열심히 하면 정규직이든 비정규직이든 근로기준법이나 노동관계법에 의해 의당 법의 보호를 받는다고 알고 있습니다. 더우기 임기를 정함이 없는 정규직은 더 나을 거라는 상식이 지배하는 사회로 알고 있었습니다. 그러나 이는 노조가 있거나 공무원, 공기업, 대기업의 경우나 해당되지 50여명 안팎의 작은 기업 중 오너가 악질일 경우 철저하게 부속품과 폐기물로 전락되고 인격이 말살되는 참혹한 현장이 바로 여기라는 점을 여실히 보여주고 있습니다. 먼저 제발로 나갔던 동료들의 증언에서도 잘 나와 있듯이 \"직위해제, 보직해임, 결재제외, 자리이동, 직책강등, 급여삭감 등의 협박을 받아오다 결국 지난 7월말로 사직서를 내었다고 합니다. 김** 지배인이 지목하고 공공연하게 \"반드시 쫒아내겠다\"고 공언한 그대로 되었습니다. 해고당한 **반장 이**(**년생)은 10여년 이상 같이 근무했던 다른 동료들이 자기발로 나가는 걸 보면서도 살아야 한다는 일념으로 이 폭염에 죽기살기로 버텨 왔습니다. 5월17일 골프장을 인수한 ****건설은 김**라는 지배인을 앞세워 10년차 이상된 직원을 겨냥하여 혹독하게 괴롭히기 시작했습니다. 통상 하절기에는 새벽 4시40분에 출근해서 내장객이 오기 전에 미리 송풍기 등을 활용해 청소하면서 9시간 근무하고 일을 마쳤으며 토.일은 휴무였습니다. 1.그런데 5.23일 부터 김** 지배인은 현장 청소하는 사람이 무슨 책상이 필요하냐며 책상을 빼는 바람에 업무정리할 공간도 잠시나마 쉴 수 있는 휴게공간도 없애 버렸습니다. 2. 그나마 내책상앞에서라도 쉴수 있는 육체노동자에게 휴게공간 조차 없애버리자 부득불 기사대기실에서 땀을 식혔습니다만 이 또한 김**지배인은 직원을 시켜 경위서를 써라고 했는데 누가 누구에게 경위서를 써야 하는지... 또다시 지시사항 불이행 각서를 요구해왔고 이런 내용에 대해 취업규칙이나 어떤 규정도 없지만 살기위해 각서를 제출할 수 밖에 없었습니다. 오죽했으면 계단밑에서 쉬다가 이또한 지적을 받아 어디 한군데 쉴곳 조차 없이 폭압적인 강압에 시달려야 했습니다. 3. 그래도 나가지 않자 이제는 근무시간을 자기마음대로 요리조리 옮기면서 출퇴근 변경과 심지어 휴무일도 수, 금요일이로 잘라 바꾸는 바람에 제대로 쉬지도 못하게 괴롭히기 시작했습니다. 휴무일 변경으로 마산에 계시는 모친이 원폭환자라 한달에 한번정도는 찾아 뵈야 하니 그대로 해달라 사정해도 막무가내로 시키면 시키는대로 하고 싫으면 나가라가고 윽박질렀습니다. 4. 근무시간을 마음대로 정해 수시로 옮기면서 괴롭히다 보니 시간변경으로 내장객이 있는 시간에는 송풍기도 쓸수가 없어 그냥 땡볕에 죽기살기로 청소에 메달릴 수 밖에 없었습니다. 출퇴근 셔틀버스도 시간이 안맞아 못타고 기숙사에서 현장까지 40도 육박하는 한여름이라 진짜 미치지 않고서는 걸어 다닐 수가 없을 정도로 고통스러웠습니다. 5. 그래도 참는데 까지 참아보자며 특히, 7.16일 부터 직장내 괴롭힘이 시작되어 조금은 나아질 줄 알았는데 오히려 일거수일투족을 감시하며 전혀 달라진건 없고 가면 갈 수록 점심시간 마저 조정하면서 몸과 마음이 극도로 피폐해 지기 시작했습니다. 입술은 짓물러 터지고, 팔다리는 피부발진이 일어 났으며, 눈은 충혈되어 앞도 보기 어려워 무척 업무고통에 시달려 치료를 받았지만 노동환경이 더 악화되어 나아질 기미가 없었습니다. 6. 8.10일 그늘집 청소를 하고 돌아오는 길에 유실된 골프공을 하나 주었습니다. 의당 **반장이라 하나라도 치우는게 일이라고 생각했습니다. 그런데 이걸 가지고 김**지배인이 직원을 시켜 또 사유서를 제출하라고 했습니다. 정말 참기 어려운 모욕으로 청소를 하라는 건지 말라는 건지 하도 어처구니가 없고 억울한 날이 계속되었습니다. 하나 하나 지난 3개월의 노동탄압과 인격말살을 일일이 쓰자면 끝이 없지만 지면 제한상 이정도만 밝히고자 합니다. 7. 급기야 스스로 참기 어려워 8.12일 저녁에 술을 먹었으며 8.13일 숙취가 안된 상태에서 지배인 김**의 지적을 전달 받자 마자 스스로 이기지 못하고 폭팔하게 되었습니다. 그때 제정신이 아닌건 맞지만 정말 죽이고 싶었습니다. 바로 그다음날 8.14일 해고통지를 받았습니다. 8. 가족의 도움으로 경찰서 유치장을 나와 마산으로 내려가 병원치료를 병행하고 있습니다. 정신의학적 상담, 심리검사 등 결과 직장내 괴롭힘과 스트레스로 분노.감정조절 어려움, 불면, 우울, 불안 등이 생겼다고 진단결과가 나와 치료 중입니다. 결과는 아무도 다친사람도 없지만 특수재물손괴, 특수협박이라는 죄명이 붙었습니다. 사람이 무너지는건 한순이구나 이제 돌이킬 수도 없고 백번 결과는 잘못했고 처벌을 달게 받겠다는 반성을 하고 있습니다. 그러나 2002년 정규직으로 입사해 17년동안 무탈했던 직장생활에서 하루아침에 해고당하고 범범자로 전과자로 전락할 위기에 처해 있습니다. 불과 2-3개월 사이에 이런 상황이 오기전에 억울하지만 먼저 사표를 내고 나간 동료들이 훨씬 현명했다고 봅니다. 저는 참고 묵묵하게 계약서에 따라 주어진 업무에 충실히 하면 되는 걸로 알았던 자신이 원망스럽고 가족과 주변에 말 할 수 없는 고통을 안겨 주었습니다. 결과에 대한 책임 또한 스스로 져야 한다고 봅니다. 다만, 다만, 여기까지 한 인간을 이렇게 파멸시킨 악질 기업에 대한 조사와 실태파악을 통해 두번다시 이런 억울한 일이 발생되지 않도록 고발하고자 합니다. 정의로운 사회는 바라지 않지만 최소한의 인간이 인간다움을 유지할 수 있는 사회가 되어야 그나마 국가가 국가라고 할 수 있지 않을 까요? 고통과 회한에 시달리고 있는 동생을 대신해서 가족이 국민청원에 이글을 올립니다.' 반드시 국가의 이름으로 이런 악질기업을 조사해 이땅에 가장 밑바닥에서 일하는 노동자의 소리에 귀 기울여 주시길 당부드립니다.",
  "num_agree": 374,
  "petition_idx": "582478",
  "title": "멀쩡한 정규직도 파멸시켜 쫒아낸 악덕기업 고발합니다."
}