{
  "category": "보건복지",
  "begin": "2019-09-02",
  "content": "대통령께 진심으로 묻겠습니다. 공무원이 벼슬입니까!!! 내용 저는 서울 **구 **동에 거주하고 ***에서 치킨집을 운영하고있는 시민입니다. 현제 *** 상업이 학원생들의 감소로 모두들 정말 힘든상황이 1년넘게 이어지는 상황입니다.8월27일 오후 8시 3분경 2테이블손님(1테이블은 6명.1테이블 2명 홀손님이 있었고 8시 30분 18명 예약손님 준비중이고 배달이 5개 밀려 한참 바쁘게 움직이고 있었습니다.그런데 4명 (남자2여자2)갑자기 들어와서 여자분은 주방으로 남자분은 테이블에서 서류를 펼치고 나머지 두분은 여기저기 서계시고 주방으로 들어오신분은 들어올때부터 작정하고 화난 얼굴로 위생검사 합니다! 다짜고짜 냉장고쪽으로 가길래 저도 기분이 언짢았습니다. 위생검사를 떠나서 가게상황을보고 양해를 구해야하는거 아닌가..거기다 말한마디 얼굴표정하나가 제가 무슨죄인이된듯한.. 제가 물어봤습니다.먼저 본인이 누구고 신분증을 보여줘야하는거 아닙니까. 그랬더니 그여자분 급하게 나오느라 신분증을 안가지고 왔답니디다. 보건소에 전화해보시면 되구요 명함있으니 전화해보세요 그래서 제가 신분증도 없고 그명함이 본인껀지 내가 어떻게알겠습니까.라고 했더니 기분이 상하신듯한 표정을 하길래 제가 틀린말했나요? 그랬더니 그럼 신분증있는분으로 검사하라고 할께요 하고 주방에서 나갔습니다.그리고 남자분이 들어오시더니 상황을 파악하셨는지 주문밀리신거 같은데 얼른 일보세요 좋게좋게 말씀을 하셨구요 그다음에 더기분이 상한건! 보건증보여주러 주방에서 나갔더니 손님들시선 다모이고.. 집사람이 원래 이렇게 바쁜시간에 위생검사 하나요? 라고했더니 신분증 안가지고 오신 여자분 홀을 둘러보더니 별로바쁘지도않은데요 머..그시간 테이블은 두테이블이었고 배달도 갑자기몰렸고 20분후면 18명 단체손님예약이 있었습니다. 문제는 그여자분의 태도며 말투가 사람 감정을 상하게하더라구요. 주방에서 나온다음 허리에 손을올리고 팔짱을끼고. 그래서 제가 한마디 더했습니다. 제가 틀린말했습니까? 본인이 누군지 신분증을 보여주고 위생검사나왔다고 얘기를 해야 맞는거 아니냐고 했더니 잘못했다고 그랬잖아요! 짜증섞인 말로 하길래 기분 나쁘세요? 그여자분왈 기분이 좋겠어요? 이상황이 되니 전 가게손님들이 시선이 몰린게 부담되고 정말 화가났습니다. 같이오신 남자분은 그상황수습하려는게 보여 그나마 마음 가라앉히고 상황을 보는데 여자2분 남자1분 나가서 테라스에 팔짱끼고서서 아무뒷처리없이 ㅡ남자분이 기분푸시라고 하며 그날상황종료. 그분들이 가신다음 아무리생각해도 제가 몇년을 가게를 하면서 위생검사 몇번을 받아봤지만 이런 황당한 죄인이된듯한 기분이든건 처음입니다. 바로120에 민원을 넣었습니다. 상황설명하고 접수. 다음날 문자로 **구청 감사과로 사건접수됐다고 감사과로 전화했습니다. 감사과에서 이민원에 대해 모르시는듯.민원별로 분류가 되는데 보건소로 접수된듯한다는말에 위생과에 대해 민원을 접수했는데 보건소에서 접수처리한다. 좀 아이러니한상황에서 오늘 또 문자한통 보건소 위생과에서 민원접수처리중. .. 이거어떻게 생각해야 하나요 위생과에서 나온직원에 대해 서울시에 민원을 넣었는데 위생과에서 민원접수처리한다는걸요. 그리고 중요한건 그여자분이 신분증없다고 명함을주고갔는데 그자리에도 있지도않았던 다른분의 명함이었습니다. 국민이 우습거 보이는건가요? 절차없이 얼굴에 나 위생검사 나온 공무원이야! 이렇게 쓰고 다니시는건가요 .전 아직도 소이 부글부글 끓고있습니다.그여자분의 비웃움. 별로 바쁘지도 얗은데요뭐. 기분이 좋겠어요? 이렇게 단속하러나가라고 교육시키나요? 그때 나오신 분들께 진짜 묻고싶습니다. 헌법 제 7조에 의거 진짜 열심히 국민들을위해 봉사하며 일하시는 공무원들 많습니다. 당신들은 벼슬한다고 생각하십니까!!!! 제가 알기로는 명함의 주인이신분이 경위서를 쓰고있겠지요. 만에 하나 없던 일을 쓰거나 허위로 경위서 작성한다면 다시한번 저를 우롱하는 처사이고 민원접수처리 완료후 정식으로 위생검사 나온다고 하신말.. 보복성으로 들립니다. 저는 지금 이일이 위생검사에 대해 얘기하는게 아닙니다. 식당을하는 사람은 청결하고 신선한음식을 손님에게 제공해야하는거 맞습니다.저는 양심적으로 그걸지키려고하는 사람중에 한명입니다. 위생검사 언제든 나오셔도 됩니다. 다만 그날 잘못했던점 분명히 사과를 해야 한다고 봅니다. 일면식도 없는 여자분 아직도 누군지 이름도 모르고 있는데 그런분한테 조롱섞인 말과 함께 무슨 죄지은사람처럼 당한기분이 아직도 치가 떨립니다. 대통렁님! 공무원이 벼슬이라고 생각하십니까? 대통렁님을 존경하는 국민의 한사람으로서 묻습니다. 그런분이 아니기에 일부 공무원들의 행동때문에 대통렁님께 묻습니다. 공무원이 벼슬이라고 생각하십니까! 헌법제7조! 분명히 이사건에 대해 저를 이해 시켜주십시요! [본 게시물의 일부 내용이 국민 청원 요건에 위배되어 관리자에 의해 수정되었습니다]",
  "num_agree": 487,
  "petition_idx": "582434",
  "title": "대통렁님께 진심으로 묻습니다.공무원이 벼슬입니까?"
}