{
  "category": "정치개혁",
  "begin": "2019-09-03",
  "content": "시대를 초월하는 절대적 기준으로 조국 딸 최민의 대학 입학 과정이 바람 직 하다고 동의 되지는 않지만, 당시 입학 제도가 그러하여 그에 맞춰 준비하고 입학한 모든 수험생들과 합격생들이 모두 범죄자라는 주장인가요? 문제가 많아 몇 년 후 폐기된 입학 제도를 지금의 기준으로 부정입학 또는 불법으로 간주하려면 그런 절차의 제도를 고안하고 시행한 당시 교육부와 정부에 책임을 물어야 한다고 생각합니다. 전국을 뒤흔든 이슈가 된 지금이 조국 자녀들 포함한 조국 딸 의혹 제기하는 모든 발언자들(정치인, 인플루언서, 집회 참여자 등)의 자녀들/대학생들 대학 입학 과정 전수조사를 통해 대한민국 교육제도와 입학제도의 허와 실 뿐만 아니라 부정부폐를 색출할 절호의 기회라 생각합니다. 비판할 자격이 있는 자들의 비난인지, 그들은 입학제도 변화 과정을 모두 적용하여도 절대적 도덕적 기준으로도 적합한 입학만 했는지, 특히, 나경원, 황교안과 자한당 조국TF(여상규, 김진태, 주광덕, 곽상도, 김도읍, 최교일, 김용남) 포함 김현아, 전희경은 그들의 자녀들 입학 과정 뿐만 아니라 당사자들의 학위 논문에 대해서도 꼭 철저한 전수 조사 요청합니다.",
  "num_agree": 11591,
  "petition_idx": "582472",
  "title": "조국 딸 의혹 제기하는 모든 발언자들의 자녀들/대학생들 대학 입학 과정 전수조사를 통해 교육제도/입학제도의 허와 실과 부정부폐 색출할 절호의 기회"
}