{
  "category": "행정",
  "begin": "2019-09-02",
  "content": "대구시가 지난해 이** 대구도시공사 사장이 연임 요건을 충족하지 못했는데도 승인한 것으로 드러났다. 감사원은 지난해 10월 10일부터 12월 21일까지 조사해 지난 7월 17일 이 같은 내용의 '지방자치단체 전환기 취약분야 특별점검' 결과를 공개했다. 본래 지방공기업 사장이 연임하기 위해선 관련 법에 따라 '경영평가'와 '성과계약 이행실적 평가'에서 모두 최고 등급을 받아야 한다. 하지만 감사원은 대구시가 연임 조건과 관련해 해당 공사에 '경영평가에서 최고등급'이라고만 알려 연임 추천 업무에 부당 개입했다고 봤다. 이후 대구시는 이 사장이 실제로도 성과계약 이행실적 평가에서 최고 등급을 받지 못한 채로 공사가 운영한 '임원추천위원회'를 통해 연임 추천을 받았지만, 이를 임용권자인 시장에게 보고하거나 연임 법령 검토 등을 하지 않고 연임을 승인했다. 해당 공사 역시 위원회에 연임 요건과 관련해 경영평가에서만 최고 등급을 충족하면 되는 것으로 보고, 결국 위원회가 연임을 추천하게 했다. 이에 감사원은 사장 연임을 추천하기 위해 임원추천위원회 업무를 부당하게 처리한 관계자 2명에 대해 경징계 이상의 징계를 요구했다. 또한 권영진 대구시장은 대구도시공사 사장의 연임이 잘못되었는 만큼 지금이라도 임명을 즉시 철회 시켜야 한다.",
  "num_agree": 215,
  "petition_idx": "582439",
  "title": "대구시장은 대구도시공사 사장의 연임을 강행한 이유를 밝혀야 한다"
}