{
  "category": "인권/성평등",
  "begin": "2019-09-02",
  "content": "**중공업 사내협력사 사원입니다. 길지않게 간단히 말씀드리고 싶습니다. 제가 일하는 시간은 오전8시부터 오후 5시까지입니다. 하지만 락커룸에 들어가서 출근 지문을 찍는 시간은..7시~7시15분입니다. 보통 7시가 출근시간인 것 입니다. 하지만 7시부터 8시까지의 한시간은 급여가 들어오질 않습니다. 왜일까요? 이 사람들은 작업 시작이 제가 일하는 시간의 시작이라고 우깁니다. 그리고, 일할 때 부상을 대비한 스트레칭을 빌미로 오전 미팅을 8시도 되기 전에 시작하고 있습니다. 게다가, 법정 안전교육도 7시30분부터 시작하고 있습니다. 이렇게 매일 한시간씩 더 일을 한다면 법정 근로 시간을 초과 해 버리지만, 그렇다고 초과 수당을 주는 것도 아니면서 말입니다. 제가 이해하고 있는 일하는 시간이란, 일하는 곳 즉 회사에 들어서는 순간입니다. 회사에 들어서는 순간, 저의 대부분의 자유는 제한되어 버립니다. 일을 해준다는건 나만을 위한것이 아닌 업주를 위해서이기도 한데, 저는 업주의 이익을 위해 회사 내에 들어서게 된것이기 때문에, 회사에 한발자국만 들여도 일단 일의 시작이라고 봅니다. 아직도 많은 사람들이 작업 이라는걸 시작해야 일하는거라고 이해하고 있습니다. 하지만, 자기 자신의 짧은 인생에 있어서 시간을 잘 생각 해본다면, 한시간이라는 길지 않은 시간이 얼마나 길고 긴 시간인지 깨달을 수도 있을것 같습니다. 그리고 계산을 대충 해본다면 매일을 30분에서 1시간을 회사에 일찍 나온다면, 액수로 따져볼때 거의 한달월급 남짓한 금액을 받지 않고 무료로 봉사 해주는 셈이 되어 버립니다. 이미 저는 고용노동부에 전화를 걸어 이 일에 대해서 문의를 해 보았습니다. 신고는 많이 들어왔지만, 정작 오랫동안 해결이 되지않고 있는 고질적 문제라는 것을 알게되어, 부득이하게 바로 청와대 청원을 찾게 되었습니다. 이런 일이 여기 **중공업에서만이 아니라는 것은 알고 있습니다. 하지만, 여러 해 동안 말만 많았을 뿐, 시정의 시도조차 없었던 이 **중공업 협력업체들에 대해서 대대적으로 조사를 해 주시면 좋겠고, **중공업에서 매일매일 떠들어대는 '시종시간 지키기'를 **중공업, 그 이하 협력 업체들이 먼저 좀 지킬 수 있도록, 바뀔 수 있도록 도와 주셨으면 좋겠습니다. 처벌을 바란다는 것이 아닙니다. 이제라도 노동자들이 자기의 아까운 시간을 마냥 버리는 일이 없도록 나라에서 도와 주셨으면 좋겠습니다.",
  "num_agree": 305,
  "petition_idx": "582416",
  "title": "**중공업 협력사 사원들의 소중한 시간을 지켜주세요!"
}