{
  "category": "정치개혁",
  "begin": "2019-09-02",
  "content": "전 국민이 각자 자신의 처한 상황과 입장에서 일본의 작금의 행태에 대한 국민적 집단대응을 하고 있는 시점에서 우리 정부 또한 지소미아 종료, 화이트리스트 조정 및 WTO 대응과 같은 외교적 대응 또는 대외정책적 노력 이외에도 국민과 대등한 정치적 주체(액터)로서 국민적 움직임에 동참할 수 있는 작지만 의미있는 행동을 제안하고자 합니다. 작지만 의미있는 정부의 의식있는 행동으로, 우선 무엇보다도 역사바로세우기의 실천을 제안합니다. 모든 정부부처 및 공공기관의 기관장 집무실, 접견실 및 홍보관 온오프라인 상의 연혁에 나와있는 역대 기관장, 임원 명단 중, 친일인명사전에 나와있는 친일파 및 공식적으로 확인된 친일파 후손에 대해, 임명될 당시의 정권과 함께 해당 사실을 명시함으로써, 당시 정권의 역사인식이 어떠하였는지를 일반 국민들이 명확히 인식할 수 있게 하여 주시고, 더불어 향후 어떠한 역사인식을 가진 자가 정부기관 및 공공기관의 리더가 되는 게 옳은 지에 대해 성찰할 수 있는 기회를 마련해 주시길 청원합니다. 이를 통해, 대한민국 근현대사를 왜곡시켜왔던 친일잔재를 청산하고 진정한 대한독립을 완성하기 위한 작은 첫걸음을 문재인정부가 내딛어 주시길 간절히 청원드립니다.",
  "num_agree": 1051,
  "petition_idx": "582420",
  "title": "정부기관 및 공공기관 역대 기관장 중 친일파 및 그 후손을 명시해 주세요!"
}