{
  "category": "정치개혁",
  "begin": "2019-09-02",
  "content": "존경하는 국민 여러분 국민은 노예요? 국회의원은 주인 인가요? 군사독재 친일의 뿌리 **당은 국민의 국회 기물를 파괴하고. 국회 직원 업무 방해하고 강금하고. 상대방 국회의원를 강금하고. 국회에서 온갖 행패와 난동을 부리고. 온갖 거짓말로 국민을 분열시키고. 온갖 부정부패와 온갖 불법을 행한 중대한 죄인들을 왜 검찰.경찰은 수사도 구속도 안하고 있는가요? 검찰.경찰은 군사독재 친일 **당을 지켜주는 개인가? 죄를 지은 친일 **당을 수사조차도 하지않는 검찰.경찰은 직무유기 하지마세요. 모든 국회의원은 황제가 않입니다. 똑같은 국민입니다. *국회의원은 스스로가 만든 불체포특권을 만들어 국민을 우록 하고. 국민 위에서 왕같이 군림하고 있습니다. 불체포특권은 불법이며 왕같는 특권을 누리려는 악법중의 악법입니다. 구시대적인 악법입니다. 이 쓰레기 같은 악법을 우리 국민이 철폐 해야 할 것입니다. 검찰.경찰 여러분 이 악법을 따르지말고 자신들의 본연의 인무로 돌아가 군사독재 친일의 뿌리 **당의 관련자 죄인들을 구속해 주세요. 그리고 국회의 모든 법은 지금있는 법도. 월급도 자신들의 월급을 스스로 올리지 말고. 모든 국회자체 법을 모두 국민이 주인이므로 국민의 투표로 국회의원 선거할때 마다 가결을 물어야 정의로운 법이라 할것입니다.",
  "num_agree": 3849,
  "petition_idx": "582447",
  "title": "불체포특권이란? 왕이 죄를 지어도 체포할수 없는법. 요즘은 대통령도 잘못하면 탄핵당하는 이 시대에 이런 악법은 요즘 야만인도 없는 악법입니다. 국민이 이 법을 철폐해야 합니다."
}