{
  "category": "보건복지",
  "begin": "2019-09-03",
  "content": "7월30일 - 저녁 11시쯤 주통(뒷목부터 머리까지)호소 - 남양주시 **읍에 위치한 00병원으로 동생이 직접 운전을 하여 이동을 하였습니다 - 식은땀과 병원 도착시 구토 - ct와 엑스레이 촬영 - 수액과 진통제 맞고 혈압이 높다는 이야기만 하며 귀가 조치함 7월31일 - 00시30분 귀가 조치 - 집에서도 두통호소 응급실 통화후 타이레놀 복용 - 오전에 계속 두통을 호소하여 다시 남양주 남양주시 **읍에 위치한 00병원에 11시 신경과 혈관 내과 예약 잡혀 병원 내방 - 신경과에서는 두통의 원인을 알려면 다양한 정밀검사를 해야 알수 있다고 함 - 혈압 때문인줄 알고 오후 진료만 있다가 심장 내과 갔다 계속 아파 입원 치료 결정 신경외과 담당의와 상담후 입원 - 피검사 엑스레이 검사후 입원실로 감(6201호) - 계속 아프다고 이야기 하니 오후에 간호사가 진통제 주사 두번 주며 내일 MRI 검사 할거라 이야기 함 - 먹는 혈압약 한번줌 - 오후 5시20분 급히 MRI 검사 하라고 함. - 담당 선생님이 집에서 보신다고 찍으라고 함 - 오후 7시쯤 다른 병원으로 전원하라 안내(간호사) - **병원으로 보내 달라하니 안받아 줄수 있다 초초초응급은 아니나 언제 터질지 모르니 꽈리가 보이니 오늘 꼭 가야한다고 간호사가 이야기 해줌(뇌출혈 소견 듣지 못했음) - 오후 8시 20분 구급차(사설)불러 구리***** 병원으로 이송 - 이송후 구리00000병원에서 침대에 누워있는 상태로 하차중 응급차량 인원들의 실수로 침대가 바닦으로 떨어짐 - 오후 9시 40분(10시쯤) 응급실 담당의 CT보며 꽈리는 보이지만 뇌출 보이지 않음 - 소견서 상으로 뇌출혈이 보여 내일 정밀 검사 하자고 함 - 오전 7시 교수 회진시 뇌출혈 보인다며 응급으로 검사하며 바로 시술 들어간다고 이야기함 - 오전 9시쯤 시술들어감 - 시술도중 뇌압이 높아 코일이 들어가지 않고 뇌출혈이 발생한것으로 보인다고 하며 시술을 하고 있어야 하는 교수가 나와서 재수씨와 어머니께 설명을 해주고 우선 시술을 마치고 ct를 찍어 보겠다라고 이야기 하고 다시 시술실로 들어감 - 시술은 잘 끝났다고 이야기 하고 ct실로 가서 ct를 찍고 다시 수술실로 이동하여 이번에는 원장이라는 사람이 들어가서 머리에 관을 2새 삽입하는 수술을 실시함 - 원장이 수술을 한다는 이야기도 듣지도 못했습니다 - 그렇게 수술이 끝나고 9일이 지나가 중환자실에서 급하다고 하여 중환자실로 오라고 하여 급히 달려 갔습니다 - 중환자실에 들어가 교수를 찾으니 인턴 한명이 방금까지 계시다가 상태가 호전이 되어 나가셨다고 합니다 - 그래서 재가 상태가 호전이 되었는데 가족들을 왜 콜을 했냐고 말을 하자 아무말도 하지 못하였습니다 - 그리고 다음날 재 동생은 하늘나라로 떠났습니다 - 장례를 치르고 재수씨께서 동생 진단서를 받기 위해 다시 병원을 찾았을때 그 교수는 나와 보지도 않고 진단서 출력해 놨으니 받아가라고 간호사에게 이야기를 듣고 진단서를 받아 왔습니다 - 그리고 3일 정도 후에 다시 병원에 찾아가 교수를 만났습니다 - 재 동생이 위급했을때 어디에 있었냐라고 하니 약속이 있어서 오전에 퇴근을 했다라고 합니다 * 남양주 00병원 간호사에게 왜 환자가 원하는 병원으로 보내지 안았냐고 하니 - 완강하게 이야기를 하지 않아 구리000병원으로 가라고 했다 라고 합니다 - 그리고 남양주 00병원과 구리00000병원이 협력관계여서 라는 말까지 들었습니다 - 환자가 진료받을 권리를 병원들간의 협력관계때문에 받고 싶은 진료조차 받지를 못하고 - 알권리 및 자기결정권 또한 환자가 전원을 하며 응급차에 실려 응급차에 있는 사람에게 진단서 보여주며 물어봐서 진단을 알게되는 이런 경우가 어디에 있는지 *구리000병원 교수라는 사람이 환자가 그렇게 위중한데 자신의 환자를 두고 약속이 있다라고 하고 퇴근을 하고 그 밑에 있는 인터이란 사람은 거짓말이나 하고 * 수술을 영상을 보여 달라고 하니 그런 영상은 없다라고 하는데 그럼 누가 수술을 했는지 재 동생에게 무슨짓을 했는지 알수있는 방법이 없습니다 [본 게시물의 일부 내용이 국민 청원 요건에 위배되어 관리자에 의해 수정되었습니다]",
  "num_agree": 677,
  "petition_idx": "582457",
  "title": "뇌출혈 시술후 깨어나지 못하고 10일후 떠났습니다( 수술및 시술실 내부 CCTV설치 의무화)"
}