{
  "category": "외교/통일/국방",
  "begin": "2019-09-04",
  "content": "https://m.post.naver.com/viewer/postView.nhn?volumeNo=24370520&memberNo=12282441&vType=VERTICAL 최근 2년간 '인천 강화군' 으로 주소가 등재되어 있던 NLL, 서해권의 무인도 함박도에 북한 군이 주둔해 주요 방사포를 설치했고 해당 섬에서 북한이 공격을 개시할 경우 인근에 위치한 인천공항 및 경기도 일대가 심각한 위험에 처하게 됩니다. 그럼에도 불구하고 정부에서는 너무 안일하게 북한과의 관계 개선에만 집중하셨던 게 아닌지요. 최근 1~2년새 북한군의 국기와 군사시설 그리고 방사포가 설치되었다는 함박도는 그동안 무인도였습니다. 그러나 북한이 무단으로 NLL을 넘어 명백히 대한민국의 영해에 속한 섬에 군사시설을 지었다는 것은 국가의 안보를 흔들고 위협하는 명백한 도발행위입니다. 이에 대해 정부는 아셨는지요. 내부의 일에 골몰하느라 외부에서 벌어지는 문제에는 너무 가볍게 대응하신 건 아닌지요. 안보를 최 우선으로 국민을 우선으로 하겠다는 정부에서 국가의 안보와 국민의 안전을 가장 나중으로 생각하고 있는지 모르겠습니다. 이에 관한 외교부 혹은 대통령님의 답변을 요청합니다. 가볍게 생각할 사안이 아닙니다. 북한은 한민족이 아니라 안보를 위협하는 적대국가입니다. 국가의 안보와 국민의 안전이 우선인지 북한과의 관계 개선이 우선인지를 먼저 생각해 주십시오. 답변 부탁드립니다.",
  "num_agree": 338,
  "petition_idx": "582485",
  "title": "함박도 북한 군사시설 관련 정부 해명 원합니다."
}