{
  "category": "기타",
  "begin": "2019-09-02",
  "content": "가맹비 2500만원 월 로열티 100만원 하는 큰 비용이 투자되는 국내 최대 안경프렌차이즈 ***안경체인의 갑질을 신고합니다. 1. 오픈자금 7억이상 투자해서 돈을 못벌고, 힘들게 운영되는 가맹점이 최근 3년간 신규오픈점의 70%이상 달합니다. 그런데 보살핌보다는 끊임없는 전략상품이라는 교묘한수법으로 강제 사입,물건 밀어넣기로 본사만 배불리고 있으며, 해당전략상품을 고객에게 판매하는 비율로 가맹점 등급기준을 벌칙성 교육을 시킵니다. 고객님 눈 보다는 본사 수익 좋은 상품파는게 우선이 되고 비싼 가맹비 대비 매출.수익이 없어 빚에 허덕이고 있습니다 그럼에도 10년 넘은 고 매출 가맹점과 동일하게 강제로 물건을 납품받고 있습니다. 2. 올해부터 연예인마케팅을 한다고 월 정기 로열티100만원 이외 추가로 가맹점에 150만원씩 걷고 있으며, ***라는 콘택트 렌즈 모델로 그룹 ***를 선정하여 해당상품을 의무 매입시키고, 해당상품 판매에 주력하거나 비용투자 대비 수익을 신경써줘야 할 본사는 또다른 상품들을 전략이라는 이름으로 반강제 사입을 시키고 본사직원들이 전화까지 해가면서 사입유도를 합니다. 사입 하지않으면 ***마켓이라는 얩을 만들어서 저가로 판매유도하여 가맹점은 구입안할수 없게 만듭니다. 3. 신규계약시 평수가 크면 강제로 눈과 상관없는 보청기를 의무적으로 해야했고 장비등,비용이 4천만원이 넘지만 모든 부담은 가맹점이 가져야하며, 본사는 가맹점이 한개만 판매되어도 수익이 30%이상 가져가지만,다수의 보청기를 반강제로 운영하는 가맹점들은 대부분 수개월째 적자를 보고 있습니다. 4. 원래 판매되던 상품 가격을 올리고 반드시 ***마켓 얩 을 고객이 다운받게 하고 쿠폰을 사용해야만 원래 판매되던 가격으로 팔게 하는 이상한 전략을 정립하여 반강제로 가맹점 고객들을 본사 얩으로 묶어두고 ,가맹점 고객대상으로 본사만의 수익을 창출하고 있습니다. 애초에 본사가 말하기를 *** 마켓 얩을 통하여 신규고객 창출을 시켜서 부가가치를 높히고, 수익은 가맹점과 나누겠다는 약속은 이미 어긴지 오래이며 신규고객창출은 본사자료에도 나타나듯 하락되고 있으며 수익배분은 여전히 기준도 없고, 가맹점 고객들에게 반강제로 얩 다운받게 하여, 얩에서 고객대상 장사하려는 *** 본사를 고발합니다. 숱하게 많은 갑질과 횡포 힘없는 가맹점은 오늘도 고객의 눈의 소중함 보다는 본사에서 내세우는 전략상품 을 어쩔수 없이 팔아야합니다. [본 게시물의 일부 내용이 국민 청원 요건에 위배되어 관리자에 의해 수정되었습니다]",
  "num_agree": 1080,
  "petition_idx": "582412",
  "title": "***안경체인의 만행을 고발합니다."
}