{
  "category": "정치개혁",
  "begin": "2019-09-04",
  "content": "조국 후보자의 딸과 관련된 수시입학에 대한 의혹을 제기하는 표적 기사가 도를 넘게 생산되고 있습니다. 특목고 학생들을 위한 명문대 수시입학의 절차와 방법은 ‘그들만의 리그’로 일반 국민들에게 상대적 박탈감과 분노로 다가오고 있습니다. 이러한 우리 사회의 커다란 사회 구조적인 문제를 등한시하고 정확히 확인되지도 않은 상태에서 오직 조국 후보자 개인에게 국민들의 정서를 이용하여 집단의 분노를 표현하게 만드는 언론의 행태를 더 이상 참기 어렵습니다. 또한 검찰개혁을 원하지 않으며, 각종비리의 주범들이 모여 있는 자한당이 이를 악용하는 사태를 좌시할 수 없습니다. 나경원 의원 딸의 ***대 부정입학 논란은 이미 널리 알려진 공공연한 의혹임에도 뻔뻔스럽게 조국 후보에게 돌을 던지는 것은 형평에 어긋납니다. 그러므로 이번 기회에 형평에 맞게 모든 국회의원과 국회 당직자의 자녀, 고위 공직자 자녀의 명문대, 로스쿨, 의전 등의 수시입학을 전수조사 해주시길 정부에 청원합니다. [본 게시물의 일부 내용이 국민 청원 요건에 위배되어 관리자에 의해 수정되었습니다]",
  "num_agree": 23659,
  "petition_idx": "582481",
  "title": "모든 국회의원, 고위공직자 자녀의 수시입학 전수조사 해주세요"
}