{
  "category": "기타",
  "begin": "2019-09-05",
  "content": "인천중고차 대표의 1억 3700만원 짜리 차량을 제3자가 위임받아서 판매하러 올라갔는데 차주가 계약금 100만원을 받았지만 잔금을 주지 않습니다. 차동차매매용 인감증명서와 지방세체납증명서와 차량등록증을 받아 올라갔습니다. 부산에서 인천까지 올라와 저녁 10시쯤 중고차 대표에게 사기당하고 모든 서류 중고차 대표가 챙겨갔으며 새벽에 다시 만나도 차에서 내리지 않고 200만원으로 물려내라 협박과 설득에 아침에 사무실에 와서 보라며 걱정하지 마라하였답니다. 그리하여 아침 일찍 가보았지만 직원들은 있었으며 직원분께 사진을 보여주며 이분이 사장이 맞냐고 물어 보니 맞다고 하였으며 중고차 사장은 전화도 안받고 오지도 않았습니다. 그러고 나서는 전화 통화가 되더니 늦잠을 잤다 직원들 시켜놓았고 자기 자신도 일보러 간다고 하며 PC방이나 카페에 가있으라 하였지만 사무실에 계속 있겠다며 기다린다고 빨리 와달라 하니 1시간 30분정도 걸린다고 하였다 합니다. 그래도 계속 오지않아 이건 사기다라는 직감에 경찰에 신고하였고 지금까지 잔금 1억 3600만원을 받지 못하고 있는 중간입장입니다. 차량은 중고차 대표 개인거래로 사기꾼 중고차 대표로 이전이 되어있고 이전된 바로 그날 다른 중고차 매매상상로 이전이 되어있네요. 사기를 당한 위임자는 지금 죽을지경에 놓였습니다. 위임자를 도와 주셨으면 감사합니다 . 위임자가 돈이 있겠습니까 ..... 매일 죽고싶은 마음일것입니다. 고소를 한 상황이지만 사기꾼이 돈 구하는데 시간이 걸린다는 둥 고소부터 취하하라는 둥 경찰에게 돈을 계속 준다는 등 참 변명이 많이 있습니다. 그리고 사기꾼은 지금 계속 그냥 빵에 들어가면 된다고 합니다. 배째라고 합니다. (의문) 인감도장은 가져가지도 않았는데 개인간의 거래가 되는것인지. 만약 인감도장없이는 안되는것이라면 공문서위조도 포함이 되는것은 아닌지 . 공문서 위조로 차량을 이전하였다면 절도에도 포함이 되지 않는지. 이것또한 밝혀낼수 있게 도와주세요. 그래야지 사기꾼의 죄가 커지게 되며 죄값을 치를수 있게 됩니다.",
  "num_agree": 304,
  "petition_idx": "582493",
  "title": "중고차 대표에게 1억 3700만원을 사기를 당하였습니다. 도와주세요"
}