{
  "category": "안전/환경",
  "begin": "2019-09-03",
  "content": "신림동 침입미수 사건이 벌어진 지 얼마 되지 않아서, 소위 지성인이라고 하는 언론 기자들, 그것도 남성 기자들이 취재라는 미명하에 여자 혼자 거주하는 오피스텔에 늦은 밤에 찾아가 문을 두드렸다고 합니다. 여성 입장에서는 그가 과연 기자인지 확인할 방법은 없었을 것이므로 누구에게도 도움받을 수 없는 상황에서 매우 두려움에 떨었을 것입니다. 이에 불법침입을 시도하려 한 기자들을 신림동 남성과 동일한 기준으로 처벌해 주시기 바랍니다.",
  "num_agree": 1277,
  "petition_idx": "582468",
  "title": "**신문 최** 기자 처벌 요청"
}