{
  "category": "일자리",
  "begin": "2019-09-03",
  "content": "현재 우리나라 시설관리 용역회사들의 갑질과 횡포를 국민여러분들에게 알려드리고 ,또한 이글을 통하여 시설관리용역회사에 근무하시는 분들의 정규직화 요구를 국민청원에 호소하는 바입니다. 우리나라 시설관리 용역회사의 행태를 보면 상대 용역회사들의 업체계약를 뺏기위해 낮은 입찰금액을 제시함으로 인해서 기존근로자들은 낮은 임금으로 계약할 수 밖에 없고 계약기간 역시 보장 받지 못하는 실정임을 국민여러분들께 호소하는 바입니다. 이러한 낙후된 비정규직 시설관리 회사에 근무하는 한사람으로서 열악한 근무조건에 시달리고 용역회사의 일방적인 해고에 시달려 이와같은 글을 올립니다. 우리나라 시설관리용역 비정규직(시설,미화,경비직)을 정규직화하여 주시길 문재인 대통령님께 간절한 마음으로 이 글을 올립니다.",
  "num_agree": 294,
  "petition_idx": "582473",
  "title": "우리나라 시설관리용역회사 사라지는 그날까지"
}