{
  "category": "보건복지",
  "begin": "2019-09-02",
  "content": "치과의사 김**입니다. 저는 고양시 덕양구 **에 소재한 ***** 치과를 인수받았습니다. 그 치과의 이전 원장님의 환자를 상대로한 범죄 수준의 치료로 195분의 무고한 환자분들의 이가 갈리고 뽑히고 현재도 고통받고 있습니다. 그 동일한 치과의사 원장님과 직원들은 3년전에도 동일한 범행의 수준의 진료로 인해 일산동구 **동의 **** 치과를 이용하신 피해 환자분들의 수는 270분이십니다. 6살 어린 아이부터 89세 어르신에 이르기까지 남녀 노소를 가리지 않고 끔찍한 피해를 입혔습니다. 현재 그 원장님은 본인이 잘못한 것이 없고 정상진료를 했음으로 사과를 할필요가 없다고 주장하며, 오히려 피해 환자분들에게 소송을 하라고 큰소리를 치고 있습니다. 이뿐이 아닙니다. 과거에도 그리고 현재에도 큰 사회적 파장을 일으키고 있는 강남의 대형 치과인 *** 치과도 있습니다. 그 곳에서는 20대 초반의 어린 여성들이 교정치료 또는 급속교정 라미네이트치료 라는 명목으로 앞니들이 갈리고 뽑히고 멀쩡한 이들을 신경치료를 해서 죽여버렸습니다. 그런 피해자 분이 2만명 정도 계십니다 그리고 제대로 된 양악수술을 받지 못해, 그 과정에서 죽고, 얼굴의 신경이 손상되어 감각을 전혀 못느끼고, 얼굴이 괴사되고 함몰되고 변형되고 고름이 찼습니다. 이런 피해를 입은 환자분들이 억울함을 호소하고 항의와 보상을 위해 해당 치과를 방문하면, 영업방해, 억울한 피해를 알리고자 인터넷에 글을 쓰면, 명예훼손, 피켓시위를 하면 집시법 위반, 욕이라도 한마디 하면 모욕죄, 본인은 당했지만 아무것도 모르고 그 치과에 들어가는 다른 환자분들의 피해를 막기위해 자신의 피해상황을 알려드리려고 해도 안됩니다. 명예훼손에 해당되기 때문이죠. 오히려 피해환자분들이 끔찍한 범죄적 치료를 저지른 의사들에게 고소 고발로 인해 입에 재갈을 물리고, 2차 피해를 받고 있습니다. 그러면 보건소 보건복지부 경찰 검찰 대한치과의사 협회를 찾아갑니다. 도와달라구요. 그런데 현실은 그런 공공기관과 단체에서 도와주시고 해결해 주실수 있는 것은 아무것도 없습니다. 아무런 도움도 못받고 피해환자분들은 당하고, 또 당해야만 합니다. ***치과 피해자분들 중, 이러한 피해로 인해 3명의 어린 여성분들이 자살을 했습니다. 그중 한분의 어머니님은 세상에서 그 따님이 자신의 인생의 전부였습니다. 그 상처에 미안함에 보고싶음에 고통 받으시다가, 1달 뒤에 자살을 하셨습니다. 너무나 억울한 심정에, 나는 피해를 당했지만, 다른 환자분들은 이러한 일들을 당하지 않게금, 저 악랄하고 못된 치과의사들의 범행을 세상에 알리고 저런 악행을 멈추게 하려고 내 목숨 하나 바쳐서 이 비극을 끝내야 겠다고 자살을 3번 기도한 여성분도 있습니다. 이러한 끔찍한 일들이 일어났는데 어떻게 세상에 안알려지고 방송한번 안나갔냐구요? 여러 방송에서 취재를 했습니다. 하지만 방송이 나가지전 법원에 해당 치과에서 방송금지 신청을 해서 법원이 그것을 받아들여 결국 방송이 나가지 못해 이러한 끔찍한 피해들은 세상에 알려지지 못한것입니다. 그 *** 치과를 운영하신 치과의사분은 그 뒤로**치과 그리고 현재는 다시 ***** 치과를 열어 또 다시 환자분들을 모으고 진료를 시작하고 있습니다. 하지만 현실은, 정부도 보건복지부도 대한치과의사협회도 경찰도 검찰도 피해환자분들도 ...아무도 막을수 없고 지켜볼 뿐입니다. 또 대한민국 국민들 중 이러한 사실을 모른채 그 치과들을 방문하는 국민들은 속절없이 당하고 말겠지요. 이런 분들이 4만명이 넘는다는 사실을 아시는 지요? 저들을 막아야 합니다. 의과계도 마찬가지입니다. 고 신해철 집도의, 통영 강간의사, 시체 유기 산부인과 의사등 심각한 문제들이 일어나고 있습니다. 의과계도 많은 심각한 문제들이 있습니다. 더욱 무섭고 화가나는 현실은, 저런 일부 악행을 저지르는 의사들을 막기도 어려울 뿐더러, 의사면허를 취소시켰다 하더라도, 다시 1년에서 3년 뒤면 보건복지부의 심사를 통해 의사면허가 재발급 된다는 것입니다. 그 재발급 승인 비율이 97.5% 입니다. 거의 100%입니다. 그러면 저 의사분들은 또 아무도 모르는 곳에 가서 대한민국 환자분들을 상대로 알게 모르게 저런 행태의 끔찍한 범죄를 다시 저지를수 있댜는 것이 현재 대한민국의 의료계의 현실입니다. 이제는 저들을 멈춰야 합니다. 막아야 합니다. 바꿔야 합니다. 이제는 정부가 나서 주십시오. 도와주십시오. 의료법을 바꾼다는 것은 행정부 소관이 아닌것을 압니다. 이 일의 해결에 있어 국회의원님들이 도와주실 것으로 봅니다. 만약 국회의원님들이 도와주시지 않는다고 하여도, 이번에는 국민들이 의료법을 바꿀 것입니다. 기회의 장, 논의의 장을 마련해 주십시오. 현재 jtbc 손석희 사장님과 정의당이 이 일에 함께 해주시고 계십니다. 제가 이 일의 해결을 위해 부족하고 깜이 안되고 능력이 안되고 자격이 없는 저 이지만 감히 제안을 하나 드리겠습 니다. 제안 - 1) 의료법 개정을 위한 jtbc 손석희의 뉴스룸 출연 - 보건복지부 장관님 이낙연 국무총리님 함께 출연 2) 의료법 개정을 위한 각 전문집단과 관련 기관의 토론회 개최 3) 정부와 각 행정기관 수사기관 사법기관의 장인 문재인 대통령, 이낙연 국무총리, 민갑룡 경찰청장, 윤석열 검찰총장, 조국 법무부장관 내정자, 보건 복지부 장관과 김** 치과의사와의 3시간 면담 요청 이재명 경기도 지사 김** 치과의사 별도 면담 [본 게시물의 일부 내용이 국민 청원 요건에 위배되어 관리자에 의해 수정되었습니다]",
  "num_agree": 3431,
  "petition_idx": "582427",
  "title": "-대한민국의 심각한 의료계의 문제점들의 해결을 위한 의료법 개정 -"
}