{
  "category": "정치개혁",
  "begin": "2019-09-02",
  "content": "다수당의 일방적인 국회 운영과 국회 폭력을 예방하기 위한 “ 국회선진화법 “ 과 국회의 법안 처리가 무한정 표류하는 것을 막고, 법안의 신속처리를 위한 제도인 “ 패스트트렉 “ 은 모두 자유한국당에서 만들었습니다. 현재 진행되고 있는 패스트트랙 수사에 대해서 자유한국당 의원들은 경찰 출석을 하지 않고 미루고 있습니다. 당시 패스트트랙 상정 관련 상황은 첨부와 같이 수많은 영상으로 제작 되어 있고, 뉴스화 되었으며, 많은 국민들이 지켜 보았습니다. 이렇게 확실한 증거가 있는데도, 5월부터 현재에 이르는 8월말까지, 4개월간 표류 중이며, 조사 또한 검찰이 아닌, 경찰에서 진행 중입니다. 반면, 조국 법무부장관 후보자에 대한 수사는, 이례적인 31 곳 압수수색을 진행하면서 정말 초스피드로 진행되고 있습니다. 8월에 가짜뉴스 포함, 수십만 기사가 쏟아졌으나, 확정적인 사항은 없이, 의혹으로 도배된 것이었으며, 일부는 의혹이 해소되는 과정을 거치고 있었고, 또한 청문회 진행 전이었는데도, 국민적 의문 해소와 살아있는 권력에 대한 수사를 명분으로 압수수색 필요성에 대한 신중한 판단없이, 전방위적인 압수 수색을 진행 하였습니다. 사람에게 충성하지 않는다. 수사권으로 보복하면 깡패라고 했던, 윤석렬 검찰 총장을 지지하며, 지난 촛불 집회 당시, 흔들리지 않고 조사에 임하는 특검에 꽃다발을 들고 찾아갔던 국민의 한 사람으로써, 이미 청문회 전에 이례적인 압수수색을 진행 한 것 자체가 검찰 개혁을 방해 하려는 의도가 있는 것이 아닌가? 라는 의구심이 들기도 하지만, 검찰 총장 취임사에서 국민을 위한 검찰을 이야기 했던 윤석렬 검찰 총장을 믿고 있기에, 검찰 조직의 안위보다는 국민을 위한 선택을 하리라 희망합니다. 앞으로 진행 되는 수사 상황에 대해서 꼼꼼하게 챙기며, 지켜 보도록 하겠습니다. 조국 법무부장관에 대한 수사도 여러 의혹을 명백하게 밝혀 주시길 바라며, 동시에, 패스트트랙 수사 역시 같은 속도와 중요도를 가지고 진행 하기를 요청드립니다.",
  "num_agree": 11130,
  "petition_idx": "582448",
  "title": "검찰은 패스트트랙 수사를 조국 후보자 수사와 동일하게 진행해 주십시오."
}