{
  "category": "교통/건축/국토",
  "begin": "2019-09-05",
  "content": "저는 경상북도 구미시 ***동에 사는 **세의 가정주부입니다.(부군께서는 **세) 저희는 젊었을 때 열심히 일하고 고생하며 노력하여,노후대책으로 상가주택(1986년 8월30일 준공)을 마련하였습니다. 그런데 2006년부터 재개발이 시작되었습니다.그러므로 인하여 주위의 상가와 주택들은 낙후되기 시작했고,수리도,새로 지을 수도,없게 되는 처지가 되었고, 매매 또한 잘 되지 않았습니다.상가와 주택은 임대도 제대로 할 수 없게 되었지요. 13년 동안의 긴 세월동안 불이익을 당하고 살았습니다. 이제 곧 재개발이 시행된다고 합니다.그런데 저희는 노후를 위해 마련한 건물이 없어지면 어찌 노후를 보내야 하는지 걱정이 이만저만이 아닙니다. 대지가 87평이고 건평이 약 180평인데 1층 점포 3칸,그리고 2층과 3층 주택과 별채가 있습니다. 재개발이 시작되기 전에는 월300만원정도의 수입이 있어 넉넉지는 않지만 생활할 수 있었습니다. 재개발이 가까워지니 점점 상가가 비고 주택 또한 임대가 어려워져 수입은 점점 줄어 지금은 바닥입니다. 저희 집은 종전자산가 6억 7천만원으로 측정되었고, 여기서 양도소득세 1억정도 추정됩니다. 세금 제하면 5억 7천만원인데 이 돈으로는 저희같은 건물을 어디에서도 살 수가 없습니다.이것은 어처구니 없는 평가금액이며,그 동안의 불이익은 놔 두더라도 시가로 13억 이상은 되어야한다고 생각합니다. 5억7천만원이면 작은 아파트 한채값입니다.그러면 앞으로의 생활은 무엇으로 할 수 있을지요?늙고 병들어 일도 할 수 없습니다.큰 상가 건물주고 아파트 한채라니요...? 주택 한 채 가지고 있는 이들은 모두 쫓겨나는 신세가 되었습니다. 누구를 위한 재개발입니까? 조합을 만든 우두머리들의 배불림! 시청의 배불림! 건설업자의 배불림!입니까...? 남의 이 모든 재산을 재개발을 목적으로 송두리째 앗아가고 있습니다. 터무니 없는 평가금액! 이리되면 누가 고생하여 일하고 노력하여 잘살아 보려고 하겠습니까? 힘있는 자들이 조합을 만들어 주민들을 감언이설로 현혹시키고, 주민들은 아무것도 모르고 헌집주고, 새집주는걸로 착각하여, 동의를 하고 (저희는 동의하지 않았습니다.)이제와 후회해도 소용없게 되었지요. 조합이나 시청이나 법이 그렇다 합니다. 저희같이 늙고 힘없고 돈 없으면 부조건 억울하게 당하고만 있어야 하나요? 법이란 국민들을 평화롭게 살 수 있도록 하는게 법이 아닌지요? 이렇게 개인 재산을 함부로 뺏는 재개발! 저희는 정당한 보상을 해 주길 바랍니다. [본 게시물의 일부 내용이 국민 청원 요건에 위배되어 관리자에 의해 수정되었습니다]",
  "num_agree": 168,
  "petition_idx": "582498",
  "title": "재개발 평가"
}