{
  "category": "안전/환경",
  "begin": "2019-09-02",
  "content": "이 청원은 환경부 장관님께 쓰는 편지 형식으로 썼습니다. 환경부뿐만 아니라 청와대의 관심과 대안 마련을 촉구합니다. ———————————————————————————— 환경부 조명래 장관님께 안녕하세요. 장관님, 저는 경기도 양평군 양서면 **리에 살고 있는 주민입니다. 제가 사는 **리는 최근 <양서도시계획도로 소2-3호> 문제로 시끌시끌합니다. 양평군이 추진하는 도로공사를 주민들이 민원을 넣어 멈춘 상태인데, 양평군이 곧 재개하겠다는 입장이라 논란이 일고 있습니다. 양평군이 강행하려다 중지한 <양서도시계획도로 소2-3호> 예정지는 [환경정책기본법]에서 정한 <팔당 상수원 수질보전특별대책지역> 1권역입니다. 상수원보호구역으로 둘러싸인 지역이라 2600만 명 수도권 주민들이 먹는 식수원 관리에 주요한 영향을 끼칠 수 있는 지역이지요. 환경부는 이 땅을 2001년 7월 매입했습니다. 아파트 건설 예정지였는데, 그렇게 개발되면 1일 오폐수 1600톤이 나올 것을 예상, 식수원에 심각한 오염이 생길 것을 우려해서 매입, 보호한 것입니다. 그런데 올해 초 2019년 3월 19일 양평군이 이 땅을 샀고, 도로개발을 추진한 것입니다. 주민들이 맨 처음, 도로공사 중지를 요구했던 건, 양평군이 주민과 사전 협의 없이 스쿨존이자 주택가에 인도 없는 2차선 자동차 전용도로 공사를 내려한 것. 상습정체 구간과 이어지는 길목에 교차로를 더 내어, 교통체증을 더 부추기는 도로를 내는 것에 대한 비판이었습니다. 이에, 양평군은 현재 보행자전용도로를 따로 만들겠다는 등 주민들과 적극적인 협의를 시도하고 있습니다. 그러나 주민들은 이 도로가 단순히 **리만의 문제가 아님을 알게 됐습니다. 그래서 장관님께 이 글을 토로하고 있습니다. 존경하는 조명래 장관님! 이 문제는 도로를 기반시설로 하는 두물머리 일대 개발 계획과 함께 이야기돼야 합니다. 양수리 전체 개발 계획 전망과 함께 논의해야 합니다. 팔당 식수원을 먹는 수도권 모두와 함께 이야기해야 합니다. 주민들은 이 도로가 안전한가, 질문과 답을 찾는 과정에서, 이 도로 예정지 인근 수천 평이 지난해 도시개발구역으로 지정됐고, 대단지 아파트 몇 백 세대가 들어서도록 추진한다는 것을 알게 됐습니다. 그 바로 옆 옛 군부대자리도 도시개발구역으로 개발을 추진한다는 것을 확인했습니다. 양평군은 이곳 이름을 따서 **지구와 ***지구 도시개발구역 사업을 하겠다고 이미 발표를 해왔고, 15층, 20층 아파트 527세대를 건설하고 싶다고 환경부에 자료를 올리기도 있습니다. 2019년 8월 현재는, 환경부 소규모환경평가에서 경관문제 등으로 초고층 527세대를 불허한 상태로 개발이 시작되지 않았지만, 층수를 조정해서 다시 시도할 것은 자명한 사실입니다. 장관님, 이 지역에 한번 와보신 적이 있습니까? 양수리는 이미 대단지 고층아파트와 오피스텔 수백 세대가 들어섰고, 계속해서 공사가 진행중입니다. 두물머리 안쪽 전답 수천 평도 대단지 아파트 계발 계획을 발표했던 바 있습니다. 이런 정황을 보면서 <양서도시계획도로 소2-3호> 예정지 주변에 사는 주민들은 이 도로개발이 양수리 전체 개발과 함께 논의돼야 한다는 것을 알게 됐습니다. 이 도로를 내고 안내고 문제를 넘어, 양수리 전체 개발은 어떻게 해야 하는지 질문해야 한다는 것을 알게 됐습니다. 존경하는 조명래 장관님, <양서도시계획도로 소2-3호> 공사는 1000톤이 넘는 폐기물이 나올 것으로 예상되는 공사입니다. 상수원 보호지역 습지가 닿아 있는 곳에 그런 폐기물이 나오는 공사를 해도 되는지 질문하고 싶습니다. 그런데 이 공사는 도로 면적이 기준에 못 미쳐 소규모환경영양평가도 하지 않았습니다. 앞에 말씀드린 **지구와 ***지구 도시개발구역은 각 구역별로 소규모환경영양평가를 따로 받았습니다. 그런데 이 두 곳과 <양서도시계획도로 소2-3호> 는 모두 100미터, 200미터로 닿아있습니다. 큰 규모의 개발공사는 더 엄밀한 환경영양평가를 해야 하는데, 이렇게 쪼개서 환경부에 평가를 올리면 면밀한 평가를 할 수 없습니다. 이런 구조에 놓여 있는 상황에서, 우리 주민들은 걱정과 불안을 멈추기 어렵습니다. 존경하는 조명래 장관님, 이제 환경부가 나서주십시오. 양평군은 우리 주민들에게 이 도로개발을 반대하는지 묻습니다. 찬성하고, 더 좋은 도로를 만들기 위한 의견을 달라고 말합니다. 우리 주민들은 이 질문이 이상하고 시기에 맞지 않다고 생각합니다. 우리는 이 도로개발의 찬반여부가 아니라, 팔당 식수원이자 상수원 보호구역인 양수리**리지역에 이런 개발이 안전한지, 합당한지, 수용가능한지, 먼저 살펴야 한다고 생각합니다. 사전 대비나 방비 없이 상수원 수질보전특별대책지역 1권역에 해도 안전한지도 따져 물었습니다. 조명래 환경부 장관님! 다시 한 번 강조합니다. 이제 환경부에서 나서주십시오! 개발 찬성이냐, 반대이냐 보다 먼저, 상수원보호구역은 어떻게 보존되어야 하는지, 어떤 개발이 지역주민과 팔당 식수원을 마시는 2600만 국민들 모두를 위하는 것인지, 그렇다면 상수원 보호지역에 사는 주민들이 자부심과 전망을 가질 수 있도록 하려면 관이 어떻게 해야 하는지, 질문하고 싶습니다. 그 대안을 함께 찾자고 요구하고 싶습니다. 공사와 개발 전에 먼저, 아주 많은 공론화와 토론이 필요합니다. 실제적이고 적극적인 개입과 보호, 재생가능한 개발 방안은 무엇인지, 전문가들의 고민과 토론이 필요합니다. 환경부가 나서주지 않으면, 우리 지역은 늘 갈등의 상황에 빠질 수밖에 없습니다. 인구수를 늘리려는 양평군 정책을 환경부는 어떻게 조화롭게 지지하면서 막을 것은 막을 것인지, 격려할 것은 격려할 것인지 대책을 세우지 않으면 이 지역은 내내 혼란과 재산권 침해와 불안 가중, 삼림 파괴 논란과 싸움에 빠질 수밖에 없습니다. 이것이 더 큰 재앙이 되어 대한민국 전역으로 뻗어나갈까 두렵습니다. 환경부가 적극 나서지 않는 것은 양평군 두물머리 일대 주민들을 갈등의 상황에 몰아넣고 혼란에 빠뜨리는 것과 같습니다. 수도권에 사는 팔당 식수원을 마시는 모두의 삶을 위험에 빠뜨리는 것과 같습니다. 이에 조명래 환경부 장관님의 적극적인 관심을 호소하고 대책마련을 촉구합니다. [본 게시물의 일부 내용이 국민 청원 요건에 위배되어 관리자에 의해 수정되었습니다]",
  "num_agree": 157,
  "petition_idx": "582438",
  "title": "팔당 상수원 및 남북한강 유역 개발 문제를 고발합니다."
}