{
  "category": "미래",
  "begin": "2019-09-02",
  "content": "진실을 왜곡하여 자의적인 해석으로 국민여론을 분열시키고, 표현의 자유를 내세워 미꾸라지 처럼 교묘하게 빠져나가는 나쁜자들을 특별법이라도 만들어서 거짓말을 한 죗값을 받게 해주세요. 제국주의로 회귀하려는 이웃나라의 주장에 동조하고, 더 나아가 진실을 잘 모르는 국민들에게 잘못된 정보를 제공하여 올바른 판단을 못하게 방해하고, 급기야 내나라 내조국을 부끄럽게 만드는 가짜뉴스를 생산.유포하고, 대중들에게 다양한 수단으로 전파하는 나쁜자들을 매국행위에 걸맞는 죄를 물어 주시기를 청원합니다.",
  "num_agree": 1407,
  "petition_idx": "582415",
  "title": "가짜뉴스 생산자 및 악의적인 유포자를 처벌해주세요"
}