{
  "category": "인권/성평등",
  "begin": "2019-09-02",
  "content": "조국후보자 주변 수사 시 검찰의 세번의 범죄행위가 객관적, 합리적으로 추정됩니다. 검찰은 치외법권이나 불소추특권이 없습니다. 법원의 심판을 받기를 요구합니다. 1. 조국후보자 친인척의 출국금지사실 공개 - 김학의 사건으로 알게 됐듯이, 출국금지사실은 본인 또는 대리인이 출입국사무실에 직접 방문해야 알 수 있습니다. 전화도 안됩니다. 그만큼 중요하게 법으로 보호받는 개인정보입니다. 공직자도 아닌 일반인의 중요개인정보를 언론에 공개하는 심각한 개인정보유출사례입니다. 2. 압수수색으로 확보한 수사기밀 언론유출 TV조선에서 부산의료원장의 압수수색정보를 획득하여 보도하였습니다. 수사기밀유출은 법으로 금지하는 심각한 범죄행위입니다. 3.조국후보자 주변 압수수색계획 유출 조국후보자 주변 압수수색 장소에 기자들이 미리 니와 있었습니다. 압수수색계획을 언론에 미리 알린 것으로 볼 수 밖에 없습니다. 압수수색정보 유출입니다. 검찰은 청문회 이전 조국후보자 주변 수사 착수이유로 증거인멸 우려를 들었습니다. 기밀유출자가 검찰내부 또는 검찰주변인물이 의심되는 상황에서 증거인멸이 심각히 우려됩니다. 따라서 위 세가지 범죄의심 사례에 대해 신속한 압수수색과 수사를 요구합니다. 윤석열 검찰총장은 취임사에서 수사 중 국민인권보호를 강하게 전달한 바 있습니다. 취임사에 부합하는 행동이 이루어지길 바랍니다.",
  "num_agree": 26952,
  "petition_idx": "582446",
  "title": "조국 후보자 주변 수사기밀유출자에 대해 신속한 압수수색과 수사를 요구합니다"
}