{
  "category": "경제민주화",
  "begin": "2019-09-03",
  "content": "안녕하세요 자영업을 운영하고 있는 점주입니다 최근 ***와 *****에서 경쟁이 극에 달하여 무분별한 할인행사와 쿠폰을 남발하고있습니다. 이로 인해 일반 손님들은 모르시지만 업주들은 엄청난 피해를 보고있습니다. 평소에는 주문량이 대폭 감소해 가게유지가 힘들정도이며 행사때는 주문이 폭주하여 인력이 부족하고 (평상시 주문량이 크게 감소해 직원이나 알바를 쓸수도 없고 행사기간 일주일에만 딱 인력을 쓸 수도 없음) 시간지연으로 손님들의 불만은 늘어만갑니다 저희가 원치않는 행사임에도 평소 주문량이 대폭감소해서 울며 겨자먹기식으로 어쩔수없이 행사에 참여합니다 고래싸움에 새우등이 여럿터지고 있습니다 저와 같은 생각을 하고있는 점주들이 수 없이 많다고 알고있습니다 상황이 생각보다 심각하고 기업의 행패에 자영업자들은 다 죽어나가고 있습니다 제발 무분별한 할인행사로 열심히 하루하루 살아가는 자영업자들을 죽이지 말아주세요 [본 게시물의 일부 내용이 국민 청원 요건에 위배되어 관리자에 의해 수정되었습니다]",
  "num_agree": 283,
  "petition_idx": "582458",
  "title": "***와 *****의 무분별한 할인행사를 멈춰주세요"
}