{
  "category": "안전/환경",
  "begin": "2019-09-02",
  "content": "최근 일본의 경제보복에 대한 대응방안으로서 석탄재 수입제재에 대한 얘기가 나오고 있습니다. 하지만, 더 중요한건 국민의 생명과 건강입니다. 최근 언론에 보도된 환경부 자료를 보면, 2011년 후쿠시마 원전사고 이후에도 여전히 일본산 석탄재가 수입되고 있고 그 양이 무려 900만톤이 넘습니다. 또한, 국토환경정보센터 2015년 자료의 지도를 보면 후쿠시마원전 인근 약100km반경내에 석탄화력발전소가 7개 이상이며, 실제 수입기록이 있는 조반공동전력과 동경전력의 발전소는 각각 후쿠시마와 인근 이바라키에 위치하고 있습니다. 일본산 석탄재수출의 90%이상이 한국으로 온다는데, 게다가 후쿠시마 원전이후로 수입한 석탄재가 완전히 안전하다 자신할 수 있습니까? 지금이라도 일본산 석탄재의 수입을 멈춰야 합니다. 1.일본산 석탄재와 이를 사용한 시멘트에 대한 방사능을 포함한 인체유해성을 검사하고 그 결과를 전국민에게 알려주세요. 2.일본산 석탄재의 전면수입금지를 연내에 실행해 주세요.",
  "num_agree": 1132,
  "petition_idx": "582418",
  "title": "일본산 석탄재 수입을 전면금지 해주세요."
}