{
  "category": "보건복지",
  "begin": "2019-09-03",
  "content": "본인은 단독 세대주 이며 57세 남성 , 중도 장애인인 중증지체장애인 입니다 , 본인은 2012년경 부터 장애인활동지원을 받기 시작 하면서 , 그 동안 번인의 가족이나 형제가 아닌 다른 여러명들로 부터 장애인활동지원을 받아 왔는데 , 한 마디로 그 삶은 너무 정신적으로 고단하고 힘들었습니다 , 그들은 장애인들을 그저 자기들 돈벌이 수단으로만 생각 하며 장애인들에게 성처를 많이 주더군요 , 간혹 좋은 분들도 계신 것은 저도 물론 인정 하지만 , 피가 섞인 가족 형제 보다도 비교 할 바가 못 돠는 것은 다들 아시잖아요 , !!! 나 역시 남들로 부터 많은 상처를 받아 , 더 이상 그들로 부터 벗어나 , 남은 여생 가족이나 형제 자매 한테 따듯한 진심이 담긴 , 활동 지원을 받고 싶습니다 , 오래 전에는 가족 지원이 허용이 됬었다고 들었는데 , 말 같이 않은 이유로 페지 하여 , 수많은 장애인들이 가족 형제 자매들의 따듯한 보살핌을 못 받고 , 광야에 버려 진 듯한 느낌으로 현재 살고 있다는 현실이 너무 슬프네요 , ㅠㅠㅠ , 제발 ~~~ !!! 피붙이인 가족 형제 자매에게 따듯한 보살핌을 다시 받고 , 따스한 정을 느끼면서 , 장애인들이 삶의 의지와 용기와 활력으로 생활 할 수 있도록 해 주세요 , 관계자 분들께 간절히 호소 드립니다 ~ ~ ~ 장애인 본인들에게도 지원 받고 싶은 대상을 선택 할 수 았는 선택의 권리가 있지 않습니까 ??? 그 선택의 권리를 빼앗는 것 또한 독재 라고 생각 합니다 , 장애인 본인들에게도 지원 받고 싶은 대상을 선택 할 수 았는 선택의 권리를 되 돌려 주십시요 , 얼마 전에 심재철의원이 정신지체 , 발달 장애인에 한해서 부분 개정안 발의를 했는데 , 모든 장애 유형을 가진 장애인들에게 가족 지원을 전면적으로 허용 해 주십시요 ~ !!! 관계자 분들께 다시 한번 간절히 호소 드리며 , 국민 여러 분께도 저의 글에 많은 공감으로 같이 동참 해 주시기를 국민 여러 분께 호소 드립니다~ ~ ~",
  "num_agree": 354,
  "petition_idx": "582455",
  "title": "장애인할동보조 , 다시 가족지원을 전면 허용 해 주세요!"
}