{
  "category": "교통/건축/국토",
  "begin": "2019-09-02",
  "content": "배달 문화로 새로운 직종인 배달 대행업체들이 자리 잡고있습니도 배달 대행업체들이 생기면서 시민들의 생명마저 위협받고있습니다 그분들의 근무환경이 열악한거 충분히 이해하는 입장입니다만 오토바이들의 신호위반과 다양한 형태들의 위반 행위들이 어느 순간 정당하게 자리 잡아가는게 문제라고 봅니다. 아이와동네 외출을 해서 횡단보도의 신호를 기달려서 길을 건너려는 순간 오토바이가 아이 앞으로 빠른 속도로 지나가서 소리를 질렀더니 오히려 욕을 하고 가더라구요 위험한 상황에 항의 하면 오히려 내가 더 잘못 했나 싶을 정도로 위협적인 행동들을 일삼고 있습니다.일부러 위혐 하듯 아이를 치일듯 묘기를 하면서 지나가기도 합니다. 언론에서 그사람들 최저임금이 낮고 경쟁을 해야하기때문에 신호위반과각종 위반행동들을 하기때문에 기본권과 그렇게 배달하고있는 라이더들의 생명을위해 그들을 위한 복지가 좋아져야한다는 기사를 봤습니다 과연 돈을 올려구요 한다고하면 그사람들의 각종 위반 행위와 무법 행위가 없어길까....전 의문이듭니다. 사람 욕심은 끝이 없습니다. 지금 배달 대행업체들은 일명 폰뜨기라고하는데... 한번 배달할때 기본 한두개를 배달하는게 아닙니다. 그사람들도 돈을 많이 벌기위해 그렇게하는것인데...자기자신들의 사리 사욕을 채우기위해 각종 위반상황들을 저지르고있는 것입니다 그리고 그들의 수입은 그리 적지 않습니다. 그러게 위반하면 월300~400의 수입이 들어온다고합니다. 그냥 배달 주문을 누가 먼저 잡는것이라 하나라도 더 잡을 려는 욕심으로 다른 사람의 생명을 위협하고 깡패도아니고 각종 욕으로 위협합니다. 저는 항의하자 저희 자녀를 보이면 오토바이로 쳐 죽인다라는 협박도 받았습니다. 그리고 단속두안된다는걸알고있기때문에 오히려 신고할수 있으면해보라는 식입니다. 어느순간 그게 당연해지기 시작했습니다. 오토바이배달 업체는 시청에서 사업장 허가를 내고 하는게 아니라서 시청에서도 관리가 안된다고 하시더라구요.. 그냥 사업장등록만하면 누구든 할수있다고합니다. 새로생기는 업종으로 법의 허술함을 이용하고 단속이 어려움을 이용하고 각종 무법 행위를 하고있습니다.. 전 여러번 오토바이대행업체 사람들과의 마찰이 있으면서......사람들의 인성이 이렇게까지 될수있나 같은사람인데....사람 목숨을 가지고 협박하고 법을 어기면서 어디서 들어보지도 못 한 욕까지하고...참 원래 사람은 악행설이 맞나 이런 생각을 했습니다.....저 출산이 문제라고하는데 지금 제일 위험에 노출되어있는 대상이 아이들입니다. 아이들이 제일 많은 목숨을 잃고있습니다 이번에도 한생명이 희생되어야 움직이실건가요??? 운전자 보행자 아이들....모든 시민들이 그들의 사리사욕을 위해 위협받고있습니다. 언론에 비추어 지는 것처럼 소비자들의 빠른 배달을 원하는 이유보다 그들이 한번에 많은 배달을위해 생명을 위혐하면서 위법하고있는 것입니다. 그리고 또한 법을 악용하여 시비나 각종방법으로 합의금을 노리고 접근하는 경우도 흔히 일어납니다 그냥 이들은 법을 가지고 놀고있습니다 법은 지키라고있는 것인데...법을 이용하여 각종 범죄를 저질르고있습니다. 지키는사람만 바보가 되는거 같은 생각이 듭니다. 요즘은 자괴감마져 듭니다. 그런사람들한테 욕 먹고나면........배달 대행 업체분들이 자기들의 입장을 스스로 좁히고 있다고생각합니다. 세상이변하면서 새로운 직종이 생기면 그것에 맞게 행정이든 법이든 같이 맞쳐져야 하는것 아닙니까?? 더 큰 희생이 생기기전에 제발 정부에서는 이런 배달 대행업체 단속이 어렵단 말만하시지 마시고 강력한 대책 좀 만들어주세요 범칙금을 올리든가 교육을 하든가 사장님들 과 항상 직원 교육을 한다는가..... 직원 채용을하면서 서비스 업종이니깐 인성 교육도 해야된다고 생각합니다. 오히려 당당하게 신고 할수 있으면 신고해라 이러고 있으니......참..... 답답합니다 배달 대행 업체가 생기고.. 동네가 오토바이들의 위협으로 엉망이 되고있습니다. 국민 여러분 많은 동의 부탁드립니다 우리아이들과 우리 가족의 생명을 위해 이렇게 꿈틀거려서라고 지켜야지요..... 부탁드립니다 감사합니다. 국민 여러분 많은 동의 부탁드립니다.",
  "num_agree": 253,
  "petition_idx": "582454",
  "title": "오토바이  대행 업체들이  법을 기만한  행동들의  신고와 대책  요구합니다"
}