{
  "category": "기타",
  "begin": "2019-09-03",
  "content": "오늘 조국 법무부 장관 후보의 기자회견에 대한 기사중에 \"밤 10시 혼자 사는 딸의 오피스텔 문을 두드리며 나오라고 독촉했다는 남성기자 두 명이 있었다\"는 기사를 보았습니다. 요즘 다양한 미디어 매체의 발달로 자격여부가 의심되는 기자들이 넘치고 언론의 자유가 도를 넘어 방종으로 이어져 가고 있는 현실에 마음이 답답합니다. 아무리 기자가 올바른 기사를 알리기 위한 행위라지만 개인 사생활에 피해까지 끼쳐가며 밤 늦은 시각에 문을 두드리며 문을 열것을 재촉한다는건 기자들의 그릇된 오만함에서 비롯되었다고 봅니다. 저러한 오만한 행동은 언제 어느때고 발생할수 있고 국민 어느 누구에게도 발생할수 있는 행위이기에 이러한 행위에 대해 엄중하게 대처하지 않으면 안된다고 생각합니다. 조국 후보의 의혹의 진위여부를 떠나서 해당 기자들의 행위가 사실이라면 사과와 충분한 해명이 있어야 된다고 생각합니다. 따라서 이번 기자들의 행위에 대한 진실을 규명하고 법적인 책임이 없더라도 최소한의 진심어린 사과와 해명이 해당 언론사와 기자들에게서 있어야 한다고 생각합니다. 그러므로 이에 대한 적법한 사실 규명을 할수 있는 조치를 부탁드리겠습니다. 반드시 필히 해당 언론사와 기자들이 사과와 해명이 있도록 힘써 주십시요. 국민들을 우롱하고 기만하는 언론과 언론인에 대해 경각심을 일깨워 주고 적폐언론을 청산하기 위해서라도 작은것부터 실천해주시길 부탁드리겠습니다. 감사합니다. 그럼 수고하십시요.",
  "num_agree": 2370,
  "petition_idx": "582467",
  "title": "늦은밤 기자의 방문과 취재강요에 대한 진실규명을 해주십시요"
}