{
  "category": "정치개혁",
  "begin": "2019-09-02",
  "content": "이건 조국장관 후보를 떠나 국민을 우롱 하는 것과 같습니다. 이게 말이 됩니까? 아무리 상대가 미워도 꽃을 보낸건 국민입니다. 자신을 지지하지 않아도 국민이란 말입니다. 그런데 그 꽃이나 보며 자위나 하라니요 이건 국민을 얼마나 하찮게 봤으면 이런 발언을 하는겁니까? 국민이 꽃다발로 몸을 파는걸로 보시는건지 정말 화가나서 잠도 설쳤습니다. 자유를 민패로 망각하여 구분도 못하는 김정재의원을 나라에 일꾼으로 부리고 싶지 않습니다. 꼬박 꼬박 세금 내서 저런 말도 안되는 의원에게 나라에 직분을 부여하고 싶지 않습니다. 김정재의원을 처벌하여 주세요...",
  "num_agree": 5746,
  "petition_idx": "582449",
  "title": "국민이 보낸 꽃을 보고 자위나 하라는 한국당에 김정재의원"
}