{
  "category": "기타",
  "begin": "2019-09-04",
  "content": "한국기업이아니라 한국법의적용을받지않는다며 환불밎보상을받기어려운 ***에 숙소예약전액결제 후 ***의실수로투숙을하지못하고 보상도받지못하는 피해를 입었습니다 2019년6월에 오랫동안준비해온 유럽여행을하며 ***를통해 여행숙소를 예약 전액을결제 하고 예약확정을 받았으나 현지도착하니 사전통보없이 일방적으로 전날 숙소가취소됐다며 다른숙소로가라고했어요 . 황당하고 놀랐지만 새로 다른숙소를 예약하여 전액납부후 호텔이라는 직원의말만믿고 찿아갔으나 호텔이아닌 가정집에 주인은만날수가없어 밤늦게까지 가다리다 현지주민의도움으로 연락이닿았으나 자기는***로부터 연락받은적없다며 투숙을거부하여 투숙을하지못했고 방이없어 낮선곳에서 헤메다 다음날 에야 자비로 다른호텔을투숙할수있있고 이 과정에서 렌트카및투어취소 수수료 를 부담하고 비맞고밤새돌아다녀 몸까지아파서 여행을 망치게되었습니다. ***측에서 투숙못한 호텔환불과 새로가는호텔의 숙박료를 내준다하여 돌아와서 연락했으나 말을바꿔 내가 노쇼한거아니냐며 환불을해주기어렵다는식으로 시간을끌고 새로운호텔에대한보상도없고 화가나서 소보원등에 피해규제를 문의하였으나 한국기업이아니라 도와줄수없고 한국법의적용을 받지않아 규제나 도움이어렵다는 답을받았으며 민사로 진행해서 보상을받을수밖에없다하여 법적으로 알아보았으나 한국***측에서는 싱가포르법인인 ***를 통해 숙소를 예약하였기 때문에 모든 법률적 책임은 싱가포르***가져야하며 한국***는 운영자가아니라 피고가아니라고 하며 법적인책임을질수없다합니다 피해보상못받는규정을 ***에 만들어놓았다며 보상해줄책임이없다고하네요 너무 억울하고 분한데 나라에서 규제할수있는법안을 만들던지 한국영업소와 한국어사이트로 버젓이 영업을하며 한국기업이아니니 법이 적용을 받지않겠다며 피해를 고스란히 소비자에게 떠넘기는 ***를 조사하고 소비자가 더이상 피해를 받지않도록 나라에서 규제해주시기를 바랍니다 한국소비자를 봉으로알며 피해보상을안하는게 당연하다는식의*** 제대로 법을따르며 영업하지않으려면 한국에서 장사하지마세요 비슷한사례가 작년 뉴스에 방송된적있고 제가 피해자가될지는몰랐네요 ㅜ 피해내용과 답변이 너무 소름끼치게 같네요 ***피해뉴스검색해보시면 나와요 . [본 게시물의 일부 내용이 국민 청원 요건에 위배되어 관리자에 의해 수정되었습니다]",
  "num_agree": 157,
  "petition_idx": "582491",
  "title": "***피해 현지에서 투숙거부를하고도 한국법적용을받지않는다며 보상을 하지않는 ***를 규제해주시길바랍니다"
}