{
  "category": "정치개혁",
  "begin": "2019-09-02",
  "content": "일본수출규제에 따른 '일본불매' '독립운동은 못했어도 일본불매운동은 한다'고 하는 국민들의 제2독립운동과는 반대로 일본과 아베에게 사과를 하라 일본덕에 우리가 발전했다 박정희가 이 나라를 살려놨다는 등의 목소리들을 들으면서, 다른나라의 우익들은 국익을 우선시하는데 왜 우리나라 극우라는 자들은 일본과 아베를 외치고 있는 원인이 무엇인가 ? 궁금했습니다. 1945년 우리나라가 광복이 되면서 친일청산을 제대로 하지 못하였기 때문이라는 결론에 도달하게 되었급니다. 일본과 미국에 아부해 초대대통령이 되고, 일본장교였다가 공산당원이었던 남로당출신이 대통령이 되기도하는 아이러니가 이어져 오면서 친일청산은커녕 친일에 대해 무뎌졌다고 봅니다. 요즘 그 토착왜구 친일들과 후예들이 꾸역꾸역 등장했습니다. 그 토착왜구 친일들은 우리나라 국민들을 갈라치기 하며 선동질을 하고 있습니다. 우리나라 발전에 백해무익한 존재들입니다. 다시는 일제강점기 같은 역사를 되풀이하지 않기위해서, 피로 나라를 지키신 독립투사들께 인사라도 건낼수 있게 반드시 제2의 반민특위법을 제정하여 친일 토착왜구들을 청산해야 우리의 미래가 있다고 생각하여 청원합니다.",
  "num_agree": 1322,
  "petition_idx": "582442",
  "title": "제2의 반민특위법 제정을 요청합니다."
}