{
  "category": "정치개혁",
  "begin": "2019-09-02",
  "content": "대통령의 인사권에 대한 정면 도전이자 명백한 항명입니다. 청문회는 법이 보장한 절차인데 정당한 법적 절차의 진행도 없는 상태에서 사법의 칼을 자신의 인사권자와 지휘권자에게 들이댄건데... 그렇게 시급하거나 장관 지명자의 명백한 범법행위가 드러난게 전혀 없음에도 그 가족을 대상으로 하는 무차별 압수수색은 전례없는 폭거입니다. 이건 명백한 사법 쿠데타입니다. 주동자는 즉시 파면되어야 합니다. 그리고 수사중인 사항에 대해 청와대와 법무부에조차 기밀을 유지했다고 자랑하는데 정작 종편기자는 모든 사항을 미리 알고 압수수색에 동행 했더군요. 용서할 수 없습니다. 관련자를 철저히 색출해서 법대로 처분해 주세요.",
  "num_agree": 7203,
  "petition_idx": "582445",
  "title": "조국지 장관지명자에 대해 사법쿠데타를 자행한 정치검찰, 수사기밀 유출자를 철저히 가려내 파면해 주세요."
}