{
  "category": "교통/건축/국토",
  "begin": "2019-09-05",
  "content": "약 20년동안 조그마한 상가주택에서 거주하다가 재개발이 추진되어 만족스럽지 못한 감정평가를 받고 2018년 4월달에 직접 거주목적이라면 당시 기준으로 대출이 가능하니 상가보다는 1+1 주택을 신청하는게 낫지 않겠냐 해서 상가분양을 포기하고 1+1분양신청을 하게 되었습니다. 이후 913대책이 터지면서 투기과열지구가 되고 이주비 대출이 아예 불가하다는 통보를 받았습니다. 황당해서 찾아보니 현재기준으로 1+1 이주비대출이 완화가 되어 가능한 조건이 나왔던데 저희한테는 속하지 않더군요. 관리처분계획인가를 2018/9/13 이전에 신청한 조합에 한해서 +1 주택 처분 조건으로 이주비대출이 어느정도 나오던데 이게 잘못되었다는 겁니다. 저희는 부동산 대책 말도 나오기 훨씬 전에 아무것도 모르고 분양신청을 한 사람들입니다. 913대책을 알았다면 당연히 저희한테 맞는 상황에서 주택이건 상가를 신청했을텐데 1+1조건에 맞추어서 신청을 한 후 이제와서 하나를 포기하라고 하면 1+1신청한 사람들 피해는 뭐가되는 겁니까? 오히려 더 납득안가는건 다주택자는 1주택 처분 조건으로 대출이 나오더군요. 우리는 그냥 오래된 1주택에 살다가 분양신청 조건으로 수긍 가능한 선에서 분양신청을 한 사람들입니다. 이런 1+1조합원들을 투기꾼으로 몰아서 대출이 하나도 안된다고 하면 감정평가 맞게 1+1을 신청해도 세입자 보증금, 이사갈 돈 한푼도 없어서 무조건 +1을 포기해야 하는 상황입니다. 지금 문제는 확실히 바로 잡고 가야한다고 봅니다. 현재 조정지역내 예외조건으로 913 이전 '관리처분계획인가 신청'을 들어간 1+1조합원에 대해서 +1 처분 조건으로 나오는 이주비대출을 913 이전 '분양신청'을 진행한 조합으로 확대를 해야 맞는겁니다. 상대적으로 조합원들 중에 1+1신청자들이 소수이다보니 관심들도 없더라구요. 이런 이야기 하는 사람도 많지 않구요. 목소리 낼 수 있는 사람이 많지 않다고 그냥 무시하지 마시고 방향제시라도 될만한 시원한 답변좀 부탁드립니다. 그냥 +1을 포기하기엔 너무나도 억울합니다. 제발 좀 조용히 사는 사람들 재산좀 건들지좀 마세요.",
  "num_agree": 226,
  "petition_idx": "582499",
  "title": "재개발 1+1 조합원 이주비 대출 불가 너무나도 부당합니다."
}