{
  "category": "행정",
  "begin": "2019-09-03",
  "content": "청 원 서 저는 중소기업입니다. 제가 운영하던 법인들은 이미 활동을 하지 않고, 법인세 등이 체납이 되어 현재 공사를 진행하고 있는 곳은 한 곳도 없지만 전 아직 건설업체의 대표입니다. 전 2005. 경북 구미에 아파트형 공장을 짓고자, 가지고 있던 80억 원의 사재를 털어 토지를 구입하고, 시공사를 물색하던 중 H건설, A신탁회사, 10개의 저축은행과 “사업약정서”를 작성하였습니다. PF대출금 470억 원이 실행될 즈음, 14억2천4백만 원이 대출수수료 명목으로 빠져나갔습니다. 신탁회사가 대출금을 관리하였고, 대출금에서 사전공제하는 방법을 취하였기에 손을 쓸 수가 없었습니다. 또한 공사가 착공되기도 전에 저의 회사의 통장을 관리하던 A신탁회사가 20억 원을 저에 동의없이 몰래 꺼내 H건설에 주었습니다. 나중에 안 사실이지만, 통행세라고 하더군요. 이 같은 상황에 항의하고자 H건설, A신탁회사관계자들을 만나 항의하고 수탁자해임소송을 제기하였지만, 제가 도장을 찍었던 “사업약정서”가 아닌 위조된 “사업약정서”가 제출되었고, 1심, 항소심, 대법원까지 갔지만 소송에 지고 말았습니다. 사업재개를 위해 동분서주하였지만 도리어 위 계약서 등을 근거로 H건설은 본인의 지분을 모두 경매에 부쳐, 자산평가액 317억 원의 부동산이 72억 원까지 떨어지게 만들었습니다. 경매참여조건이 자산평가액의 2/1인 158억5천만 원을 입찰보증금으로 납부하는 것이었습니다. 낙찰가를 낮추기 위해 3일간(1일 평균 5회 유찰) 15회에 유찰되었습니다. 그리고 H건설이 지정한 S라는 회사에 75%할인된 금액인 80억원에 매매하도록 하였습니다. 저는 지금도 이 신생법인이 H건설의 자회사가 아닌가 의심하고 있습니다. 자본금 5천만원에 불과한 회사인 신생법인이 317억 원의 건물을 80억원에 사면서 계약금 8억원을 입금하였다고는 하나 H건설과 A신탁회사 샀다고 주장하는 매입자도 증명할 입금증을 검찰이나 법원에 제출하지 못하고 있습니다. 이에 항의하기 위해서 H건설 본사 옥상에 올라가서 시위를 하고 2016. 2. 26.경 H건설 본사가 있는 잠실역앞에서 청와대까지 25km 넘는 길을 7일 동안 삼보일배하고 청와대에 도착 즉시 13일간 단식하다 쓰러졌지만, 도리어 업무방해죄, 명예훼손죄 등으로 실형 1년을 선고받아 수감생활을 하였습니다. 실형을 산 것보다 더 비참한 것은 제가 2016. 3. 청와대 앞에서 시위를 할 당시 대학 1학년 재학 중이어썬 제 아들이 구미시에 있는 제가 시행하였던 아파트형공장앞에서 현수막을 걸어 놓고 시위를 하다가 저들이 고용한 건달들에게 끌려가 폭행을 당하고 목을 다쳐 2주 진단의 상해를 입었습니다. 제 아내도 저들이 “밤길 조심해라. 죽을 수 있다”라는 협박을 당했습니다. 아내는 후환이 두렵다고 고소조차 하지 못했습니다. 어떻게 해야 할까요? 사업재개를 위해 몸부리쳐 봤지만, 마음 한구석에는 깊은 모욕감이 남았습니다. 사업에 실패하였다면, 부도가 났다면, 마음에 이리 큰 상흔이 남지 않았을 것입니다. 저들은 저를 사람이 아닌, 자기들이 마음대로 할 수 있는, 사람이 아닌 존재로 보았던 것입니다. 제 몸에 외상을 내거나, 제 재산을 강탈하였다면 상처는 치유될 수 있었을 것입니다. 전 제 인간으로서의 존엄과 사업가로서의 자존감에 상처를 입었습니다. 전 젊은 시절 급한 성격때문에 전과를 가지고 있습니다. 과거의 전과가 있다고 하여 내 꿈을, 내 사업을 짓밟아도 되는 건가요? 최근 경북구미경찰서는 제 사건에서 범죄가 될 만한 행위 5가지를 찾아 내서 내사를 하고 있습니다. 위 범죄행위는 모두 확정판결의 기판력과는 무관하게 다시 수사할 수 있는 사건입니다. 저는 구미경찰서가 제 사건을 잘 처리할 수 있을지 의문이 갑니다. H건설, A신탁회사와 분쟁을 겪으면서 저는 수 차례 관련자들을 고소하였지만, 대구지방검찰청 김천지청은 석연치 않은 이유로 모두 불기소처리하였습니다. 구미경찰서에서 수사하더라도 김천지청에서 불기소하면 다시 다투기가 어렵습니다. 그리고 2009. 12. 20억 원의 사업자금을 사기로 가져갔던 사건은 곧 10년의 공소시효가 곧 만료됩니다. 저는 2017. 4. 10. 당시 민주당 대통령후보이던 문재인후보님을 여의도 중소기업중앙회 강당에서 직접 만나, 대기업 갑질과 사법부의 편파적인 졀정 등 저의 사정을 말씀드렸고, 당시 후보님은 제 사건이 요약된 A4용지 3장으로 된 진정서를 받으시면서 “제가 대통령이 되면 공정하게 재수사하겠다”고 약속하셨습니다. 이 땅의 모든 사건들이 정의롭고, 바르게 판결되기를 바라는 건 어렵겠지요. 하지만, 전 20여개의 사건을 모두 졌습니다. 단 한줄기 정의만이라도 제게는 간절합니다.이 외 재벌2세 회장에게 당한 황당한 갑질은 20여가지도 넘습니다. 조선시대 백성들이 억울한 일을 당하여 신문고를 치던 심정으로 간절함을 담아 국민청원에 제 사연을 올립니다. 부디 힘 없고, 돈 없고, 여러 차례 재판에서 졌던 사람의 넋두리라 생각지 마시고 제 사연에 동참해 주시길 부탁 드립니다. 구미경찰서에서 내사 중인 사건을 서울경찰청으로 이송하여 공정한 수사를 하여 주시길 요청합니다.",
  "num_agree": 1080,
  "petition_idx": "582471",
  "title": "진실을 감옥에 가두어 둘 수 없습니다."
}