{
  "category": "기타",
  "begin": "2019-09-02",
  "content": "저는 2019. 4. 30. 사랑하는 내 아들을 살인 범죄로 잃은 엄마입니다. 살인자는 저와 남편이 약 3미터 앞에서 지켜보는 상황에서 22살 어린 우리 아들을 칼로 찔러 살해했고, 현장에서 체포되어 전주지방법원 군산지원에서 징역 17년을 선고받았고, 선고받은 형량이 너무 많다며 항소한 상황입니다. 저희는 이번에 처음 알았습니다. 사람을 죽이고도, 그것도 앞으로 60년은 더 살 수 있는 22살 어린 우리 아들을 죽이고도, 게다가 부모가 보는 앞에서 화가 난다는 이유로 칼로 찔러 사람을 죽이고도 17년만 교도소에서 살고 나오면 된다는 것을 처음 알았습니다. 그리고, 17년 형이 나온 것도 살인죄 형량 선고한 것 치고는 적게 나온 것이 아니라는 어이없는 설명을 듣기도 하였습니다. 또한, 그렇게 낮은 형량은 대법원이 정한 양형기준이 그 정도의 형량을 권고형으로 정하였기 때문이라는 것도 알게 되었습니다. 사랑하는 가족을 잃은 것도 억울해 죽겠는데, 왜 이런 아픔을 가슴에 품고 살아야 하는지 억울해 죽고 싶은 심정인데, 그 살인자는 짧으면 12년 내지 13년, 길면 17년 내지 20년 교도소에서 살고 나오면 죄 값을 다 치룬 것이 된다는 것은 너무나도 억울합니다. 그리고, 형량이 이렇게 너무 낮아 살인 범죄가 더 많이 발생하는 것으로 생각되기도 합니다. 국가는 피해자가 스스로 복수를 하지 못하게 하기 위해서 살인자를 처벌하는 것으로 알고 있습니다. 이렇게 낮은 형으로 처벌하면서 피해자에게 아픔을 안고 살아가라고 하는 것이 이해가 되지 않고, 국가가 피해자를 위로해주거나 보호해주기는 하는 것인지 전혀 모르겠습니다. 부디, 범죄 중 ‘살인’이라는 이름이 들어가 있는 범죄의 양형기준을 대폭 상향하여, 살인 범죄가 줄어들어 국민이 더 마음 편하게 살게 해주시고, 피해자의 아픔을 조금이라도 치유해주시며, 보복 범죄로부터 피해자를 보호해주시기를 간절히 부탁드립니다. 그리고, 양형기준에 따라 형이 적게 선고되고 나서도 형량을 70%에서 80%만 살면 가석방으로 나올 수 있고 살인자들도 가석방되고 있다고 합니다. 그리고, 가석방을 하는 주된 이유가 교도소가 좁아서 그렇다고 법무부가 발표하였다고 합니다. 형량이 낮은 것도 억울해 죽겠는데, 그 낮은 형량을 다 채우지도 않고 나온다는 것에 분통이 터집니다. 도대체, 사람의 인생을 세상에서 없애고, 그 사람의 가족들의 인생을 만신창이 만든 사람들을 수용할 교도소가 부족해 형기를 다채우지도 않고 석방하는 것이 말이 되는지 이해가 되지 않습니다. 그래서. 살인이 더 많이 늘어나고 살인자들이 살인을 하고도 당당하게 행동하고 말하는 것으로 생각됩니다. 부디, 살인죄 형량을 높여주시고, 살인이 들어간 범죄를 저지른 자들을 가석방 대상에서 제외하여 주시기 바랍니다.",
  "num_agree": 25311,
  "petition_idx": "582429",
  "title": "살인 범죄 피해자입니다. 살인죄 처벌을 더 강하게 해주시고, 살인자를 가석방 대상에서 제외해주세요."
}