{
  "category": "교통/건축/국토",
  "begin": "2019-09-05",
  "content": "국정에 혼신의 힘을 다 하시는 국토부 임직원에게 감사 드립니다. 3기신도시 발표에도 불구하고 서울 집값은 천청부지로 올라 가고 있으며, 분양가 상한제 이후 공급 부족으로 부동산 시장에서 받아들이며 서울 아파트의 가격은 더 이상 개입할 수 없을 정도로 천정부지로 치솟고 있습니다. 2기신도시인 검단신도시는 미분양이 나고있고, 서울에서는 하루가 멀다하고 올라가고 있습니다. 2기신도시(검단신도시)는 노무현대통령이 만든 신도시로 이제 막 분양을 하고 있습니다. 교통의 불편함으로 75,000세대 중 일부(10,000세대)를 분양했지만,,, 미분양으로 어럽움이 있습니다. 10월 대광위 발표에서 검단신도시로 5호선이 연결된다면 미분양도 해소하고, 서울집값도 잡는 1석 2조의 효과를 거둘 수 있다고 판단됩니다. 특히 서울 서북부를 커버할 수 있는 곳. 7만 세대를 수용하는 검단신도시로 5호선 조기 개통이 이루어지면 마곡을 필두로 강북 주요 핵심 업무지역 - 공덕,여의도,광화문-으로 출퇴근하는 직장인 수요를 100프로 충족시킬 수 있습니다. 서울의 주요 업무지구를 커버할 수 있는 7만 세대의 신도시는 서울 과밀 현상과 집값을 잡아내는데 큰 기여를 할 것입니다. 검단신도시는 2기 신도시로서 위례, 동탄과 같이 서부권 신도시로서 그 역할을 해낼 잠재력이 있는 도시로서 태동을 시작하고 있습니다. 이러한 상황에서 5호선 서울철 직결 연결은 1. 서부권 균형개발, 2. 서울집값 해결, 3. 자족도시로서의 성장에 반드시 필요합니다. 2. 현재 분양을 개시하며 인구밀도가 가장 높은 검단신도시 1단계 지역, 101역사로 서울 5호선 예타면제 및 조기 착공을 이루어 합리적인 수도권 주택 정책을 이루기를 제안합니다",
  "num_agree": 1227,
  "petition_idx": "582496",
  "title": "3기신도시 살리기 위한 2기신도시 교통정책 제안"
}