{
  "category": "경제민주화",
  "begin": "2019-09-05",
  "content": "****에 투자를 하고 있는 투자자 입니다. 2019년 9월 4일 금융위원회에서 [ 거래정지 ]가 있었는데요. 2016, 2017, 2018년 발생한 문제로 인해 지금 투자한 투자자들이 피해를 보는데 있어 금융위원회의 감시소홀로 인해 투자자들에게 불이익이 발생하지 않도록 최대한 빠른 시일내에 조치해 줄것을 청원드립니다. 국가가 개인투자자들을 보호하지는 못할 망정 이렇게 뒷북행정으로 피해를 끼치는 것이 납득이 되지 않습니다. 2016~2017년 발생한 회계상의 문제를 제대로 해결하지 못해 지금 피해를 키운 금융당국의 처벌을 청원합니다. 2019년 일본의 무역전쟁에서 국산기술로 일본의 기술력을 대체하고 있는 ****의 노력을 정부가 나서 찬물일 끼얹는 조치에 국민의 한사람으로써 나서지 않을 수 없었습니다. [본 게시물의 일부 내용이 국민 청원 요건에 위배되어 관리자에 의해 수정되었습니다]",
  "num_agree": 269,
  "petition_idx": "582495",
  "title": "**** 주권거래정지에 대해 이의를 제기합니다."
}