{
  "category": "육아/교육",
  "begin": "2019-09-05",
  "content": "충남 천안의 **병원에서 2018년 4월 정부에서 의무적으로 시행하는 중1 학교검진을 하였습니다. 현재 중2, 척추측만40도, 작년 검진당시 25도 입니다. 검진목록의 근. 골격 및 척추 검사를 정상으로 판정한 병원. 교육부에 문의 해보니 근. 골격 및 척추항목에서 척추는 척추의 형태를 파악하고 척추측만증을 찾기 위함이 검진항목의 목적이라고 하였습니다. 청소년기 특발성 으로 나타나는 측만증을 찾기 위함이라고 했습니다. 병원은 어떠한 방법으로도 검진을 하지 않고 그냥 정상으로 판정하였습니다. 검진을 하였다하더라도 오진입니다. 폐결핵을 찾기 위함이라는 흉부방사선 자료를 확인 한 바 이미 척추측만 25각도 였다고 합니다. 아이가 측만증이라는 걸 알게 된 현재 2019년 7월 대학병원에서 40에 가까운 각도라는 이야기를 들었습니다. 1년 전에 제대로 된 학생건강검진이 이루어졌다면...그때부터 적극적으로 치료에 임했다면...절대 지금의 심한 측만이 되지 않았을 겁니다. 아이를 보면 눈물만 나옵니다. 학교, 교육청 그 어떤 곳도 아이의 피해를 대변해주지 못하였고, 남의 일인 듯 적극적이지 못한 대응이 교육계의 현실이며 태도였습니다. 또한 그 흔한 위로의 말 한마디 듣지 못했습니다. 병원 측은 책임이 없다며 사과 한마디 하지 않았습니다. “학생검진을 누가 자세히 보냐” 는 병원 측 건강검진 센터장의 어이없는 답변을 들었으며 병원은 오진할 수 있고, 오진으로 인하여 사람이 죽어나가기도 한다는 병원관계자의 말과 법대로 하라며 큰 소리 치는 적반하장의 태도에 경악을 금치 못하였습니다. 이런 곳이 환자를 치료하는 병원이라고 할 수 있나요? 성장기 학생들의 건강한 생활습관 및 신체적, 정신적 건강상태를 파악하고 그 질병을 조기에 발견 및 치료토록 함으로써 학생의 건강한 삶을 도모하는 데에 목적이 있다는 학생검진은 그저 형식에 지나지 않습니다. 국비로 시행하는 학생검진! 무슨 필요가 있나요? 이러한 교육계의 형식적인 검진과 병원의 엉터리 검진을 믿고 아이의 건강을 마음 놓을 수 있나요? 교육계는 학생검진에 왜 척추라는 항목을 넣은 건가요? 그렇다면 검진을 제대로 할 수 있도록 병원 측에 어떠한 제시라도 해줘야 하는 게 아닌가요? 교육 현직에 계신 분들도 정확히 아는 분이 없었습니다, 검사항목도 검사방법도 말입니다. 검진병원의 의사는 검사항목을 검진하지도 않고 정상으로 판정하였으며, 의사의 의무를 제대로 시행하지 않고 책임을 회피하고 있습니다. 오진하고도 책임이 없다는 병원에 책임을 물어주시고, 학생검진에 대하여 형식적인 문서만 갖춰졌을 뿐 세부지식은 없는 교육현장도 책임을 다 하여 주십시오! [본 게시물의 일부 내용이 국민 청원 요건에 위배되어 관리자에 의해 수정되었습니다]",
  "num_agree": 244,
  "petition_idx": "582497",
  "title": "교육부에서 국민의 세금으로 시행하는 청소년기 학생건강검진!!!"
}