{
  "category": "육아/교육",
  "begin": "2019-09-02",
  "content": "안녕하세요? 저는 고등학교 3학년 학생입니다. 교육에 대해 관심이 많습니다. 저는 우리나라 여러 교육의 문제점 중에 교과서의 문제점에 대해 생각해보았습니다. 현재 교과서가 한 번 쓰고 버려지는 사태가 비일비재하게 일어나고 있습니다. 매년 같은 책을 찍어내느라 많은 종이가 낭비되고 있습니다. 영국, 독일, 프랑스, 미국 등의 나라에서는 선배들의 교과서를 물려받는 시스템이 활성화되어 있어서 일회성으로 교과서를 사용하지 않습니다. 반면, 우리나라에서는 생산 단가가 높은 교과서를 일 년만 쓰고 폐기합니다. 교과서의 크기가 다른 나라보다 크기도 하고 두껍고 무겁게 만들어지기 때문에 생산 단가가 높습니다. 특히 우리나라 교과서는 석회 돌가루를 섞어 무겁습니다. 우리나라 국민은 양장본의 책을 더 선호한다고 합니다. 이에 반해, 다른 나라 사람들이 선호하는 책은 작고 얇으면서 가벼운 책이라고 합니다. 1998년 제7차 교육과정부터 구겨지지 않는 종이를 만들기 위해 돌가루를 섞었지만, 결과는 아주 크고 무거운 교과서가 되었습니다. 이로 인해 학생들의 책가방 크기도 매우 커지게 되었습니다. 초, 중, 고등학교 학생들의 책가방 무게는 학생들의 건강에 악영향을 줍니다. 초등학교 1학년 아동의 평균 몸무게는 대략 20kg. 책가방의 평균 무게는 4.25kg입니다. 자신의 몸의 4분의 1 무게의 짐을 들고 다니는 것이죠. 고등학생도 마찬가지입니다. 평균 책가방 무게는 6.56kg입니다. 학생들은 쌀 30인분의 무게, 1.5L 생수병 5개를 매일 들고 다니는 것과 마찬가지입니다. 일각에서는 학생들을 배려했었다면 크고 무거운 책을 만들지 않았어야 한다고 비판합니다. 저는 청원합니다. 1. 교과서를 가볍게 만들어주세요. 2. 교과서가 재활용될 수 있도록 시스템을 바꿔주세요. 교과서가 바뀌면 이런 효과가 있습니다. (1) 매년 교과서를 만드는데 들이는 정부 예산을 절감할 수 있습니다. (2) 낭비되는 종이를 줄임으로써 그만큼 환경을 지킬 수 있습니다. (3) 책가방의 무게를 줄임으로써 학생들의 건강을 지킬 수 있습니다.",
  "num_agree": 237,
  "petition_idx": "582410",
  "title": "우리나라 교과서 바뀌어야 합니다."
}