{
  "category": "정치개혁",
  "begin": "2019-09-02",
  "content": "저의 할아버지를 대신하여 손자인 제가 대신 글을 이렇게 올립니다. (할아버지의 1 인칭 시점으로 글을 적겠습니다.) 이번에 본의 아니게 법무사(현장 종사자)에게 생각지도 못한 심대한 피해를 입고 보니 우리나라의 사법제도가 얼마나 일방적이고 법률을 다루는 현장인들의 중심으로 이루어 졌는지를 뼈 저리게 느끼게 되는 계기가 되었으며 우리 후손을 생각하면 등골이 오싹해지는 전율을 새삼 느끼게 됩니다. 저는 아는 지인에게 신세를 입은 적이 있어서 인감증명을 떼어 보내달라는 부탁을 받고 인감증명을 떼어서 그것을 서울에서 부산까지 지인에게 가져다 주도록 지인의 법률적인 사무를 처리해 주려는 법무사에게 전달하게 되었습니다. 그런데 그 법무사는 인감증명에 날인된 도장과 인감증명이 일치하는지를 자기가 확인해야하니 인감도장을 자기에게 집적 가져다 달라는 요청을 받게 되었는데 저는 추호의 의심도 없이 도장을 가져다 주었더니 그 법무사는 상의없이 저(글쓴이) 모르게 근저당을 설정하는 서류에 인감도장을 찍어 등기소에 제출하여 본인(글쓴이)의 집이 8월 20일에 경매에 부쳐졌고 다가오는 10월 8일에 또 경매가 진행되는 사기 피해를 당하였습니다. 돌이켜 생각해 보니 이일은 근저당 설정을 했느냐는 확인 절차를 거치는 사법행정 단계만 설정돼 있었으면 예방할 수 있는 간단한 일을 사법서사라는 현장인의 편의를 위해 평생 피 땀 흘려 모은 재산을 잃게 되는 믿지 못 할 일이 우리 사회에서 벌어지고 있다는 것을 알게 되었습니다. 위와 같은 문제상황에 대해서 수사기관에 읍소해도 이에 관한 확인대질수사는 진행되지 않고 '부주의한 너의 잘못이다'라는 식으로 방치하고 있습니다. 이일은 너무나 끔찍한 일이 벌어질 수 있는 비극입니다. 왜냐하면 경매가 진행되어 낙찰이 되어버리면 원상복구가 되지 않는 피해를 입게되어 목숨을 끊어야 하는 비극이 발생할 수밖에 없습니다. 그러므로 이 글을 읽으시게 되는 수사책임 관료(특히 경찰청장님이나 검찰총장님께 읍소합니다.) 분들께서는 민정을 굽어 살피시어 신속한 수사를 전개해 주시기를 재삼 촉구해 마지 않습니다. 그리고 법무사(현장종사자)의 사기적인 일처리로 다시는 민주적인 법치사회의 웃음거리가 되지 않도록, 현장 종사분들의 일방적인 전횡이 발생하지 않도록 확인 행정절차가 작동되어 제도개선의 조치가 이루어져 저와 같은 희생자가 생기지 않는 정의로운 사회제도를 가진 나의 조국 대한민국이 완성되는 간절한 소망을 가져봅니다. 감사합니다.",
  "num_agree": 247,
  "petition_idx": "582432",
  "title": "대한민국 법무사의 전횡을 고발하는 국민청원의 글"
}