{
  "category": "교통/건축/국토",
  "begin": "2019-09-05",
  "content": "작년 12월부터 시작된 세종시 **마을 **단지 ** *** 신축 아파트 현장에서 하자보수 공사대금을 지급받지 못했습니다. 문제는 여기참여했던 거의 대부분의 공정이 공사대금을 현재까지 받지 못하고 있으며 일단 제가 파악한 금액으로만 60억원이 넘습니다. 각 협력업체가 못받은 금액이 8억에서 작게는 수천 수백만원 지게차 비용 등도 있습니다. 문제의 시작은 3월부터입니다. 이 현장은 공사가 완료되지 않은 시점에 입주자사전점검이 이뤄졌고 본공사 당시에도 공정 지연 설계변경 등 건설사의 과실이 엄청난 현장이었습니다. 그럼에도 입주예정일을 맞춘다는 명목으로 건설사에서 여러공정에 압박을 가하여 부랴부랴 입주자사전점검을 하게되었고 설계상의 문제도 많아 일반 신축현장과 비교하면 약 5배 많은 하자가 발생했습니다. 그래서 준공심사처인 세종시에서 이 부분과 많은 민원이 발생하여 준공을 약 2개월 정도 보류하여 하자처리를 80%이상 해야 준공을 내주겠다는 조건을 들었습니다. 발등에 불이 떨어진 건설사는 협력업체에게 작업지시서 등 공식적인 문서와 더불어 본사 본부장 등 임원급이 상주하여 비용이 많이 들어도 좋으니 준공만 받게해달라고 했습니다. 그런데 막상 3월경 준공이 떨어지고 나니 **건설에서 개입하기 시작했습니다.**건설은 **건설산업을 인수한 회사입니다. **건설에서 **건설과 합의 또는 협의한 모든 공사금액을 부정하며 처음부터 원가계산을 해서 정산하겠다고 했습니다. 그렇게 시작된 정산은 약 4개월을 끌었습니다. 그러더니 수많은 공정에게 예를들어 6억을 청구한 회사는 2억만 지급하겠다고 통보하는 등 상식밖의 공사대금을 지급받으라고 했습니다. 이에 **건설과 특수관계 등 다음 **건설 현장을 이어가야할 협력사들을 제외한 약10개의 회사들은 갑질 등 부당한 공사금액 후려치기 등을 들어 민사소송 및 공정위 고발을 진해중이며 검토중에 있으나 **건설 측은 민사소송을 하면 우리는 법무팀이 있으니 상고하면 몇년이나 걸릴 텐데 견딜수 있으면 해보라는 식입니다. 현재 대부분의 공정 협력사들이 공사금액 미지급으로 하자보수관련 공사를 중단하였습니다. 그런데 **건설 계열사인 하자보수 업체를 투입하여 거기서 발생한 공사비 만큼 정산에서 공제 하겠다고 업체들을 압박하고 있습니다. **건설의 갑질은 이 뿐만이 아닙니다. 공사금액을 협의했던 **건설산업의 임원급 및 실무자들을 내부감사 등을 들어 퇴사 또는 좌천을 보내고 있습니다. 책임자인 본부장은 물론 공사현장소장이었던 상무는 물론 **건설산업의 원가팀도 해체했으며 대표이사 조차도 해고 당한걸로 전해들었습니다. 당 현장 세종시의 시행사는 **건설산업으로 **건설이 내부감사를 통한 문제제기는 할수 있을것이나 계약주체인 **건설산업에서 정산 등 공사비를 지급해야 함에도 자금을 지고 공사비 정산 및 결제조차도 **건설로부터 나오게 하고 있습니다. 이게 법적으로도 맞는건지 그럼에도 **건설은 **건설산업으로 책임을 미루고 **건설산업은 **건설에 결재를 올리면 반려가 됨으로 소송을 통하라며 서로 책임질수 없다는 입장만 되풀이 하고 있는게 수 개월입니다. 저희는 어디서 공사비를 받고 언제까지 기다려야 하나요? 인건비를 받고 생활하는 건설 노동자들은 또 어떻게 살아야하나요? 이런식으로 공사대금 가지고 장난을 치니까 어느 업체가 하자보수공사를 할수 있을까요? *** 또는 *** 입주다들만 제때 하자보수 처리를 받지 못해 전국적으로 소송으로 시끄럽겠죠. 이런 부당행위와 갑질을 일삼는 **건설을 조사해주시길 간곡히 부탁드립니다. [본 게시물의 일부 내용이 국민 청원 요건에 위배되어 관리자에 의해 수정되었습니다]",
  "num_agree": 543,
  "petition_idx": "582492",
  "title": "공사대금 갑질하는 **건설을 처벌해주세요"
}