{
  "category": "인권/성평등",
  "begin": "2019-09-02",
  "content": "당신은 어느 건물의 화장실이나 방, 아니면 자신이 살고 있는 곳에서 누군가가 자신을 보고 있다는 생각이 들은 적이 있는가? 화장실에서 ‘흔히’ 보이는 작은 구멍을 무서워한 적이 있는가? 이러한 질문들에 답을 내리기 위해 조금이라도 머뭇거리는 것이 지금 우리의 현실이다. 우리는 벽에 보이는 그런 ‘흔한’ 구멍을 통해서 두려움과 공포를 갖게 되고 이른바 ‘불법촬영’의 피해자가 되지 않기를 바란다. 경찰청 통계에 따르면 이러한 불법촬영‧유포 범죄(성폭력처벌법 14조 카메라 등 이용 촬영죄)는 2011년 1523건에서 2017년 6470건으로 늘었다고 한다. 7년 사이 4배 넘게 증가한 것으로 보인다. 매년마다 늘어가는 벽의 구멍은 여전히 ‘우리’에게 큰 위협이 되며 우리의 권리를 침해한다. 국내 한 제약회사 대표의 아들인 이씨는 2013년부터 올해 3월까지 자신의 집 곳곳에 초소형 카메라를 설치하고 교제하던 여성들과의 성관계 장면을 촬영한 혐의를 받았다. 경찰 조사 결과 성관계 영상 수백건에 신원이 확인된 피해 여성만 34명에 달했다고 한다. 24일 전북지방경찰청에 따르면 지난해 발생한 불법촬영 범죄 검거 건수는 83건으로 2016년 62건에 비해 20건이 넘게 증가했다. 2017년 동일 범죄 검거 건수는 84건으로 매년 수십건이 넘는 불법촬영 범죄가 발생하고 있는 것으로 나타났다고 한다. 이렇게 매년 수십 건의 몰레카메라 범죄가 발생하고 있지만 해당 범죄 입건자가 구속 수사를 받는 비율은 극히 드문 것이 큰 문제다. 이렇게 불법촬영을 하고 난 후 사이트에 올려 돌이킬 수 없는 지경에 다다랐을 때에도 검찰은 이 중 절반 가량을 불기소 처분하며 재판에 넘기지 않았다. 한국사이버성폭력대응센터는 “검찰은 불기소처분을 내리면서 그 이유 ‘초범이라서’, ‘반성해서’, ‘사진 6장만 게시해서’ 등의 이유를 들었다”며 “검찰의 불기소 이유인지, 가해자를 감싸는 변호인의 의견인지 모르겠다”고 비판했다. 우리들의 권리를 침해한 그들에게 어째서 조금의 처벌도 해주지 않는 것일까? 우리는 언제까지 구멍 하나로 두려움에 떨면서 살아야 할까? 의정부지방법원 고양지원 *** 판사가 2018년 1월부터 2019년 4월까지 서울중앙지법에서 선고된 164건의 판결문을 전수조사한 결과, 실형 선고를 내린 경우는 10%에 그쳤다. 가해자 중 대부분은 집행유예(41%), 벌금형(46%)으로 풀려났으며 미약한 처벌로 인해 그 중 54%는 5회 이상 동종범죄를 저지른 것으로 나타났다. 이처럼 최근 불법촬영 범죄의 발생률 증가에 따라 그에 대한 사회의 경각심이 심화될 필요가 언급되고 있음에도 불구하고 동종범죄자의 비율이 높아지는 것을 보면, ‘불법촬영 범죄자 처벌의 실효성’을 논하지 않을 수 없다. 현행 성폭력처벌법 제14조(카메라 등을 이용한 촬영) 제1항은 ‘카메라나 그 밖에 이와 유사한 기능을 갖춘 기계장치를 이용하여 성적 욕망 또는 수치심을 유발할 수 있는 사람의 신체를 촬영대상자의 의사에 반하여 촬영한 자는 5년 이하의 징역 또는 3천만원 이하의 벌금에 처한다.’고 규정하고 있다. 또한 제2항에서는 ‘제1항에 따른 활영물 또는 복제물을 반포, 판매, 임대, 제공 또는 공공연하게 전시, 상영한 자와 제1항의 촬영이 촬영 당시에는 촬영대상자의 의사에 반하지 않은 경우에도 사후에 그 촬영물 또는 복제물을 촬영대상자의 의사에 반하여 반포 등을 한 자에 대해서도 5년 이하의 징역 또는 3천만원 이하의 벌금에 처한다.’고 규정하고 있다. 위와 같은 법령이 존재함에도 불구하고 한국여성변호사회의 2011~2016년 불법촬영죄로 기소된 사건의 1심 판결문 1866건의 분석 결과에 따르면 실제로 징역형을 선고받은 사례는 그 중 약 5%에 그쳤다. 벌금형이 72%로 대다수를 차지했고 집행유예가 15%, 선고유예가 7%에 해당했다. 한편, 지난 6월 서울시가 시민 1500명을 대상으로 한 설문조사에 따르면 응답자 69%가 불법촬영에 대한 불안감을 느낀다고 답했으며 여성의 경우 그 수치가 80%에 달했다. 불법촬영 범죄 발생의 빈도가 높아진다고 해서 우리 모두는 절대 그의 심각성에 무뎌져서는 안될 것이다. 불법촬영 범죄 처벌에 대한 양형 편차가 커 양형기준을 설정할 필요성이 논의되고 있는 현재, ‘성폭력범죄 피해자의 생명과 신체의 안전을 보장하고 건강한 사회질서의 확립에 이바지함’ 을 목적으로 불법촬영 범죄에 대한 처벌을 강화해야 한다. [본 게시물의 일부 내용이 국민 청원 요건에 위배되어 관리자에 의해 수정되었습니다]",
  "num_agree": 323,
  "petition_idx": "582431",
  "title": "불법촬영 범죄에 대한 처벌을 강화해야 한다."
}