{
  "category": "정치개혁",
  "begin": "2019-09-04",
  "content": "1. 귀하가 충성한다는 ‘조직’은 국가(국민)입니까, 아니면 행정부의 일개 부처인 검찰 조직만을 의미합니까? 2. 혐의가 있으면 한다는 수사에 있어 그 착수 시점과 순서의 명확한 기준은 무엇이며, 그것은 행정부 수반의 고유한 권한까지도 개입 가능한 검찰 단독의 법적 권한인 것입니까? 3. 국민이 검찰에 바라는 최우선 과제 및 신임 검찰총장에게 보낸 지지의 이유 일순위가 무엇이라 생각합니까? 4. 진정한 민주주의를 위한 검찰 역할의 일순위는 무엇이라 생각하며, 현재의 검찰은 철저히 민주주의에 입각한 조직이라고 자부합니까? 윤석열 검찰총장은 과거 댓글수사 과정에서 정치적 수사 지시에 굴하지 않던 강직함으로 인해 국민의 뜨거운 신뢰, 그리고 이를 철저히 수용한 임명권자에 의해 막중한 자리까지 오를 만큼 국민의 기대를 한몸에 받는 최초의 검찰장총입니다. 이에 그간 기록적인 청원숫자의 당해체 국민청원 등 국민적 공분을 일으킨 '국회선진화법 위반'건을 시작으로, 국민이 도저히 납득하기 힘들었던 수사결과로 산적된 사건들에 대한 조속한 수사착수를 고대하고 있었습니다. 그러던 중 국민 대표기관인 국회가 국민을 위해 마련하는 법무부장관 후보자 청문회의 시작도 전에 검찰의 기습적 압수수색이 이뤄졌고, 이는 동시에 국민의 입장에서 보자면 후보자의 답변을 통해 자유롭게 판단할 검증기회는 물론 객관적 판단기준 자체의 고유영역마저 기습적으로 침해당한 사상 초유의 사건이 되고 말았습니다. 그 어떤 후보자도 제기된 의혹들에 대한 본인의 소명과정 자체가 청문회 시작도 전부터 수사기관의 기습적 개입으로 인해 순식간에 마치 피의자의 변명 수준으로 사전부터 퇴색된 심각한 전례가 없습니다. 이번 건을 바라보며 왜 그리도 국민들이 검찰개혁을 염원하고 있는지 온전히 이해하게 되었습니다. 그 어떤 견제도 없이 기본과 절차를 건너뛴 채 입법부 및 행정부 수반의 고유 권한까지 침범하며 법과 국민위에 존재해도 당당한 검찰이니, 결과적으론 국가의 주인인 국민만 희생양이 되는 악순환의 연속인 것입니다. 국민에 의해 선택받고 원칙과 절차에 따라 국민의 뜻을 최우선으로 섬기는 임명권자 하의 검찰총장이라면, 본인 역시 국민이 가장 원하는 바를 최우선으로 섬기려는 태도로 조직된 검찰의 수장이어야 함은 마땅한 의무입니다. 굴복하지 않을 강인함의 대상에 있어 상사와 부하가 따로 있는 것이 아니기에 혹여 법과 국민 위에서 기존의 오만한 권력욕에 집착하는 조직원이 있다면, 수장으로서의 단호함만이 충성할 만한 조직으로서의 가치를 지켜줄 것입니다. 이에 만약 귀하의 충성대상이 검찰 조직만을 의미하는 것이었다면, 끝으로 하나만 더 추가로 묻겠습니다: \"원칙과 절차를 무시하는 '사람(임명권자)'에 충성하지 않고, 원칙과 절차를 준수하는 '조직(검찰)'에 충성한다\".. 가 맞습니까?",
  "num_agree": 23891,
  "petition_idx": "582482",
  "title": "“윤석열 검찰총장은 아래의 질문들에 대해 국민앞에서 직접 답변해줄 것을 촉구합니다!”"
}