{
  "category": "기타",
  "begin": "2019-09-03",
  "content": "현재 모 카페 중고x라의 사기에 관한 내용입니다. 일단 피해인원은 지금 오늘 까지만 해도 피해자가 100명을 넘어셨습니다. 피해금액 역시 약 1억이 넘어선 것으로 파악하고 있습니다. 피해자들은 다들 저같이 이제 막 자취 후 새집을 가지고 가전제품을 구입한 사람 및 신혼부부 등 대다수이며 장사하거나 이윤을 목적으로 가진사람이 아닌 대부분 사회 및 가정을 꾸려나가는 젊은 사람들이 대부분인것으로 파악됩니다. 사기방법은 중고x라 라는 사이트에서 사람들을 모아 사기를 진행하였으며 물건을(어떤경로) 싸게 들여온다 그래서 싼 값으로 판매가 가능하다 또한 거래 후기는 이렇다, 또한 군인가족 및 신분증, 통장등을 공개하여 충분히 구매자들을 안심시킨 후 현금으로 구매를 하면 3주안으로 배송이 될 것이다. ** 물류 센터를 통해서 정식 수리기사들이 방문할 것이고 반품 및 교환도 가능하다면서 사기를 진행하였습니다. 이렇게 사기를 당한 피해자만 100여명이며 추가적으로 나올 예정입니다. 사기금액 또한 증가 중 입니다. 현재 파악된것으로 군인가족을 빙자하여 사기를 쳤으며 가족 및 자식까지 버리고 잠적한 상황입니다. 초동 조치가 매우 늦어진 상황이라 하루빨리 조취를 취해주시면 감사합니다. [본 게시물의 일부 내용이 국민 청원 요건에 위배되어 관리자에 의해 수정되었습니다]",
  "num_agree": 300,
  "petition_idx": "582459",
  "title": "중고x라 가전제품 사기꾼 ***을 조속히 잡아서 처벌을 원합니다.(피해자 100여명 이상 증가중)"
}