{
  "category": "기타",
  "begin": "2019-09-03",
  "content": "존경하는 문재인 대통령님 제 아버지는 중앙회인 (사)한국지체장애인협회 산하 (사)전남지체장애인협회 ***지회의 정회원이자 국가장애애인으로 등록된 사람입니다. 제 아버지가 소속된 단체인 (사)한국지체장애인협회 및 (사) 전남지제장인협회 ***지회는 국가 보조금을 받아 어려운 장애인들의 권익보호와 장애인들의 삶에 질의 향상을 위해 설립된 단체라고 늘 아버지께서 말씀하여 주셨습니다. 그러나 작금에 ***지체장애인협회는 아래의 지역신문에 보도 된 내용으로 인하여 각종 비리로 얼룩져있습니다. ***지체장애인협회 현재 지회장은 9년여 전 (사)한국지체장애인협회 및 (사)전남지체장애인협회에서 임명장을 받아 내려오면서 보조금 횡령 및 각종 비리 의혹들로 점철되어왔다고 합니다. 급기야 2016년, 현 지회장 임기 만료를 앞둔 7월경에 아래 신문에 보도된 보조금 착복 혐의 등으로 ***지회 소속 회원들이 중앙회인 (사)한국지체장애인협회에 탄원서를 제출하였으며 그 결과 현 지회장등의 비리혐의가 일부 발각 되었습니다. 그럼에도 중앙회인 (사)한국지체장애인협회 및 (사)전남지체장애인협회에서는 어떤 이유에서인지 또 다시 현 지회장을 재임용 하였으며 타 단체보다도 도덕성이 깨끗하고 공정해야할 장애인단체가 몇몇 몰지각한 지도부 사람들로 인하여 각종비리 혐의들로 점철되면서 ***뿐만 아니라 대한민국 모든 장애인 및 장애인 단체들의 명예를 더럽히고 있지는 않은지 심히 유감스럽습니다. 현재 비리 혐의자들을 조사하고 있는 수사 기관에서는 조사 기간이 상당히 지났음에도 어떠한 결과 조치가 없어 이에 비리 혐의자들의 증거 인멸(고발인과 합의, 획책 등) 및 의혹 행위 등이 생기는 부정적인 사태가 초래되었습니다. 이로 인해 정작 피해를 당한 사람들은 힘없고 약한 제 아버지와 같은 장애인들뿐입니다. 존경하는 문재인 대통령님 부디 공정한 사회 건설과 힘없고 약한 장애인들을 위해 대통령님께서 평소 생각하신 정책(각종보조금 등 사회적 약자를 위한정책) 등이 올바르게 그들에게 전달되어 (사)한국지체장애인협회 및 (사)전남지체장애인협회 ***지회와 같은 각종 비리로 얼룩진 의혹들이 발생 하지 않도록 사법 당국 조속한 조사가 이루어져 더 이상의 장애인들의 피해가 발생하지 않게 해주시길 간절히 바랍니다. “** 자치 뉴스 보도 참조” “ 전라남도***에 있는 (사)전남지체장애인협회(중앙회 (사)한국지체장애인협회산하) 산하 ***지체장애인협회가 ” 보조금 횡령“ ” 장애인콜택시 운전원 채용 대가 운전원들로 전원 인건비 착복“등 ” 각종 비리 혐의“ 경찰수사를 받으면서 대책마련이 시급하다는 지적이다. ***지회에서는 “후원금 명목으로 대가성 뇌물을 수수하고” 운전원들에게 급여 중 일정액을 상납토록 하는가하면 수당지급이 잘못됐다며 현금으로 돌려받은 돈 등이 수천만원에 달한다고 알려지면서 경찰수사 결과에 관심이 쏠린다. ***은 지난 2012년 9월부터 ***지체장애인협회에 장애인 등 사회적 교통약자를 위한 ‘장애인 콜택시사업’을 위탁해 운행하고 있다. 콜택시 운영을 위해 7년간 인건비와 운영비 등으로 지급된 예산은 10억 원이 훌쩍 넘는다. ***이 올해 편성한 예산만도 2억 5천여만 원에 달한다. 현재 운영 중인 장애인 콜택시는 5대이며 센터장과 배차원 각 1명, 운전원 7명이 근무하고 있다. 센터장은 협회장이, 배차원은 협회 사무국장이 맡고 있으며 이들에게는 매월 200여만 원이 지급된다. 협회는 운전원 취업 대가로 1인당 적게는 수백만 원의 뇌물을 받고, 운전원들로부터도 수당지급이 잘못됐다며 급여를 통장에 입금한 뒤 돌려받고, 배차 편의 제공에 대한 대가로 적게는 몇 만원에서 몇 십만 원을 받는 등 수천만 원을 받아 챙겼다는 의혹을 받고 있다. “배차원으로 근무하는 협회 사무국장이 운전을 하지 않고도 운전을 한 것처럼 운행일지를 기록한 후 인건비를 받는 방식으로 보조금을 횡령했다”는 의혹도 제기됐다. 콜택시 운영과 관련된 각종 비리 의혹은 협회 측이 올해부터 운전원들로부터 1인당 매월 10만원씩을 협회 후원비 명목으로 강제기부토록 하면서 표면화됐다. 운전원 채용 등의 권한을 가진 협회의 눈 밖에 날 경우 재계약 거부로 이어질 것을 두려워한 운전원들이 콜택시 운영을 둘러싼 각종 비리와 협회 측의 갑질에 침묵하다가 기부까지 강요당하면서 목소리를 내기 시작한 것이다. “현직 군의원과 전직 ***청 간부급 공무원 등도 채용 청탁에 간여했다”는 의혹도 제기되고 있다. 콜택시 운전원은 2017년까지 5명이 근무했지만 지난해 모 의원이 인력충원 필요성을 제기한 이후 7명으로 늘어났다 “상황이 이렇지만 ***은 협회 감싸기에 급급한 모양”새다. ***은 협회 측이 지난해 콜택시 운영 수익금의 일부를 부적정하게 사용한 사실을 적발, 환수조치 했으면서도 협회에 콜택시 운영을 맡겼으며 경찰 수사가 진행 중인데도 별다른 조치를 취하지 않고 있다. 이를 두고 협회가 지난해 6월 지방선거에서 *** 군수를 공개지지했기 때문이 아니냐고 보는 이들도 있다. “이에 대해 협회 측은 채용청탁과 관련한 금품수수 사실은 인정했다”. 하지만 “비장애인이 운전원으로 채용되면서 장애인일자리를 빼앗는다는 말이 있어서 후원금으로 받은 것이다”고 해명했다. 운전원들로부터 기부금을 강제했다는 의혹에 대해서는 “직원들이 결정한 사안으로 협회 차원의 강제는 없었다”고 주장했다. 그러면서 “일부 편법은 있었지만 불법을 저지르지도 않았고, 보조금이나 후원금 등을 개인적으로 착복하거나 횡령한 사실도 없다, 경찰 수사를 통해 밝혀질 것이다”며 관련 의혹을 일축했다. ***은 경찰 수사결과에 따라 적절한 조치를 취한다는 입장이다. 출처-**자치뉴스 [본 게시물의 일부 내용이 국민 청원 요건에 위배되어 관리자에 의해 수정되었습니다]",
  "num_agree": 281,
  "petition_idx": "582462",
  "title": "지체장애인협회 ***지회 각종 비리 수사 촉구"
}