{
  "category": "정치개혁",
  "begin": "2019-09-03",
  "content": "전** 변호사님의 신변을 보호하기를 청원합니다. 전** 변호사는 현재 신변의 위험을 받을 수 있는 처지에 놓여있습니다. 전** 변호사는 현재 전범기업을 옹호하는 세력인 ***과 싸우는 중입니다. ***은 전범기업들을 옹호해주고 있을 뿐만 아니라 소송 중 불법적 행위를 자행하는 집단이라고 밝히고 있으며, https://blog.naver.com/**************** ( ***의 엄청난 소송사기 행각-변호사 전** ) 이번 아베의 경제도발을 발생시킨 원인 중 하나인 강제징용배상판결에서 소수의견을 낸 권순일 대법관에 대해 요목조목 반박을 하셨으며, https://blog.naver.com/****************** ( 강제 징용사건에서의 권순일 반대 의견의 한심한 작태- 변호사 전** ) 무엇보다 이번 국민적 관심사인 조국 법무부장관 후보자의 인사청문회 일정이 잡히기도 전에 대대적으로 압수수색을 행한 윤석열 검찰총장에 대해 기밀누설죄로 윤석열 검찰총장을 처벌해 달라는 국민청원을 올렸습니다. https://www1.president.go.kr/petitions/582351 ( 기밀누설죄를 범한 윤석열 총장을 처벌해 주십시요. - 청와대 국민청원 - 변호사 전** ) 전** 변호사님은 주변 많은 분들이 인정하는 국가적으로도 소중한 사람인데 이번 일들로 인해서 신변이 위험한 상황에 놓여 있습니다. 저는 국가와 국민을 위해 부정한 일에 부정하다고 하고 국가적인 적폐사항을 없애기 위해 옳은 목소리를 내는 전** 변호사같은 분이 존재하기에 국가와 국민은 조금씩 더 앞으로 나아갈 수 있다고 생각합니다. 현재 대한민국에서는 아베의 경제도발로 인해 민초들이 불매운동으로 싸우고 있는 지금, 전** 변호사님 같은 지식있는 분이 앞장서는 상황은 국민들에게 무척 힘이 되는 상황이라고 생각합니다. 다들 ‘일본과의 경제전쟁’은 나랑 상관없는 일이라고 자기 밥벌이에만 열중하는 지식인들보다 이런 깨어있고 실천하시는 분들이 있기에 국민들은 힘을 얻어 앞으로 나아갈 수 있다고 생각합니다. 이런 소중한 분을 잃어서는 안된다고 생각합니다. 위에 열거한 사례 외에도 대기업들을 상대로 전** 변호사님은 부정한 것을 부정하다고 외치면서 사회의 거대세력들과 싸우는 중입니다. 사회의 거대세력은 자신들의 목에 칼끝을 겨눈 전** 변호사가 현재 눈에 가시일 겁니다. https://www.facebook.com/*********** 전** 변호사님은 예전에도 구글의 알파고와 이세돌의 대결이 패배로 끝날 것을 예견하였고 이에 그 대결을 극구 반대하는 입장을 주장하시다가 거대자본세력에 의해 목숨까지 위협받는 상황에 놓인 적이 있다고 들었습니다. 거대세력, 적폐청산의 대상인 그들은 그들을 향해 하나하나 제대로 지적하는 전** 변호사님을 앞뒤 안가리고 무슨짓이든 자행 할 수 있다고 생각합니다. 부탁드립니다. 고 노무현 대통령님과 고 노회찬 의원님 등 우리는 적폐세력이자 거대권력에게 너무 소중한 분들을 잃었습니다 더 이상 소중한 분을 잃지 않게 도와주시길 바랍니다. 이에 본인은 전**변호사의 신변보호를 요구하는 국민청원을 하는 것입니다. [본 게시물의 일부 내용이 국민 청원 요건에 위배되어 관리자에 의해 수정되었습니다]",
  "num_agree": 1461,
  "petition_idx": "582470",
  "title": "전** 변호사님의 신변을 보호하기를 청원합니다."
}