{
  "category": "육아/교육",
  "begin": "2019-09-04",
  "content": "경기도 화성 **초등학교 교장 이**입니다. 교원 본연의 직무에 충실하고, 어렵고 기피하는 업무를 담당하는 교원들을 성과급에서 우대하여 교직사회의 사기진작을 도모하겠다는 목적으로 2001년부터 지급되고 있는 ‘교원 성과상여금’제도! 하지만 화성**교육지원청은 2019년 관리직 성과상여금 지급에 있어 다음과 같은 만행을 저질렀습니다. 하나, 화성**교육지원청은 공무원수당 등에 관한 규정 제7조의 2항 및 2019 공무원보수 등의 업무지침에 따라 성과상여금 심사위원회는 7명 이내의 위원으로 구성하도록 규정하고 있음에도 불구하고 위원 9명을 위법적으로 구성 후 운영했습니다. 둘, 화성**교육지원청은 관리직 성과상여금 평가지표 선정 시, 대부분의 관리자들이 의견으로 제출한 내용(관리자 경력 등)을 모두 무시하고, 본인들 입맛에만 맞는 지표 내용(징계 등)을 일방적으로 확정하여 통보하는 오만과 횡포의 슈퍼 갑질을 자행했습니다. 셋, 화성**교육지원청은 새 성과상여금 위원회 구성 후, ‘평가지표 의견수렴 및 지표확정-자기진술서 및 증빙서류 제출-등급 확정 및 안내-이의신청-지급’ 등, 규정과 지침에 명시된 어떠한 절차도 실행하지 않고, ‘1주일’이라는 짧은 기간 만에 기존 위원들을 해촉 후 새 위원들과 성과상여금 관련 심의를 모두 끝내버리고, 22억여 원에 달하는 성과상여금을 불법적으로 졸속 지급하여 400여명의 관리자들을 우롱하였습니다. 넷, 화성**교육지원청은 2019년 관리직 성과상여금 관련 불법·부조리·갑질 등을 모두 인지하고 있었음에도 불구하고, 사안을 은폐·축소하기에만 급급한 태도로 일관하여 공직사회의 기강을 심하게 훼손시켰습니다. 이러한 화성**교육지원청의 위법행위와 갑질에서 비롯된 성과상여금 지급 관련 불법·부조리는 빙산의 일각에 불과하다고 봅니다. 지급 대상자인 관내 400여명 관리자들의 의견을 완전히 무시하고 의견수렴도 하지 않은 채, 22억여 원에 달하는 국민혈세를 본인들 곳간인 양 위법하게 지급하는 만행을 저지르고도, 책임 있는 행동은커녕 진정성 담긴 사과 한 마디도 하지 않는 화성**교육지원청 교육장, 교수학습국장, 초·중등교육과장 등 업무관련자들은 엄중한 법의 심판을 받아야 합니다. 또한, 본연의 목적과는 다르게, 구성원을 서열화하고 그 속에서 불법, 부조리, 불공정 등이 당연시되어 가고 있는 교원성과상여금제는 교직사회의 화합과 조화를 위해서라도 즉각 폐지되어야 합니다. 이제는 국민의 혈세가 더욱 공정하고 효율적으로 사용될 수 있도록 국민 모두가 철저한 감시자가 되어야 합니다. 또한 교원 상호간 협력하고 화합 할 수 있는 분위기를 조성 후, 경쟁이 아닌 자율에 의해 교사 스스로가 신바람나게 학생교육에 힘쓸 수 있는 대한민국이 되어야 합니다. 20만 명을 향한 뜻 있는 선생님들과 대한민국 교육을 걱정하시는 국민여러분들의 적극적인 동참 부탁드립니다. [본 게시물의 일부 내용이 국민 청원 요건에 위배되어 관리자에 의해 수정되었습니다]",
  "num_agree": 3210,
  "petition_idx": "582483",
  "title": "교원 성과상여금 불법 지급한 화성**교육지원청 공무원 처벌 및 교직사회 화합을 저해하는 교원성과상여금제 즉각 폐지하라!"
}