{
  "category": "안전/환경",
  "begin": "2019-09-02",
  "content": "안녕하세요. 10월 새아파트에 입주하고 싶은 두아이의 엄마입니다 .이번주 8.31~9.1간 사전점검이 있어 3년동안 오매불망 기다려온 처음으로 우리집을 보기위해 온가족들이 나섰습니다. 하지만, 경악을 금치못했습니다. 과연 이곳에서 아이들과 안전하게 살수있을까? 1.42층 초고층아파트인데 샷시를 닫을때마다 창문과 틀이 흔들려 비바람등 태풍이오면 안전할까~~ 2.건물외부와 도로주변은 미시공으로 포크레인과 중장비들이 작업중이던데,아이들 등하교시 무척 위험해 보였습니다 3.피난사다리 부분 천청에 마감이 제대로 안되어 비상상황(화재,지진등)시 작동이 될지요? 4.지하주차장은 누수가되어 물이고기거나 천정에서는 물이떨어지고 있고, 출입구쪽은 잘못만들어져 차량들이 파손되는 일이 있었고, 저도 커브돌면서 엄청 힘들었습니다 5.최초 분양시 없던 철골부분에 이상한 지지대를 만들어, 미관을 해치고 있습니다 6.저희 아파트는 두개이 구가 합쳐진 아파트로 중간에 보행자전용 도로가 아닌 차량이 다닐수있는 일반도로가 있습니다. 이부분에 대해 건설사와 두곳의 구청(연제구청, 동래구청)에 최초부터 보행자 전용도로로 신청을 하였지만, 돌아오는 답변은 NO!였습니다. 바로옆이 초등학교와 유치원인데 우리아이들의 안전은 누가 책임지죠? 휴~ 사전점검은 내부만하는것이 맞나요? 다시한번 요청드립니다. 건설사와 행정기관의 서로 미루며, 끝도없는 미지근한 답변은 지쳤습니다. 공기를 연장하여 2차 사전점검후 입주하고 싶습니다. 이런곳에 어떻게 준공승인을 해줄수가 있겠습니까! 정확한 답변과 우리가 안전한 곳에서 우리의 재산은 지키고 십습니다. 감사합니다",
  "num_agree": 288,
  "petition_idx": "582430",
  "title": "안전한 아파트에 입주하고 싶어요"
}