{
  "category": "기타",
  "begin": "2019-09-02",
  "content": "2년째 네이버 중고거래만 사기치고 있는 놈입니다 \"더치트\"접수 건만 수십건 어제도 지금도 여전히 중고거래 사기로 직접통화까지 해가며 대범하게 사기치고 있습니다 앞으로도 계속될거라 답답하고 억울하기만 해요 더 많은 피해자들 생기지 않게 하루속히 잡아주세요 \"***은행 1**-1**-8***** 예금주정** 그럼 12셋트 72만원이 나머지 10만원도 내일 확인해보시고 내일 잔금도 부탁드려요 잘부탁합니다 사장님\" 010********<<<정** 현재 경찰서 고소해둔 상태입니다 [Web발신] [세종경찰서]귀하의 사건을 ***팀 *** 수사관이 접수하였습니다. \"[Web발신] 충남세종경찰서]귀하의 사건은 피해금을 입금받은 계좌의 개설지를 관할하는 경남 통영경찰서로 넘겨 계속 수사하도록 조치하였습니다. 담당 수사관 배정 시까지 3~7일 소요될 수 있습니다. \" [본 게시물의 일부 내용이 국민 청원 요건에 위배되어 관리자에 의해 수정되었습니다]",
  "num_agree": 192,
  "petition_idx": "582426",
  "title": "상습 사이버 사기꾼을 잡아주세요"
}