{
  "category": "기타",
  "begin": "2019-09-02",
  "content": "안녕하세요. 경상도에 거주하고있는 30대 초반의 남성입니다. 사건의 시작입니다. 8월 29일 목요일 12시19분 <<저와 같은 이름>>과 <<같은 프로필사진>>을 가진 사람에게 아래의 카톡을 받았습니다. '야 새끼야 엄마한테 연락 좀 해봐. 300만원 얘기 꺼내봐' 저는 곧바로 스크린샷을하고 주변지인들에게 이 사실을 알리고 카카오톡 신고하기를 눌러 대화창을 꺼버렸습니다. 처음에는 대수롭잖게 생각을 했으나, 친구의 권유로 20분뒤 12시43분, 가족채팅방에 누군가 내 이름을 사칭하였으니 주의를하라고 알렸습니다. 8월 30일(오늘) 12시 36분 어머니에게서 전화가왔고 보이스피싱을 300만원을 당했다는 다급한 전화였고, 실제로 이러한 류의 일이 나의 삶에 발생할 수 있다는 충격에, 그리고 속상한마음에 어떻게 그것을 당할 수가 있냐고 어머니와 다투었습니다. 어머니는 '정**'라는 이름의 계좌에 돈이 넘어간 내역을 보내시고, 또한 저를 사칭한 이름이 '이**'라는 이름으로 바뀌어있다는 말을 하셨습니다. 카카오톡 신고 서비스를 눌렀던 기억이나서 고객센터 전화를 시도하였으나 고객센터 번호를 찾기가 쉽지않았고 저는 회사의 당면업무로 오후내내 업무에 매진하였지만 찝찝한 시간을 보냈습니다. 15시 31분 어머니는 경찰서에서 저에게 전화를 걸어왔으며, 경찰에는 신고가 들어간 상태입니다. 퇴근후, 범인이 보낸 내용을 보아야겠다는 생각에 어머니가 스크린샷하여 보낸 대화를 읽게되었고 약 일주일전인 8월 22일 목요일 11:15부터 어머니와 범인이 나눈 대화를 읽었습니다. 범인은 다정한 말투로 어머니에게 접근하였고, ①폰의 액정이나가서 매장에 맡기고 급한대로 컴퓨터 카톡으로 보내고있다. ②문화상품권의 구매건으로 돈을 보내야하나 공인인증서의 오류로 이체가 불가능하다. 의 구실로 ③주민등록증, 카드뒷면 사진 요구 / 수차례의 인증번호의 요구 ④중간에 보이스톡을 거는척하는 치밀한 수법 ⑤계좌번호 요구, 신용카드 번호의 요구 위를 통해 어머니께 40~50만원 정도의 금액을 갈취하였고 8월 23일 금요일 오전 11시3분 또다시 어머니께 접근하여 ①친구집에 보증금 돈이 내 계좌로 들어왔다. 대신 친구계좌로 돈을 부쳐줄수있어? 위의 수법으로 250만원을 갈취하였습니다. 따라서 위의 범인은 8월22일~8월 23일 이틀간 범죄를 달성한 후에 8월 29일 목요일 12시19분 저에게 직접 범죄사실을 오픈하는 대범한 행위를 보였고, 8월 30일 금요일 12시경 어머니께 또다시 카톡을하여 비아냥하는 행위를 보이는 아주 여유로운 모습을 보였습니다. '미안해요 아줌마, 참 좋은 어머니에요!' 어머니와 위의 일로 대화하면서 알게된사실로 저의 아버지께도 접근하여 돈을 요구하였고, 저는 얼마전인 8월 22일 목요일 제가 돈을 달라하지 않았냐는 아버지의 이상한 전화를 받게된 사실을 기억하게되었습니다. 범인은 8월 22일~8월23일 저를 사칭하여 가족에게 접근하여 돈을 요구하였습니다. 무작위로 접근한것이 아니라 저를 표적으로하여 범죄가 이루어졌고, 범죄 이후에 이름을 사칭한 저와 돈을 갈취한 어머니에게 나타나 비아냥거리며 접근하였는데, 이는 자신이 경찰의 어떠한 수사로도 어쩌면 국가시스템으로도 잡힐 수 없을 것이라는 확신을 가지고있는 것으로 보입니다. 저의 어머니께서는 범인이 컴퓨터 카톡으로 보내고있다 하였기때문에 중간에 저와의 실제 카카오톡 채팅방에는'여기는 폰이제?' 라고 묻기도하셧습니다. 이러한 범죄는 근절 될 수 없는 것일까요? 사실 이러한 범죄는 네이버에서 검색한 결과 신종 피싱 수법으로 흔히 일어나는 일이었으며, 이 사실은 저에게 굉장한 무기력감을 주었습니다. 조직화된 피싱 조직과 대포폰, 대포계좌를 다룬 수없이 많은 뉴스들... 이번 일로 저는 이런 피싱류의 사고와 병든사회의 일면에 대해 경각심을 가지게 되었습니다. 어머니께서 만약 더 큰돈을 가지고 있었다면 당연히 당신 자식을 위해 모든 돈을 갈취 당하셨을 것 입니다. 걱정입니다. 위와 같은 범죄가 지속적으로 성행하게 된다면 국민은 안전하지 못할 것 입니다. 저의 가족과 관련된 일은 경찰서에서 수사가 되고 있겠지만, 범죄를 밝히며 나타난 범인은 비웃고있겠지요. 이런 확고히 병든 사회 개선될 수 없는 것인가요? [본 게시물의 일부 내용이 국민 청원 요건에 위배되어 관리자에 의해 수정되었습니다]",
  "num_agree": 164,
  "petition_idx": "582425",
  "title": "'카카오톡피싱' 병든 사회에 무기력 해지는 개인"
}