{
  "category": "행정",
  "begin": "2019-09-04",
  "content": "안녕하십니까? 청와대 관계자 및 대통령님. 최근 일본의 의한 대한민국의 백색국가 제외에 따른 일본산 제품 불매운동이 확산되고 있습니다. 일본의 결정에 대하여 국민의 한사람으로서 그 결정이 옳지 않음을 동감하고 있습니다. 하지만 대한민국 국민으로 일본 제품을 유통하고 관리하는 저희 회사의 입장에서 보면 매우 당혹 스러운 상황이기도 합니다. 일본산 제품을 유통하고 있는 다수의 중소기업 및 종사자들은 정치적 이유만으로 사지에 내몰리고 있습니다. 이 기업들에 종사하는 임직원들은 일본인이 아니라 대한민국 국민입니다. 전국민이 불매운동에 동참하는 것은 민간 위주로 진행되어야 하고, 행정부나 관쪽에서는 중립을 지켜주어야 한다고 생각 합니다. 아무리 일본이 미워도 국내에서 국산화가 안되어 부득이 하게 수입을 해야하는 품목이 있습니다. 이런 제품을 취급하는 다수의 국내 중소기업들의 애로사항을 헤아려 주셨으면 하고, 더불어 공무원 조직들은 중립성을 가지고 제품 도입에 있어 공정하게 가치 판단을 하여 주시기 바랍니다. 단지 일본제품이라 하여 국내 기업들의 불이익이 더 이상 없었으면 합니다. 정부 관계자분들의 간곡한 협조를 부탁드립니다. 감사합니다.",
  "num_agree": 247,
  "petition_idx": "582488",
  "title": "국민청원 계시판을 통해 일본 제품을 취급하는 업체로서 한말씀 올립니다."
}