{
  "category": "보건복지",
  "begin": "2019-09-02",
  "content": "안녕하세요. 중증 아토피로 고통받고 있는 23살 대학생입니다. 아토피 때문에 그 덥다는 대구에서 여름에 반팔, 반바지도 못입어 바깥 출입도 잘 못합니다. 애써 긴옷을 입어 가려보려해도 손과 얼굴같이 가려지지 않는 부위에 쏟아지는 시선에 나날이 위축됩니다. 그저 버스정류장에 앉아있었을 뿐인데 옮는거 아니냐고, 가까이 가지 말라고 일행에게 수근거리던 사람도 있었습니다. 사회생활을 하기위해 타인과 식사 자리를 가지는 것도 마음대로 하지 못합니다. 하지만 이보다 원초적인 원인인 가려움이 더 견디기 힘듭니다. 가려움에 잠을 제대로 못 자고, 겨우 쪽잠을 자고 일어나면 온 몸에 상처가 생겨 있어 상쾌해야할 하루의 시작이 참담합니다. 남들이 보는 앞에서 옷을 걷고 연고를 바를 수도 없는데 밤새 긁어 피범벅이 된 환부는 종일 쓰라리고 따갑습니다. 집에 돌아와 샤워를하며 진물때문에 상처에 달라붙은 먼지와 옷감을 떼어낼 때면 이렇게까지 아픔을 견뎌가며 살아야 할까 생각합니다. 그리고 잠자리에 누워 채 아물지도 않은 상처를 다시 긁습니다. 이런 생활을 이십년동안 반복해왔습니다. 극단적인 생각이 불쑥불쑥 머릿속에 들이닥칩니다. 하고싶은것이 생겨도 아토피 때문에 이루지 못할 것이라는 생각부터 듭니다. 기존치료제인 스테로이드 약은 부작용이 심하고 식이조절을 통한 치료에도 한계가 있습니다. 이런 아토피 환자에게 현재로써는 유일한 희망인 신약 듀피젠트를 보험화해주세요. 부작용이 거의 없는 치료제인 듀피젠트는 아직 비급여항목으로 보험적용이 불가능 하여 1회 투여 비용이 100만원 정도입니다. 최초 투여시 2회, 52주 동안 2주간격으로 1회씩 맞게되면 약 3000만원의 비용이 발생합니다. 질병은 사람을 가려 찾아오지 않습니다. 유복한 환경에서도, 넉넉치 못한 환경에서도 병은 생깁니다. 불행히도 현재 듀피젠트 가격을 감당하지 못해 눈 앞에 치료약이 있음에도 그 고통을 견뎌내느라 피눈물 흘리며 밤을 지새는 사람이 많습니다. 부디 대통령 선거 때 내세운 의료비 경감 공약을 지켜주세요. 사람답게 살고 싶습니다.",
  "num_agree": 14958,
  "petition_idx": "582413",
  "title": "아토피 신약 듀피젠트를 보험화 해주세요."
}