{
  "category": "보건복지",
  "begin": "2019-09-02",
  "content": "간호조무사입니다 지금 간호조무사의 이름까지 뺏어가겠다는 간호사들의 청원으로 전국 간호조무사들의 사기가 바닥으로 떨어졌습니다 저희도 저희의 자리를 충분히 알고있습니다 간호사의 자리를 뺏을수도 빼앗을생각도 전혀없습니다 저희는 간호조무사를 간호사로 인정해달라고 한적이 없습니다 거짓이 현실이 되어 간호조무사들이 양심도없는 단체 혹은 개인이 되서 고통받고있습니다 학원만 다니면 누구나 다할수있다는 간호사들의 비하에도 묵묵히 국민들의 건강에 한자락 도움이되고싶어 열심히 일하고있는 현실입니다 간호조무사도 740시간의이론수업 780시간의 병원실습을 이수해야 국시를 볼수있는 자격이생깁니다 시험에 합격해야 보건복지부에서 인정한 자격증을 받아 간호조무사라는 자격이 생기지요 간호사들의 공부량에 미치지는 못하겠지만 '아무나' 되지는 못합니다 간호조무사협회에서 협회를 법정단체로 승격시켜달란 연가행진도 준비한다고하지만 어찌될지는 미지수인상태에서 간호조무사들보다 월등한 고등교육을 받았다고 말하는 간호사들이 국가에서 법으로 허락된 개인의원에서 의사의 지시감독하에 주사처치가 포함된 진료보조업무를하는것을 불법이라하고있습니다 간호사들이 기피하는 개인의원에서 박봉과 과중한업무에도 보람되게 일하고있는 간호조무사들의 이름을 뺏기지않게 지켜주시고 아울러 신규간호사들과 간호대졸업생들이 의무적으로 일정기간 개인의원에 근무해야 큰병원으로 취업할수있는 제도를 만들어 그들의 소원대로 간호사는 간호사의 업무 간호조무사는 간호조무사의 보조업무를 함으로써 이오래되고 고질적인 갈등상황을 해소할수있게 도와주십시오 간호사들은 간호조무사들이 개인의원에서 진료보조업무를 보게되서 국민들의 진료의 질이 낮아진다고 호소하고있으니 간호사들의 개인의원 근무 의무제도를 만들어주셔서 국민들이 높은수준의 진료를 받을수있게 해주십시오 부디 간호조무사들의 고충을 덜어주시길 원합니다 그리고 간호조무사들의 이름을 지켜주세요",
  "num_agree": 942,
  "petition_idx": "582424",
  "title": "신규간호사들의 개인의원 의무근무제도를 만들어주세요"
}