{
  "category": "보건복지",
  "begin": "2019-09-05",
  "content": "안녕하십니까? 지금까지는 존경 해 왔고 지지 해 왔던 대통령님의 지지자 입니다 저번 문케어 정책을 보면서 과하게 악용하는 사례를 적발 하는게 더 좋을거 같은데???? 라는 걱정스러운 눈길로 지지 해왔습니다 하지만 여러가지 정책들이 역시 제가 생각하는 문제점이 나타나고 있는것을 깨달았습니다 비급여 항목들을 폐지하는게 당장 들었을땐 오 싼값에 보험되게 검사받을수있네? 같은금액이라고? 그럼 좀더 신식 기계가 있는 병원으로 달려가야지 라는 생각에 도달하게 되었고 그렇게 신식기계를 갖춘 병원으로 달려가다보니 큰 병원으로 몰리는 상황이 나타났습니다 비급여 항목이 의사 돈벌이 수단이라고 생각하실수 있지만 꼭 필요한 상황들도 많습니다 같은 의료장비라도 버전에 따라 성능의 차이가 큽니다 얼굴 사진을 찍어도 옛날 하두리캠이 나왔을때 사진과 현재 디에스엘알이 다르듯이 말이죠... 디에스엘알과 하두리캠으로 찍은 사진을 전부 500원에 인화해준다 하면 소비자들은 디에스엘알쪽으로 몰리겠죠? 그리고 나선 사람들이 디에스엘알로 몰리니 거리에 따라 우선 재배치 된 후에 하두리 캠으로 찍고 문제가있으면 디에스엘알로 찍어주마? 그렇다면 누가 신식기계에 투자를 할까요? 비급여 수가 받아서 장비가격을 다 회수하면 그돈으로 새로운 신식장비를 사고... 이런게 선순환아닐까요? 이번정책은 지방과 수도권의 의료 질 차이를 인정하지 않고 세워진 정책같습니다 지금 현재 상급종합병원 으로 지정된 병원중 지방의 일부 병원들은 이지역에 이곳하나는 상급종합병원으로 있어야하니 지정되어 있는 병원들도 많습니다 그런병원과 수도권에 쟁쟁한병원들이 경쟁해서 건 상급종합병원의 타이틀이 같다고 보십니까? 그리고 의료진이 매일 보는 환자의 케이스가 다릅니다 수도권은 환자도많고 특이한 질병을 앓는 사람들도 많습니다 그런환자들만 보는 의료진이랑 지방에 노인인구가 많아 요양병원에서 죽을고비에서 전원된 환자만 보는 의료진 책에서 학교다닐때 보았던 질병이 바로 생각 날까요? 법중에 오진을 하여도 의사의 실력 차로 인해 발견치 못한 질병은 의사에게 법적인 책임이 없다는 법이 있잖아요? 작은병원에서 심각하지 않다고 생각하여 지역 종합병원으로 보냈는데 종합병원에서도 큰 문제는 없는거 같아 소견서는 써주지 않고 오진을 하였다면 그래서 가족중 누군가가 사망하였다면 누구의 책임인가요? 작은병원의사? 종합병원의사? 집근처에 빅3가 없는 지방에 거주하는 나? 이정책을 만드신분?? 장비와 의료진 여러 환경들이 다르다는점 잊지말아주시기바랍니다... 지방에 계시는 부모님은 점점 연세가 들어가고 지방의 낙후되어가는 의료질을 알고 있는 자식의 마음은 찢어집니다...",
  "num_agree": 917,
  "petition_idx": "582494",
  "title": "같은 건강보험료를 내고 지방 시민들은 떨어지는 의료서비스를 받아도 됩니까?"
}