{
  "category": "교통/건축/국토",
  "begin": "2019-09-02",
  "content": "1. 불암산 자연공원 훼손 위험 불암산은 천연기념물과 멸종위기 2급 동물, 서울시 보호야생동물들이 발견되고 있는 소중한 자연생태구역임과 동시에 비오톱 1등급 생물 서식지로 일체의 개발행위가 금지된 지역이기도 합니다. 이곳과 맞닿은 부지에 차량기지 공사를 하게 될 시에 경건한 자연생태가 훼손될 수 있음을 많은 이들이 우려하고 있습니다. 더불어 공사과정이나 운행 시 마다 발생하는 소음과 진동, 수질, 토사유출, 먼지발생 등의 영향들로 인하여 동식물들에게 직간접적인 피해를 끼칠 수 있다는 사실까지 짐작할 수 있습니다. 2. 토사유출로 인한 산사태 및 차량기지와 지하터널의 침수 위험 차량기지로 선정된 부근은 불암산 산자락 아래에 있기 때문에 상당한 비가 올 경우, 토사가 유출되어 산사태가 나거나 빗물이 유입되어 차량기지나 지하터널까지 물이 찰 수 있기 때문에 더더욱 부지 선정에 있어 자세한 검토가 필요합니다. 3. 120여명의 직원들을 실직위기로 부터 지켜주세요 : 차량기지 부지 소송 중 차량기지 대상지인 불암산 부지엔 현재 **자동차 운전전문학원이 위치해 있고, 120여명의 임직원이 근로하고 있는 상태입니다. 학원은 직원들의 생계 문제와 서울시가 법률상의 과정을 이행하지 않았다는 절차적 하자의 이유로 차량기지 승인처분을 취소해 달라는 소송을 진행중에 있습니다. 그럼에도 불구하고 서울시는 여전히 강행하겠다는 뜻을 굽히지 않고 있는 상태입니다. 아래는 기사 내용입니다. [ 26일 서울시와 (주)**에 따르면 동북선 차량기지 수용 대상 토지(노원구 중계동 ***)를 갖고 있는 ** 자회사 **엔지니어링·**주택 측은 서울시를 상대로 `동북선 도시철도 민간투자사업 실시계획(차량기지) 승인 처분`을 취소해 달라는 소송을 지난 3월 서울행정법원에 제기했다. 서울시는 지난해 12월 해당 토지에 동북선 차량기지를 만든다는 내용의 실시계획 승인을 고시한 바 있다. ** 측에 따르면 서울시는 동북선 차량기지 실시계획 승인 당시 `국토의 계획 및 이용에 관한 법률`상 서울시의회 의견 청취와 서울시 도시계획위원회 심의를 거쳐야 했지만 이행하지 않았다. 아울러 ** 측은 서울시안대로 동북선 경전철 사업이 진행될 경우 **의 관계사 `**자동차운전전문학원`의 사업장이 없어지고 이로 인해 임직원 120명이 일자리를 잃게 된다고 주장하고 있다. 또 이들은 서울시가 전체 구간 사업이 아닌 차량기지 부분만 떼어 승인을 하는 등 급박하게 추진해 수용에 대비할 시간적 여력이 없었다는 점도 호소하고 있다. (출처 : 매일경제) ] 4. 분진, 소음 및 진동, 오염물질, 공해 문제 (산, 생태공원, 아파트 단지, 학교 등지에 피해) 공사과정이나 운행 시 동식물 피해, 소음과 진동, 수질, 토사유출, 먼지발생 등의 영향이 발생하게 되며, 차량기지 선정지의 인접지엔 산과 생태공원과 더불어 주민들이 거주하는 아파트 대단지가 밀접해 있습니다. 또한, 학교(원광초등학교, 중계중학교, 재현고등학교, 미래산업과학고) 들이 근거리에 많이 위치해 있기 때문에 차량기지에서 배출되는 각종 분진, 소음 및 진동, 오염물질, 공해가 더더욱 치명적일 수밖에 없습니다. 아래는 네이버 지식백과에서 차량기지로 검색했을 때 나오는 내용 중 일부 발췌한 내용입니다. [ 차량기지는 소음과 이용 불편 등의 이유로 대개 혐오시설로 인식되기 때문에, 이러한 불만을 줄이기 위해 차량기지를 설치하면서 차량기지 부지 내에 역을 같이 설치하는 경우도 있다. ] -> 동북선으로 신설될 상계역과 은행사거리역 사이의 거리가 멀지 않고, 보통의 1개역 거리 정도가 되는데 그 중간에 굳이 역 하나를 더 만들고자 하는 것은 어떻게든 차량기지를 세우고 주민들의 반발을 막고자 하는 뜻으로 추측됩니만, 주민들은 더 많은 돈을 들여가며 중앙에 애매한 역이 또 하나 들어서는 것을 원치 않습니다. 주민들과 많은 사람들이 원하는 것은 차량기지 부지 선정의 재검토 및 변경입니다. 5. 차량기지 반대 사례 사례 1) **차량기지 ***시 주민들 차량기지 이전 결사 반대 집회 => 주민들 반대로 결국 차량기지 위치 변경 사례 2) **차량기지 **시 시민단체 및 주민들 반대 => **시 주민들의 개최 반대 사유로 주민설명회 무산된 바 있음 마치며, 산과 자연공원을 훼손하지 않고서 사용 가능한 너른 부지의 평야 사용을 원합니다. 자연과 동식물의 생태를 위협하며 산사태 위험 가능성이 있는 곳에서 120여명의 실직자를 양산해내는 동시에 많은 주민들의 우려와 반대를 무릅쓰고서 굳이 그 곳에 차량기지를 건설하고자 하는 이유가 있을까요? 많은 이들이 정당한 이유를 들며 우려를 표하고 있는 만큼 차량기지 부지 선정의 재검토와 변경이 필요하다 생각합니다 감사합니다. [본 게시물의 일부 내용이 국민 청원 요건에 위배되어 관리자에 의해 수정되었습니다]",
  "num_agree": 227,
  "petition_idx": "582437",
  "title": "불암산 훼손 위험과 120명의 가장 실직 위기에서 구해주세요"
}