{
  "category": "외교/통일/국방",
  "begin": "2019-09-04",
  "content": "조선일보 2019.08.31일자 보도에 따르면 “인터넷에서 함박도를 검색하면 서해 북방한계선 남쪽의 우리 영토로 표시되어있고 등기부등본에도 인천 강화군 소속이고 토지 소유권은 산림청 국유지로 되어 있으며 국토교통부 전산망에선 절대보전 무인도로 관리되고 있다.”고 했으나 현재 북한군 군사시설이 주둔해 있다고 합니다. 본인도 직접 다음지도 등을 찾아 보니 우리나라 영토로 표시되어 있는 것을 확인하였습니다. 이에 대하여 청원명과 같이 북한군의 함박도 주둔의 사실여부 파악과 이에 대한 정부의 입장과 혹시나 우리 영토에 대한 주둔이라면 어떻게 조치해 나갈 것인지 답변을 듣고 싶습니다.",
  "num_agree": 455,
  "petition_idx": "582487",
  "title": "북한군의 함박도 주둔의 사실여부 파악과 이에 대한 정부의 입장과 조치에 대한 청원"
}