{
  "category": "안전/환경",
  "begin": "2019-09-02",
  "content": "[증거들은 아직 인터넷 커뮤니티와 유튜브 상에 남아있습니다.] 최근 H라는 인터넷 방송 BJ분이 조선족에 대한 생각을 이야기한 적이 있었습니다. 개인과 전체를 구분하지 못하는 조선족들이 그걸 보고 \"H를 잡겠다고 몇 시간씩 잠복중인 우리 조선족 영웅들~ㅋㅋ\" , \"죽이는 것도 아니고 **만들어 놓는건데 뭔\" , \" 집주소는 어떻게 알아내는지 알려줘\" 라고 지껄이며 고수위의 댓글과 유튜브 실시간 중계로 납치•폭행•살인미수를 하겠다 협박한 사건이 있었습니다. 중계 말미에는 납치를 위한 마약이 들어있는 것으로 추정되는 주사기까지 내보였습니다. 또한 이건 아니다, 라며 중계영상을 내리라고 하는 같은 조선족분에게 \"한국 국적 줘봐~ 그럼 영상 내릴게\" , \"탈북자한테만 주지 말고 나한테도 한국 국적줘봐~ 그럼 당장 미국간다.\" 라며 억지를 썼습니다. 그들은 엄연히 우리나라 국민인 H씨에게 피해를 입혔습니다. H씨 뿐만 아니라 지금 이 순간에도 그들의 범죄로 고통받고 있는 국민 분들이 계실 것입니다. 당장 우리 곁에서 열심히 일하고 계신 경찰관 분들도 일부 조선족에 의해 칼을 맞고 상해를 입는 사례가 번번히 일어나고 있지 않습니까? 대한민국은 영주권/시민권이 없는 범죄자들을 보호하는 나라가 아닙니다. 대한민국에서 살아가는 우리 국민을 보호하는 나라여야 합니다. 이민•귀화•비자체류 등의 합법루트로 거주중인 사람들을 제외한, 한국•중국 이중국적자. 즉 불법체류중인 조선족을 추방시켜 주십시오. 장기적으로 보았을 때 대한민국 치안에 악영향을 미칠것입니다. 또한 이 사건을 계기로 외국인의 대한민국 국적 취득을 보다 어렵게 강화하여 주십시오. 소 잃고 외양간 고치기는 더 이상 보고싶지 않습니다. 이 땅에서 불법으로 살으려는 그 일부들의 정체성은 중국인입니다. 그들은 매우 모순적입니다. 우리나라의 문화에 동화되길 거부해 영원히 이방인으로 남았으면서, 한국인의 권리를 달라고 억지 땡깡을 부리는 외국인입니다. 수단 방법을 가리지 않는 조선족들을 방치하지 마십시오. 먼 옛날부터 한반도서 살아온 우리 한국인분들과 이곳에 잘 정착해 따뜻하게 친철하게 사시는 조선족분들과는 절대 비교할 수 없습니다. 부디 나라에 기반한 도덕의 벽 끄트머리에 선 우리나라 국민들을 보호하여주십시오. [본 게시물의 일부 내용이 국민 청원 요건에 위배되어 관리자에 의해 수정되었습니다]",
  "num_agree": 4062,
  "petition_idx": "582441",
  "title": "우리나라에 불법 체류하며 범죄를 저지르는 조선족들을 추방시켜주십시오. 또한 외국의 사례를 토대로 외국인의 대한민국 국적 시민권 영주권 취득 절차를 보다 어렵게 강화하여주십시오."
}