{
  "category": "일자리",
  "begin": "2019-09-02",
  "content": "양승태 전 대법원장의 사법농단 재판거래 피해자의 대다수는 2천만 노동자들이었습니다. 앞으로도 노동자들의 노동이 법원에서 정당하게 평가받지 못하고, 정치적 이해관계에 따라 재판거래의 수단으로 전락한다면 2천만 노동자들의 생계까지 위태로워집니다. 그러나 안타깝게도 영국, 프랑스, 독일 등 유럽의 대다수 선진국에서 설치 되어 있는 노동법원이 우리나라에서는 노무현 정부에서 필요성이 제기된 이후 현재까지 15년 동안 논의조차 제대로 안되고 있습니다. 하지만 현재 국회의원 36명이 공동발의한 노동법원 도입을 위한 노동소송법안 등 10개의 법률안이 국회에 계류 중입니다. 국회에서 법률안이 통과될 수 있도록 국민들의 뜻을 모아주십시오 전문성을 갖춘 법관과 노사 양측에서 추천한 노동현장을 잘 아는 전문가들로 구성된 노동법원은 한쪽으로 불평등하게 기울어진 노사관계를 바로 잡고, 노동법의 정신과 잣대를 기준으로 노동사건을 재판하는 전문법원이 될 것입니다. 함께 서명운동에 동참해 주십시오.",
  "num_agree": 2221,
  "petition_idx": "582428",
  "title": "노동법원 설치를 위한 국민청원"
}