{
  "category": "정치개혁",
  "begin": "2019-09-02",
  "content": "안녕하세요 더불어민주당 당원 *** (******학교)입니다. 저는 김현권 의원의 사기전과 협동조합 겸직 논란과 기타등등의 자격논란을 지적했다는 이유로 당원권 제명에서 2년정지를 받고 또 김현권 의원을 비판 했다는 이유로 징계를 앞두고 있습니다. 이미 법적고소까지 당해 무혐의까지 받았는데 속상합니다. 문재인 대통령은 \"국민으로써나 당원으로써나 언제든지 정치적 의사를 표시할 수 있습니다. SNS공간상으로 할수도 있고 문자로도 할수 있습니다.\"라고 하셨습니다. 이런 표현의 자유를 막아버리는 것도 황당하지만 대통령이 지명한 조국 법무부장관 내정자의 딸을 *** 아이라고 표현한것에 분노합니다. 그래서 제안드립니다. 김현권 의원은 조국 법무부 장관 내정자의 딸을 \"**** 아이\"라고 페이스북 글을 썼고 조국 내정자의 딸을 청문회 증인대에 세우자는 이야기도 하여 조국 내정자의 자녀에게 심각한 명예를 훼손 시키며 문재인 정부 자체가 민주당 정부임에도 민주당 정부를 훼손 하는 해당행위를 일으켰습니다. 그리고 김현권 의원은 지난해 지방 재정법 위반 및 사기죄로 약식 기소 500만원 얼마전에는 협동조합 금지법 위반에도 아직도 의성 *** 협동조합 이사장을 맡고 있어 \"농해수위\"소속인 김현권 의원은 이해관계충돌이라는 논란까지 일으킥고 있습니다. 당원의 이름으로 이분의 죄명에 대해서 당규 제7호 윤리심판원 규정 제4장 징계 제14조 2.당의 강령이나 당론에 위반하는 경우,7 당의 품위를 훼손하는 경우 당규 제7호 4. 허위사실유포로 당원을 모해하거나 허위사실 또는 기타 모욕적 언행으로 당원 간의 단합을 해하는 경우 윤리규범 제4조 (국민존중과 당원상호협력) ②당원은 당원간의 상호 신의와 존중을 바탕으로 당 발전을 위한 활동에 상호 협력하여야 한다. 윤리규범 16조①누구든지 당 소속 공직자, 당직자, 당원 등이 윤리규범을 위반한 사실을 알게 된 때에는 당 윤리심판원에 신고할 수 있습니다\"라고 되어있습니다. 특히 김현권 의원은 해당 글을 지우고 아직 까지도 당원과 국민들을 향해 사과를 하지 않고 있습니다. 그래서 국민과 당원의 이름을 빌려 징계를 청원하고자 합니다. 도와주세요. 문재인 정부와 민주당은 성공해야 합니다. 이 분의 징계를 국민 청원합니다. [본 게시물의 일부 내용이 국민 청원 요건에 위배되어 관리자에 의해 수정되었습니다]",
  "num_agree": 1127,
  "petition_idx": "582451",
  "title": "김현권 국회의원의 징계청원과 구미공천을 반대합니다."
}