{
  "category": "안전/환경",
  "begin": "2019-09-04",
  "content": "대형마트 박스 포장을 제한한다는 뉴스를 봤는데 마트를 자주다니는 일반시민으로서 이 정책을 도저히 납득할 수가 없습니다. 1. 전면금지한 일회용 비닐과 달리 박스사용 그 자체가 재활용인점. 2. 구매물품이 많을 시 장바구니의 한계. 3. 비닐 테이프를 종이 테이프로 대체시 박스째로 재차 재활용 가능. 4. 여러경우에 비추어 봐도 정책의 목표가 달성되기 힘듦 4-1) 박스사용을 일체 금지 할 시 종량제, 장바구니의 필요 이상 구매로 이어질 확률이 높음. 필요한 만큼만 소비하는것이 환경보호의 최우선 과제인만큼 정책취지에 전혀 맞지아니함. 그리고 이미 재활용이며 널리알려진 박스가 더욱 경제적이고 접근성도 높음. 4-2) 기존 박스를 판매 할 시 이미 쓰레기로 취급되는 기존박스를 돈 주고 구매한다는것은 상식적으로 납득하기 힘듦. 환경부담금의 성격을 띈다 해도 실질적인 인식은 구매비용에 불과. 4-3) 마트에서 포장용 박스를 새로 생산 할 시 박스소비를 줄이자는 정책취지에 일절 부합하지 않음. 기존박스에 새로 생산된 박스까지 소비되는 최악의 경우. 4-4) 인원수에 따라 박스 갯수를 제한 할 시 인원수와 짐의 경중은 일치할 수 없음. 위의 사항들 말고도 많은 이유들이 있겠지만 중요한 핵심은 이것입니다. 이 모든걸을 종합하였을때 본 정책은 매우 비현실적이며 일반적인 시민의 생활이나 생각과 크게 동떨어진 정책입니다. 기업이나 정부의 다른 시급한 환경적인 낭비를 두고 제한하기 편한 일반시민의 생활부터 제한하는것은 '아주 게으른 정책'이란 평가를 안할 수가 없습니다. 재차 삼차 사차 생각해 보아도 이득은 물론 없고 시민의 반발과 정책취지에 반하는 결과가 예상되는 본 정책의 철회를 요청합니다.",
  "num_agree": 1485,
  "petition_idx": "582476",
  "title": "대형마트 박스제한 정책 철회를 청원합니다."
}