{
  "category": "외교/통일/국방",
  "begin": "2019-09-02",
  "content": "안녕하세요! 저(이하 '본인')는 군단 직할부대에서 복무 중인 한 병사입니다. 이제 전역까지 99일 남았지만요. 바로 본론으로 들어가겠습니다. 지금으로부터 2개월 전인 6월 말경에 본인은 부대 간부들이 저지르는 비위행위를 약 30장(총 18건)에 달하는 문서로 작성하여 국민신문고에 민원을 접수했습니다. 그리고 부대원들 사이에서는 어느새 소문이 일파만파로 퍼지기 시작했고, 간부들의 귀에도 들어갔습니다. 이에 간부들은 본인과 친분이 있는 병사들을 따로 불러 본인이 접수한 민원의 내용을 캐는 등의 행보를 보였다고 합니다. 결국 7월 2일자로 부대의 병사들을 대상으로 설문을 돌렸으며, 본인이 '상관모욕'을 저지른 죄인이라고 하네요. 본인의 기억에는 없지만 말입니다. 그래서 설문을 돌린 이틀 후인 7월 4일 저녁에 타대대로 격리조치되어 지금에 이르고 있습니다. 분명 익명이라는 점이 적시된 설문임에도 불구하고, 이름을 적지 않았음에도 불구하고 일부 간부들은 본인에게 \"네 답안은 읽어보았다\"고 하더라구요. 본인은 7월 초에 타대대로 격리된 상태여서 몰랐지만, 친분이 있었던 병사에게 연락을 해봤더니 본인의 민원을 조사하기 위해 부대로 내려온 감찰관의 계급이 '대령'이었다고 하더라고요. 오죽하면 대령님께서 내려오셨을까요. 7월 5일부터 본인에 대한 헌병대의 수사가 시작되었습니다. 본인의 기억에는 없는 내용이었지만, 그리고 참고인 진술에서 모순되는 점도 많이 보였지만 너무 치사해서 모두 인정했습니다. 대꾸할 가치조차 느끼지 못했습니다. 그리고 8월 5일에 군검찰로 송치되었으며 군검찰에서는 아직도 본인에게 연락이 없습니다. 본인의 부모님은 작물농사를 짓는 분이시라 7월 말부터 8월 초까지는 일손을 돕기 위해 1년 동안 안 쓰고 모아놨던 휴가를 썼는데 결국은 그것마저 보류되었습니다. 이때는 목구멍으로 밥도 안 넘어가더군요. 본인의 처지가 너무나 부끄러워서 1달이 넘게 부모님께 연락조차 드리지 못했습니다. 아무리 생각해봐도 이 상황이 너무나 웃깁니다. 너무나 힘들었고, 황당한 부대운영을 납득하지 못한 나머지 본인의 목소리를 내었다가 결국은 본인이 피의자로 검찰의 수사를 받고 있으니까요. 이번 사건을 통해 그냥 해외로 떠나고 싶은 심정입니다. 여러분, 저를 도와주세요. 간절히 부탁 드립니다. 2019.08.29. 일개 병사 올림.",
  "num_agree": 479,
  "petition_idx": "582421",
  "title": "군대에서, '민원인'에서 '피의자' 신분으로 전락한 제 이야기를 들어주세요...! 부탁 드립니다."
}