{
  "category": "안전/환경",
  "begin": "2019-09-04",
  "content": "닭공장 *******(이하 '**'라고 함)에서 발생한 산재사고 피재자입니다. 닭세척기에 빨려 들어가 세탁기의 빨래처럼 2분 동안 회전하는 철날개따라 구르고 굴러야만 했습니다. 바닥에 널브러진 채 왼쪽팔꿈치가 눌린 상태로 기계는 멈췄으나, 10분동안 높이2.5m 폭1m의 좁고 깊은 기계속에서 울부짖어야 했던 처참하고 끔찍한 사고였습니다. 자칫 신체절단, 사망사고로 이어질 수 있는 아찔한 사고 였습니다. 목격자가 수십명이 있었는데도 **는 '왼쪽팔꿈치의 압궤손상'으로 재해경위를 조작하여, 닭세척기에 빨려 들어가 세탁기의 빨래마냥 회전당한 처참한 사고를 축소 은폐하였습니다. 덕분에 왼쪽팔꿈치이외의 어떤 부위도 검사는 물론 제대로 된 치료를 받을 수 없었고 왼쪽팔꿈치아래 장애뿐만 아니라 왼쪽어깨의 통증으로 고통받고 있습니다. 피재자의 노력으로 적법한 절차를 거쳐 산재종결된 후에야 비로소 재해경위가 정정되었으나 정정된 재해경위를 산업재해조사표에 반영해달라는 피재자 요구를 관할 노동청은 피재자의 일방적 주장이라며 묵살하고 있습니다. 여기서 끝이 아닙니다. **는 근무부서가 아닌 피재자의 전근무부서에 피재자 이름을 프린트하고 서명위조하여 안전교육이행을 거짓주장하고 있습니다. 피재자서명이 아니고 당시 근무부서가 아닌 것도 증명되었지만 서명위조한자를 특정할 수가 없어 죄가 안된다는 당당형사의 궤변입니다. 경찰 자신들은 특정할 수가 없으니 서류를 본 적도 없는 피재자가 서명위조한 자를 특정해야 한다는 취지입니다. 명백한 사실앞에서도 거짓과 조작을 일삼으며, 또한 기업의 그 거짓과 조작이 가능하게 만드는 이 황당한 결과들 앞에서 피재자는 또한번 좌절할 수밖에 없습니다. 바랍니다. 1. 적법한 절차로 정정된 재해경위를 산업재해조사표에 반영하고 그에 상응한 안전관련조치를 기업에 취해주기 바랍니다. 2. 서명위조건을 철저히 조사하여 조작과 거짓이 불가능하다는 것을 보이시고 엄벌하여 더이상 피재자의 억울함이 발생하지 않기를 바랍니다. [본 게시물의 일부 내용이 국민 청원 요건에 위배되어 관리자에 의해 수정되었습니다]",
  "num_agree": 247,
  "petition_idx": "582490",
  "title": "누구나 알만한 **그룹 *******의 조작질에 분노를 금치 못합니다."
}