{
  "category": "미래",
  "begin": "2019-09-03",
  "content": "안녕하세요. 서론을 시작하자니 이야기가 길어질 것 같아 요지만 간단하게 말씀드리겠습니다. 현재 한국은 긴 근로시간과 많은 업무로 인해 고통받는 직장인들이 많습니다. 그로 인해 우울증, 소화불량 등과 같은 각종 질병들이 유발되는 등 앞으로 미래를 이끌어 갈 2,30 대들의 건강 문제가 대두되고 있습니다. 이 글을 읽는 근로자분들의 회사 업무는 어떤가요. 저는 큰 회사에서 근무하지 않지만, 인원 수에 비해 많은 업무량 탓으로 6시 퇴근이 불가능할 때가 종종 있습니다. 그렇게 6시 퇴근을 해도 집에 도착하면 7,8시. 휴식다운 휴식을 하기도 전에 피곦서 쓰러져 자는 분들이 태반일 것입니다. 6시 이후 업무로 인해 늦은 퇴근하시는 분들은 말 할 것도 없이 눈 깜짝하면 다음 날 출근준비를 하고 계시겠지요. 이쯤 되면 일을 하려고 살아가는 것인지, 살기 위해 일을 하는 것인지 회의감 또한 들게 됩니다. 업무량 과중 --> 인원 충원 이 이루어져야하는데 그게 말처럼 쉬운게 아니라는 것을 모두가 알고있지않습니까. 그로 인해 한 명이 두 명도 아닌 세 명인 분을 해야하는 사정의 회사가 많을 것입니다. 그 사정으로 고통받고 있는건 회사가 아닌 근로자입니다. 해외의 회사들과 연락을 하다보면 어찌나 쉬는 날이 많은지, 혹은 어찌나 휴가가 긴 지, 회사가 돌아가기는 하고 나라가 발전이 이루어지기나하는지 궁금할 때가 참, 많습니다. 막무가내로 주 4일제 혹은 주5일제 근로시간6시간을 억지 부리는게 아닙니다. 이 글을 읽으시는 모든 분들이 말도 안되는 소릴 한다, 이익을 창출할 회사가 돌아가겠냐하시겠지만 장기적으로 본다면 근로자들의 건강 문제가 조금이나마 완화할 수 있다는 문제해결 뿐만이 아닌, 단축 근무로 인한 '인간'의 자기개발 및 삶의 질 향상, 근로 환경 및 질의 향상, 경제의 순환에도 많은 순영향을 끼칠 거라 예상합니다. 혹시 살면서 우리는 성도, 이름도 바꿀 수 있는데, 왜 나이는 바꾸지 못하냐며 소송을 제기 한 네덜란드 할아버지를 아시나요. 생각해보면 정말 그 분은 나이를 바꾸려고 소송을 제기한 것이 아닐 수도 있습니다. 우리가 현실에서 수긍하고 아무도 제기하지않은 문제를 제기함으로 생각을 전환시키고 또 다른 방향으로 환기시키는 역할을 함이 더욱 클 수도 있습니다. 주 4일제, 주5일제 6시간 근무가 한국에서는 말도 안되는 말이라고 할 수도 있습니다. 하지만 이렇게 문제를 제기하여 이로 인해 또 다른 사회문제를 어렵지만, 쉽게 해결할 수 있다는 방향을 제시한 것 입니다. 요지만 말씀드린다는 글이 이렇게 길어져 죄송합니다. 읽어 주셔서 감사합니다.",
  "num_agree": 8778,
  "petition_idx": "582460",
  "title": "주 4일제/ 주 5일제 6시간 근로"
}