{
  "category": "반려동물",
  "begin": "2019-09-04",
  "content": "안녕하세요, 하루아침에 반려견이 목줄 풀린 진돗개에게 물려 실종되어 긴 글로 청원 드립니다. 부모님께서 운영하시는 강원도 펜션에서 서울로 출발하려고 차에 타려고 했는데 우리 집 강아지가 잠깐 사이에 없어졌다고 해요. 금일 2019년 9월 1일 오전11시쯤 서울로 갈 모든 준비가 다 되어있었고 강아지만 태우면됐는데 잠깐사이에 없어져 잃어버린 줄 알았습니다. 그런데 옆집에 목줄 풀린 진돗개가 우리 집 강아지들을 보고 가끔 어슬렁거리는 것을 보고 우리 집 마당임에도 불구하고 현관에 펜스도 쳐놓고 아이들이 나가고 싶어 할 땐 마당에서도 목줄을 했습니다. 그런데 이 진돗개가 얼마 전부터 부모님이 운영하시는 펜션 마당까지 와서 어슬렁 거렸다고 하더라구요. 옆집 견주는 진돗개를 풀어놓고 개인적인 일로 인천에 있는 상황이었고 지나가던 행인이 그 집 마당에 하얀 강아지가 널브러져 있는것을 보았는데 집에서 키우는 강아지 같아서 구해주려고 위협을 했는데 오히려 공격을 하려하고 그 진돗개가 하얀걸 (우리 집 강아지) 물고 산으로 올라갔다가 좀 지난후 (5분이내) 혼자서 내려오는것을 보았다고 합니다. 증인이 찍은 증거 사진도 있고 여러증인도 있습니다. 이 진돗개는 이전에 고라니와 너구리 등 동물을 물어 죽인 적이 있다고 합니다. 부모님께서 집 뒷산부터 도랑까지 사체라도 찾아보려고 3시간 동안 찾아봤지만 찾을 수 없었고 진돗개 주인에게 연락하여 혹시라도 우리 집 강아지를 물고 온다거나 아님 찾게 되면 연락 부탁드린다고 했더니 자기네 개는 강아지는 물지 않는다고 하였는데 어제 (2일) 부모님과 제가 5시간 정도 다시 산속과 계곡까지 찾아다녔지만 찾을 수 없었고 진돗개 견주에게 다시 얘기를 하니 미안하다는 사과는 아직도 하지 않았으며 남자 사장님은 한숨만 쉬시고 여자 사장님은 올가미를 쳐서 죽인다하고 아드님은 진작 죽였어야 했다고 어머니께 말씀하셨다고 전해들었습니다. 저렇게 큰 개가 목줄을 평상시에도 하지 않고 길거리를 활보하고 사람이 지나가면 저 뒤에서부터 짖으면서 달려오고 저 또한 위협하는 느낌을 몇 번 받았습니다 다른 집 진돗개들은 전부 목줄을 하고 있습니다. 이렇듯 평상시에도 당연히 목줄을 채워야 하지만 목줄을 하지 않았을 때 제어할 수 있는 집주인이 집을 비우면 더더욱 목줄을 해놓고 관리를 해야 하는 게 당연하다고 그게 견주로서의 책임이라고 생각합니다. (3일) 오늘 확인해보니 아직도 목줄을 안 한 상태고 견주 뒷마당을 아버지와 살피고 있던중 남 일인 것 마냥 안타깝다,어떡하냐고 말할 뿐 아직도 진정성 보이는 사과는 없습니다. 자기네들이 다른 곳에 있었는데 자신들이 키우는 개가 그럴 줄 몰랐다. 그런데 이 말 자체가 말이 안 되지 않습니까 ? 자리를 비울수록 사냥성이 있는 개를 묶어놓고 외부에 나가야 하는 게 당연한데 책임을 회피하는 대답뿐이였습니다. 비가 오기 시작하여 마음이 급해 삽을 들고 뒤뜰에서 강아지를 찾다가 남자 사장님께 혹시 사체를 물어온다거나 보시면 제발 저희집에 보내달라고 했더니 여자사장님은 오히려 자신의 개를 처분한다고 했는데 왜 이렇게 까지 하냐며 적반하장으로 화를 내고 남자 사장님은 피해다닐 뿐이였습니다. 어제 부모님과 제가 지나다닌 쪽으로 혹시나 묻혀있을까 땅을 파보며 찾아다녀보았지만 흔적도 없어 찾을 수 없었고 , 근처 이웃 아주머니 말로는 견주가 상황이 시끄러워 사체를 미리 발견하고 유기했을 수있다고 하여 더욱 불안합니다. 우리 가족이 얼마 전에 처음으로 가족사진을 찍었는데 강아지들도 함께 가족사진을 찍었습니다. 우리 가족이 생각한 반려견과의 마지막은 이런 비극이 아니었는데, 119와 경찰서 모두 사체 수습만 해주지 같이 찾아주지 않는다고 합니다. 저희 강아지를 찾을 수 있도록 제발 도와주세요. 그리고 견주에게 이 사건에 대해 책임을 물으려 합니다. 그러나 민원을 넣은 군청에서는 과태료를 물어봤자 5만원 이라고 하며 세대 차이라는 말과 키우는 개에대한 개념이 다를 수 있어 피해자에게 이해해달라는 식으로 대수롭지 않게 여겨 억울한 상황이 답답해 청원에 글을 올립니다. 우리나라는 대형견 관리를 못하는 견주에 대한 법안이 너무 허술합니다. 매주 대형견에 대한 사건사고가 끊이지 않고 뉴스에 나오지만 피해가 큼에도 불구하고 법이 대형 견주에게 솜방망이 처벌이라 생각합니다. 강아지를 키우는 사람들은 입장이 다를 수 있다며, 개는 개일뿐 가족과 같은 반려동물이라는 개념이 없어서 그렇다는 말로 우리가족은 행복했던 나날을 보내는중 한순간에 그동안 함께했던 가족을 잃었습니다. 또 우리와 같은 피해가 없도록 견주에 대한 반려견 법 개정을 강화시켜주시길 바랍니다.부탁드립니다.",
  "num_agree": 815,
  "petition_idx": "582484",
  "title": "하루아침에 반려견이 목줄 풀린 진돗개에게 물려 실종되었습니다."
}