{
  "category": "기타",
  "begin": "2019-09-09",
  "content": "제목 : 전국기능경기대회 기회균등을 위한 참가횟수제한에 대한 건의 안녕하십니까? 저는 제53회 전국기능경기대회에 선수로 참가했던 냉동기술직종선수입니다. 2018년 제53회전국기능경기대회의 과제공개와 객관적 평가는 지난해와 비교했을 때 상당히 개선되었다고 생각합니다. 2019년 제54회 전국기능경기대회에도 참가해야하는 저는 한가지 불합리한 점이 느껴져서 건의 드립니다. 기능경기대회는 저 또래의 고등학생이 참가하여 기능숙달정도를 평가받는 것이라 생각했는데 우리 직종을 비롯한 여러 직종에서 저보다 훨씬 나이가 많은 형뻘 혹은 어른들과 겨루어야 하여 어린마음에 더 위축됨을 느꼈습니다. 그 분들과 같이 겨루어 메달을 따야 한다는 부담감은 저를 비롯한 여러 학생선수들의 느낌임을 경기장 주변에서 느낄 수 있었습니다. 그 분들을 위한 산업체기능대회라는 것이 있다고 들었습니다. 그분들을 거기에 포함시켜 대회를 운영하면 어떨런지요? **교도소라는 곳에서 출전했다는 이 선수는 벌써 냉동기술직종에 7번째 출전하였다고 합니다. 올해는 8번째 출전이라고 하니 아무리 못해도 7-8년정도 숙달한 형뻘되는 선수와 겨루는 것 자체가 부담스럽운데 그 선수 옆에서 경기한 선수들의 이야기를 들어보니 소름이 돋았습니다. 그 형뻘되는 선수가 하는 말이 “나 이제 교도소를 1년 정도만 있으면 나가는데 건드리지마!” 하는 식의 말을 들었다고 저에게 이야기한 것입니다. 그 옆 선수는 그 말을 듣고 난 후 제대로 경기를 할 수 없었다고 합니다. 이전에 참가했던 선배들도 그 선수 옆에서 하는 것 자체가 부담스러웠다고 합니다. 그래서 저는 그 선수들이 참가하는 것 자체를 막을 수 없다면 형평성을 생각하여 고등학교 학생들이 3년동안 대회에 참가할 수 있는 횟수가 1-2회밖에 없습니다. 재수를 한다면 3회입니다. 교도소 선수는 7-8회 출전하면서 저희들의 메달획득기회를 가져간다고 생각하니 차별이 있다고 생각됩니다. 이런 점을 생각할 때 교도소선수 혹은 산업체선수들도 3회까지로 출전을 제한함이 옳다고 생각됩니다. 기회를 균등하게 하여 공정한 사회를 만들려는 대통령님이 해결하여 주시리라 생각되어 짧은 글솜씨로 용기를 내어 올리는 글이오니 부디 참작하시어 해결하여 주셔서 전국기능경기대회에 참가하는 저희 학생선수들을 지켜주시기 바랍니다. 2019년 8월 28일 제54회 전국기능경기대회출전학생 (올림) [본 게시물의 일부 내용이 국민 청원 요건에 위배되어 관리자에 의해 수정되었습니다]",
  "num_agree": 283,
  "petition_idx": "582546",
  "title": "전국기능경기대회 기회균등을 위한 청원"
}