{
  "category": "정치개혁",
  "begin": "2019-09-09",
  "content": "자유한국당의 장제원 국회의원님의 아들이 지난 미성년자 성매매 관련 논란과 학교폭력 논란에 이어 지난 7일 오전 1시 서울 마포구 인근에서 음주운전, 교통사고를 냈습니다. 국민들 모두가 보는 청문회에서 조국 후보자에게 언성을 높여 자녀 의혹을 묻고 자녀의 관리도 못 하는 사람이 후보자가 되는 게 말이 되냐고 하는 장면을 수도 없이 연출하셨는데, 정작 본인의 사학 관련 이야기가 언급되자 언성을 높이고 의원답지 못한 행동을 한 점, 실제 사학 관련 비리로 부친이 판결을 받은 적이 있는 점, 자녀의 의혹이 아닌 확실한 음주사고로 입건을 앞둔 점을 들어 그동안 장제원 의원이 수없이 언급했던 내로남불의 전형을 보여주는 것으로 생각합니다. 타 후보자의 자녀 의혹만으로 사퇴를 강요하였는데 본인 자녀의 확실한 범죄사실에 책임을 지고 의원직을 물러나야 한다고 생각합니다.",
  "num_agree": 12138,
  "petition_idx": "582572",
  "title": "장제원 국회의원님 아들(장용준)의 음주운전으로 인한 교통사고 사퇴를 요구합니다."
}