{
  "category": "육아/교육",
  "begin": "2019-09-06",
  "content": "최근 한 장관 후보자의 자녀가 고등학생 시절에 대학 논문의 공동저자로 등재되어 논란이 되었습니다. 해당 고등학생이 해당 대학 연구실에서 실험을 하여 데이터를 만들고 논문 작성에 기여한 바가 있어서, 담당 교수의 권한으로 공동저자로 등재 되었다고 합니다. 이에 대해 가능한 일이다 기여한 바가 있으니 공동저자로 등재되어도 무방하다 하는 의견이 있는 반면, 고등학생이 유능해 봤자 고등학생인데 어떻게 어려운 논문 공동저자로 등재될수 올리는가 특혜 아닌가 하는 의견이 있었습니다. 설왕설래 하는 와중에, 해당 논문이 대한병리학회의 직권에 의해 취소 되었습니다. 고등학생이 논문의 공동저자로 등재되는 것이 이렇게 중대하고 불공평하여 많은 사람의 분노를 일으키는 일인지 미처 몰랐습니다. 해당 고등학생의 경우는 그 논문이 입시에 활용되지 않았다고 하지만, 입시에 활용된 사람들도 많겠지요. 그렇게 되면 그런 기회를 갖지 못한 사람들에겐 박탈감을 줄 수도 있겠네요. 대한병리학회가 해당 논문을 취소하는 행위를 하지 않았다면, 향후 입시제도를 개선하여 불공평을 해소해 달라는 요구를 정부에 하는 것으로 국민의 바람을 전할 수 있었겠으나, 해당 논문이 취소되어서 이것이 또다른 시발점이 되었다고 생각합니다. 이것이 특혜라면 여러 사람이 누린 특혜인데, 한명의 논문만 취소된다면 그 또한 차별일 것이며 그것도 매우 엄중하고 심각한 차별이라고 생각합니다. 하여 저는 청원합니다. 기간 불문, 분야 불문 하여 고등학생이 저자로 등재된 모든 논문을 전수조사 하여 취소해 주시기 바랍니다. 그렇게 해서 대한민국이 공평하고 정의로운 나라로 한걸음 더 가까이 나아갈수 있기를 바랍니다.",
  "num_agree": 2625,
  "petition_idx": "582523",
  "title": "고등학생이 저자로 등재된 모든 논문을 취소해 주시기 바랍니다."
}