{
  "category": "정치개혁",
  "begin": "2019-09-09",
  "content": "장제원 의원의 아들 래퍼 장용준이 오늘 새벽 면허취소 수준의 음주운전으로 교통사고를 내었습니다. 경찰에서 단순 조사만 받고 귀가 조치했다고 하는데, 절대 그렇게 넘어가서는 안 되는 사안입니다. 장제원의 아들이 2~3년 뒤 지금의 음주운전 경력으로 자신감을 얻어 더 만취하여 상상하기도 끔찍한 교통사고를 일으킬지도 모르기 때문입니다. 그 때 가서 조사하면 늦습니다. 지금 바로 장용준이 사는 장제원 의원의 집과 의원 사무실, 아들이 속한 기획사, 아들이 다닌 식당, 아들이 다닌 술집 등 전방위 압수수색을 펼쳐 미래에 있을 불행한 사태를 막아야 합니다. 검찰이 지금 가만히 있을 때가 아닙니다. 성적 우수상도 아닌 봉사 표창장으로 전방위 압수수색이 일어나는 시대에 음주운전에 따른 전방위 압수수색은 당연한 요구입니다. 그리고 장용준씨의 아버지 장제원 의원은 아들이 술을 마시고 운전하는 것을 몰랐을리 없습니다. 몰랐다면 사퇴해야지요. 모든 가능성을 열어두고 수사해야 합니다. 만약에 장제원 의원이 사 준 차를 타고 사고를 냈다면 차 때문에 사고가 난 것이므로 당연히 그 차를 사 준 장제원 의원도 함께 기소해야 합니다. 차를 사 주지 않았다면 사고가 나지 않았을 것이기 때문입니다. 만약에 장용준 아버지와 어머니가 장용준씨에게 돈을 주었다면 장용준씨 아버지와 어머니도 함께 기소해야 합니다. 그 돈 때문에 장용준씨가 술을 사 먹고 운전을 했을 것이기 때문입니다. 돈을 주지 않았다면 사고가 나지 않았을 것입니다. 장용준씨는 과거 고등래퍼 출연 당시 미성년자 조건만남 논란으로 구설수에 오르며 방송에서 하차한 적이 있습니다. 제 청원이 무리한 논리가 아님을 알려드리며 마치겠습니다. 검찰은 증거가 사라지기 전에 당장 전방위 압수수색을 하기 바랍니다. 윤석열 총장님 화이팅입니다.",
  "num_agree": 4225,
  "petition_idx": "582563",
  "title": "장제원 의원의 아들  음주운전으로 전방위 압수수색을 요청합니다."
}