{
  "category": "정치개혁",
  "begin": "2019-09-09",
  "content": "문정부는 아무리 민주주의의 뿌리인 삼권분립과 청문회 시스템을 존중한다지만 정도가 심한 자한당의 억지와,검찰의 억지기소 ,허위언론 그리고 정치하는 사법부는 그렇게 해선 개혁안됩니다. 국민들의 촛불하나하나 이런것들을 바로잡기위해 모였던것입니다.허나 전보다 더한 광기를 국민들은 그저 속앓이 하며 보고만 있어야 합니까? 얼마나 더 죽어나가야 할까요? 청소가 되지않은 상태에선 적폐들의 놀잇감 밖에 안되고 만만한 정부밖에 안됩니다. 국민들은 화났습니다! 1. 조국을 문통 임의대로 임명하라! 청문회 시스템을 아직 받아드릴 준비가 되지 않은 정치판은 청문회를 오히려 역이용합니다. 2.청문회 끝나자마자 조국부인 억지기소를 철회하라! 한밤중에 억지기소가 말이되는 상황입니까? 자한당의원들은 모두 당당한가요? 모두 특검들어가거나 억지기소 철회해주십시요. 3.같은날 이재명지사 2차 공소심 판결문에 분노한다! 4이재명 유죄때린 '임**'판사의 정치개입 억지판결을 규탄합니다! '직권남용하지않았다'고 무죄판결을 내놓고 이재명이 '난 직권남용하지않았다'고 방송토론중 바른미래당 김영환의 공격에 소극적으로 부인한것으로 보여 허위사실유포로 벌금300이 판사로써 낼 수 있는 판결입니까? 5.바미당 김영환을 조사해라! 이재명 도지사 첫공판당시 형수가 \"그 녹음파일 주인공의 목소리는 이재명이 아닌 나의 남편 고 이**씨가 어머님께 한것\"이라 진술을 했습니다.어찌 무죄 난건에 대한 \"하지않았다\"라는 반론은 유죄가 되고 선거기간동안 녹음조작으로 허위사실을 끝없이 유포한건에 대해선 왜 법적처벌이 없는지 또 판사는 왜 김영환에게 손을 들어준건지 조사해주십시요. 촛불정부는 국민들께 적폐청산과 검찰&사법부개혁을 약속했습니다. 부디 바로 잡아주셔서 그 약속 지켜주시길 청원합니다. [본 게시물의 일부 내용이 국민 청원 요건에 위배되어 관리자에 의해 수정되었습니다]",
  "num_agree": 621,
  "petition_idx": "582558",
  "title": "민주주의 삼권분립과 청문회 시스템 강조하다 검찰개혁,사법부개혁,언론개혁 절대 못합니다!"
}