{
  "category": "정치개혁",
  "begin": "2019-09-09",
  "content": "조국수석이 법무부장관 후보가 된 후 1달 동안 온 나라가 가짜뉴스로 혼란에 빠져 있습니다. 그런데 70만건으로 제기된 의혹 기사 중 81%가 이미 삭제되었다고 하니 후보 검증을 목적으로 한 기사가 아니라 언론이 나라의 혼란을 의도한 것이 아닌가 하는 의심이 듭니다. 검찰이 청문회 직후 후보의 부인을 소환조사도 없이 기소한 이유가 동양대 표창장 의혹이라는데, 청문회 중 그 의혹이 가짜뉴스라는 주장이 이미 나왔습니다. 그리고 저는 그 표창장 위조 여부가 법무부장관 결정에 중요한 요소라는 생각도 들지 않습니다. 한달간의 광기를 지켜보며 조국 본인은 바른사람의 표본이라는 생각까지 들 정도입니다. 장관 후보로 지명된 사람을 청문회 전 조사라는 선례 없는 초유의 일을 벌인 검찰의 의도가 이번 무리한 기소를 통하여 조국수석의 검찰개혁을 기필코 막아내겠다는 의지의 표현으로 보이며 이에 동조하는 세력으로 자한당 언론과 여당의 일부 의원이 있는 것 같습니다. 그런데 현재 우리나라는 일본과 전쟁을 치르고 있습니다. 우리보다 힘이 강한 일본을 이기기 위해 국력을 집중해서 전쟁에 임해야 하지만, 온갖 가짜뉴스와 기득권 세력의 방해로 내부 분란이 일어난 형국입니다. 역사책을 읽어 보면 왕의 권력을 차지하기 위해 왕자들이 내전을 벌이다가도 외부의 적이 침략해오면 힘을 합쳐 그 적을 우선 무찌르기 마련인데, 지금 나라 꼴을 보면 개혁을 통해 나라의 건강을 되찾자는 세력이 외부의 적이고 일본과 친일매국의 무리들이 똘똘 뭉쳐있는 것으로 보입니다. 일본 현지에서까지 지소미아 종료와 지방 경기 침체로 비롯된 아베총리에 대한 비판이 조국 후보를 음해하는 한국의 뉴스들로 덮히고 있다고 하니 어처구니가 없을 따름입니다. 촛불의 의미는 부패세력을 청산하고 우리나라를 건강하게 만들고자 함이었습니다. 우리는 촛불집회를 통해 대통령을 교체하는 큰 성과를 이뤘습니다만 그 후 2년반 동안 적폐 청산은 지지부진해졌습니다. 그리고 한달 간의 광기를 통해 그 이유가 명확히 드러났습니다. 청산해야할 적폐가 의회, 검찰, 언론, 대학강단을 장악하고 있음을 보았습니다. 특히 적폐세력의 행동방식이 본인이 적폐임을 숨기고 있다가 중요한 순간 얼굴을 드러내고, 자신을 우군이라 믿고 있는 이의 등에 칼을 꽂는다는 것을 이번 검찰의 기소행위를 통해 확인한 바 사법부, 행정부, 국정원, 경찰, 재벌 등에도 곳곳에 퍼져있다고 보여집니다. 이런 상황에서 대통령과 법무부장관의 의지 만으로는 적폐 청산 뿐만 아니라 검찰개혁 조차 그 가능성은 극히 적을 수 밖에 없다고 생각됩니다. 즉 현재의 시스템으로는 아무리 노력해도 국가의 썩은 부위를 도려내는 것이 매우 힘겹습니다. 대한민국의 주인은 국민입니다. 시스템으로 해결이 안되는 일이 있으면 주인이 직접 나서야 합니다. 국민은 공수처를 통해 힘들더라도 고통을 감내하며 나라를 건강하게 만들자고 요구하고 있습니다. 그런데 주인의 손발이 되어야하는 국회의원들은 국민의 뜻을 거스르고 버티네요. 이게 무슨 국민을 대표하는 사람들인가요? 게다가 패스트트랙에 올라있는 공수처에도 국회의원은 대상에서 빠졌습니다. 대한민국 신뢰도 최하위에 가장 믿을 수 없는 집단이 국회의원인데 수사대상에서 빠졌다는 것만 봐도, 국회에 맡기고 있으면 공수처를 완성시키기 어렵다는 것을 알 수 있습니다. 그리고 내년 4월 한일전에서 승리한다 하더라도 숨은 적폐 세력이 많아 믿고 기다리다가 시간만 버릴 수 있습니다. 대의민주주의는 죽었다고 생각합니다. 그렇다면 모든 국민이 국민투표를 통해 직접 적페 청산의 방법을 결정하는 것이 민주주의의 뜻에 가장 맞는 방법입니다. 국가의 현안을 투표로 국민이 직접 판단하는 것이 민주주의를 거스르는 것인가요? 국민투표로 썩은 부위를 도려내고 건강해지는 방법을 결정하면 사회주의가 되나요? 공산주의가 되나요? 독재가 되는건가요? 이것을 민주주의가 아니라고 부정할 사람이 있을까요? 해본적이 없는 일은 하면 안되는 것인가요? 공수처를 설치 할지 말지, 공수처장을 어떻게 뽑을지, 공수처를 어떤 구조로 만들지의 결정을 위한 국민투표 실시를 청원합니다. 그리고 조국 후보 검증 과정에서 사학비리 의혹이 있었으므로 사학법, 그리고 그와 유사한 유치원3법도 함께 국민투표로 결정하길 청원합니다. 만약 이 청원이 받아들여져 국민투표가 결정된다면, 국회에서 잠자는 일이 발생하지 않도록 절차를 신중히 만들어 주십시오. 국회는 대한민국에서 신뢰도가 최하위인 집단입니다. 즉 가장 부패한 집단이라고 볼 수 있습니다. 이 세력으로 인해 개혁작업이 지체되는 일이 절대 없도록 신중하게 진행해 주시기를 부탁 드립니다.",
  "num_agree": 3414,
  "petition_idx": "582598",
  "title": "공수처설치 등 개혁을 위한 국민투표 실시를 청원합니다."
}