{
  "category": "정치개혁",
  "begin": "2019-09-09",
  "content": "면허취소의 음주운전 교통사고입니다. 왜 구속수사하지 않나요? 사실과 다른 온갖 의혹으로 선량하게 열심히 살아온 젊은이의 인권이 유린되고 명예가 붕괴되었습니다. 가짜뉴스를 생산하고 퍼뜨린 자들, 언론들. 알권리를 빙자한 심각한 사생활침해와 난도질을 행한 야당 의원들이 있습니다. 사실을 바로 잡아주어 한 사람과 그 가족들의 명예를 회복시켜주십시오.",
  "num_agree": 1851,
  "petition_idx": "582574",
  "title": "장제원 아들 구속수사해주세요. 조국 후보자 따님 명예회복 시켜주세요"
}