{
  "category": "문화/예술/체육/언론",
  "begin": "2019-09-06",
  "content": "'**** ****' 이라는 예능 프로에서 625 참전용사를 비하하는 발언이 있었습니다 방송에서 \" 나 때는 말이야 \" 라는 발언을 하면서 등장하는데 \" 나 때는 말이야 \"는 요즘 흔히 말하는 꼰대라고하죠? 꼰대들을 표현할때 주로 온라인에서 자주 사용하는 말인데 이런 표현을 625 참전용사 코스프레를 한 사람에게 시켜서 마치 625 참전용사가 꼰대처럼 등장합니다 현역 군인들을 코미디감으로 만들고 비꼬는것도 모자라서 목숨걸고 나라지켜 지금 대한민국에서 두 발 뻗고 잘 수 있게 해준 용사들한테 더 좋은 혜택, 복지, 포상은 못줄지언정 저런 표현으로 마치 나이먹고 훈육을 일삼는 '꼰대'로 표현한 '**** ****' 이라는 예능프로가 너무 한심합니다. 만약 625 참전용사분들이 저 방송 저 장면들을 본다면 어떤 기분이 드실까요? 내가 목숨바쳐 지켜온 나라에서 꼰대 취급을 받는 프로그램이 나온다니 정말 억장이 무너지고 너무 슬프네요.. 이에 대한 조치가 필요합니다. 해당 프로그램 폐지는 물론 담당 PD와 관련된 관계자들 모두 반성하게 해야합니다. [본 게시물의 일부 내용이 국민 청원 요건에 위배되어 관리자에 의해 수정되었습니다]",
  "num_agree": 635,
  "petition_idx": "582528",
  "title": "'**** ****' 이라는 예능 프로그램에서 625 참전용사 비하"
}