{
  "category": "정치개혁",
  "begin": "2019-09-09",
  "content": "검찰은 청문회에서 동양대 표창장이 이미 위조가 아닌 것으로 제시되었는데도 불구하고 당사자소환없이 청문회 끝남과 동시에 불구속기소를 단행했다. 이는 입법부를 무시하고 청문회의 존재역시 무력화하는 행위임에 동시에 대통령 인사권에 노골적인 도전을 하는 행위일것이다. 또한 수사의 정보 또한 특정정당에 제공한다는 국민적 의구심을 받고 있지 않은가? 대통령은 즉각적으로 조국 후보자를 법무부장관으로 임명해야 한다. 또한 즉각적인 서울지검 특수부를 비롯하여 이번 수사의 모든 검사에 대해 감찰과 감사를 실시하여야한다. 문재인 대통령의 결단이 검찰개혁을 넘어 적폐청산 나아가 4.15총선에서 압도적승리를 쟁취할 수 있을것이다.",
  "num_agree": 6482,
  "petition_idx": "582590",
  "title": "(조국후보의 부인에 대한 정치검찰의기소와 관계없이) 조국후보를 법무부 장관으로 임명해주세요."
}