{
  "category": "정치개혁",
  "begin": "2019-09-09",
  "content": "이명박 박근혜때도 본인 비리가 있는 사람도 구여당 자유한국당과 대통령이 임명 강행했습니다 조국 후보는 본인 비리가 없음에도 가족과 오촌까지 끌어들여 무죄추정의 대원칙 위반과 담당 수사관과 검사만 알수있는 수사 자료를 언론과 야당에 흘려 피의사실을 유포하여 개인의 인권말 살을 자행하였다. 심지어 조국따님이 혼자 살고 있는 집에 남자기자 두명이 새벽에 찾아가 문을 두드리고 나오라는 협박과 공포감을 조성했다. 야당 의원도 불법으로 조국 후보 본인의 자료가 아닌 자녀분의 개인정보를 무단으로 수집유출하여 개인의 명예를 훼손 하였습 니다. 누구하나 책임지고 사과는 커녕 검찰은 조국 후보 배우자분을 무 리한 기소를 자행했습니다. 이제까지 언론과 야당 의원이 제기한 의혹은 어느것 하나 범죄입 증이 된게 없었습니다 공안검사출신 황교안 김기춘도 장관 했는덕 조국 후보가 안될 이 유가 없습니다. 부디 조국 후보가 법무부장관 임명되어 검찰개혁을 완수 할수 있 도록 법대로 임명 강력하게 부탁드립니다. [여의도 사사건건] 표창원 \"조국, 법무부 장관 후보자로서 아직 결격 사유는 없어\" https://news.v.daum.net/v/20190821185214924 문재인 대표 \"황교안 총리 후보, 역대 어느 후보보다 결격사유 많아\" 박근혜 대통령과 새누리당이 총리 후보 인준을 강행하는 것과 관련해 \"박근혜 대통령과 여당의 오만과 불통에 분노하지 않을 수 없다\"며 \"지금 박근혜 대통령이 싸워야 할 대상은 야당과 국민이 아니라, 국민의 생명을 앗아가고 삶을 위협하는 메르스 대란이고, 또 극심한 가뭄이다\"고 강조했다. http://www.newstopia.co.kr/news/articleView.html?idxno=11721",
  "num_agree": 1458,
  "petition_idx": "582591",
  "title": "문재인 대통령 법대로 조국 법무부 장관 임명 바랍니다!!!"
}