{
  "category": "문화/예술/체육/언론",
  "begin": "2019-09-08",
  "content": "근래의 언론기사들을 보면, 물론 사실에 기반한 진실된 정보를 전달하는 기사들이 있는 반면, 사실확인조차 부족하며 의혹만 퍼나르기 하는 정말 언론기사인가 의구심이 들 정도의 기사들도 심심찮게 보이는게 사실입니다. 또한 , 종이신문과 TV를 통해 뉴스를 전달하던 시대에, 현시대에는 인터넷을 통해 수시로 수많은 기사에 노출될 수 있는게 사실입니다. 펜을 칼보다 강하다는 말도 있는 만큼, 이러한 현시대에 진실을 왜곡하는 언론기사는 이 사회에 굉장한 영향과 큰 폐해를 끼칩니다. 다음과 같은 것을 청원합니다. 1. 언론기자의 작성기사 레포지토리 도입 지금 처럼 모든 뉴스기사에 작성기자를 명시하는 실명제는 당연한 얘기입니다만, 각 기자들 이름을 링크로 하여 해당 기자의 작성기사 리스트를 기록으로 남길 수 있었으면 합니다. 수많은 국민들에게 영향을 미치는 언론기사이야 말로 철저하게 레포지토리를 구성하여 기록에 남기고, 국민들이 쉽게 액세스가 가능해야 한다고 봅니다. 예를들어, 과학논문들 같은 경우는 학술저널에 출판된 순간부터 출판버젼, 그 후어떠한 수정이 만들어지면 그러한 기록 등이 철저하게 남습니다. 저자가 임의로 삭제가 불가능합니다. 또한, 학술저널이 아니더라도, 아카이브 같은 프리프린트 서버의 경우도 공개된 순간부터 임의 삭제 불가능하며 모든 기록을 남기게 됩니다. 저자의 이름 클릭하나만으로 지금까지 출판한 연구논문/발표논문들을 전부 조회가 가능합니다. 과학논문들이 이러한 시스템으로 관리되는 이유에는 과학연구활동의 진실성, 공정성, 정확성 등의 중요성의 이유로 그외 더 자세한 이유는 따로 여기서 설명하지 않아도 충분하다고 생각합니다. 그외 작은 예이지만, 당장에 뉴스에 댓글을 작성하는 유저들만 보더라도, 아이디를 클릭하여 본인이 작성한 댓글들 리스트를 볼 수 있습니다. 또한, 이 청원게시판만 하더라도, \"한 번 작성된 청원은 수정 및 삭제가 불가능합니다. 최초 청원 취지와 다른 내용으로 변경되는 것을 방지하여 청원 참여자의 의견을 보호하기 위한 조치이니 신중하게 작성하여 주시기 바랍니다.\"라는 안내 메세지가 존재합니다. 언론기사의 공정성과 진실성의 중요성은 굉장히 중요합니다. 언론기사를 국가차원에서 대중에 공개되는 순간부터 삭제불가 그리고 수정내용들은 전부 version별로 기록이 남도록 하여야 한다고 생각합니다. 실수로 잘못된 정보를 보도하거나 의혹 거짓들을 퍼트리고는, 나중에 정정보도를 한다고 하지만, 이미 뿌려진 기사와 별도로 나오는 정정보도에 대한 접근성은 굉장히 떨어집니다. 2. 기사 공정성/유익성/진실성 평가 시스템 도입 과학논문처럼 동료간 심사 같은 시스템까지는 언론기사에 도입할 수 없겠지만, 가능하다면 기사별로 기사를 읽는 몇가지 요소에 맞춰 평가를 남길 수 있으면 좋겠습니다. 예를 들면, 공정성/유익성/진실성 등. 이부분에 대해서는 어떤한 시스템을 도입할 지는 많은 찬반과 논의이 필요할 것 같습니다. --- 이상, 언론기자 레포지토리는, 기자의 실명아래 작성되어 공공에 공개된 언론기사 하나하나에 대한 기록을 통한 철저한 관리 및 하나의 기사와 후속된 기사들(정정 등)이 유기적으로 연결되어 접근성을 높힐 수 있다고 생각합니다. 또한 이러한 시스템은 언론의 공정성/진실성에 대한 책임감을 도모할 수 있고, 가짜뉴스 근절에도 크게 기여할 수 있다고 생각합니다.",
  "num_agree": 658,
  "petition_idx": "582529",
  "title": "언론기자 작성기사 레포지토리/평가제 도입"
}