{
  "category": "행정",
  "begin": "2019-09-05",
  "content": "안녕하세요 저는 평범한 고등학생입니다. 이번청원은 정말 제상식으로는 이해할수가 없어 이렇게 글을 올립니다. 저번주 수요일날 미용을 하는 저희형은 자격증 시험을 앞두고 친구머리를 해주고 새벽에 집에 돌아오는길이였습니다. 형은 우회전을 하면서 충분히 시야를 확인하고 우회전을 하자 미친듯한 속도로 상대방 차량이 돌진해 사고가 났습니다. 형 차량은 폐차수준에 이르렀고 저희형은 뇌진탕 전치3주진단을 받았습니다.계속 서서 일하는 직업인데 불과하고 목과 허리통증을 호소하였습니다. 경찰서에서 입원해있는 형에게 경찰서에서 연락이 와서 가서 진술서를 쓰게되었습니다. 그러나 담당경찰분이 하시는 말씀은 형이 가해자라는 이해할수없는 소리를 하였습니다. 즉 \"도로교통법\" 상 직진차량이 우선이라는 거죠 형은 그 차량이 무먼혀에다가 음주운전을 강조하였음에도 불구하고 경찰무리들은 젊은 저희형에게 \"야 너\"하면서 마치 \"피의자\"마냥 대하였습니다. 그리고 상대방의 문자를 보여줬어도 \"그런건 우리에게 보여줄 필요가없다\"면서 심지어 상대방이 과속을 했는지 신호위반을 했는지도 확인조차 하지않고 그저 형을 가해자로 단정지었습니다. 저희 형 어머니 저 세명은 부유하진 않지만 서로 의지하며 열심히 살고 있습니다. 제 상식으로는 이해할수 없습니다. 상대방은 무려 음주운전2번째고 무면허로 운전을 하였습니다. 운전을 하면 안되는 사람이 운전을 하여 사고가 났는데 저희형이 가해자가 되었습니다. 과연 \"도로교통법\"은 음주무면허에게 이렇게 관대한 법이였습니까? 너무 억울합니다.",
  "num_agree": 405,
  "petition_idx": "582509",
  "title": "교통도로법은 음주운전 무면허에게 더 강한가요?"
}