{
  "category": "인권/성평등",
  "begin": "2019-09-05",
  "content": "개인정보보호법 위반한 주광덕, 곽상도 의원을 강력히 처벌해주십시오. 법을 만들고 앞장서서 지켜야 하는 국회의원 신분임에도 불법적인 개인정보 유출로 법을 능멸하고, 개인의 인격을 무참히 짓밟은 주광덕, 곽상도 의원을 엄히 처벌해주시기 바랍니다",
  "num_agree": 30793,
  "petition_idx": "582514",
  "title": "개인정보보호법 위반한 주광덕,  곽상도 의원을 강력히 처벌해주십시오."
}