{
  "category": "정치개혁",
  "begin": "2019-09-09",
  "content": "장제원 의원의 아들 장용준군은 지난 7일 만취 상태로 운전을 하다가 사고를 냈습니다. 뿐만 아니라 사고 후 운전자를 바꿔치기하려고 시도했으며 아버지의 이름을 대며 사고를 무마하려는 행동을 했습니다. 이는 의혹이나 추정 정도가 아닌 누가 봐도 명백한 범죄입니다. 장 의원은 \"용준(노엘)이는 성인으로서 자신의 잘못에 대한 모든 법적 책임을 달게 받아야 할 것이며 이에 대해 고개 숙여 사죄드린다\"고 밝했습니다. 그러나 이 사과로는 충분하지 않습니다. 장제원 의원은 앞서 조국 수석의 청문회에서 자녀의 일을 거론하며 자식의 잘못은 부모가 책임을 져야 하며 공직에 있어서는 안된다는 내용의 발언을 한 바 있습니다. 자기의 말을 스스로조차 책임을 지지 못하는 자가 어떻게 공직을 수행하며 국민을 대변하여 일할 수 있겠습니까? 장제원 의원은 아들 장용준 군의 사건에 대해 국민 앞에 무릎꿇고 사죄하고 당장 의원직을 사퇴하십시오!!!",
  "num_agree": 1748,
  "petition_idx": "582579",
  "title": "장제원의원 아들 음주운전 책임지고 사퇴하십시오"
}