{
  "category": "정치개혁",
  "begin": "2019-09-09",
  "content": "조국 법무부장관 후보에 관한 검증을 통해 대한민국 공직자가 되려면 가족, 특히 자녀에 대한 엄중한 검증이 필요하다는 것을 깨닫게 되었습니다. 이제껏 몰랐던 이 중요한 사실을 일깨워주신 윤석렬 검찰총장님과 대한민국 검찰분들에게 큰 감사를 표합니다. 총장님의 유래없이 강력하며 신속한 일처리로 문재인 정부의 앞날에 광명이 비추는 듯 합니다. 이렇게 중한일을 오직 법무부장관 후보님에게만 적용할 수 있겠습니까? 대한민국의 모든 공직자들이 청렴한분들로 가득찰 수 있게 모든 공직자들의 자녀에 대한 강도높은 조사가 행해져야 할 것입니다. 특히 자녀가 학창시절 받은 표창장에 대해서는 직인과 일련번호등의 유효성을 따져보아야 할것이며 증거인멸을 막기위한 압수수색도 필수적일 것입니다. 존경하는 윤경렬 총장님. 부디 조직을 향한 충정이 가득한 당신의 칼날을 통해 공정하고 투명한 대한민국이 되기를 두손모아 기원합니다.",
  "num_agree": 4826,
  "petition_idx": "582599",
  "title": "국회의원과 고위공직자의 자녀들을 전수조사 해주십시오"
}