{
  "category": "정치개혁",
  "begin": "2019-09-06",
  "content": "청와대와 정부는 검찰 수사에 삼권분립을 지키고 수사에 개입하거나 압력을 가하는 행위는 삼가해 주시기 바랍니다. 국민의 눈과 귀가 모든 상황을 지켜보고 있으며 거짓 해명과 변명으로 삼권분립을 회손하여 정의가 바로서지 못하는 우려를 가지고 있습니다. 국민의 걱정이 나라 걱정을 하게 하는 일은 없었으면 좋겠습니다.",
  "num_agree": 2644,
  "petition_idx": "582524",
  "title": "검찰 수사에 청와대와 정부는 삼권분립을 지켜주십시오"
}