{
  "category": "정치개혁",
  "begin": "2019-09-09",
  "content": "댓통령의 지시를 어느 하나 부족함 없이 잘 따르고 있는 윤석열 검찰총장을 모함하는 정치 세력을 줄을 잇고 있습니다. 이는 댓통령에 대한 모욕이며 반란입니다. 검찰은 범죄자의 지위고하를 막론하고 수사로 답하여야 하며 법은 그 누구에게도 평등합니다. 이에 댓통령의 말처럼 살아있는 권력에도 진실의 힘으로 칼을 겨누고 있는 윤석열 검찰총장에게 댓통령은 응원의 격려를 하셔야 하며 댓통령의 어명을 거역하며 윤석열 검찰총장을 모욕하고 있는 일부 몰지각한 정치세력에게 경고를 하셔야 합니다. 과정, 정의, 결과 모두 공정할수 있도록 오늘도 열심히 목숨걸고 수사하고 있는 윤석열 검찰총장과 검찰분들께 응원의 박수를 보냅니다. 범!죄! 소!탕! 윤석열 화이팅!!",
  "num_agree": 5625,
  "petition_idx": "582566",
  "title": "살아있는 권력에도 칼을 대라는 댓통령의 지시를 잘 따르고 있는 윤석열 검찰총장을 응원합니다."
}