{
  "category": "정치개혁",
  "begin": "2019-09-09",
  "content": "조국 후보자 청문회에서 제출된 서류를 훼손하는 행위에 대하여 법치가 살아있음을 빠른시일 내에 증명해주시길 바랍니다. 빠른 수사가 진행되지 않는다면 법앞에 개인의 지위에 따라 차등을둔다는것을 인정하는 꼴이되지않겠습니까? 법앞에 평등한 권리를 보장받고있다는 것을 증명해주시길 간곡히 부탁드립니다.",
  "num_agree": 2689,
  "petition_idx": "582556",
  "title": "공용서류 무효죄 자유한국당 김진태 의원 처벌청원"
}