{
  "category": "보건복지",
  "begin": "2019-09-09",
  "content": "****병원에 입원중인 환자의 보호자입니다. ****병원은 10일(화)부터 총파업 예고를 앞두고 있는 상황에서 입원 환자에 대해 보호자에게 전원을 요청하고 있는 상황입니다. 투석환자로서 심정지로 인해 명확한 의식이 없고, 거동이 전혀 되지 않고 있으며, 주3회 투석을 실시해야만 생명을 유지할 수 있는 상태입니다. 총파업으로 인해 일반병동 환자들을 위한 투석실은 운영되지 않는다는 이유로 전원을 강요하고 있습니다. 현재 다른 병원으로 전원을 신청해 놓은 상태인데 총파업이 있기 때문에 다른 병원으로라도 가야한다고 합니다. 일반 환자들과는 다른 중증환자들 조차도 내몰고 있는 상황으로, 총파업 전에 전원을 가면 좋겠다며 하루 이틀 사이에 보호자가 병원환경조차 살펴볼 수 없는 시간을 주고 있다는 게 말이 되는지요. 총파업을 하더라도 기존 입원환자를 돌볼 수 있는 대체인력을 확보한 상태에서 그들(이사장 및 병원 직원)의 이익을 추구해야 한다고 생각합니다. 총파업 전 극적인 합의가 타결될지는 모르지만, 기존 입원환자를 내쫓으면서까지 파업을 강행하며 이익을 추구하려는 곳이 진정 환자를 돌보는 병원이라 할 수 있는지 의문입니다. 최근 국립암의료센터의 총 파업 상황을 보십시오. 암으로 인해 고통받는 환자들을 돌보는 병원에서 항암치료 및 방사선치료조차 받을 수 없게 파업을 하고 있다는 현실은 참 암담합니다. 병으로 고통받고 있는 환자를 돌보는 병원이라는 곳에서 본인들의 이익을 추구하기 위해 환자를 내쫓으면서까지 파업을 강행하는 모습을 보며 보호자로서 어떻게 해야 할지 막막합니다. 앞으로 입원환자의 생명을 경시하고 내쫓으면서까지 총파업을 강행하는 병원에는 국가에서 강력한 제재가 필요하다고 생각합니다.",
  "num_agree": 269,
  "petition_idx": "582592",
  "title": "환자를 볼모로 이익을 추구하려는 자들 과연 올바른가?"
}