{
  "category": "정치개혁",
  "begin": "2019-09-09",
  "content": "장제원 의원 아들이 음주운전 사고를 냈습니다. 그것도 면허 취소에 해당하는 정도로요.. 윤창호법을 만드시고 통과시킨 국회의원의 아들이 그 법을 개정한 국회의원을 무시한 행위인가요? 오히려 아버지를 봐서라도 음주운전은 하지 말아야지요. 1. 면허 취소에 해당한다면 면허 취소 하여야 합니다. 2. 금품을 수수하려 했다면 그것도 처벌해야 합니다. 3. 운전자를 바꿔치기하려 했다구요? 증거인멸 정황도 있다면 처벌해야 합니다. 4. 아들의 잘못에 대해 깊히 반성하고 국회의원직 사퇴해야 합니다. 5. 철저한 조사로 특혜 받지 않도록 구속수사 해야 합니다. 6. 수십억의 벤츠라던데 아들이 그리 돈을 많이 벌었나요? 부자신가요? 이 벤츠를 구입하게 된 경위도 철저히 조사해야 합니다.",
  "num_agree": 3282,
  "petition_idx": "582585",
  "title": "장제원 아들 음주운전 사고 강력처벌 및 장제원 의원직 사퇴"
}