{
  "category": "외교/통일/국방",
  "begin": "2019-09-05",
  "content": "\"나의 뼈를 하얼빈 공원 곁에 묻어 두었다가 우리의 국권이 회복되거든 고국으로 반장해다오.\" 아직도 찾지 못한 안중근 의사의 유해를 반드시 거두어 주시기 바랍니다. 안중근 의사께서 돌아가신지 한세기가 지나고 그 이후 또 10년이 다되어 갑니다. 나라를 위해 목숨을 바치신 분들 한분 한분 모두의 유해를 거두어 그토록 그분들이 보고싶어하시던 대한민국의 독립과 지금의 자유롭고 발전된 고국의 모습을 반드시 보여드리는게 지금의 우리가 보답하는 길이라고 생각합니다. 더 늦기전에 반드시 안중근 의사님의 유해를 고국으로 모셔와주시기를 간절히 바랍니다.",
  "num_agree": 1148,
  "petition_idx": "582501",
  "title": "아직도 찾지못한 안중근 의사의 유해를 반드시 거두어 주세요"
}