{
  "category": "정치개혁",
  "begin": "2019-09-09",
  "content": "오늘 조국 법무부 장관 후보자의 청문회가 있었습니다. 지난 4주는 가짜뉴스로 시작해 하루도 쉬지 않고 조국 후보자에 대한 의혹으로 시작해 의혹으로 끝나는 하루하루였습니다. 조국 후보자와 그 가족을 향해 던져지는 모든 의혹은 증인과 증거들로 해명이 되었음에도 해소되지않고 결국은 거서 , 고발로 이어졌으며, 검찰은 이러한 민감한 시기에 유래없이 신속하고 광범위한 압수수색으로 여론을 호도하고 자신들의 정치적 위치와 주장을 내보였습니다. 사법부중 국민의 신뢰도가 최하위인 검찰을 개혁하는 것은 많은 국민들의 열망이며, 조국 법무부 후보자의 정책 중 하나였습니다. 이러한 국민들의 열망을 무시하고 조사도 없이 법무부 장관 후보자의 부인을 기소하는 것은 전례없는 일이며, 이것은 검찰이 곧 국민 보다 대통령보다 더 위에있다는 오만함을 보여준 것입니다. 또한 그들은 자신들의 조직과 이익을 위해서는 그 어떤 짓도 국민들에게 행할 수 있다는 것을 보여준 것이기도 합니다. 지금까지 이러한 조직의 힘으로 수많은 부정과 부패, 그리고 불공정함을 자행해 온 검찰은 오늘 이 기소사태로 자신들이 더이상 법을 집행할 자격이 없다는 것을 증명하였습니다. 이에 청원합니다. 검찰을 해체하고 그에 상응하는 다른 사법기관을 만듦과 동시에 사법기관들과 무능한 고위 공무원, 국회의원들을 감시, 상호 견제할 수 있는 공수처를 만들어 주십시오.",
  "num_agree": 2155,
  "petition_idx": "582589",
  "title": "검찰 해체를 청원합니다."
}