{
  "category": "문화/예술/체육/언론",
  "begin": "2019-09-06",
  "content": "근래 20년간 국방개혁을 통해 수많은 전, 후방의 군인들의 생활수준력이 높아졌다고하여, 외부에서 \"나때는말야~\" 하면서 술자리나, 이야깃거리로 삼는게 일상화되었습니다. 무용담, 자기는 전방 철책선에서 근무를 섰었네, 해안경계를 했었네~ 하는거 20대~30대 남성들이나 의무는 아니지만 자원하여 군에 들어온 여성군인들이면 전역하고 하는 얘기들인거 충분히 이해하실겁니다. 그만큼 긴 시간을 힘든 군생활에 보냈기 때문이죠. 이를 두고*** 방송사 '**** ****'이라는 프로그램에서 전역하고도 밖에서 군대얘기를 하는 소위 '군무새' 라 불리는 걸 희화화 시켜서 시청자들의 공감을 자아내게 하는 편을 내보낸 적이 있습니다. 물론 그만큼 많이 얘기를 하면 상대방이 맞받아쳐주기 힘들다라는 것을 이야기 하고 싶었던 것이겠죠. 허나 여기서 6.25 참전용사의 모습의 출연자가 나옵니다. 이사람은 '나때는 말야~'하면서 군무새 중 최고로 연출됩니다. 이게 말이 된다고 생각하십니까? 도대체, 어느 나라, 어느 방송국에서 참전용사를, 그것도 그 나라의 역사에 장대한 영항을 끼친 전쟁의 용사들을 희롱하여 방송에 내보낸단 말입니까? 전혀 희롱할 생각이 없었다고 보기 힘듭니다. 관련링크의 영상 댓글만 봐도 젊은 여성들의 이상하리만큼의 많은 공감대를 만들어 보입니다. 남성들이 보면 한숨밖에 나오지 않습니다. 굳이 군대얘기를 입밖으로 꺼내지 않아도 '내가 저런 사람들을 위해 2년간 목숨바쳐 지켜낸 한국인가?' 라면서 생각합니다. 젊은 남성들보단 이런 영상을 만약 참전용사 당신께서 보신다면 어떠한 생각이 들런지요? 이러한 방송이 지속되는 한, 대한민국의 안보력은 훨씬 낮아질 것이며, 남녀갈등의 문제를 더욱 유발시키고, 더 큰 문제로는 역사인식의 저질성까지 보이는 방송입니다. 처벌하여 주십시오. [본 게시물의 일부 내용이 국민 청원 요건에 위배되어 관리자에 의해 수정되었습니다]",
  "num_agree": 629,
  "petition_idx": "582527",
  "title": "대한국을 구한 6.25 영웅들을 희롱하는 방송, 과연 괜찮을까요??"
}