{
  "category": "문화/예술/체육/언론",
  "begin": "2019-09-08",
  "content": "지금 북상하고 있는 태풍 ‘링링’의 영향으로 강원도 교육청에서 스포츠클럽 대회를 일반적으로 취소하였습니다. 물론 안전도 중요하지만 이번 대회를 위해 여러날 고생하면 땀흘린 학생들에게 너무 가혹합니다. 부디 강원도학교그포츠클럽축제를 ‘취소’가 아닌 ‘연기’ 해주세요",
  "num_agree": 2393,
  "petition_idx": "582533",
  "title": "강원도 스포츠클럽 축제를 ‘취소’가 아닌 ‘연기’해주세요"
}