{
  "category": "보건복지",
  "begin": "2019-09-08",
  "content": "저는 ***건설이 시공 중인 아파트(광주 **주공)에 입주할 조합원이자 두 아이를 키우는 엄마이기도 합니다. 처음에는 라돈 피해 아파트 뉴스를 보고 내가 살 집은 아니겠지 하고 생각하다가 전국 아파트 17곳 중에 11곳이 ***건설이라는 정의당 보도자료를 보고 점점 큰 걱정이 생겼습니다. ***건설이 지은 아파트에서 화장실 2곳과 입구 현관 1곳에서 라돈이 검출되었다는 보도를 보고 입주할 우리 집도 해당되는 건 아닌지 불안했습니다. 지금 정의당 이정미 의원과 ***건설 ** 신축아파트 입주 대표자들이 ***건설을 상대로 한국소비자 보호원에 라돈 피해 구제 신청을 통해 소비자 분쟁조정 절차가 진행되고 있다고 합니다. 하지만 ***건설은 법을 앞세워 2018년 1월 1일 이전에 승인된 아파트여서 교체할 법적 의무가 없다고 발뺌을 하고 있습니다. 전 공기업 ***의 이미지와는 다른 ***건설의 대응에 실망을 넘어 분노하고 있습니다. 저희 아파트도 2017년 8월에 사업시행인가를 받았기 때문에 라돈이 검출된다면 ***건설에서는 또 법을 빌미로 라돈 마감재 교체를 거부할 것이 불을 보듯 뻔합니다. 제가 청원하는 것은 2가지 입니다. 첫째, 라돈관련법 소급적용을 통해 철저한 라돈제품 전면교체 둘째, ***건설 이** 대표이사의 국정감사를 요청합니다 법 이전에 생명입니다. 대통령님도 사람이 먼저라고 하셨습니다. 살려주십시오. 두번 다시 이런 일이 재발되지 않도록 안심하고 살 수 있는 행복권과 생명권을 보호해 주십시오. [본 게시물의 일부 내용이 국민 청원 요건에 위배되어 관리자에 의해 수정되었습니다]",
  "num_agree": 401,
  "petition_idx": "582535",
  "title": "***건설 라돈 검출 아파트 국정감사 요청합니다."
}