{
  "category": "정치개혁",
  "begin": "2019-09-09",
  "content": "대한민국은 행정부, 사법부, 입법부 등이 각자의 역할을 통해 민주주의를 수호하고 법치국가를 존속시키는 엄연한 삼권분립의 국가입니다. 여기서 무엇보다 중요한 건, 각 부에 주어진 권한 내에서 그 역할이 이뤄질 때에, 사회는 개인들의 안정감 속에서 더욱 건강해진다는 사실입니다. 뿐만 아니라 이처럼 권한을 넘어서지 않는 선에서의 역할 수행이란 임무는, 삼권부에 속한 각 부처별 기관 내부에서부터 이뤄질 때에, 비로소 안정적인 삼권분립이 가능해질 것입니다. 장관 임명권은 행정부 수반인 대통령의 고유권한이고, 그 임명 과정에서 후보자의 자질에 대한 자유로운 검증 절차인 청문회를 통해, 국민으로서의 고유권한 또한 행사됩니다. 특히나 지금처럼 장관으로서의 자질판단 대상이 후보자 본인인지 그 딸인지 구분이 힘들 만큼 무분별한 의혹과 왜곡보도들의 홍수 속에선, 후보 당사자의 직접적인 소명과정을 국민의 눈으로 직접 확인하며 자유로이 판단하는 민주적 절차가 보다 절실한 상황입니다. 그럼에도 불구하고 이같은 국민적 권리가 행사되는 청문회가 이뤄지기도 전에, 검찰의 31곳에 대한 압수수색이 기습적으로 강행되었습니다. 마치 의혹 수준을 이미 넘어선 피의자 신분의 후보자임을, 국민 개개인의 고유한 판단영역 속에 미리 각인시켜 놓는 듯한, ‘묵시적 공표’와도 다름없는 검찰의 비상식적 행태였습니다. 직후 연일 쏟아지는 수사내용 보도들은 언뜻 보면, 마치 언론이 검찰로부터 ‘수사관의 보조 역할’을 부여받기라도 한 듯, 한 팀을 이뤄 수사가 전개되는 듯한 형상으로까지 비춰졌습니다. 이런 황당하고 혼란스런 상황은 결국, 임명권자인 대통령의 고유권한에 개입함과 동시에, 국민의 객관적이고 자유로운 판단기준에까지 개입한, '국가(국민)를 향한 검찰의 도전'이자 '민주주의와 법치국가의 근간마저 뒤흔든' 사상 초유의 사태가 아닐 수 없습니다. 또한 “검찰권이 국민의 입장에서 적정하게 행사되도록 하기 위해서는, 검찰총장의 사전 보고를 전제로 법무부장관이 지휘 감독을 할 수 있어야 한다”는 검찰청법 8조에 근거한 법무부장관의 발언에 대해, 검찰의 공개 반발까지도 이어졌습니다. (링크 1 참조) 거기에 더해 검찰내의 현직 검사까지 후보자의 사퇴를 촉구하는 발언을 서슴지 않았는데, 그의 발언을 현재 검찰의 행태 그대로 괄호속에 투영해 본다면 다음과 같겠습니다. \"적어도 수사(정치)에 영향을 줄 권한(우려)을 가진 자리에 앉은 공무원(검찰 공무원)이라면 어느 정도(상당히) 신빙성 있는(유력한) 의혹(수사기밀 유출 의혹)이 제기된 경우 일단 사퇴하고 민간인 신분으로 수사를 받아야 한다\" ‘검찰개혁’이 왜, 그리고 얼마나 절실한지를 오히려 국민에게 각인시켜 주고 있는 검찰의 현실이라고도 볼 수 있겠습니다. 검찰내 자성의 내용에서와 같이 “수사팀의 수사진행 상황은 처음부터 후보자의 낙마를 의도한 것 아니냐는 일각의 반론에 대해 할 말이 없어진” 상황임은 물론, “검찰 개혁을 추구하는 장관 후보자에게 누가 흘렸는지 알 수도 없는 70만건이 넘는 기사만을 토대로 사퇴하라고 요구하는 것은 모순된 상황과 내부 비리에 목소리를 높이지 않았던 검찰이 할 말은 아닌 것”입니다. (링크 2 참조) 이처럼 어떤 성찰보다는 무소불위의 검찰 권력만을 드러내는 일련의 과정들이 날로 더해지는 현실에서, 국민은 심각한 불안감을 느낌과 동시에, 과연 실로 건강한 사회속에 살아가고 있는지에 대해 심각한 의문을 갖게 됩니다. 이에, 검찰이 행정부의 일개 부처가 맞는 것인지, 아니면 독립된 권력기관이었던 것인지에 대해, 정부는 국민에게 명확히 확인시켜 주시기 바랍니다!",
  "num_agree": 1262,
  "petition_idx": "582552",
  "title": "\"검찰은 독립된 권력기관이 아닌 '행정부의 일개 부처' 아니었습니까?\""
}