{
  "category": "육아/교육",
  "begin": "2019-09-06",
  "content": "안녕하세요 유아교육과 다니고 있는 재학생입니다. 유아교육과에서 하는 유아교육제 행사 참여해보신적 있으신가요? 각종 어린이집 유치원 행사장 동네 주민들 총1000명정도 1박2일간 보고가십니다. 그런 행사를 준비한 유아교육재학생들은 한달동안 열심히 준비하고 재료를 만들고 아이들에게 줄 선물을 포장하고 하루하루 매일 12시간~13시간동안 학교에서 생활을 합니다. 그런 준비가 재미있는 사람도 있고 힘든 사람들도 있고 하기싫은사람 당연히 있습니다. 하지만 저는 이런 행사를 하며 욕먹을 일인가 싶기도 하고요 하고싶은사람만 해도 될것같은데 전학년이 해야하구요 아르바이트나 각자 일이있으면 팀장에게 말해서 빼고싶지만 당연히 안빼주고요, 인사는 물론 왔다갔다할때마다 안녕하세요 안녕히가세요 물론 재료만들면서도 인사를 해야합니다. 안하면 남아서 엄청혼나고요, 매일 카톡으로 인사 똑바로 하라고 욕먹으며 하루하루 살아야 합니다. 또 재료만들다가 칼에 베여 피가 나는데도 양면테이프 붙여주며 괜찮다며 시간없다고 빨리 하라고 하고 매일 집가기전에 청소하고 만드는것마다 이상하다 다시해라 똑바로해라 알려줘도 못하냐 알려주기 싫다 이렇게 해서 어떻게 행사 진행할꺼냐 교수님들은 선배들이 잘해주는걸로 아시는데 전혀 아니에요. 그리고 점심 저녁 다 사먹으면 돈이 없어서 못먹을때가 많아요 그래서 간단하게 삼각김밥으로 떼울때가 많습니다. 삼각김밥 하나먹고 3시간을 또 앉아서 쉬지 않고 열심히 최대한 깔끔하고 실수하지 않을려고 노력하고있는데 윗사람들은 그것조차 느리다고 이상하다고 욕합니다. 이렇게 한달동안 욕먹고 서로 짜증나고 욕해도 욕하지말라고 하고 짜증낼거면 집가서 짜증내라하고 이러면 하루가 정말 지옥같고 행사 참여 하기싫어요. 학점? 이렇게 욕먹고 하는 행사로 학점도 받기싫고요 행사준비하면서 우리가 하는것들은 보지도 못하는건 당연 학교전체에서 하는 행사(체육대회,축제)등 다 기권해서 못합니다. 너무 억울하고 학교생활이 힘듦니다. 교수님들은 왜 이시기에 자퇴하고 휴학하는지 모르시나요? 전부다 욕먹기도 싫고 인사 받지도 않으면서 인사강요하고 조금이라도 반말하면 존댓말 안하냐며 욕먹고 의상 만들때 옷 만드는법도 모르고 바느질 못하는 사람에게 바느질하라해서 못하면 또 욕먹어요. 삣둘다 위아래로 올라갔다가 내려간다. 반듯하게 못하냐 이런말 들으면서 하기싫어요. 보는 사람은 즐겁고 신기하겠지만 행사 준비하는사람들은 다치고 집가서 울고 힘들고 스트레스 받고 칭찬 한번 못받고 집에 돌아옵니다. 행사가 끝나면 좋은경험이다 재미있었다 좋은 추억으로 남을것같다 하지만 전혀 아닙니다. 밥도 사주지도 않고 욕먹고 하는데 좋은추억이라고요? 이제 막 졸업하는 언니들은 재미있겠죠 옆에서 폰만 하고있으니깐. 정말 그거 보면서 너무 많은 생각이 들고 학교 사이트에 올리면 익명보장도 못하고, 또 모이라해서 욕먹을게 뻔하니깐요. 방법이 없어요. 유아교육제 폐지시켜주세요. 시험준비 2주밖에 안돼고요 한달이라는 긴 시간동안 돈도 못벌고 돈만 20만원넘게들고요 집가는 길 버스 막차 못타면 택시타게되요. 요즘 택시비 어마어마 합니다. 교수님들은 빨리끝내주라고 선배들에게 말하면 일찍끝내주시는줄 알겠지만 전혀 아닙니다. 시간은 더더 늘어나서 더 늦게끝나요 이렇게 행사 준비하면서 공연하는거 너무 싫고 표정관리 똑바로 하라는데 진짜 못해먹겠어요. 유치원교사라는 꿈을 포기하고 싶을정도로 유아교육제,프뢰벨제,아이사랑,공연 각 학교마다 이름이 다른데 폐지 시켜주세요. 너무 힘들게 준비해서 보여주는거 좋죠. 보는사람이 즐거우면 더 좋죠. 하는건 1학년 2학년들이 하는건데 칭찬받는건 위에학년. 다했다고 하는것도 위에학년 집에 일찍가는것도 위에학년. 이렇게 힘들게 준비하고 시간뺏겨가며 하고싶은일도 못하면서까지 하고싶지 않아요. 저녁도 사먹기 버거워요. 제발 유아교육제 폐지시켜주세요. 학점행으로도 하지말아주세요. 내년에 또 올라오는 신입생들, 재학생들에게 힘을 덜어주고 싶어 이렇게 글 남깁니다. 이렇게 긴 글 다 읽어 주셔서 감사합니다.",
  "num_agree": 387,
  "petition_idx": "582516",
  "title": "유아교육과 행사 유아교육제 폐지시켜주세요"
}