{
  "category": "일자리",
  "begin": "2019-09-08",
  "content": "** 중공업 조선업은 갈수록 갑질횡포가 심하다 그와중에 협력업체도 마찬가지이다. 기본 상려금도 도려내는 기능공들 경력자들 초보자보다 500-1000원 더 받아가면 생고생을 하고있다. 하지만 본공 시급제 들은 갈수록 보너스는 완전없어지고 여름 휴가 마저도 무급 연차로 보내는 갑질 횡포도 심한 협력업체들도 많습니다 힘들때 보너스 없애고 조선업 짤려 가면서 부당해고까지 직접 정년퇴사 권고사직 말도 할수없이 많았습니다 그러나 지금은 그 어려웠던 모든걸 안주고 노동자들은 출근은 7시 30분에 일터를 나오게하고 일시작하고 퇴근시간은 6시에 마쳐 퇴근 지문등록은 6시10분 총 40분을 공짜로 가져갑니다 실질적으로 이런것까지 이해는 한다쳐도 보너스 설날 추석 여름 휴가 이런 복지 혜택을 송두리째 다가져가고 일만 하는 개미로 만들고있습니다 다른건 다 안줘도 좋습니다 적자니 흑자니 다필요없습니다 베트남 사업 연간 흑자 ** 이딴거 다 필요없습니다 보너스 안줘도 좋습니다 하지만이 3가지 우리 나라 고유명절 설날 추석 여름 휴가 3가지는 인간적으로 휴가비 무급 연차로 대처 명절 떡값도 송두리째 갑질하는 정말 못참겠습니다. 10년 *** 회장때는 이러진 않았습니다. ** ** 뭐라고 하기전에 **이 사업하는게 많은건 사실이지만 노동자 권리를 송두리째 가져가고 개 돼지 소 마냥 노가다도 이렇게 일 안시킵니다.노가다도 이렇게 월급이 약하지 않습니다 그래도 대기업 우리나라 조선업이 국가에서 맡아서 관리 한다지만 이건 아니라고 봅니다 노동자 권리를 존중해주고 고유명절 차비 떡값도 안나오는 우리나라 회사들 반성합시다 최저임금도 임금이지만 오른거 같지만 송두리째 보너스 권고사직 권고 정년퇴사등등 이건 아니라고 봅니다 [본 게시물의 일부 내용이 국민 청원 요건에 위배되어 관리자에 의해 수정되었습니다]",
  "num_agree": 184,
  "petition_idx": "582530",
  "title": "**중공업  보너스 명절 상여금 등등"
}