{
  "category": "안전/환경",
  "begin": "2019-09-09",
  "content": "자유한국당 장제원의원 아들 장용준씨의 음주운전사고(사고초기 기사 0.12%/오토바이 인사사고)가 지난 7일 기사화되었습니다 언론은 사고자 장씨자 사고직후 운전자 바꿔치기및 출동경찰에 금품제공을 댓가로 무마시도 본인의 부친 직업언급을 하였다고 보도하고 있습니다 이에 장의원은 아들의 일로 국민들께 죄송하다 성인인 아들이 죄값을 달게 받겠다고 발표했습니다 하지만 발표하루가 지난 지금 사고현장에 있지도 않았던 장의원은 아들이 자신의 존재를 경찰에 언급했다는 보도는 사실이 아니라는 거짓해명을 하고 있습니다 또한 사건직후 보도에는 측정수치가 0.12%였는데 중간시점에서는 0.08로 또 현재는 음주취소수치의 라는 애매모호한 식의 표현으로 보도가 되고 있습니다 만취운전자가 인사사고를 내고 제3의 인물을 불러 운전자바꿔치기를 시도하고 운전자 본인은 운전을 하지 않았다고 거짓말하고 출동경찰관에게 금품을 제공하여 무마를 시도하였다면 즉시 구속수사가 이루어졌을것이 분명할것이라 생각합니다 하지만 하물며 출동경찰관에게 우리 아버지가 국회 의원이다라는 언급까지 했다니 구속수사가 당연한 일이 아닌가 싶습니다 국회의원의 면책특권은 그의 가족에까지 적용되는 상황인지 정부는 답변주시기 바랍니다",
  "num_agree": 612,
  "petition_idx": "582570",
  "title": "자유한국당 장제원의원 아들 음주운전 인사사고 조작 정황 조사부탁드립니다"
}