{
  "category": "기타",
  "begin": "2019-09-05",
  "content": "분명히 국민모두가 이사건에 관심이상으로 내 일같이 울분해 하고있습니다 피해자 유가족및 현남편에게 하나밖에없는 아들까지 잃어 깊은상심을 같이 아파하고 보듬어주고싶은 마음입니다 한가정을갖구 아이를낳아 기른 부모라면 같은심정일것입니다 왜?재판 받을때마다 머리카락으로 얼굴을 가리고 나오는것을 검.경찰들은 방관하고계시는지 오히려 한층더 경호를 한다는것이 국민의 한사람으로써 용납이되질않습니다 이렇게 악질적 살인을하고도 경호를 받는다는것이 타당한것인지 묻고싶습니다 유독 왜?고유정만 얼굴공개를 못하게 하는것인지 합당한 대답을 해주시기바랍니다",
  "num_agree": 2168,
  "petition_idx": "582505",
  "title": "고유정살인마 얼굴을 가리지말고 흉악범으로 신상공개해주십시요"
}