{
  "category": "정치개혁",
  "begin": "2019-09-05",
  "content": "110년간 토착왜구가 더럽혀온 대한민국 언론 혁명 제안! 토착왜구라는 말은 110년전에도 이 땅에서 우리 선조님들께서도 사용하시던 용어다. 1910년 6월 22일자 대한매일신보에 '토왜천지' 라는 기사가 실려있다. 기사에서 토왜, 즉 토착왜구를 상세하게 설명하고 있다. 그 내용을 보면 토왜를 '얼굴은 조선인이나 창자는 왜놈인 도깨비 같은 자, 나라를 좀먹고 백성을 병들게 하는 인종' 이라고 말하고 있다. 그때부터 110년이 지났음에도 토착왜구들은 여전히 '나라를 좀먹고 백성을 병들게 하며' 토착왜구들의 반민족적, 반민주적, 반인륜적 야만적인 악행은 여전히 나라 전체에 창궐하고 있다. 110년간 계속된 토착왜구들의 아수라 같은 악업으로 인해서 대한민국의 언론, 정치, 교육, 검찰, 법원, 경찰, 군대 등의 수많은 사회 각 분야에 왜독으로 인하여 정상적인 기능이 이루어지지 못하고 있다. 이중에서 토착왜구들이 퍼뜨린 110년간의 왜독으로 가장 오염된 분야를 꼽자면 1등이 언론이요 2등이 정치요 3등이 법원과 검찰, 경찰 이다. 이 세가지 왜독 중에서 가장 시급하게 개혁해야 할 단 한가지를 꼽자면 언론이다. 프랑스의 드골장군이 8만명의 나치부역자를 처단할 때 절대로 용서하지 않은 부류가 바로 기자와 군인 반역자들이었다. 일제 패망후 70년이 지나도 토착왜구들의 악랄한 반역행위는 110년간 지속하고 있다. 이제는 토착왜구들을 심판해야 한다. 그 첫번째 심판의 대상이 바로 첫번째가 토착왜구 언론들이다. \"토착왜구심판특별법\"을 만들어야 한다. 지난 110년간 명백하게 민족을 반역하고 나라를 반역하고 백성을 반역하고 인륜을 반역한 짓을 저지른 토착왜구들은 시효없이 일벌백계 해야 하고 재산을 몰수해야하며, 지금 대한민국 언론의 90%를 장악하고 있는 토착왜구 언론은 통폐합하고, 모조리 정리해햐 한다. 아울러 정부는 시급하게 \"국민투표 앱'을 만들아서 배포하라. 철저하게 실명제로 운영하며 오직 1인 1표로 투표하여서 모든 국가 현안에 대하여 모든 국민(15세이상)이 바로 바로 투표하고 실시간으로 즉각적으로 국민의 통합된 민의를 투명하고 깨끗하게 알 수 있는 세계 최초의 직접민주주의를 실시하라 ! 이것은 현재의 기술력만으로도 즉각 실시할 수 있다. 이토록 간단하게 모든 국민이 참여하여 다수결 원칙에 따라서, 국민의 뜻대로 나라를 운영할 수가 있다. 인류 역사상 그 어떤 나라도, 그 어떤 민족도 할 수 없었던 진정한 직접민주주의를 배달겨레의 대한민국이 실시하라 !! 지난 110년간 민의를 왜곡하며 더럽혀온 토착왜구들의 사악한 가짜 언론 *** 집단을, 그 *** 집단이 쌓아온 110년간의 악업을 매우 간단하게 역사에서 지워버릴 수 있는 너무나 단순명료하고 너무나 쉽고 너무나 확실하고 너무나 홍익인간 배달겨레의 고유사상에 어울리는 1인 1표 실명제 국민투표앱을 문재인 정부는 즉각 제작 배포 하고 모든 중대한 국가 사안에 대하여 국민의 뜻을 따라서 실시하라 !!!",
  "num_agree": 5408,
  "petition_idx": "582503",
  "title": "110년간 토착왜구가 더럽혀온 대한민국 언론 혁명 제안!"
}