{
  "category": "일자리",
  "begin": "2019-09-09",
  "content": "한국의 국가적 산업용 대마 산업 육성및 의료용 대마초법의 전면적 확대를 통해 신산업 개발 및 양질의 일자리 창출, 그로인한 경제 성장과 세수 증대를 도모 할 것을 청원 합니다. 한국은 2019년 3월부터 의료용 대마초에 대한 제한적인 합법화에 들어 가면서 대마초 성분의 오일을 포함한 대마성분 양약 몇 가지를 의사가 허용하는 한도 내에서 해외에서 들여와 복용할수 있게 되었습니다. 하지만 이러한 작금의 대한민국 의료용 대마초 합법화 정책은 합법화로 인한 사회, 경제 전반에 걸친 긍정적 영향력에 대해 크게 간과한 아주 협소한 법안이라고 감히 말하는 바 입니다. 대마초는 세계적으로 100여년을 법에 묶여 제재 속에서 길러지던 작물이 였으나 근래에 오면서 세계적으로 빠르게 그 법적 제재가 풀리고 있는 미래의 작물입니다. 너무 오랫동안 법의 제약을 받아 왔기 때문에 대마초 하면 그냥 환각을 일으키는 마약으로 치부되고 있습니다만(산업용 대마는 일반적으로 환각을 위해 피우는 대마와 다른 작물 입니다.) 저는 대마초가 미래 4차 산업 혁명에 있어서 친환경 과학 농업과 그 기반 산업을 일으킬 거대한 밑그림이 되는 작물이라 생각하고 있습니다. 사실 대마초 산업을 육성 하려는 움직임은 캐나다와 미국을 비롯한 선진국을 중심으로 벌써 시작 되었습니다. 우리가 삼베를 뽑는 산업용 대마 즉 햄프(Hemp)는 섬유뿐 아니라 종이, 기름, 건축자재, 가축사료, 식품, 제약, 플라스틱 대체소재까지 산업의 확장성이 무궁무진 합니다. 요즘 뇌전증 및 통증 치료제로 각광받는 CBD 오일까지 이 산업용 대마에서 추출하며 CBD 외의 아직 잘 알려지지 않은 의료용 목적의 무수한 대마 성분도 존재 합니다. 이런 성분들로 암 치료제 및 불치병 치료제의 연구가 선진국에서는 한창 진행 중 입니다. 또한 한국 고유의 대마 신품종 개발과 특허출원, 농업 과학화 및 LED 광학기술을 바탕으로한 여러 실내재배 설비개발, AI를 이용한 고수익 작물(대마초는 고수익, 고효율 작물임)의 자동화 농경산업 육성 등, 이 모든 것이 4차 산업혁명을 위한 제반 산업으로 계획 육성 된다면 양질의 일자리 창출과 경제 성장 그리고 그에따른 세수의 증대는 과히 상상을 초월 한다고 자부하고 있고 그 지표가 서서히 현재 합법화한 국가들에서 나오고 있습니다. 기호용 대마초의 합법화는 우리나라에 있어서는 아직 시간이 필요해 보입니다. 하지만 산업용 대마 산업을 왜 활성화 시키지 못하고 있는지 이해가 가지 않습니다. 산업용 대마초 시장을 중국에게 빼앗기고 서방 선진국들이 기술 및 제반 산업을 선점 한 후 우리는 그냥 뒤 늦게 그들에 비싼 로얄티를 지불 하면서 사용만 하겠습니까? 세계는 지금 새로운 산업을 육성하여 경제 성장의 동력으로 쓰려 하고 있습니다. 그 중 하나가 대마초 산업 입니다. 경제 성장이 저하 되고 실업률 상승 그로 인한 세수의 감소로 고민하는 현재 우리 정부의 고민을 해결해 줄 대마초 산업의 빠른 국가적 육성을 간절히 청원하는 바 입니다.",
  "num_agree": 885,
  "petition_idx": "582539",
  "title": "의료용 대마초 합법화와  산업용 대마초 산업을 정부 차원에서 육성해 주십시오."
}