{
  "category": "행정",
  "begin": "2019-09-05",
  "content": "평택시 **동에 *********~~조합원입니다..9월27일 입주를 목전에 두고있습니다..조합은 계약시 없다고하던 추가분담금을 이천칠백만원을 발생시키고.***에서 공사대금에 포함되어있어서 안받어도된다는 확장비 천사백오십만원(34평)을 내야..입주를 할수있다고합니다..또.알박기땅을 만들고.근저당잡힌50억원의 땅을 만들어..준공..을 어렵게하여..준공을 못해서 입주를 못한다고..조합원들의 목줄을 죄고있습니다...1280세대가 아이들데리고~~거리에 나앉게 생겼습니다♥♥존경하는 문재인대통령♥♥님~~살려주세요~~1280세대 입주민 도와주세요~~업무대행사 **과 ******지구사무실을 ~조사~해서 억울한 1280세대 도와주세요~~살려주세요~~~~~블쌍한 서민들~1280세대도와주세요~~살려주세요~~정말 죽고 싶습니다~ [본 게시물의 일부 내용이 국민 청원 요건에 위배되어 관리자에 의해 수정되었습니다]",
  "num_agree": 1227,
  "petition_idx": "582511",
  "title": "거리에 나앉게 생겼어요~"
}