{
  "category": "행정",
  "begin": "2019-09-06",
  "content": "저는 의료법인 병원에 근무 중인 직원입니다. 현재 문재인 정부에서 청년내일채움공제라는 제도를 만들어 시행하고 있습니다. 처음에는 중소기업과 미취업 청년에게는 좋은 제도가 될 것 이다.라고 생각을 하였습니다. 그러나 지금 이 제도 때문에 단지 비영리단체인 의료법인 이라는 이유만으로 비슷한 조건에서 열심히 일하는 직원들이 피해를 보고 있습니다. 현재 정해놓은 제도에서는 의료법인은 혜택을 받을수 없습니다. (중소기업현황정보시스템 질의응답으로 의료법인은 중소기업에 해당하지 않는다는 답변 받음.) 그렇기 때문에 많은 직원들이 퇴사를 하고 청년내일채움공제 혜택을 누릴수 있는곳으로 이직하고 있는 상황입니다. 제도가 시행되기 전 열심히 일하고 있던 젊은 직원들은 오히려 정부에서 만든 제도 때문의 혜택을 누리기 위해 자의적으로 실업자가 되고, 6개월동안 일부러 실업자로 지내며 청년 실업자의 수를 늘리는 인원으로 전락하였습니다. 제도의 실효성과 취지는 잘 알겠습니다. 하지만 제도 시행 전 상황을 파악하여 피해보는 기업이 발생되지 않고 모든 청년이 균등한 기회와 혜택을 받을 수 있게 만들어야 된다고 생각합니다. 청년내일채움공제 제도 개선으로 모두가 행복한 직장에서 일하는 국가가 되었으면 합니다.",
  "num_agree": 194,
  "petition_idx": "582525",
  "title": "청년내일채움공제 제도의 개선을 요구합니다."
}