{
  "category": "정치개혁",
  "begin": "2019-09-09",
  "content": "장제원 의원은 조국 법무부장관 지명자 청문회에서 사학재단 관련 자신의 집안과 비교하지 말라며 김종민 의원에게 강하게 항의하며 수사도 끝나지 않아 피의 사실이 명백히 입증되지 않은 조국 딸 표창장 관련해서 집안을 제대로 관리하지 못했다는 근거를 들어 후보자에게 사퇴할것을 강변하였습니다 하지만, 그의 아들은 만취수준의 음주운전 음주사고로 명백히 법 위반을 한 범법자이고 추가로 운전자 바꿔치기 하려 했으며, 아버지가 국회의원임을 내세우며 현장에서 합의 시도한 정황이 있다고 합니다 자신의 말에 근거하여 공직자로써 장제원 의원은 마땅히 국회의원 사퇴를 해야 할 것이나 스스로 사퇴할 의사가 없을것이라 생각되기에 국회는 특검을 열어 그의 사학재단 역시 정말 조국 집안과 비교하면 안 될만큼 깨끗한지 명명백백히 밝혀주실것을 청원합니다",
  "num_agree": 4749,
  "petition_idx": "582573",
  "title": "장제원 의원 사학재단 감사와 아들 특검하십시요"
}