{
  "category": "인권/성평등",
  "begin": "2019-09-09",
  "content": "억울합니다. 군인연금! 분할지급 평등하게 해주세요! 장교와 결혼하여 20년 군생활동안 20번 이사를 따라 다녔습니다. (군인가족 특성상 내조가 꼭 필요합니다.) 다른 연금은 국민연금까지도 이혼시, 분할 지급 및 리턴 지급이 가능한데, 왜 군인연금만 안되는 건가요? 왜 직업군인 생활은 같이 한 아내들은 이혼시, 소송을 통해서만 받을 수 있나요? 여성들의 인권이 이것밖에 안되는 건가요? 도와주세요",
  "num_agree": 444,
  "petition_idx": "582536",
  "title": "여성인권!  바닥인 군인연금 분할지급 도와주세요!"
}