{
  "category": "외교/통일/국방",
  "begin": "2019-09-05",
  "content": "현재 우리 나라는 사면초가의 위기 속에 존재하고 있습니다. 오랜 세월 강력한 우방이라 믿었던 미국은 트럼프라는 사람이 대통령이 되면서 6.25와 베트남전쟁이라는 두 전쟁을 같이 겪은 우리에게조차 우방이라고 믿기 어려운 모습들을 보여주고 있으며, 독립 이후 늘 적대 대치 관계에 있던 북한이 대통령님과 정상회담을 하며 유화책을 보이기도 했지만, 아직까지 그들이 우리에게 가장 가공할 위협이 되고 있는 것은 사실입니다. 이에 더해 중국과 러시아는 우리와 미국의 우방관계를 약화시키고 한반도에서의 이권 다툼에 밀리지 않으려고 호시탐탐 침략의 기회를 노리고 있는 것이 사실입니다. 지난 여름 연합훈련을 빙자해서 중국과 러시아의 항공기들이 동해의 우리 영공을 침범한 것이 그 실증적 증거라 할 수 있습니다. 그리고 무엇보다도 일본은 너무도 노골적이고 치졸하게 안보 논리를 내세워 우리 경제의 근간을 흔들어버릴 생각으로 경제전쟁을 도발해 왔으며, 우리의 독도를 을사늑약 이후 자기네 땅이 된 곳이라며 역사적 사실까지 왜곡해가며 부당한 주장을 해오고 있습니다. 게다가 일본의 국회의원이라는 자는 \"전쟁을 해서 되찾을 땅\"이라는 망언 등을 아무렇지도 않게 하는 것으로 보아, 일본의 독도를 포함한 동해 침공은 가시적 현실로 등장할 일일 수도 있다 판단됩니다. 이에 우리는 동해의 제해권과 제공권 확보를 위해서 울릉도에 수직이착륙 전투기를 운용할 수 있는 활주로를 갖춘 군용 비행장과 적어도 3000천톤 급 구축함, 호위함 등이 상시 모항으로 사용할 수 있는 군항을 건설하고, 울릉도에 신속 타격 능력을 가진 1개 중대급 이상의 지상전 요원들을 주둔시켜야 합니다. 그리고 이들 시설과 인원을 적의 미사일이나 항공기로부터 보호할 수 있는 첨단 대공 화망을 구성하여 말 그대로 난공불락의 요새를 만들어 놓아야 합니다. 전쟁이 시작된 다음에는 어떤 노력을 해도 어떤 후회를 해도 늦을 수밖에 없음을 우리는 지난 역사 속에서 뼈저리게 느꼈습니다. 이제 다시는 그런 후회 속에 미래를 맡겨서는 안 될 일입니다. 그리고 아울러 다음과 같은 무기체계를 보다 확대해서 운용할 수 있도록 도입했으면 좋겠습니다. 현재 우리 공군의 주력은 F15K 60대와 차후 도입 완료될 F35A 40대가 하이급 전투기로 운용되고 F16과 FA50 기종 다수가 미들급과 로우급으로 운용되고 있는 것으로 알고 있습니다. 그리고 현재 KFX사업이 진행되며 국산 고품질 전투기도 개발되겠지만, 그 전에 좀더 업그레이드 된 F15K 40여대 이상을 더 도입하여 현재 동일 기종의 비행 피로도와 부품 수급을 좀 원활히 하고 대응 출동 임무의 주기도 좀 길게 늘여주어야 한다고 생각합니다. 아울러 F35A 도 50대 이상 더 도입하고, 해군 해병대가 사용할 수직 이착륙기 F35B도 최소 30대 도입해야 한다고 생각합니다. 해군 해병대용 전투기들은 제주, 울릉에 순환 배치하며 원양 작전에 대한 연습도 충분히 쌓아둬야 합니다. 물론 제주 강정기지 건설 때처럼 많은 분들이 반대를 하시고 울릉도의 아름다운 자연환경은 지금보다 많이 훼손될 수도 있습니다. 그러나 나라를 잃으면 이 모든 것이 남의 것이 되고 우리가 바라지 않는 모습으로 영원히 남의 손에 맡겨지게 될 것입니다. 다시 한 번 울릉도의 요새화와 전투기 도입을 청원합니다.",
  "num_agree": 424,
  "petition_idx": "582504",
  "title": "울릉도 요새화에 대한 제안"
}