{
  "category": "정치개혁",
  "begin": "2019-09-09",
  "content": "이번 조국 인사청문회 과정에서 검찰의 과도한 개입이 많은 문제를 야기하고 있습니다. 아래 일지에서 보듯 인사청문의 중요 시점마다 망나니 칼춤 추듯 그야말로 ‘미쳐 날뛰고’ 있는데 인사청문회를 합의하자마자 전국의 대학 등 30여곳을 동시다발 압수수색을 하고, 조국의 기자간담회 다음 날 후보 부인의 대학 등을 압수수색하였으며, 결국 9.6일 인사청문회가 끝나는 시점에 후보 부인을 전격 기소(피의자심문도 없이)하였습니다. 또한 그 과정에서 검찰이 압수한 자료로 의심되는 자료가 일부 언론과 야당에서 흘러나오는 등 검찰의 피의사실유출 행위가 의심되는 정황이 다수 나왔는데 이러한 수사 행태는 후보자에 대한 분명한 거부 입장의 표시이고 대통령의 인사권 행사나 국회 청문회 결과와 관계없이 자신들의 마음에 들지 않는 후보자는 안된다는 의사표시에 다름 아닙니다. 그러한 의심을 불식시키기 위해 적어도 청문회가 진행되는 기간 마땅히 수사가 중단되어야 함에도 결국에는 인사청문회가 끝나자마자 후보 부인을 기소하였는데 그 근거로 공소시효를 들었다고 하지만 전격적인 압수수색 등 수사초기부터 진행된 행태를 볼 때 핑계에 지나지 않고 이는 헌법상의 민주적 절차인 국회 인사청문절차의 공정성과 중립성마저 훼손할 우려가 크고 선출되지 않은 권력이라는 점에서 국민의 통제로부터도 벗어나 있는 검찰이 국민의 손으로 뽑은 선출직 국회의원과 대통령의 권한을 침해하고 있는 상황입니다. 반드시 검찰개혁을 통해 수사권을 폐지 또는 축소하여 다시는 이러한 검찰의 망나니짓이 나타나지 않도록 해 주십시오. <일 지> - 2019년 8월 26일 = 여야, 9월 2∼3일 이틀간 인사청문회 개최 합의 - 2019년 8월 27일 = 검찰, 조 후보자 의혹 관련 서울대·부산대 등 30여곳 동시다발 압수수색. 서울중앙지검 특수부 투입해 본격 수사. - 2019년 9월 2일 = 조 후보자, 인사청문회 무산되자 국회에서 기자간담회 개최. 12시간 가까이 진행 - 2019년 9월 3일 = 검찰, 조 후보자 부인이 교수로 근무하는 동양대, 서울대 의대 등 2차 동시다발 압수수색 - 2019년 9월 4일 = 최성해 동양대 총장, \"표창장 발급한 적 없다\" 언론 인터뷰. 여야, 9월6일 조 후보자 인사청문회 개최 합의 - 9월 6일 = 지명 28일 만에 조 후보자 인사청문회 개최. 검찰, 조 후보자 부인 정경심 씨 동양대 총장상 위조 혐의 기소.",
  "num_agree": 739,
  "petition_idx": "582560",
  "title": "선출되지 않은 권력, 검찰의 망나니짓을 멈춰 주십시오.(검찰 수사권 폐지 또는 대폭 축소)"
}