{
  "category": "정치개혁",
  "begin": "2019-09-09",
  "content": "평소 존경하던 어제 청문회에서 하신 말씀이 귀에 선합니다. \"가족이 범죄자인데 어떻게 공직을 하나?\" 맞습니다. 가족하나 건사못하는 사람이 어찌 큰일을 하겠습니까 그런데 불행하게도 어제 밤 장제원의원님의 아드님이 면허취소수준의 음주운전사고를 일으켰습니다. 다행히 죽은사람이 없어서 가벼히 생각할수도 있지만 윤창호법 이후로 음주운전에 대해 죄가 가볍지않다는 사회적분위기라 엄히 죄를 물을수밖에 없는 현실입니다. 음주사고 현행범이지요. 평소의 소신대로라면 지금쯤 국회의원사퇴 기자회견을 하고 계셔야겠지만 국민이 뽑아준자리 선출직이 그리 가벼운자립니까! 평소의소신, 실패한아버지로서의 자괴감, 국민에대한 부끄러움 등으로 지금이라도 사퇴하고 싶으시겠지만 이러지도 저러지도 못하고 망설이고계실 마음! 잘 압니다. 하여 국민여러분이 힘을 모아 우리의 생각을 청원이란 형식을 빌어 보여주시길 바랍니다. 아타깝지만 어쩌겠는가 국민에게 모범또한 보여야하는자리니 과감히 사퇴하셔도 된다고 말씀드립시다. 도와주십시요.",
  "num_agree": 5909,
  "petition_idx": "582564",
  "title": "장제원의원님이 국회의원을 사퇴하실수있게 도와주세요."
}