{
  "category": "정치개혁",
  "begin": "2019-09-09",
  "content": "대검찰청 윤석렬 검찰총장을 파면하여 주십시오! 청문회를 앞두고 있는 조국 법무부장관 후보자 가족에 대한 무리한 압수수색과 피의자 조사없이 청문회 종료시점에 맞추어 기소를 한 것은 검찰의 표적수사 및 정치개입 행위라고 생각합니다. 인사청문회 진행중에 여상규 위원장 및 자유한국당 의원들은 당시까지는 확인 되지도 않은 후보자 가족의 기소 여부를 지속적으로 언급을 하면서 후보자 검증 보다는 조후보자가 사퇴 할 의사가 있는지에 초점을 맞춰 후보자를 압박하였고, 국민들이 지켜보고 있는 청문회에서 중립으로 청문회를 진행하여야 할 자유한국당 소속 여상규 위원장은 직분을 망각하고 청문보고서 채택을 늦추면서 후보자 가족이 기소가 될 것을 확신하고서 시간 끌기에 급급하였습니다. 자유한국당 김진태 의원은 검찰에게 전달 받지 않으면 알 수 없는 포렌식 자료까지 언급을 하였고, 주광덕 의원은 검찰의 공식 기소 발표전에 \"검찰이 표창장 위조라고 판단했다면 부인은 2시간내 기소 될 것이다\"라는 말을 하였습니다. 또한 청문회 전에는 자유한국당 소속 주광덕, 곽상도 의원등이 후보자 따님의 생활기록부와 성적표등을 입수하여 임의 공개하였습니다. 청문회 당일 검찰은 22시 20분경에 조후보자의 부인 정경심씨를 기소 해놓고, 청문회가 종료된 시점인 0시 2분경에 언론을 통하여 발표하였습니다. 이와 같은 행위들은 자유한국당과 검찰의 내통이 있지 않았나 의심하지 않을 수 없습니다. 수년동안 많은 국민들은 정치와 야합한 사법부의 농간에 분노 하여 왔고, 이를 더이상 용납하지 않기 위해 추운 겨울에 촛불을 들고 정권을 바꿨습니다. 또다시 사법부의 정치개입이 시작된 것이라면 국민들은 더 이상은 용서하지 않을 것입니다. 조후보자 가족들에 대한 고소고발 사건은 단순 개인사건으로 치부하기엔 너무 색이 짙어졌다고 생각합니다. 윤석열 총장은 상위권자인 법무부 장관에게 보고조차 하지 않았고, 수사기밀 내용이 언론에서 흘러 나오고 있는데도 이를 방관하였으며, 검찰내 유출자가 있을 수도 있는데도 \"수사의 독립성과 수사 개입을 하지 말라\"는 식으로 언론플레이를 통해 알리면서 검찰내부 조사를 하지 않고 있습니다. 검찰의 이와 같은 부적절한 행위들을 보면 그동안의 적폐 사법부가 그래왔듯이 정치 이해 관계속에서 국민들에게 또다시 억울한 칼을 휘두를수도 있다는 생각에 국민들은 불안해 합니다. 검찰권을 남용하고 정치와 야합하여 나라를 어지럽게 만들고, 국민들의 인권까지 좌지우지 한다면 국민들은 억울해서 더 이상 이 나라에서 살 수가 없습니다. 검찰과 법원의 비리는 누가 처벌합니까? 검찰과 법원만이 절대 권력자여야만 합니까? 그것이 법 앞에 평등한 것입니까? 대한민국에 삼권분립이 제대로 작동하고 있기는 한 것입니까? 촛불 국민들의 염원은 사람이 먼저인 나라, 공정한 나라, 평등의 나라입니다. 검찰과 법원의 그 권력은 누가 쥐어 준 것 입니까? \"나는 사람에게 충성하지 않고 조직에 충성한다\"고 하셨던 윤석열 총장의 과거 발언을 기억합니다. 윤석열 검찰총장이 생각하는 조직은 국가가 아니라 오로지 검찰뿐입니까? 윤총장은 상위권자인 법무부장관에게도 보고 하지 않고, 국가기관으로서 지켜야 할 기강을 무너뜨리고, 검찰총장이 법 위에 있는 것 처럼 행동하였습니다. 언론에는 검찰이 아니면 알 수 없는 정보들이 마구 쏟아져 나왔고, 이로 인해 한 국민의 인권이 짓밟히고 있는데도, 정치놀음 하기에만 급급했던 윤총장이 생각하는 조직은 오로지 검찰뿐이라면 당장 파면시켜야 마땅합니다. 국민의 한 사람으로써 대통령님께 부탁드립니다. 수사기밀 유출에 대한 수사가 반드시 이루어지기를 바랍니다. 사법부의 정치개입은 더 이상 없어야 합니다. 사법부 개혁은 반드시 이루어져야 합니다. 검찰총장 윤석열을 파면시켜 주십시오. 헌법 제1조 제2항 “대한민국의 주권은 국민에게 있고 모든 권력은 국민으로부터 나온다.”",
  "num_agree": 4429,
  "petition_idx": "582565",
  "title": "윤석열 검찰총장을 파면하여 주십시오"
}