{
  "category": "정치개혁",
  "begin": "2019-09-09",
  "content": "오늘 장제원의원의 아들 장용준군의 음주운전 사고가 있었습니다. 7일 서울 마포경찰서에 따르면 장용준은 이날 새벽 2시쯤 서울 마포구 인근에서 술에 취해 차를 몰다가 오토바이와 부딪치는 사고를 냈고, 사고 당시 장용준의 혈중알코올농도는 면허 취소 수준이었다고 합니다. 장용준은 경찰 조사를 받고 현재 귀가한 상태라고 하는데요. 사고난 차량은 벤츠 AMG 차량이라는 이야기가 있습니다. 이 차량은 포르쉐 이상의 가격인 고급차입니다. 랩퍼를 시작한지 얼마 되지 않은 만 19 세의 청년이 어떻게 이럲게 비싼 차량을 소유하고 있는지 상대적 박탈감을 느낌니다. 헹여, 불법 증여는 없었는지? 에 대한 철저한 조사를 요구합니다. 법무부장관 임명 후보인 조국 후보 자녀의 봉사 활동 표창창까지 조사하며, 검찰 1,2,3,4 부가 모두 투입되어 있는 이 시국에서, 다른 사람을 죽일 수도 있는 음주 운전 행위에 대해서, 당연히 특검 수사가 진행 되는 것이 형평성에 맞다고 생각 합니다. 이에 청원 드립니다.",
  "num_agree": 42597,
  "petition_idx": "582576",
  "title": "장제원의원의 아들 랩퍼 노엘 (장용준)군의 특검을 요청합니다."
}