{
  "category": "정치개혁",
  "begin": "2019-09-09",
  "content": "청문회를 앞두고 벌어진 조국 후보자 자녀의 지극히 사적 내용인 생기부를 무단 유출 한 사건과 관련해 관계 기관 업무 공모자들과 이 내용을 여과없이 공개한 이들을 강력하게 수사해 엄벌해주시기를 청원합니다",
  "num_agree": 3785,
  "petition_idx": "582597",
  "title": "조국 후보자 딸 생활기록부 무단 유출과 공개자들 강력히 수사해주십시요"
}