{
  "category": "기타",
  "begin": "2019-09-09",
  "content": "문재인 대통령님 그리고 청와대 관계자 여러분! 한 달 가까이 고민하고 또 고민하다 모든 피해자들의 피눈물을 대변해 이 청원을 작성하고 글을 남깁니다. 제도권 밖에 있는 가상화폐 및 암호화폐에 투자한 부분은 본인의 잘못이기에 많은 고민의 시간이 있었습니다. 하지만 제2, 제3의 피해자가 발생할 가능성이 있어 이렇게 청원을 드리니 깊이 고려하여 주시기 바랍니다. 약 2년 전 지인인 교수님을 통해 UN 특별자문지위 기구 및 미합중국 대통령상 심의 및 수여 기구인 I*** 재단 이라는 재단이 있다는 이야기를 전해 듣게 되었습니다. 그 재단에서 전세계 모든 빈곤층과 기아들을 위해 자생적으로 신설할 가상화폐, 즉 코인의 거래에 따라서 일정 금액이 기부되는 일련의 모든 기획안을 기획 중이며 UN 회원국들이 적극 지지 중이고 특히 아프리카의 모든 왕족들이 유튜브 등을 활용하여 오히려 열심히 홍보 중이라는 이야기를 들었습니다. 당시 그 코인의 이름은 MBC(모비코인)이었으며 본인은 동 재단의 블로그에 올려진 수많은 사진과 제네바 UN에서 발표한 정책 동영상들 그리고 관련 백서와 교회 교인으로 구성된 두터운 지지층 등을 감안하여 투자를 결심하게 되었고 무엇보다 코인의 차별화된 목적 가치와 그 사용의 뜻이 너무도 좋았기에 감히 믿어 의심치 않았습니다. 아직 우리나라에서는 암호화폐공개(ICO)가 법적으로 허용되지 않기에 서대산 추모공원의 안치할 회원증서를 판매하여 투자금을 모았으며, 자금 조달을 담당했던 한***(다단계 회사 성격)를 통해서는 각종 물품 등을 판매하는 댓가로 수많은 교인과 투자자들에게 합법적인 수단으로 자금을 조달하는 것으로 철저히 포장되었습니다. 문제는 불과 한 달여 전 8월 2일, 동 재단이 2년 간을 기다렸던 수많은 회원들을 배척하고 갑자기 MBC를 하메비토큰(HMB)으로 1:1 병합 후 코인베네 거래소에 상장을 하더니 과거 MBC를 10만개 이상 보유한 모든 회원들에게는 하드포크 과정에서 한*** 측에 문제가 있다는 말도, 논리도 안되는 이유로 약 2주가 지난 8월 15일에서야 전량 배정을 하였습니다. 그동안 초기 0.44달러(약 530원)에 상장한 동 토큰은 100원도 안되는 가격으로 폭락을 하며 현재 약 20원도 안되는 가격에 간신히 거래소에 상장만 되어 있어 100명이 넘는 피해자들은 지금까지 고스란히 매도 조차 못하고 그 피해를 모두 감수하고 있는 상황입니다.(재단 등에서 코인 보유 매도 추정, 기 투자자 피해액 약 최소 100억원 이상 추정) 8월 15일이 되어서야 교인들로 구성된 수많은 피해자들은 \"사기였구나. 속았구나. 모든 것이 상장해서 자신들의 코인을 매도하여 수익을 챙기기 위한 시간 벌이였고 우리들은 총알 받이였구나.\"를 느끼고 지금까지도 하루하루 절망의 나날을 보내고 있습니다. 교인분들은 그럼에도 불구하고 본인의 돈을 벌어보겠다는 욕심이 스스로에 대해 화를 불러일으켰다는 자기 위안식으로 모든 것을 덮고 잊고 살아가려는 분들이 많아 더욱 놀라웠습니다. 더욱 어처구니 없는 일은 동 재단은 다단계식으로 자금과 투자 회원을 모집한 한***를 토사구팽처럼 내치며 모든 책임과 법적 문제는 한*** 측에 있다는 식으로 프레임을 씌우고 있으며, 속속 드러나고 있는 것 처럼 이번에도 같은 방식으로 법적 처벌망을 빠져 나가려 하고 있다는 점 입니다. 동 재단과 주변 우호세력은 모두 가족 등으로 구성되어 있고 이런 사기성 기획이 아주 손 쉬운 일인 듯 몇 년을 주기적으로 피해자들을 양산하고 있습니다. (UN을 빙자하여 관련된 과거 모든 사건 등에 동 재단과 관련자들은 연관이 되어 있는 것으로 추정됩니다.) 현재 본 사건은 정의를 지키는 선구자인 몇 분이 서울중앙지검에 고소를 진행한 상태 (서울중앙지검2019형제7****, 7**** 박** 검사실)로 서울중앙지검에서는 서울 강남경찰서 ***팀에 본 사기 사건 관련 조사를 배당, 의뢰한 상태입니다. 보통 수사권 등이 있는 검찰이 직접 수사를 하지 않고 경찰에 이첩한 경우는 사안에 대해 심각하게 보지 않는 경우가 많아 더욱 비통하고 단순 사기 의심사건 등으로 치부해버릴까 걱정이 되지 않을 수 없습니다. 일반적으로 이러한 사건에서 흔히 볼 수 있듯이 동 재단 등에서는 전관예우를 받는 판사나 검사 출신 변호사를 막대한 피해자의 비용으로 선임하여 철저히 대응하려 할 것 입니다. 이에 대해서도 변호를 맡는 변호인단과의 유착이 없는지도 철저히 조사를 해야 할 것으로 감히 판단됩니다. 마지막으로 요약하며 당부 드립니다. 가상화폐 하메비토큰(HMB)의 현재 사기 상황과 관련된 일체의 조사에 힘과 신속한 조사 인력의 결집, 그리고 관련인 모두에 대한 출국금지 등을 포함한 엄격한 수사와 처벌을 당부드립니다. 선량하고 소박한 교인들을 속이고 UN까지 재단의 사업의 후원자인 마냥 거짓으로 언급하며 국가적으로 이미지 손상까지 자행하고 있는 집단과 관련자들에 대해 정의로 심판하여 주십시오. 아울러 제도권 이내 관리 감독 사항이 아니라는 이유로 수많은 피해자가 양산되고 있는 가상화폐(암호화폐) 시장에서의 금융위와 금감원의 역할 정립을 당부 드리며 검찰과 경찰의 적극적인 모니터링과 특경법 이상의 중죄 구형 등으로 범죄인들을 다스려 주실 것을 가슴 깊이 부탁드립니다. 모든 코인 관련 사기극과 범죄에도 모범 사례와 전례로 남아 우리나라 국민들이 이러한 피해를 입지 않기를 간절히 기도합니다. 수 많은 제보와 신속, 정확한 수사의 시작 마중물이 되기를 바라며 이 글을 남깁니다. 부족한 긴 글을 읽어주심에 진심으로 감사드립니다. [본 게시물의 일부 내용이 국민 청원 요건에 위배되어 관리자에 의해 수정되었습니다]",
  "num_agree": 184,
  "petition_idx": "582542",
  "title": "가상화폐 하메비토큰(HMB) 사기와 관련된 I***재단과 한***에 대한 철저한 조사와 처벌을 청원드립니다."
}