{
  "category": "안전/환경",
  "begin": "2019-09-05",
  "content": "1. 김수영 양천구청장은 2천74억원을 쏟아 부어서 임기 내에 양천소각장 지하화를 완료하고, 소각장을 양천구에 영구히 존치하겠다는 선거공약 실천을 당장 철회해야 합니다. 2. 집단거주시설 10m이내에 86년 건설된 양천소각장은 현재 양천구, 강서구, 영등포구 쓰레기를 태우고 있습니다. 쓰레기를 고온 소각하는 과정에서 다이옥신, 미세먼지 등 많은 유해물질들이 발생합니다. 소각장의 유. 무해 논쟁은 의미 없습니다. 너무나 많은 정보와 자료를 통해 이미 유해하다는 결론은 이론의 여지가 없습니다. 서울시의 주장대로 검사 결과가 법정 기준치 이하라서 안전하다는 주장은 어불성설 전혀 설득력이 없습니다. 인체에 유해합니다. 그래서 소각장은 선호시설이 아니고 혐오시설로 분류되는 것이지요. 3. 인간이 살아가면서 쓰레기가 나오는 한 소각장은 필요합니다. 문제는 그에 따른 환경피해 또한 사회구성원이 골고루 나누어 분담해야 하는 것입니다. 양천소각장에서만 이미 40년, 앞으로 100년 영구히 존치한다는 것은 양천구민한테 너무 가혹한 형벌이며 인권유린입니다. 환경부에서 정한 소각장 설비 사용연한 15년을 훨씬 넘은 양천소각장을 현대화, 대보수, 지하화 등의 명목으로 또 수십 년 연장하여 1급 발암물질 등 유해물질을 양천구민들에게 영구히 감내하라는 것은, 4. 헌법 제35조 “모든 국민은 건강하고 쾌적한 환경에서 생활할 권리를 가지며, 국가와 국민은 환경보전을 위하여 노력하여야 한다.”는 헌법이 보장한 헌법 위반이자 인권탄압입니다. 5. 소각장 지하화 해도 굴뚝은 존재하며 다이옥신 등 인체에 치명적인 수 십 가지 유해물질 또한 동일하게 발생합니다. OECD 인구밀도 1위 양천구. 소각장 반경 2km 이내에 초.중.고 31개 학교 3만명 학생들이 공부하고 있는 전국 유일의 밀집 도심권내 소각장입니다. 유치원과 어린이집은 파악하지도 못했습니다. 86년 건설당시 애당초 소각장을 만들어서는 안 되는 장소입니다. 6. 2017년도 서울시에서 용역비 2억8,350만원을 들인 “서울시 자원회수시설 중장기 개선계획 수립용역(2016년8월~2017년 7월)” 결과 공식적으로 양천소각장 지하화 불가판정 내렸습니다. ●양천소각장 부지 특성(기술적/안전상)상 지하화 불가. 2017년7월 주민대표 보고회까지 종료. ●지하화 불가 사유 : ①폐기물 운반차량의 반입로 램프 기울기가 법적기준(17%) 초과 ②지하30mH 연암층 발파로 인근 아파트단지 안전상 문제 ③지하5~7mH 구간 지하수위 변화로 인근 시설에 안전상 위해 가능성.* 7. 2017년 서울시에사 지하화 불가판정 내린 소각장을 양천구의 어머니라고 자칭하시는 김수영 구청장은 2018년도 선거공약에서 2,074억원 이라는 거액의 기금을 조성하여 본인의 임기 내에 소각장 지하화를 완성하겠다고 공약하고 구청 홈페이지에 자랑스럽게 내걸어놓고 있습니다. 현재 양천소각장 400톤 설치비용 318억원. 노원800톤/ 743억원, 강남 900톤/ 1,011억원, 마포 750톤/ 1,665억원 들어갔습니다. 구청장의 소각장 지하화 건설 기금 2,074억원이면 몇 백톤을 더 증설하겠다는 것인지요? 소각장을 폐쇄하고 그곳에 “양천 예술의 전당” 같은 양천구를 대표하는 대형 문화시설 건립을 촉구합니다. 8. 양천구민의 소각장 폐쇄 염원을 져버리고 소각장 지하화를 끝내 실천하신다면 주민소환제등 구청장 사퇴 투쟁을 벌일 것입니다. 김수영 양천구청장은 2,074억원 들여서 소각장 지하화에 성공하면, 양천구에 소각장을 100년 이상 존치시키고 영구화에 성공한 구청장으로 역사에 기록될 것이며, 자손대대로 기억될 것입니다. 9. 지금 폐쇄절차 시작해도 5년 이상 태워야 합니다. 50만 양천구민과 자손들의 생명까지 담보로 하는 소각장 지하화(영구화) 공약을 철회하고, 당장 소각장 폐쇄 선언하십시오. ● 50만 양천구민이 김수영 구청장에게 호소합니다. ● 1. 김수영 양천구청장은 양천소각장 지하화, 현대화, 영구화 획책을 즉각 중단하라! 2. 주민의 생명을 담보로 한 소각장 영구화 공약을 즉각 철회하라! 3. 혈세 2,074억원을 소각장 영구화에 쓰지 말고, 주민들의 복지시설에 사용하라! 4. 지금 선언해도 5년 이상 소각. 수명을 다한 양천소각장 즉각 폐쇄를 선언하라! 5. 40년 태운 쓰레기 소각장 즉각 폐쇄. 헌법이 보장한 환경권 평등권 인권을 보장하라!",
  "num_agree": 1106,
  "petition_idx": "582506",
  "title": "●김 수영 양천구청장은 혈세 2,074억원을 쏟아 붓는 소각장 지하화(영구화) 계획을 철회하고 즉각 소각장을 폐쇄 선언하라.!!!●"
}