{
  "category": "육아/교육",
  "begin": "2019-09-09",
  "content": "저는 현재 고등학교 3학년인 학생입니다. 영어교사를 꿈꾸며 열심히 노력하고 있습니다. 고등학교 3년 내내 특수학교 봉사활동을 하면서 교육의 보편성에 대해 고민하게 되었습니다. 저는 시각장애 학생들을 보면서 어떻게 하면 영어를 좀 더 쉽게 가르칠 수 있을까를 고민하게 되었고, 이러한 고민을 바탕으로 특수학교에 가서 영어교사가 되어 장애학생에게도 제가 고등학교에서 배우는 영어 과목처럼 가르치고 싶다는 생각을 하게 되었습니다. 제가 생각하는 보편성이란 장애학생도 기본적으로 일반학생과 똑같은 교육과정을 동등하게 이수할 수 있도록 되어있는 것입니다. 여기에 장애별로 학생들에게 적용하는 것이 특수성이라고 생각합니다. 그렇게 본다면 일반학교 교사보타 특수학교 교사가 더 전문적으로 나뉘어져야 한다고 생각합니다. 하지만 현실적으로 모든 장애별로 모든 교과 선생님들을 배치하는 것이 쉽지 않다는 것을 알고 있습니다. 그렇다 하더라도 원칙적으로는 장애별로 교과 선생님이 배정되는 것이 맞다는 생각을 가지고 있습니다. 특수학교 교사가 되기 위해 어떻게 해야 하나를 알아보며 봉사활동을 가는 특수학교에 계신 선생님께도 여쭤보고 교육청 홈페이지에 들어가서 특수학교 중등임용고시에 대한 정보도 찾게 되었습니다. 그런데 중등임용고시 정보를 보면서 한 가지 의아한 점이 있었습니다. 일반학교 정보에는 과목별로 몇 명을 뽑을지 안내가 되어있는데, 특수교사 특수라는 단일 항목에 뽑는 인원만 기재되어 있고 교과목은 기재되어 있지 않았습니다. 여러 교육청 홈페이지를 방문해서 제가 조사한 바로는 부산교육청은 특수교사를 뽑는 인원과 교과목이 기재되어 있었습니다. 하지만 대다수 교육청은 그렇지 않다는 것을 알게 되었습니다. 우리는 장애인 차별을 금지해야 하며 장애인에 대한 인식을 개선해야 한다고 고등학교에서도 교육을 하고 있습니다. 그렇지만 교육을 관장하는 교육청 홈페이지에서조차 특수학교 교사를 뽑는데 교과목은 기재하지 않고 특수라는 단일항목으로 기재하는 것은 특수학교 임용고시를 준비하는 예비교사에게도 올바른 정보를 안내해 주지 않을 뿐만 아니라 더 나아가 특수학교에 다니는 장애학생들은 전문적인 교과목을 심도 있게 배울 수 없다는 편견이 있는 것이 아닌가 생각하게 되어 이 청원을 올리게 되었습니다. 각 교육청 특수교사 임용고시 정보에 장애학생 편견을 조장하고 정확한 정보를 예비 특수교서애게 제공하지 않는 것을 시정해주시기를 청원합니다.",
  "num_agree": 127,
  "petition_idx": "582594",
  "title": "교육청 특수교사 임용고시 정보 시정 요구"
}