{
  "category": "정치개혁",
  "begin": "2019-09-09",
  "content": "조국 법무부 장관 후보자 관련 검찰의 불합리한 수색 수사를 보면서도 청문회가 끝나면 모든 오해가 풀릴것이라 생각하고 있었습니다. 청문회가 끝나는 밤12시 이전에 조국 후보자 부인 정경심씨를 불구속 기소한 뉴스를 들으면서 이 윤석열 이라는 사람은 검찰 총장이 아니라 법을 자기 마음대로 할수 있는 아주 위험한 인물이라고 판단됩니다. 기소하기전에 우선 면담 조사가 먼저인 것으로 알고 있으나 기소를 먼저 했다는것 자체가 제법 상식으로는 이해가 가지 않습니다. 대한 민국의 법수호와 정의를 위한 검찰 총장이 아닌 정치 검찰의 대표 하는 윤석열씨는 과거 아무 혐의도 없던 노무현 대통령님을 수사했던 과거 천박한 검찰과 전혀 다르지 않다고 봅니다. 대한 민국을 위한 검찰총장이 아닌 오직 검찰 조직을 검찰 총장 윤석열 씨를 파면해 주시기 바랍니다",
  "num_agree": 35520,
  "petition_idx": "582551",
  "title": "윤석열 검찰 총장을 파면해 주세요"
}