{
  "category": "미래",
  "begin": "2019-09-09",
  "content": "자유한국당 장제원의원 아들 장용준(노엘)이 6일 음주운전을했습니다 결과는 면허취소였죠 사고가났을당시 장용준은 피해자에게 나 국회의원아들인데 하면서 천만원으로 합의하자고했고 바꿔치기의혹도받고있습니다 30대남성이내가운전했다고하는데 30대남자는조사받고 장용준은 바로 귀가조치? 경찰은 추석이후에 장용준을 불러서 조사한다는데 말이안됩니다 만약에 민주당아들이였으면 조후보님아들이였으면 당장 수사하고 구속했겠죠 장용준의논란은 한두번도아닙니다 미성년자성매매 학교폭력 이제는 음주운전 그리고 바꿔치기 지금 음주운전법이 강화된만큼 장용준이도 처벌해야된다고생각합니다",
  "num_agree": 3346,
  "petition_idx": "582580",
  "title": "자유한국당 장제원의원 아들 장용준(노엘) 구속청원"
}