{
  "category": "안전/환경",
  "begin": "2019-09-09",
  "content": "********아파트는 서울제물포터널 민간투자사업으로 진행하고 있는 터널공사에서 서울제물포터널 2공구 에 위치하고 있습니다. 입주자대표회의에서 터널공사 피해에 대해 주민들의 의견을 수렴하여 당 아파트의 민원을 청원합니다. 1. 2016년 당 아파트 후면 근처에서 서울제물포터널 시트파일공사로 건물의 진동이 심하여 주민들은 정신적 육체 적으로 피해를 보았습니다. 또한, 당 아파트 어린이놀이터 지하를 통과하는 터널은 연약한 지반위에 조성된 당 아파 트 건물에 심각한 영향을 줄 수밖에 없다는 주민들의 염려로 구청과 시청에 민원을 제기하고 공사업체에 공사중단과 구간설계 변경을 요청하였습니다. 2. 위와 같은 주민들의 우려가 현실화되어 2018년 11월에 당 아파트 지하주차장 천장누수 현상이 급격히 나타나 누수방수 공사를 하고 있습니다. 당 아파트 지하주차장 천장누수 는 단지 옆 민간임대주택 신축공사의 영향도 간과할 수 없다고 여겨지지만 주요원인으로 주민들은 서울제물포터널공사로 인하여 지하주차장 천장방수 손상으로 인해 발생 한 것으로 보고 있습니다. 3. 당 아파트 지하주차장 천정누수는 서울제물포터널공사로 인하여 지하주차장천정방수손상 때문에 발생한 것으로 보고 구청, 시청, 공사업체에 민원해결을 촉구하였고 구청주관 의 터널공사 설명회에 많은 주민이 참석하여 민원을 제기한 결과, 구의원 주선으로 구청 주관 하에 당 아파트와 해당 공구 건설업체인 **산업 간에 간담회도 하였으나 업체 측에서는 책임이 없다는 입장입니다. 4. 터널공사업체인 **산업(주)에서 한****(주)에 외주로 조사한 서울제물포터널 민간투자사업 도로인접 공사중 조사보고서를 보면 경사계 초기값과 공사중 조사간의 변위차가 있고, 균열게이지 초기값과 공사중 조사간에 변위차가 있는데, 경사계 변위차는 구조물의 구조적인 영향을 거의 주지 않고, 균열게이지 변위차는 계절적 요인 등에 기인하는 재료의 수축·팽창 등에 의한 영향으로 판단하고 구조물은 안정적인 것으로 보고 있으나 중요한 사실은 당 아파트 지하주차장 천장누수가 발생하였다는 점이고 당 아파트 주변 터널2공구 노선상에 있는 건물들도 피해를 보고 있어 터널공사와 당 아파트 지하주차장 누수는 영향을 받지 않다고 볼 수 없습니다. 5. 당 아파트 주민들은 지하주차장 천장방수 손상으로 지속적인 누수와 이로 인해 철근부식과 콘크리트가 약화되면 건물의 안전에도 문제가 있을 수 있다는 심한 우려를 하고 있사오니, 서울제물포터널 민간투자사업 공사업체에 건물의 안전대책 마련 요구에 대한 민원이 해결될 수 있도록 조치하여 주시길 부탁드립니다. [본 게시물의 일부 내용이 국민 청원 요건에 위배되어 관리자에 의해 수정되었습니다]",
  "num_agree": 143,
  "petition_idx": "582595",
  "title": "서울제물포터널 민간투자사업 관련 건물안전대책 마련요구 민원"
}