{
  "category": "교통/건축/국토",
  "begin": "2019-09-09",
  "content": "일산주민은 3기신도시 발표로 인해 엄청난 피해를 입고있습니다. 그래서 부동산가격이 하락하여 일산주민은 실의에잠겨 피해의식에 고통받고 있습니다. 이제 조정지역 해제요건도 충족하여 모든 국민이 일산은 해제해도 된다고 라는데... 정부에서는 어떤 이유로 해제안하는지 답답합니다. 숙민이 고통받고 타당한 근거데이터가 있으니 국토부는 눈치보지말고 즉각 조정지역 해제하라!!!!",
  "num_agree": 2011,
  "petition_idx": "582596",
  "title": "일산을 조정지역에서 해제바랍니다"
}