{
  "category": "행정",
  "begin": "2019-09-09",
  "content": "장제원 의원의 아들 음주운전 관련하여 연예인 손**은 무면허에 운전자바꿔치기 및 도주 정황등이 있지만 장제원 의원의 아들은 아버지가 국회의원이라고 신분을 밝혀 특권을 누리려 했다는 점과 운전자 바꿔치기 했다는 의혹과 돈으로 매수했다는 의혹은 일부 같은 케이스라 여겨 지어 구속이 됨이 마땅하다고 생각되나 검찰의 불기소권의 남용이 되지 않게 공정하게 수사할수 있도록 살펴주시기 바랍니다 더욱이 장제원 의원이 아들이 지난 4월 인스타그램 라이브에서 연봉이 3억 원 정도 된다고 자랑했다 라고 하며 \"공연 개런티를 많이 받는 래퍼라면 충분히 벌 수 있는 금액\"이라고 설명했다고 하던데 장제원 의원이 금수저에 들이댔던 공정함과 청렴함의 잣대와 청년들이 촛불을 들었던 공정함의 정신으로 20살 대한민국 청년이 3억이 넘는 차를 구매하여 탈정도가 될정도로 불법증여나 불법양도는 없는지에 대해서 검찰에서 개런티를 얼마나 벌었는지 수사해야 할것입니다. 이와 함께 장제원 의원의 아들이 미성년자였을 때 할머니로부터 부동산 임대업을 하는 비상장회사의 주식을 증여받았다는 SBS 보도(2018년 9월 4일자)까지 있으며 당시 보도에 따르면 장제원 의원은 아들 재산으로 비상장 회사 지분 45%, 1억 8천만 원을 신고했지만 회사 주소로 찾아가 보니 부산 해운대 지하철 역세권에 있는 상가였다는 것. 한 부동산 중개인은 해당 상가의 분양가는 30억 원이었지만 현 시세는 100억 원 정도라고 추정했다는데 이에 장의원은 증여세를 납부해 문제가 없다는 입장인데 증여세 납부분이나 증여 과정에서 불법 또는 탈법이 없었는지 검찰의 압수수색과 수사를 촉구합니다",
  "num_agree": 975,
  "petition_idx": "582571",
  "title": "장제원 의원 아들 음주운전 및 증여 관련하여 검찰. 경찰 수사가 법대로 되는지 특히 검찰의 불기소권의 남용을 막아주세요"
}