{
  "category": "행정",
  "begin": "2019-09-09",
  "content": "선출되지 않은 권력, 검찰이 기소권을 독점하면서 검사나 검찰 출신 정치인이 범죄를 저질러도 유야무야 되는 상황을 너무도 많이 보아왔습니다. 또한 검찰과 결탁한 것이 아닌가 하는 의구심이 드는 정치인이나 언론인에 대한 기소도 제대로 이루어지지 않는 상황도 너무나 자주 보아왔습니다. 그런 검찰의 기소권을 공수처에 분할해서 기소독점권을 깨려는 검찰개혁의 소신을 가진 법무장관 후보자에 대한 작금의 공격을 보면서 단지 공수처에 기소권을 분할하는 걸로는 안되겠다는 생각이 듭니다. 공수처는 옥상옥이 될 뿐이라는 누군가의 지적처럼 다시 권력기관을 하수인처럼 부리는 정권이 들어섰을 때 공수처도 정치권력과 결탁하지 않는다는 보장이 없기 때문에 기소권을 쪼개는 것으로는 부족하다는 생각이 듭니다. 사법부의 재판에도 국민이 참여하는 국민참여재판이 있는 것처럼 기소권도 국민이 직접 행사하는 마지막 수단을 만들어서 기소권이 있는 기관을 정치, 언론, 경제권력과 야합하지 못하게 만드는 제도가 필요하다고 생각합니다. 검찰도 공수처도 기소해주지 않는 기소권자의 범죄를 피해자인 국민이 변호사를 특검으로 지정해서 기소할 수 있게 하는 국민참여기소제도를 만들어야 할 때가 아닌가 합니다.",
  "num_agree": 1901,
  "petition_idx": "582541",
  "title": "국민참여기소제를 만들어야 할 때입니다."
}