{
  "category": "정치개혁",
  "begin": "2019-09-09",
  "content": "검찰 개혁의 필요성을 자인한 검찰의 기소권 남용을 개탄하며 검찰개혁촉구를 위한 청원을 올립니다! 검찰이 조국 법무부장관 후보자의 배우자인 정**교수를 사문서 위조로 기소했습니다. 6일 공소시효가 만료되는 날이라 하더라도,검찰이 정교수에 대한 소환조사 한번도 없이, 절차도 무시한채 일방적으로 기소한것에 대해 강력한 유감을 표합니다. 검찰이 전격적으로 정교수를 기소한것은 피의자로서 최소한의 방어권을 행사할 기회도 박탈한 비인권적 수사이며 명백한 검찰권 남용입니다. 더구나 정교수의 혐의를 씻어줄 여러 증거들이 드러나고 있는 상황에서 제대로 된 수사도 없이, 청문회를 진행중에 이뤄진 무리한 기소는 입법부의 국무위원 인사검증 권한을 무력화 시키는 것이며, 검찰의 기소권 남용으로밖에 볼 수없습니다. 이는 검찰개혁의 필요성을 검찰 스스로 자인하는 것으로 오늘의 기소권 남용에 대한 모든 책임은 전적으로 검찰이 져야 할 것입니다. 이에, 우리 국민들은 검찰에 새 수장이 들어와 검찰개혁을 하리라 믿었던 믿음이 무너지며, 도끼로 발등을 찍힌 심정으로, 국민의 손으로 검찰개혁을 선포하고 개싸움을 할 것을 다짐하며 청와대청원을 올립니다. 검찰개혁은 사법개혁과 함께 반드시 이루어내야 할 역사적 숙제입니다. 대통령님! 검찰개혁과 사법개혁을 위하여 검찰개혁의 칼을 국민에게 맡겨주십시오. 우리는 국민위에 군림하는 막대한 검찰권력에 대항하여 검찰개혁과 사법적폐청산을 반드시 이뤄낼것입니다. 조국 법무부장관의 임명을 간곡히 바랬던 청와대 청원을 올린 우리 국민들은 검찰개혁을 위한 개싸움을 가열차게 할것이고, 대통령님은 검찰개혁과 사법개혁에 필요한 일들을 역사와 국민만 바라보고 하시기를 강력히 청원드립니다. [본 게시물의 일부 내용이 국민 청원 요건에 위배되어 관리자에 의해 수정되었습니다]",
  "num_agree": 14586,
  "petition_idx": "582562",
  "title": "검찰의 기소권 남용을 규탄하며 검찰개혁촉구를 위한 청원!"
}