{
  "category": "문화/예술/체육/언론",
  "begin": "2019-09-09",
  "content": "2019-부산광역시 • 오시리아[동부산]관광단지 문화예술타운 민간개발사업자 공모에 대하여 -부산도시개발과 지역문화예술은 정치·경제 권력의 치적도구인가? 천혜의 자연 환경을 가진 해양도시 부산에서는 1999년 동부산권 지역종합개발 추진계획에 따라 아름다운 해안절경을 배경으로 새로운 도심형 레져라이프 공간조성을 목표로 약110만평 규모의 오시리아[동부산]관광단지 조성사업이 20여년간 부산시 도시개발사업으로 추진되고 있습니다. 새로운 관광니즈(Wellness)에 대응하기 위한 사계절 체류형 『명품 복합해양레저도시 오시리아관광단지』는 부산발전 10미래비전 실현목표로 선진적 관광트랜드 구현시설과 다양한 체험과 감동을 추구하는 도입시설로 문화예술타운 등이 지정되어 있습니다. 2019년 9월 9일 우선협상자 선정을 앞 둔 문화예술타운 사업제안 공모에 관한 부산도시공사의 부당함과 관광단지 개발을 이유로 공권력을 행사하며 이주단지를 만들고 경제와 일자리를 들먹이며 수없이 진행되는 개발사업의 광고성 면모와 사행성의 폐단을 알리고자 합니다. -공공기관 권력이 국민의 기회를 빼앗는 일이 없도록 반칙과 특권이 용인되지 않는 정의로운 나라- 건설이 문재인 정부의 중요한 사회적 가치라면, 오시리아관광단지 내 문화예술타운은 일반 관광산업과는 달리 유•무형의 지역의 자산인 문화예술의 자원을 홍보하고 알려야 하는 것이 우선되어야 할 사안일 것입니다. 그럼에도 이를 도외시하고 공기업인 부산도시공사가 이번 공모과정에서 합리적으로 의심되고 있는 돈의 논리로 땅을 분양하고, 정치인과 부동산투자사업자를 통한 몇몇 특권층 소수자에게 특혜를 주고자 유관기관과 협업하는 일은 절대로 없어야 하겠습니다. -기회는 평등하게, 과정은 공정하게, 결과는 정의롭게, 상식이 통하는 나라다운 나라 예술인복지법에는 예술인은 문화국가 실현과 국민의 삶의 질 향상에 중요한 공헌을 하는 존재로서 정당한 존중을 받아야 한다고 되어있으며, 국민여가활성화기본법에도 국민들이 다양한 여가활동을 통한 삶의 질을 향상 시킬 수 있도록 여가활동 기반을 조성하는 정책을 요구하고 있습니다. ❝시민이 행복하지 않은 도시는 존재 가치가 없다.❞ 시던 오거돈 부산시장님께 또한 지역 간의 문화격차를 해소하고 지역별로 특색 있는 고유의 문화를 발전시킴으로써 지역주민의 삶의 질을 향상시키고 문화도시를 실현하는 것은 사람중심의 도시개발을 통한 지속가능한 문화예술의 사회적 가치를 아는 것으로 미래공동체를 위한 선택의 당위성 입니다. 문화예술은 자유로운 예술활동이 가능한 환경이 조성 될 때 저절로 피는 꽃과 같습니다. 권력의 과시나 특권층의 특혜를 위한 기관협업으로 문화예술이 만들어 지는 시대가 아닙니다. 부산시는 시민을 위한 행정의 책무가 있고, 부산도시공사는 시민을 위한 공간조성을 위한 직무가 부여되어 있다고 한다면, 시민중심 도시개발의 시대적 명제로 추진되고 있는 “오시리아관광단지 개발사업은 누구를 위한 것인가”를 이제는 되묻지 않을 수 없습니다.",
  "num_agree": 144,
  "petition_idx": "582545",
  "title": "2019-부산광역시 • 오시리아[동부산]관광단지 문화예술타운 민간개발사업자 공모에 대하여"
}