{
  "category": "정치개혁",
  "begin": "2019-09-09",
  "content": "요즘 조국 법무부장관 후보를 모르는 대한민국 사람들은 없을거라 생각합니다. 조국후보의 청문회가 열리고, 열리기까지 자유한국당과 우리나라 대표언론사와 기자님들의 부지런함과 미국FBI도 울고갈 어마어마한 정보력과 발빠름에 놀라지않을 수 없었습니다. 모든 방송,인터넷매체에 몇초단위로 팩트체크도 하지않는 기사를 쏟아내더니 청문회를 보면서 국민을 대표한다는 국회의원이 자기는 신이라도 되는것처럼 후보자에대한 예의는 눈꼽만큼도 찾기어렵고 고함,삿대질,온갖 인격모독,가족비하등으로 사퇴하라 목소리를 키우시던 잘나신 국회의원분께서 20살도 안된 아들의 면허취소수준의 음주운전,사고가해자,가해자바꿔치기,3억대의 아들이름의 고가외제차소유,금전으로 사건무마등을 시도하였고 사고현장에 도착한 경찰들은 가해자 말만듣고 귀하신 장제원의원의 아들내미는 현행범으로 연행되는게 아니라 집에가서 편하게 쉬고있으라 돌려보냈다는게 정말 국민의 한사람으로서 참담하기 이루말할수없습니다. 내로남불 즉,내가하면 로맨스요 남이하면 불륜이라고 말하는 이중잣대는 장제원의원한테만 적용되는 기준인것인지... 청문회에서 팩트없이 소리만 질러대는 장제원의원에게 묻고싶습니다. 조국후보자 딸이 이와중에 같은 사건이 발생되었다면 어땠을까요??전쟁도 이런 전쟁이 없었겠죠? 음주사건에 관해 인터넷기사도 점점 사라지고 또 어찌손을써서 조용히 넘어가려하는게 정치에 아무것도 모르는 저도 느껴지고 참으로 무섭기까지합니다. 장제원의원휴대폰,아들휴대폰 압수수색해서 사건 당시 검찰,경찰에 어떻게 압박과 도움을 요청했는지 또 제3자가 어찌 제발로 나타나 내가 운전했다라는 거짓증언을 할 수있었는지 이건 분명히 밝히고 넘어가야하는 겁니다. 장제원의원과 음주운전 가해자 아들,그리고 허술하기 짝이없는 사건담당 경찰 그외에 관계자들에 대한 정확하고 철저한 수사가 이루어질수 있도록 꼭 도와주십시요.",
  "num_agree": 1515,
  "petition_idx": "582582",
  "title": "장제원의원아들 음주사고에 대한 정확한 재수사를 원합니다."
}