{
  "category": "정치개혁",
  "begin": "2019-09-09",
  "content": "국민만 바라보고 가겠다던 윤석열. 취임한지 얼마안되 지를 밀어준 촛불시민에 칼을 들이대었다. 배신의 아이콘이다! 조국후보님도 검찰독립 존중하겠다하지만 천부당만부당이다. 취임즉시 고삐뿔린 망아지부터 장악하고 초토화시켜라!! 이에는 이 칼에는 칼 대포에는 핵폭탄이다!!! 촛불시민의 여망을 안고 그 시민들의 지지로 발탁된 윤석열총장이 바로 그 지지세력에 칼날을 들이대었다. 스스로 자기부정을 한거다. 지지하였던 국민을 배신하고 검찰조직의 이기주의로 돌아섰다고 본다. 그는 이미 국민의 여망을 저버렸다. 사법개혁, 검찰개혁을 하겠다는 후보를 향하여 신상털기수사를 마치 전국 조직폭력배집단 일제소탕작전 펼치듯 하다니.... 이것은 아니라고 본다. 그는 이미 촛불시민의 여망을 따르는 자가 아니다. 우리가 속았다. 그래도 미련을 갖었던 검찰. 스스로 개선될 길은 없는 것인가",
  "num_agree": 889,
  "petition_idx": "582567",
  "title": "윤석열을 파면하라"
}