{
  "category": "보건복지",
  "begin": "2019-09-06",
  "content": "안녕하세요. 친정어머니께서 유방암3기로 항암과 수술을 하셨고 현재 방사선치료와 표적치료중에 계십니다. 오늘 9월 6일 새벽 4시 40분 파업시작한다는 문자와 함께 치료불가하다는 통보를 받았습니다. 파업이 협상되면 추후 알려주겠다는 문자였습니다. 매일 방사선 치료를 받아야하는 스케줄이였고 추석 공휴일로인해 9월12,13일은 방사선 치료가 불가합니다. 매일 받아야 효과가 있는 치료이며, 기수도 진행된 상태이므로 매일 받으셔야합니다. 이뿐만 아니라 3주에 한번씩 맞아야하는 표적치료제도 치료를 받으셔야 하는데 파업으로 일정이 변경될 가능성이 높습니다. 병원노조와 양측 임금협상이 되지 않아 파업이 시작된것으로 알고있습니다. 양측 입장은 이해합니다만, 최소한의 진료와 매일받는 방사선치료와 그리고 항암일정은 미뤄지지 않게 진료가 되어야 한다고 생각됩니다. 중환자실에 있던 환자를 근처 병원으로 전원이라니요? 주사약이 전원병원에는 없어서 전전긍긍 한다는 글도 쉽게 찾아볼수있습니다. 새벽 내내 문자가 오지 않고 정상화 되길 바랬는데 잠못자고 환자, 보호자들이 기다리고 기사 조회하고 밤새 불안에 잠을 설쳤습니다. 국립암센터에서는 환자들을 고려하신건가요? 환자들은 무슨죄입니까? 국립암센터 믿고 정해서 치료받는 환자들이 무슨죄란 말입니까? 지방에서부터 비행기, 기차타고 오시는분들도 많습니다. 한분한분 고려해달라는건 아니지만, 최소한 이렇게 진료에 차질이 안생기게 대안을 마련해두고 파업을 해야하는거 아닙니까? 환자들이 믿고 돈내고 치료받는데 하루아침에 구급차타고 쫒겨난다니요? 말이나됩니까? 수술 받으려 일산까지 올라와있는 사람들은 어찌합니까? 암센터는 암환자들을 치료하는 곳입니다. 이 병원으로 치료를 정했을때 최소한 이런걸로 문제가 일어날것이라 생각하지도 않았습니다. 병원에서는 암 환자만 다루고 치료하는곳이라 암 이라는 단어와 병명에 무뎌질수있습니다. 하지만 한가정에서는 부모이고, 남편,아내, 자식이 암으로 진단받고 힘든 시간을 보내고 있습니다. 더 나은 치료를 받고자 암센터로 정했고 지금까지 치료받는동안 매우 만족하였습니다. 하지만 이번문제는 결코 환자만 약자가 되는 시간인거 같습니다. 부디 조속히. 파업협상되어 진료 정상화되길 바랍니다. 환자들이 피해보지 않도록 진료 정상화 시켜주세요. 저희 부모님들, 남편, 아내, 그리고 소아환우들. 하루,한달, 1년,5년,10년...20년... 생명의 시간을 연장하기위해 치료중인 환자들입니다. 저희 가족들을 지킬수 있게 꼭 진료정상화 부탁드립다. 노조분들.병원대표자분들. 조속히 파업협상,철회 부탁드립다.",
  "num_agree": 6788,
  "petition_idx": "582518",
  "title": "국립암센터 파업철회 간곡히 부탁드립니다."
}