{
  "category": "정치개혁",
  "begin": "2019-09-05",
  "content": "국회에서 다수당의 횡포를 막고 빠른 안건 처리를 위하여 만들어진 국회선진화법. 2012년 4.11 총선 전 발의가 되었고, 박근혜는 국회가 선진화법을 회기 내 꼭 처리 해 줄 것을 국회에서 호소 하기도 했지요~! ***당은 4.11 총선에서 승리하여 과반 의석을 확보 하고도 선진화법에 걸려 자기들 맘대로 법안 처리를 못하게 되자 소속 모 의원은 선진화법은 [야당 독재법], [소수특혜법],이라는 발언을 하며 선진화법을 비난 하기도 했지요. 국회에서 의원들이 만들어 통과시켜 놓고 자기들이 비난 한 것입니다. 2019년 이 법을 위반한 국회의원들을 어떻게 처리해야 할까요? 경찰은 국회의 눈치나 보며 적절히 국회에서 합의 보기를 기다리는 것 같이 국민들은 생각하고, 오랜 시간이 흐른 후 소환하여 처벌 수순을 밟더라도 1심 재판 후, 수 개월 후에 항소심 재판을, 그리고 대법의 항고심까지, 확정판결에 의한 처벌이 나오기 전 까지는 무죄로 추정하여 결국 내년 4월 총선에 국회선진화법을 위반한 의원들이 모두 출마가 가능 하도록 해 주려는 꼼수가 작동 하고 있지 않나 하는 우려가 듭니다. 만약 그리된다면 대한민국은 법치국가라고 하나 법이 국민들의 눈 앞에서 무참히 유린 당하는 꼴을 지켜 봐야 할 듯 합니다. 국민들은 또 한 번 피를 토하는 심정이 되겠지요~! 이 법률을 위반한 정치인들을 신속히 강제소환하여 처벌 절차를 진행하고, 대법원의 최종 선고 이전에라도 범죄행위가 명백 할 경우 차기 총선에 절대 출마하지 못 하도록 하는 조치가 이루어지기를 국민들은 고대합니다. 법 위에 국회의원이 있다는 말이 국민들 사이에 회자 될 때 우리 사회의 준법의식과 도덕적 가치는 지금보다도 더 나락으로 떨어질 것입니다. 청원 동의인 수 20만명에 얽매이지 말고 반드시 조치가 이루어질 수 있기를 국민의 한 사람으로서 고대합니다.",
  "num_agree": 11936,
  "petition_idx": "582508",
  "title": "국회선진화법 위반 정치인들을 신속히 강제 소환하여 수사와 처벌이 이루어지고 차기 총선 출마를 막아주십시오 !"
}