{
  "category": "정치개혁",
  "begin": "2019-09-05",
  "content": "9월2일 조국의 기자간담회의 목적으로 국회회의장 불법사용을 강력히 규탄하며 국회내규위반&김영란법 위반으로 더불어민주당 이해찬대표와 조국을 당장구속시키고, 국회사무처 직원도 구속시키시오! 어디 일개 후보자가 국민을대표하는 국회의사당을 불법으로 사용하는겁니까? 특히 조국후보자는 윤석렬검찰총장은 조국을 긴급구속시켜서 대한민국의 법의 엄중함을 보여주고, 더불어 이해찬당대표에게는 법의 냉정함을 철저히 알도록 김영란법으로 확실하게 구속시키시오!",
  "num_agree": 2144,
  "petition_idx": "582515",
  "title": "조국의 국회회의장 불법사용을 처벌하시오!"
}