{
  "category": "안전/환경",
  "begin": "2019-09-09",
  "content": "1. 자유한국당 장제원 의원의 아들인 래퍼 노엘이, 만취상태에서 차를 몰다가, 오토바이와 부딪히는 사고가 9월 7일 새벽에 일어났습니다. 경찰이 확인해보니 혈중알코올농도는 면허취소 수준인 0.08 이상인 것으로 확인됐습니다. 이에 경찰은 인사사고가 났음에도 불구하고 장씨를 조사한 뒤 집으로 돌려보냈다고 합니다. 개정된 윤창호법에 따르면 음주운정 2회 이상 적발 시 징역 2~5년 또는 벌금 1000만~2000만원이라고 합니다. 경찰에서 제대로 수사를 하는 지 감독하셔야 합니다. 또한, 사고 직후, 운전자 바꿔치기를 하려는 정황이 있었고, 피해자에게 본인의 아버지가 국회의원이라고 하면서 1000만원을 제시했다는 기사가 있습니다. 이는 중대한 범인은닉죄이며, 공무집행방해죄에 해당됩니다. 진상을 가감없이 철저히 조사하여, 부모가 누구냐에 따라 음주운전도 슬쩍 넘어가는 그런 일이 없도록 반드시 엄중처벌 요청하는 바입니다. 『제151조(범인은닉과 친족간의 특례) ① 벌금 이상의 형에 해당하는 죄를 범한 자를 은닉 또는 도피하게 한 자는 3년 이하의 징역또는 500만원 이하의 벌금에 처한다. 2. 이뿐만 아니라, 20세에 벤츠 AMG GT 라는 3억 정도 되는 차를 샀다고 하는데, 어떤 돈의 출처로 사게 되었는지 구매과정에서 불법 증여는 없었는지 반드시 검찰조사 요청드립니다. 또한, 부산의 거대 사학을 운영하는 장제원집안에서 불법적으로 증여 받은 부분이 1원이라고 있는지 반드시 검찰조사 요청하는 바입니다. 3. 또한, 2017년 유명 오디션 프로그램에 참여했다가 당시 미성년자 성매매 시도 의혹이 불거지며 하차한 바 있습니다. 해당 의혹에 대해 그는 “사실 무근”이라며 부인했다고 하는데, 본인이 부인했다로 끝날 것이 아니라, 성매매미수에 해당하는 이 사건을 반드시 검찰은 통화내역 조회, 컴퓨터파일 확인, 자택 압수수색들을 통해서 진상 파악하기를 요청하는 바입니다. 또한, 장제원의원이 경찰에 압력을 행사하여 이 사건을 무마했을 수도 있기 때문에, 경찰간부와 장제원의원간의 사건 개입이 없었는지 통화내역 및 관련비위를 반드시 조사해야합니다. 미성년자 성매매는 지구상에서 사라져야할 파렴치한입니다. 국회의원인 금수저 아버지 덕에 은근슬쩍 넘어가서 저같은 흑수저 집안이 박탈감을 느끼지 않도록 검찰의 엄청촉구를 요청하는 바입니다.",
  "num_agree": 6388,
  "petition_idx": "582577",
  "title": "국회의원 장제원의 아들 노엘에 대한 철저한 진상파악을 축구합니다."
}