{
  "category": "보건복지",
  "begin": "2019-09-09",
  "content": "안녕하세요. 요즘 근로장려금,자녀장려금 지급시기로 저 또한 기다리고있었습니다. 국세청심사 확인결과 제외대상으로 나오길래, 그 또한 확인문의했습니다. 그이유 즉슨, 어디에 있는지도, 연락두절인 배우자가 신청을 해서 제외되었다합니다. 제가 의문인건 근로장려금이 아닙니다. 자녀장려금은 근로장려금과 별개로 심사되어야하는데두 두가지를 묶어서 심사되어 결정되니 너무 어이가 없구 도저히 이해안되는부분이라 이렇게 청원올리게 되었습니다. 현재 전 이혼소송중이고 세대또한 남편과 분리되어있습니다. 그리고 이제23개월 딸아이의 실제 양육자이기도 합니다. 장려금 또한 복지인데 책임. 부양.의무를 다하지않는데두 배우자도 신청했기에 주소득자기준으로 그 두가지 다 법적인 배우자에게지급될수밖에 없다고합니다. 어찌 법이 이럽니까. 책임,부양,의무를 나몰라라해도 양육비 1원도,생활비 1원도 안주고도 복지혜택을 가져간답니다. 너무 생각없이 좋은 나라아닌가요? 정작 만원도 아쉬운 실제양육자는 겨우 버티다 ..버티다.. 안좋은 생각하겠지요... 아무리 좋은 법이라도,제도라도 현시대흐름에 따라가지못하면 맞지않은것이니 고쳐야하고 개선해야되지않을까요? 정작 정말필요한건 책임의무를 무시하면 안된다는 인식의 강력한 법이 필요합니다. 대통령님! 어느 누가 안좋은 방향으로 가자고 가정을 꾸리겠습니까 하지만 여러가지 이유들로 인해 인륜은 버리게될지몰라도 천륜을 버려야할까요? 천륜을 져버리지않고 어찌어찌 책임을 다 하려고 하는 실제양육자를 생각해주셨으면 좋겠습니다. 첫째, 근로장려금과 자녀장려금을 분리심사해주셨으면합니다. 분리하게되면 일의 양이 과중될껀알지만 정말 필요한 실제양육자에게 혜택이 가야하기에 바껴야되는 부분입니다. 두번째,양육비청구권이행강화를 좀 더 강제화시킬수있었으면합니다. 감치명령, 지급명령등 여러가지 방법이 있긴하지만 강제적인 권한이 없으니 , 법적인 명령에도 무시를 하는추세입니다 세번째. 이혼소송중이라도 정말 필요한 복지라면 예외를 둬서 살아갈 방향, 자립할방향을 잡아주셨으면 합니다. 이혼이라는 과정상으로 충분히 심리적인 불안감과 자괴감등등을 느끼면서도 아이에 대한 책임을 다하려 정신력으로 버티고있는경우가 많을것입니다. 저또한 그렇구요. 혼자 어렵게 버티다 아이죽이는 괴물이 될까봐 사이안좋은 친정에 들어와살고있습니다만, 대통령님, 아이들은 죄가 없습니다. 밝게 커야 할 아이들이 책임감없는 아빠또는 엄마때문에 원망감을 먼저 배워서는 안되지않습니까? 현 법안들이, 현 복지제도들이 실생활에 부합되지않는다면 당연 고쳐야하고 개선해주셔야합니다. 간곡히 부탁드립니다. 현실과 맞지않는 부분은 과감하게 개선해주세요. 제발, 현실대입해주셨으면합니다.",
  "num_agree": 280,
  "petition_idx": "582537",
  "title": "책임.부양.의무를 하지않아도 혜택받는다."
}