{
  "category": "정치개혁",
  "begin": "2019-09-09",
  "content": "현직 국회의원의 아들 노엘은 과거 불미스러운 일로 검찰 조사를 받은 경험이 있음에도 이번에 또다시 만취상태로 고급외제차를 운전하다 사고를 냈으며 사고 피해자에게 아버지가 국회의원임을 들먹이며 거액의 합의금을 제시한바 이것은 아버지의 직함을 이용한 협박이며 회유입니다. 장제원의원은 청문회에서도 자녀의 불법행위는 부모가 책임져야한다고 강조한바 아들의 엄벌과 함께 장제원의원의 국회의원직 사퇴를 요구합니다.",
  "num_agree": 1927,
  "petition_idx": "582578",
  "title": "장제원(자유한국당) 국회의원의 아들 노엘의 음주운전및 사고피해자 회유 협박에대해 엄벌해 주십시오"
}