{
  "category": "정치개혁",
  "begin": "2019-09-09",
  "content": "정부에 요청합니다 14시간동안 바라보는 매스컴은 청문회 지향을떠난 범죄자 취지 및 관련 가족들 몰살하기 위한 청문회 또한 내부 조국 공격 외부 검찰총장 압수수색및 관련자들 소환 딱보면 정답 나오네요 내외부 짜고서 한사람을 망신창이 만들고 그것도 부족해 국민대표 국회 자한당은 조국 민종수석의 대한 법무부 자질 검토 보다는 이미 계획대고 시나리오 구성되고 다보이는 청문회 였습니다 보면서 조국 민종수석님 마음같아 눈물도 많이 흐르면서 저들의 악랄함을 보았습니다 내부에서는 증거제출(자유한국당) 외부에서는 검찰 조폭내란음모죄 다르듯 대규모수사 자유한국당 이사실 알면서 검찰압수수색증 나오지 못할 증거자료만 요청하고 제출안하면 자진사퇴라고인정한듯 그렇듯이 자유한국당 청문회 였습니다 더불어민주당 의원님 모습들 이 자유한국당에게 분노한게 아니라 가짜뉴스 언론의방종과 이미 만들어진 시나리오에 빠져 들지 않고 가진 협박투에 조국 민종수석을 바라보며 눈물을 삼키면서 조국 민종수석의 잘못을 깨닫게 새로운삶을 위해 분통터지듯 마지막질의 및 조국민종수석의 마지막 발언권을 주시며 자유한국당은 조국민종수석의 아내가 검찰소환 시간끌기 검찰총장의 사태를 보며 말도 안되는 말로 계속 조국 민종수석을 공격하고 자유한국당 장**는 문대통령님을 비하하며 인사청문회 종결의 보고서 제출은 안하고 검찰에 동태만 바라보면서 시간을 억지로 밤00:00시를 지나 보고서 채택아닌 고문아닌 고문을 당하면서 조국민종수석의 끊임없이 눈물을 버금고 계속 질의를 답변 막히지 않고 바로바로 이야기 했으며 마지막 자유한국당 주의원은 누구누구의 제보문자속에 조국 민종수석이 당황 버벅거림 떨림을 보았다고 주장하면서 인심공격도 하며 이런청문회속에 패스트트랙 수사거부자들이 어떻게 청문회 위원장 자리를 지키는것 정황으로 볼때 국회 직귄남용 아닌지요 자유 한국당 주의원은 병원 진단서 생활기록부 개인정보유출 이미고소 상태이지만 패스트트랙 불응한 자유한국당 의 분노와 격분 합니다 하물며 자유한국당 홈페이지 게시판은 과부하 정말 대한민국의 국민한사람으로 분통이나고 의원들은 투표속에 당선확정만 확인후 그전 이후 사건연루된 내용도 모르고 무조건 여력경력학력 이것만보고 찍는 무의미한 국회투표를 1차로 진행하고 2차로 국민위원 감시원 국민 감사위원팀이 만들어져서 그분들의 모든이력 사건 전과 이런 부분을 국민 감사위원팀의 의견수렴한 점수에 국회의원 선출 희망 합니다 또한 국민 감사위원팀 또한 내외부 결탁 하지않은 책임 인증문서로 선별하고 신원조회 및 각 조회사항걸쳐서 감사위원팀 구성하여 국민 소환제 적용 감사원팀으로 구성되어지길 희망 합니다 강력히 자유한국당 해체와 검찰총장 직위해제 청원 합니다 국민에게도 허락 해주시길 간절히 부탁드립니다",
  "num_agree": 1685,
  "petition_idx": "582569",
  "title": "자유한국당 과 윤석열 검찰총장 직위해제  청원"
}