{
  "category": "정치개혁",
  "begin": "2019-09-09",
  "content": "사법개혁의 제 1과제로 피의사실을 공표할 경우 해당 검찰과 이를 악용하는 언론과 관련자들을 엄벌하고, 특히 해당 검사는 파직하는 처벌규정을 세워야 합니다. 노무현대통령의 비극에서도 경험했듯이 검찰의 피의사실 공표는 중범죄입니다. 어떠한 중범죄자의 범죄사실 입증을 위해서라도 검찰이 스스로 범죄를 일삼는 악습을 끊어야 합니다.",
  "num_agree": 725,
  "petition_idx": "582554",
  "title": "피의사실을 공표하는 검찰 관련 처벌을 강화해야 합니다."
}