{
  "category": "육아/교육",
  "begin": "2019-09-09",
  "content": "제 아들은 약1년반 가량 지속적인 학교폭력에 시달렸고, 현재 그 후유증으로 1년째 방안 갇혀 세상과 단절되어 살아가고 있습니다. 18년 9월에 사건이 접수되어 수사가 진행되었고, 12월12일 재판이 열릴 예정이었으나 변호사 교체로 인해 재판을 연기하였습니다. 재판을 연기 한 후 아들의 진술과 <sbs 그것이 알고싶다 1150회 12월22일 방영>에서 발견한 목 기절시키는 영상을 통해 추가적이고 결정적인 가해혐의를 발견했습니다. (18년12월 이전 조사과정에서 수사관에게 cctv확보를 요청하였으나, 수사관이 ‘cctv는 없습니다.’라고 확언하였지만 ‘그것이 알고 싶다’ 촬영팀에서 발견하였습니다.) 그러나 추가혐의와 증거를 누락시킨 채 작년 2018년 11월28일 저희 아들이 심리적으로 굉장히 불안한 상태에서 수사관에게 한 차례 진술한 내용을 토대로 일부 혐의만 판사에게 기소하였습니다. 그 과정에서 검사가 2차례 변경되었고, 마지막 세 번째 000검사로 바뀐 후 피해자 최후진술을 하지 않은 채 (단 한차례의 만남도 없었습니다.) 사건을 급하게 판사에게 기소하였습니다. 작년 12월 이후 발견한 결정적인 증거들을 누락한 상태에서 급하게 사건을 기소한 것을 이해할 수 없으며, 이로 인해 가해혐의가 제대로 밝혀지지 않을까 걱정됩니다. 더욱이 가해자들을 변호하는 000변호사는 A지청 검사 출신으로 개원한지 얼마 안된 변호사로 A지청에 영향력을 줄 수 있을 것이라고 (전관예우) 우려됩니다. 이에 어떠한 외압과 영향력으로 인해 판결이 왜곡되지 않도록 도와주시길 부탁드립니다.",
  "num_agree": 1064,
  "petition_idx": "582549",
  "title": "학교폭력 피해자가 전관예우로 인해 억울한 재판을 받지 않도록 도와주시길 부탁드립니다."
}