{
  "category": "정치개혁",
  "begin": "2019-09-09",
  "content": "자유한국당 장제원의원의 아들이 음주운전자 바꿔치기 의혹이 제기되고 있습니다. 또한 이를 부인하고 자신의 아버지가 국회의원이라고 수사의 압력을 행사한 의혹도 있습니다. 만인에게 펑등해야될 법이 만명에게만 평등한 법이 될까 심히 걱정되며, 국회의원의 아들이라 바주기 수사가 할까 걱정됩니다. 수사 방해죄 등 엄정한 수사를 요청합니다. 또한 위 내용이 사실일 경우 강력한 처벌을 요구합니다.",
  "num_agree": 3103,
  "petition_idx": "582584",
  "title": "자유한국당 장제원의원 아들 음주운전자 바꿔치기 의혹에 대한 철저한 수사요구"
}