{
  "category": "기타",
  "begin": "2019-09-09",
  "content": "J******* P**** 라는 유튜브 채널에 태극기를 짓밟고, 불태우며 모욕하는 영상들이 올라와있습니다. 이 행위는 저희나라 대한민국을 모욕되게 하는 행위라 생각되며 이는 '제105조(국기, 국장의 모독) 대한민국을 모욕할 목적으로 국기 또는 국장을 손상, 제거 또는 오욕한 자는 5년 이하의 징역이나 금고, 10년 이하의 자격정지 또는 700만원 이하의 벌금에 처한다' 에 해당됩니다. 또한 영상 설명란에 '위안부 창녀'라고 적어놓았으며 이는 일제 강점기 동안 고통받으신 위안부 분들을 모욕하고 명예를 훼손하는 행위라 고려되어 '제307조(명예훼손) ① 공연히 사실을 적시하여 사람의 명예를 훼손한 자는 2년 이하의 징역이나 금고 또는 500만원 이하의 벌금에 처한다. ② 공연히 허위의 사실을 적시하여 사람의 명예를 훼손한 자는 5년 이하의 징역, 10년 이하의 자격정지 또는 1천만원 이하의 벌금에 처한다' 에 해당되는 것으로 보입니다. 여러분들의 동의가 하나의 친일파를 없앨것입니다. 감사합니다. [본 게시물의 일부 내용이 국민 청원 요건에 위배되어 관리자에 의해 수정되었습니다]",
  "num_agree": 3843,
  "petition_idx": "582538",
  "title": "이 J******* P**** 라는 유튜브 채널의 유튜버를 처벌해주세요."
}