{
  "category": "일자리",
  "begin": "2019-09-09",
  "content": "저는 40대후반의 직장생활 20년차 워킹맘입니다. 제가 일하는 직장에서 이번에 직원들의 장기근속을 장려하기 위해 “청년내일채움공제”로 혜택을 준다고 해서 모두들 기대가 컸습니다. 그런데 신청대상자가 “만34세 이하” 라는 연령제한이 조건이 있었습니다. 한마디로 청년만 해당이 되지 중장년층은 해당사항이 없다는 거죠...흑흑 저는 아이가 셋입니다. 결혼 후 맞벌이를 계속 하는데도 아이들 키우는데 돈이 워낙 많이 들기 때문에, 노후를 위한 적금을 넣을 여유가 없습니다. 요즘은 “100세 시대”라고 하는데 제대로 된 노년을 대비하지 못하고 있기에 늘 불안한 마음입니다. 저희 직장에는 나이가 많아서 저처럼 혜택을 받지 못하는 대상자가 열명 정도 있습니다. 같은 직장인데 나이가 많다는 이유로 저희 중장년에게는 혜택이 없다는 것 또한 역차별이라는 생각이 듭니다. 저만 이런 생각을 한 게 아니기 때문에 이런 저희들의 의견을 모아서 건의했더니 지금 정부에서 시행하고 있는 “내일채움공제”에는 기업과 개인의 부담금만 있고 정부지원금이 빠져 있기에 직원들이 받을 실질적인 혜택이 “청년내일채움공제” 에 비해서 크지 않기에 사업자측에서도 적극 장려하지 않는다는 답변을 들었습니다. 정부지원금이 빠져 있는 지금의 “내일채움공제” 정책자체가 불합리하다는 생각이 들고, 저처럼 만34세 이상의 청장년층에게도 정부지원금을 추가해주셨으면 합니다. 90년대 후반에 아이들을 출산한 제 또래의 부모들은 지금처럼 산부인과 검진비부터 출산비,육아휴직,양육비,유치원교육비와 중,고등학교의 급식비,교복비등 그 어느것 하나도 정부의 복지혜택을 지원받지 못한 세대입니다. 저처럼 여러가지 복지정책에서 소외된 30대중반에서 55세 미만의 중장년층 근로자에게도 “청년내일채움공제”처럼 정부지원금을 추가해 주어서 직장생할을 하면서도 불안하지 않는 노후를 대비할 수 있도록 정부가 나서서 적극적으로 정책을 검토해주시고 적극 반영해주시기를 진심으로 부탁드립니다. 감사합니다.",
  "num_agree": 174,
  "petition_idx": "582540",
  "title": "내일채움공제~에 대하여!!"
}