{
  "category": "정치개혁",
  "begin": "2019-09-09",
  "content": "공정하고 정의로운 검사는 국민이 만들어야 합니다. 이런 검*들을 제거도 국민이 해야합니다. 이런사유로, 윤석열검찰총장을 비롯해서 대한민국 모든 검사들을 조사하여 범법자들은 무조건 파면하고 구속수사하시라! 전수조사대상죄목 1. 주차위반을 위시한 도로교통법위반사항 2. 위장전입등 주민등록법 위반 3. 자녀 부정입학등 공무집행해죄 4. 김영란법 위반죄 상기 3항에 대해 전수조사 후에 단 한가지라도 발견되면 1차 대기발령 후 검사본인 직계와 배우자 직계 모든 이를 피의자로 전환하여 정밀수사하고 중죄가 있으면 무조건 구속수사해야 합니다. 더이상 검*라는 ***들은 믿을 수 없으며 기대할 바도 없기에 청원하는 것입니다. [본 게시물의 일부 내용이 국민 청원 요건에 위배되어 관리자에 의해 수정되었습니다]",
  "num_agree": 1449,
  "petition_idx": "582568",
  "title": "윤석열검찰총장을 비롯해서 대한민국 전검사를 조사하여 범법자들 모두 파면하시라"
}