{
  "category": "정치개혁",
  "begin": "2019-09-09",
  "content": "장제원 자유한국당 의원의 아들인 래퍼 장용준이 음주운전 사고로 경찰에 적발된 것은 \"면허취소 수준의 음주운전으로 교통사고를 일으킨 것만으로도 부족해 사건을 덮기 위한 피해자 회유 및 운전자 바꿔치기 시도가 있었다는 것은 죄질이 극히 나쁜 심각한 범죄행위\"입니다. 장 의원 아들의 피해자 회유 시도뿐만 아니라 장 의원이 직접 국회의원 신분을 이용해 사건을 은폐 및 무마시키려고 한 것은 아닌지, 사고 현장에 나타난 제3자가 누구인지 경찰은 철저하고 엄정한 수사를 해야 할 것입니다. 또한 1997년 4월, 학교법인 **학원과 **대의 비자금 조성 및 횡령사건은 검찰이 24일 장**(66.전 국회부의장) 전 총장과 장**(51) 재단 사업국장을 특정경제범죄가중처벌법 위반혐의로 불구속기소함으로써 한달여간의 수사를 매듭지었다. 그러나 이 사건은 학교 운영비를 자신의 주머니돈으로 여기고 마음대로 빼쓰던 사학의 고전적인 횡령수법이 아직도 통용되고 있다는 점에서 충격을 던져줬다. 장씨는 비자금 중 20억 5천 9백만원을 큰아들(장**)의 서울 여의도 89평짜리 아파트 구입비 4억3천5백만원 둘째 아들(장제원)의 출판사 운영비로 8억4천4백만원 #부인의 골프회원권 구입비 6천2백만원 #생활비 5억2천9백만원 등으로 사용한 것으로 밝혀졌다. [본 게시물의 일부 내용이 국민 청원 요건에 위배되어 관리자에 의해 수정되었습니다]",
  "num_agree": 9657,
  "petition_idx": "582588",
  "title": "장제원을 의원면직 처벌해주세요.사학비리,아들음주운전"
}