{
  "category": "정치개혁",
  "begin": "2019-09-09",
  "content": "현재 민주당과 조국 후보자는 검찰과 고위 공직자의 막강한 권한을 견제하고 개혁하고자 헌신하고 노력하고 있습니다 권력을 남용, 악용하여 사회를 어지렵게 하고 자기네와 조직의 이익을 위해 최상위권 권력자와 거대한 검은돈에 협조하고 더 나아가 조작및 공작으로 죄가 없는 일반 시민들에게는 지워지지 않는 고통을 주는 저 세력에 맞서는 조국 후보자 임명에 중요한 전환점이 되는 청문회에서 민주당과 조국 후보자의 개혁에 반대되며 야당과 결탁하여 후보자에게 흠집을 내어 낙마 시키고자 노력하는 모습에 민주당과의 결이 다른 사람으로써 계속 민주당에서 당원으로 남게되면 지금 야당에 분노한 민심이 금태섭 한사람때문에 여당인 민주당과 정부가 같이 엮이어 국민의 분노를 살수 있으며 금태섭이 계속 본당의 결을 달리하여 선동을 하는등 민주당에 악영향을 줄것같아 국민들의 분노로써 강력하게 금태섭을 강제 출당하기를 청원드립니다",
  "num_agree": 752,
  "petition_idx": "582557",
  "title": "민주당은 금태섭 강제 출당해 주세요"
}