{
  "category": "기타",
  "begin": "2019-09-09",
  "content": "장제원 아드님은 성매매 의혹과 오늘 실제 음주운전으로 오토바이와 사고사건이 있었습니다. 늘 국민의 알권리를 위해 최선을 다하는 기자여러분! 조국따님관련보도 처럼 장제원 아드님에 대하여..성매매의혹을 파헤쳐주시고, 음주운전사건도 운전면허증은 위조가 아닌지? 술종류는 무엇이었는지? 술이름은 무엇는지? 안주는 무엇을 시켰는지? 결제는 현금인지? 누구의 신용카드였는지?사고당시 동승자는 있었는지? 조국따님사건처럼 30만건기사 부탁합니다. 반드시 국민의 알권리를 충족시켜주세요. 그리고 검찰은 3억짜리벤츠를 압수하여. 누구의 명의로 구입했는지? 증여의혹은 없었는지? 자동차등록증위조는 아닌지? 벤츠내부에 동승자지문 머리카락등은 국과수 넘기세요..그리하여 정의는 살아있음을 보여주세요. 청와대는 국민의 알권리를 소중히 여긴다는 자세로 이러한 모든 것들이 조속히 시행될 수 있도록 협조하여주세요.",
  "num_agree": 899,
  "petition_idx": "582575",
  "title": "대한민국 기자님들 장제원의원의 아드님의 음주사건관련하여 조국따님처럼 30만건 기사를 올리고 검찰은 즉시 압수수색하여 정의 검찰의 면모를 보여주세요."
}