{
  "category": "정치개혁",
  "begin": "2019-09-09",
  "content": "만취상태 음주운전에 인사사고. 운전자 바꿔치기 및 뇌물제공 시도. 일반인이었다면 무조건 구속 수사 되지 않았을까요? 어떻게 불구속 수사가 될 수 있는지 납득이 되지 않습니다. 운전자 바꿔치기, 뇌물 제공은 명백히 증거인멸 시도고 도주 우려의 가능성이 있는건데 어떻게 훈방조치가 될 수 있지요? 구속수사 해주십시오. 우리 국민들 지금 고위자 자녀 특혜에 매우 민감합니다. 이껀을 불구속수사할거라면 앞으로 모든 일반인의 음주운전 , 운전자바꿔치기/뇌물공여 사건에도 모두 불구속수사가 되어야 할겁니다.",
  "num_agree": 8354,
  "petition_idx": "582583",
  "title": "장제원 아들 훈방조치 불구속수사는 특혜입니다."
}