{
  "category": "문화/예술/체육/언론",
  "begin": "2019-09-08",
  "content": "학생들이 강원도 학교스포츠클럽 만 보고 1년동안 피 땀을 흘려 운동을 하였고, 그 결과 고작 태풍 하나 때문에 그 1년동안 피 땀 흘린게 무산이 됬다는게 말이 안된다고 생각합니다, 그리고 취소를 할거였으면 전날이 아니라 2~3일전에 말하는게 맞다고 생각하고요, 저희 같은 경우는 철원 도착하자마자 바로 돌아왔습니다.. 어떻게든 강원도 스포츠클럽을 진행하게 해주세요.",
  "num_agree": 243,
  "petition_idx": "582534",
  "title": "강원도 학교 스포츠클럽을 진행하자"
}