{
  "category": "문화/예술/체육/언론",
  "begin": "2019-09-09",
  "content": "일본인 드라이버, 국내에서 욱일기 달고 레이스…\"엄중 항의\" https://sports.news.naver.com/general/news/read.nhn?oid=055&aid=********** 일본인 드라이버 및 팀, 미캐닉까지 드라이버,미캐닉 너나할것 없이 헬멧에 욱일기 부착하고 한국 영암 서킷에서 2019년 8월 3,4일 람보르기니 슈퍼트로페오 원메이크레이스 에 출전한 일본 \"호***(H*****)' 팀\" 및 도*** **** 외 팀 크루들을 내년 2020년 7월로 예정된 블랑팡 람보르기니 슈퍼트로페오 레이스를 위한 한국 입국을 전격 금지 청원합니다. 한국 모터스포츠 팬들과, 모터스포츠를 헌신하는 종사자들을 모조리 모욕하는 행위이며 이 행위는 절대 한반도에서 일어나지 말아야 할 행위입니다. 고로 입국금지 청원합니다. [본 게시물의 일부 내용이 국민 청원 요건에 위배되어 관리자에 의해 수정되었습니다]",
  "num_agree": 440,
  "petition_idx": "582544",
  "title": "한국 서킷에서 전범기(욱일기)를 부착하고 출전한 일본 레이싱카, 선수, 미캐닉 입국금지 청원."
}