{
  "category": "보건복지",
  "begin": "2019-09-06",
  "content": "우리사회의 가장 어려운 생활 여건 속에서도 그나마 우리 노인들의 마음을 달래주는 아주 고마운 2가지를 꼽으라면은 그 첫째가 청주 가로수공연단의 재미있고 즐겁고 살 맛나는 흥겨운 노랫가락과 그 둘째는 충북 청주 상당****의 봉사단의 무료급식이 딱히 갈 곳 없이 근근이 살아가는 우리 힘든 노인들에게는 점심 한 그릇 아니 두 그릇의 점심식사 대접은 그저 고맙고 감사하고 기쁠 뿐입니다. .. 청주시 가로수 공연단은 멋진 노래와 배부르고 맛있는 한끼의 식사는 그 어느 진수성찬보다 값진 청주 상당**** 만의 자부심과 매력이 아닌가 싶습니다. 힘들게 생활해나가는 저희 노인들을 위해 봉사하시는 청주상당**** 송**대표님(여성분)과 봉사하시는 분들께 고맙다는 말씀을 드립니다. 이 글을 제가 이렇게 쓰게 된 동기는 다름이 아니오라 지난 6월 1일 토요일 점심식사를 하던 중 충북 청주시 상당****의 송** 대표대표님부터 이 봉사 활동도 머지 않아 중단 될 위기에 놓여있다고 말씀을 들었습니다. 때문에 저희 힘없고 가진 것 하나 없는 저희 노인네들은 시청 담당자분께 이처럼 선하고 아름다운 무료급식 봉사활동이 멈추지 않게 시청도 찾아가 뵈옵기도 하고 이글로써 진정서도 올려 보았으나 다 물거품이 되었습니다. 그 동안 수년간 비가오나 눈이오나 추우나 더우나 쉬지 않고 충북청주시 상당구에 위치한 상당공원에서 저희 극빈 노인들을 위한 무료급식을 제공하던 청주 상당****는 무료급식 공동체 김** 목사의 무허가 컨테이너 고발성 민원으로 상당구청(****팀)에서 자원봉사자들이 사용하는 급식관련 도구 식자재, 의자, 식탁 등을 보관하는 컨테이너를 철거 명령이 내려져 매주 토요일 저희 노인들을 위해 무료급식을 하던 봉사가 중단 될 위기에 놓여 있습니다. 상당공원내 화장실옆 조그마한 컨테이너 때문에 우리 노인네들의 토요일 점심 한끼가 위태, 위태 합니다. 저희 가진 것 없는 노인네들은 오직 청주 가로수 공연당의 재미있는 노랫소리와 따뜻한 점심한끼의 식사면 족합니다. 배만 부르면 됩니다. 점심 한끼로 그 다음 날까지 쫄쫄 굶다가 다시 봉사단체를 찾아 다니며 (일요일 청주 중앙공원) 허기진 배를 채우곤 합니다. 그러한 현실이 지금 우리 갈 곳 없는 노인들의 비참한 하루 하루의 생활입니다. 얼마 남지 않은 우리 노인들의 인생이 하루 하루 오늘은 또 눈을 뜨면 어는 곳에 정착하여 또 한끼의 식사를 할수 있나 그러한 생각만 들뿐입니다. 6월 싱그러움속에 청주 상당공원에서의 오늘은(6월22일) 참으로 눈물이 날 지경입니다. 청주 상당****의 송**대표님의 말씀에 지금 우리 노인들은 울었습니다. 모두가 울고 또 울었습니다. 슬픕니다. 한끼의 식사 때문에…………. 송**대표님이 울면서 말씀하시기 때문에 저희 노인들은 더 더욱 슬펐습니다. (오늘의 식사가 마지막 일수도 있기 때문입니다.) 이세상의 가장 힘든 60~70년대에 험하고 모진 역경을 딛고 한 시대의 풍파를 견디며 이 만큼 어려운 생활속에서도 많은 자식 키우며 가장으로서 진정 나 자신은 내 팽개치고 오직 가정과 나라만을 위해 이 만큼 경제 성장에 기여한 세대도 없을 것 입니다. 온갖 희생을 하며 살아온 그 세월들이 이 나라가 되도록 살아온 보람을 간직할 수 있는 마음을 가슴 깊이 새길 수 있도록 드리는 말씀입니다. 오늘 점심식사는 400~500여명 가량의 엄청 많은 분이 오셨습니다. (슬퍼서 슬픔을 함께 하려고 많은 분이 오셨나 봅니다.) 이처럼 우리 노인네들의 소박하고 정 많은 한끼의 소망이 진정으로 이루어 질수 없단 말입니까? 서글픕니다. 하지만 힘있는 기관은 지난 6월 28일 오전 무허가 건물이라고 (공원내 화장실 옆 조그만 컨테이너 철거를 했습니다.) 매주 토요일 식탁에 앉아 한끼 식사를 하던 노인네들은 불편한 다리를 하고 구부정한 허리를 하고 바닥에 앉아서 식사를 하고 상당**** 봉사자들은 매주 토요일 1톤 트럭에 필요한 짐을 싣고 식사를 준비하고 다시 트럭에 싣고 20분 되는 거리에 있는 컨테이너로 짐을 옮깁니다. 노인네들의 한끼 식사를 해주기 위해 무료급식을 중단하지 않고 매주 토요일 충북 청주시 상당공원에서 맛있는 음식을 만들어주고 있습니다. 상당**** 봉사자들과 가로수 공연단이 있어 노인네들은 매주 토요일이 기다려지고 그 시간이 행복합니다. 정말로 우리 대한민국 행정기관은 이처럼 약자의 간절한 소망하나 못들어 주시는 겁니까? 너무 하십니다. 우리 많은 노인들이 이렇게 애원해도 말 입니다. 꼬부랑 노인네들이 굽어진 허리를 한번 더 숙일 때 너그럽고 냉철한판단으로 저희 노인들의 부탁을 들어주시면 너무나도 엄청나게 고맙겠습니다. 한끼의 식사가 허기진 배가 채워지고 부를 때까지 오직 한마음으로 우리 노인들은 끊임없이 계속해서 대한민국 청와대만 바라보고 하염없이 기다리겠습니다. 좋은 날이 올때가지……. 존경하는 문재인 대통령님, 그리고 김정숙여사님님께 올립니다. 고맙습니다. 감사합니다 청주시 상당공원내 무료급식 참석자 노인일동 께서 쓰신 글을 대신해서 글을 올립니다. 작성자 송** [본 게시물의 일부 내용이 국민 청원 요건에 위배되어 관리자에 의해 수정되었습니다]",
  "num_agree": 1209,
  "petition_idx": "582521",
  "title": "충북 청주시 상당공원 어르신들의 무료급식을 지켜주세요"
}