{
  "category": "정치개혁",
  "begin": "2019-09-09",
  "content": "검찰은 기소권을 독점하면서 견제를 받지 않는 기관입니다. 이러한 기관특성은 기관의 부패를 초래함은 물론 국민의 법적인 안전성을 해치는 매우 위험한 구조입니다. 금번 조국법무부장관 후보자에 대한 검찰의 태도는 이러한 부분을 여실히 증명하고 있습니다. 범죄자로 낙인찍기 위해 검찰이 마음만 먹으면 무분별한 수사로 국민을 범죄혐의자로 만드는 것은 너무나도 손쉬운 것이라는 것을 보여주었습니다. 셀 수 없이 많은 압수수색으로 일상적인 생활을 불가능하게 만드는 것도 너무나도 그들에게는 손쉬운 일이라는 것을 보여주었습니다. 심문없는 일방적인 기소로 기소에 대항할 수 있는 국민의 권리는 먼지보다 가벼운 것이라는 것을 보여주었습니다. 검찰은 언제든지 수사권과 기소권을 남발하여 국민의 법적인 안전성을 해치는 행위를 할 수 있고 실제로 그렇게 하고 있는 위험한 기관입니다. 사람에 충성 안한다는 이야기를 했던 윤석렬이 총장이고 그들이 낙인 찍기 위한 대상이 법무부장관 후보자인데 이지경이라면 일반 국민은 법적으로 어떠한 두려움 속에 살아야 할지 상상조차 가지 않습니다. 이러한 위험한 집단에 대한 개혁이 조속히 이루어지지 않는다면 대한민국의 모든 권력이 국민으로부터 나온다는 헌법에 대한 정면적인 위배이며 국민에 대한 보호를 하여야 하는 국가 의무의 해태이며 국민은 법적으로 항상 벼랑끝에서 살 수밖에 없다는 결론에 이르게 됩니다. 조속히 검찰에 대한 개혁을 진행해주셔서 대한민국이 법적으로 안전한 지위를 가질 수 있도록 해주십시오.",
  "num_agree": 588,
  "petition_idx": "582561",
  "title": "검찰에 대한 개혁을 조속히 진행해주십시오."
}