{
  "category": "정치개혁",
  "begin": "2019-09-09",
  "content": "문재인 대통령께서 윤석열을 검찰총장에 임명하실때에는 그럴만한 이유가 있을거라 생각했고, 검찰 개혁을 위해 적임자라고 믿었습니다. 하지만, 이번 조국 법무부장관 후보의 발표부터 청문회까지 4주에 걸쳐 검찰은 절대 있어서는 안될 피의사실 공표를 여러차례 하였으며, 기밀 자료들을 누출하였습니다. 이에 대한 수사도 철저히 되어야 하지만, 100% 조직을 아직 장악하지 못한 윤석열이 아직은 노력중일것이라 믿는 마음도 한구석에는 있었습니다. 그러나 오늘, 조국 후보자의 청문회 직후 후보자의 부인인 정경심 교수의 기소사실을 알게되고 실소를 금할 수가 없습니다. 지금까지 기밀자료를 흘려가며 언론플레이를 한것이 검찰이라는것을 알게 되었고 지금까지 참아온 군중은 분노합니다! 검찰은 지방대 봉사 표창장 위조를 의심하며 50군데 이상 압수수색하는 그런 한가한 집단인것입니까? 그러라고 검찰총장 시켜준건 아닐텐데요? 한 가정을 말도 안되는 마타도어로 난도질 하는 이들을 지켜보며, 촛불은 횃불이 되어야 할 때라고 생각하게 되었습니다. 끝까지 신중하게 지켜보며 지지하려 했지만, 오늘밤 도무지 이건 아닌것같습니다. 검찰의 쿠데타이며, 이 촛불정부에 대한 반기를 든것이라고 생각합니다! 이에, 문재인 정부 청와대에 강력히 요구합니다! 불법적으로 정치개입을 하고있는 윤석열 검찰총장을 파면해주십시오! 20만 이상의 촛불든 국민들이 이 청원을 성사시켜줄것이라 믿습니다! 정치검찰 물러가라! 검찰개혁 당장하라! 새날이 올때까지, 흔들리지말자!",
  "num_agree": 591,
  "petition_idx": "582553",
  "title": "윤석열 검찰총장 파면을 요구합니다!"
}