{
  "category": "문화/예술/체육/언론",
  "begin": "2019-09-06",
  "content": "요즘 나라 안팎으로 경제나 정치적 상황등이 녹록치 않고 항간에는 진짜인지 가짜인지 구별하기 힘든 뉴스들이 범람하여 일반시민들의 정서를 흐리며 혼란스럽고 힘들게 하고 있습니다. 그러나 이런 때일수록 촛불의 힘처럼 단합된 에너지를 또다시 한 곳으로 모아야 할 때라고도 느껴집니다. 청원을 드리는 것은 서울 한복판 경복궁 바로 옆이면서, 조선시대 언론기관이였던 사간원과 도교의식을 행하던 소격서가 있었으며, 아름답던 소나무가 가득하여 송현이라 불렸던 곳으로 지금은 거대자본과 재벌들의 탐욕으로 희생된 채 모든 소나무가 잘려 나가고 높은 담에 둘러싸여 15년이 넘도록 미지의 영역이며 거대한 폐허로 방치되어 오고 있습니다. 이곳은 경복궁에서 인사동과 북촌, 서촌, 삼청동등으로 이어지는 서울시내 최대 역사·문화벨트의 한 가운데 위치하고 있으면서 역사적으로 태조 이성계의 관련유적지 들입니다. 문재인 대통령님!, 박원순 서울시장님!, 서울최대역사벨트의 중심 한가운데인 이곳에 한국기념관(KOREA MEMORIALS)과 같은 역사· 문화체험공간을 마련해주십시요. 민심을 지키고 왜곡되지 않은 올바른 역사를 통하여 반성과 화해 그리고 미래에 대한 비전과 방향을 제시할 수 있는 역사, 미래, 문화, 한류벨트의 중심축이 될 기념관 으로 살려내 주십시요 근래들어 경복궁은 외국인관광객 주요방문지 순위중 명동, 동대문시장을 제외한다면 1위입니다. 연간 천만명을 훌쩍 뛰어넘고 있는 외국관광객중에 절반이상이 고궁을 방문하고 있어 방문 증가율 또한 1위로 매년 급증하고 있는 추세입니다. 현재 폐쇄되어져 방치되고 있는 넓이는 36,642m² (약 12,000평)로, 이곳에 한국의 바른 역사나 진실들을 정리해서, 국가들간에 충돌하고 있는 과거사, 여·야간에 충돌하고 있는 민족주의, 일반 시민들간에 충돌하고있는 역사의식등을 올바로 세우고 치유해 나간다면 지구촌세대들도 이것을 받아들이고 인정하고 공유할 수 있는 촉매제로 서 자리매김할 수 있을 것입니다. 한국을 방문하는 모든 관광객들이 단순유람이 아닌 보고 듣고 느껴서, 한국인들이 간직하고 있는 기억속의 과거를 여러 감각을 동원해, 국내·외 학생들이나 외국방문객들 에게 올바른 과거로의 몰입을 시켜 주도록 한다면 제대로 된 역사및 문화를 인식하고 각인시켜 줄 수 있으며, 그렇게 하였을 때 Korea Memorials와 같은 센터를 중심 축으로 완성 되어지는, 광화문과 경복궁및 인근 역사·문화벨트들과의 시너지효과는 놀라울 것입니다. 국보들이 자리한 조선의 첫 궁궐 경복궁 바로 옆인 이 폐허상태의 잔재들이, 미래에 어떤 모습으로 변해 있어야 할지 심사숙고해 주시길 문재인 대통령님께 청원드립니다 서울의 중심 한복판인 광화문과 북악산의 경관을, 역사의 모습 그대로 지켜 내면서 전통이 살아있는 역사·문화도시로 자리잡을 수 있도록 박원순 서울시장님께도 청원 드립니다 우리나라가 전쟁의 상처와 분단의 과거를 딛고 남·북간에, 주변국간에 화해와 치유 그리고 밝은 미래로 발돋움하기 위해서는 이제는 과거사들을 제대로 체험,공유할 수 있도록 보존, 유지, 공표해야 할 때라고도 생각합니다. *** 이해를 돕기 위해 역사·문화체험관 내용으로 가늠자가 될 수 있을만한 예제를 병기하겠습니다 *** 첫째는 굴절, 훼손되고 있는 주요 역사인 일제만행, 독도주권, 위안부, 강제징용, 친일 청산등등 그 피해와 아픔과 반성과 화해와 치유에 대한 역사체험관입니다. 둘째는 통일체험관으로 6.25전쟁, 상처, 분단, 이산가족, 남·북평화경제, 미래의 남·북 경제통일 구상체험관입니다 셋째는 산업체험관입니다. 반도체, 5G, 수소차등 세계선도품목군별 전시및 체험공간 입니다. 네째는 문화체험관입니다. K-Culture와 K-Food 등 현장공연이나 시식, 팬미팅, 예술품 등등이 가능한 체험관입니다 그밖에 미래체험관이나 국토지리관, 인재양성및 교육체험관등도 필요할 수 있을 것입니다. 감사합니다.",
  "num_agree": 426,
  "petition_idx": "582526",
  "title": "서울 한복판 그 중심에 거대한 담을 치고 폐허로 방치시켜 죽어가고 있는 이곳을 살려내 주십시요."
}