{
  "category": "정치개혁",
  "begin": "2019-09-05",
  "content": "현재 한국언론에서 ***의 영향력은 절대적입니다. 종이신문이 쇠퇴하고, 인터넷 환경과 스마트폰 환경이 일상이 된 상황에서, 국민의 대다수가 ***뉴스를 통해 한국의 대다수 언론을 접하고 있습니다. 현재 대다수의 한국언론은 *** 뉴스에서 수많은 조회수를 받기위해서 자극적이고, 검증되지 않은 무분별한 가짜뉴스를 올리고 있습니다. 그리고 ***뉴스는 수많은 가짜뉴스를 아무런 검증도 없이 업로드하여, 국민들의 극심한 정치적 갈등을 조장하고 있습니다. 현재 ***의 메인뉴스에 올라가는 기사들은 엄청난 조회수와 함께, 한국의 민심에 큰 영향력을 행사합니다. 그러나 이러한 엄청난 영향력에 비해, ***가 메인뉴스에 올리는 뉴스를 선정하는 기준은 매우 투명하지 않습니다, 한쪽 정치진영에 편파적이라는 의심을 가지고 있는 국민들이 너무나 많습니다. 일명 \"네일베\" \"초록일베\" 라는 비아냥까지 들고 있는 상황입니다. 특히 확실하게 팩트체크가 된 가짜뉴스도 무분별하게 메인뉴스로 올라가 있고, 가짜뉴스로 판명이 된 기사를 지우지도 않습니다. 또한 댓글 시스템은 온갖 조작과 매크로가 남무하고 있는 정황이 너무나 많이 보입니다. 매크로에 의한 댓글 조작은 조금만 시스템을 강화하면 불가능함에도 자신들의 이익을 위해 이를 방치하고 있습니다. ***뉴스의 대한민국 언론에 대한 영향력은 절대적입니다. 그러나 현재 대한민국의 상황은 어떠합니까!!!! 대한민국 기자들은 \"기레기\"라고 불리며, 국민들의 신뢰를 잃은지 오래고, 온갖 선정적이고, 자극적이고, 진영대립을 조장하는 가짜뉴스가 만연하여, 국민들의 정치적 대립은 너무나 적대적이며, 혐오적입니다. 이러한 대한민국의 국민들의 극단적인 정치적대립 상황을 만든 주역은 누가 뭐라해도 ***입니다. ***는 자기들이 기사를 쓰는게 아니라는 핑계로 이러한 상황에 대한 책임을 회피하고 있습니다. 적어도 ***뉴스에 대한 국정조사를 강하게 하여, 공정하고 투명한 기준을 확립하여야 합니다. 꼭 ***의 국정조사를 시행하여 주시기 바랍니다. [본 게시물의 일부 내용이 국민 청원 요건에 위배되어 관리자에 의해 수정되었습니다]",
  "num_agree": 2455,
  "petition_idx": "582500",
  "title": "한국의 비뚤어진 언론 형성에 큰 역할을 하고 있는 ***의 국정조사를 요구합니다."
}