{
  "category": "정치개혁",
  "begin": "2019-09-05",
  "content": "범죄피의사실이 있는 피의자 조국을 수사하는 윤석렬검찰청장을 공식적으로 비난하고 법에도없는 국민청원으로 윤석력검찰청장의 명예훼손 및 공무집행방해를 선동하고있습니다. 자신의 유명세를 이용하여 수사의공정성을 훼손하고 수사진행상황을 바꾸려는 불법적 행동을 자처하고있으므로 엄히 처벌해주십시요",
  "num_agree": 1738,
  "petition_idx": "582513",
  "title": "소설가 공지영을 공무집행방해죄로 처벌해주세요"
}