{
  "category": "정치개혁",
  "begin": "2019-09-09",
  "content": "청문회하며 장재원의원은 조국후보자에 자녀가 의혹을 질타하시며 조국후보자에게 사퇴를 말씀하셨지요 어제 아드님 음주사고 사고무마 운전자바꾸기의견 피해자 금전으로 합의종용등 윤창호법이 만들어 진지가 언제입니까??? 10년이 지난겁니까~~ ''역지사지'' ''사퇴하세요''",
  "num_agree": 3466,
  "petition_idx": "582586",
  "title": "장재원의원님 아들음주운전사고  사퇴하세요"
}