{
  "category": "안전/환경",
  "begin": "2019-09-08",
  "content": "안녕하세요. 9월 7일에 대구에서 개최되는 '2019 청년 대구로 청춘 힙합 페스티벌'에 참석을 할려고 했었던 사람입니다. 하지만, 이번 제 13호 태풍 링링이 한반도를 관통한다는 뉴스 소식을 듣고 취소하기로 하였습니다. 이번 태풍'링링'은 중심기압은 중심기압 940hPa, 중심 부근 최대풍속 초속 47m(시속 169km)이며 이정도 위력과 강풍은 자동차와 선박이 뒤집히고 나무가 뿌리째 뽑힐 수 있는 수준이라고 합니다. 이는 예전 2010년 사상자 6명과 이재민 1300명, 재산피해 약 1670억를 기록한 '곤파스'과 비슷하다고 합니다. 현 뉴스에서는 태풍'링링'이 '곤파스'보다 훨씬 강할것이라고 예상하고 있습니다. 이러한 태풍'링링'의 경로는 제주도는 6일 오후, 남부지방은 6일 밤, 중부지방은 7일 아침부터 태풍의 형향을 받을 전망이라고 합니다. 북상중인 태풍 '링링'의 영향을 받고있는 일본 오키나와에서는 자동차를 넘어갈 정도로 강력한 바람이 불어 일본 정부에서는 대피령을 내렸다고 합니다. 그런데, '2019 청년 대구로 청춘 힙합 페스티벌'의 주최측인 '*****'와 '대구광역시'에서는 지난 5일 오후 4시에 공지해준다고 했지만, 그보다 늦은 시간에 공지를 하였습니다. 공지내용으로는 정상적으로 개최한다는 내용이었습니다. 그 공지를 보고 정말 충격을 받았습니다. 이번 '2019 청년 대구로 청춘 힙합 페스티벌'의 공연장소는 실내가 아닌 실외인 대구스타디움 보조경기장으로 태풍의 영향을 직접적으로 받을수 있는 공간입니다. 관련 보도 기사 내용을 보면 '이미 시비 3억원이 무대 설치비, 가수 섭외비 등으로 사용돼 행사를 취소할 경우 손해가 크다는 점을 고려했다. 또 최소 1만 5천여명이 참석할 것으로 예상돼 행사를 치르지 못할 때 발생하는 관객 실망감, 티켓 환불비를 감안해 이 같은 결정을 내렸다. 다만 대구시는 향후 태풍 진행 상황을 보고 지역 피해가 더 심할 것으로 예보가 바뀌면 행사를 전격 취소할 것이라고 밝혔다.' 라는 주최측의 의사결정을 밝혔습니다. 하지만, 아직 6일이여도 취소한다는 다른 공지 사항이 없습니다. 이미 태풍'링링'은 제주도앞바다에서는 태풍경보가 발효되었으며 6일 오후이면 한반도에 진입을 할 것입니다. 태풍경보일때 국민행동요령 중 1. 대형공사장 위험축대 등 시설물 주변 접근금지 2. 가로등, 신호등 및 고압전선 접근금지 3. 건물 입간판 및 위험시설물주변 보행 및 접근금지 4. 옥내ㆍ외 전기설비 고장시 수리금지 5. 낙뢰시 낮은지역 또는 건물안 등 안전지대 대피 6. 위험시설물 사전 제거 7. 고속도로 이용차량의 감속운행 8. 라디오, TV 등에 의한 기상예보 및 홍수예보 청취 등 이번 공연과 관련된 내용이라 생각 되는것만 8가지이며 다른 행동요령도 중요하다고 생각합니다. 7일날 개최하는 '2019 청년 대구로 청춘 힙합 페스티벌'은 관객 1만 5천여명이라는 대규모 공연인데 대구지역사람뿐만아니라 타지에서 대구를 가기 위하여 대중교통이나 개인이동수단을 통하여 올것이며 공연은 오후 10시 종료 예정으로 실외에서 관람하게 됩니다. 만약, 공연을 보러 가는 도중 태풍에 의하여 사고가 나거나 공연 관람중 사고가 났을경우 매우 큰 인명피해가 예상됩니다. 지금 나라에서는 태풍에 대하여 계속 주의를 내리고 있지만 이를 무시하고 7일날 공연을 정상적으로 개최하는 '*****'와 '대구광역시' 는 1만 5천여명의 관객 및 공연을 하러 오는 아티스트의 안전을 생각하여 공연을 연기 및 취소 부탁드립니다. 또한, 예매취소 관련하여 관객들이 불이익을 받지 않도록 부탁드립니다. [본 게시물의 일부 내용이 국민 청원 요건에 위배되어 관리자에 의해 수정되었습니다]",
  "num_agree": 129,
  "petition_idx": "582532",
  "title": "9월 7일에 예정된 '2019 청년 대구로 청춘 힙합 페스티벌' 개최 취소 요구"
}