{
  "category": "정치개혁",
  "begin": "2019-09-09",
  "content": "지난 패스트트랙 사태 이후 고발당한 자유한국당의원등 59명이 경찰의 소환에도 불응하며 각각의 입법기관인 자들의 이런 불법적인 작태가 다시는 일어나서는 안된다고 생각합니다. 이에 경찰은 강제수사로 전환하고 체포를 하여 신속하게 검찰의 조사를 받게 해야하며 이이상 경찰의 소환에 불응시 소환없이 기소시켜야 할것입니다 법의 잣대는 공정하고 또한 상식적이어야합니다. 이에 자한당 59명의 소환에 불응 하고 있는 국회의원들의 신속한 처리를 청원합니다",
  "num_agree": 9370,
  "petition_idx": "582559",
  "title": "자유한국당 59명의 검찰조사를 신속히 진행해 주십시오"
}