{
  "category": "교통/건축/국토",
  "begin": "2019-09-08",
  "content": "󰠏󰠏󰠏󰠏󰠏󰠏󰠏󰠏󰠏󰠏󰠏󰠏󰠏󰠏󰠏󰠏󰠏󰠏󰠏󰠏󰠏󰠏󰠏󰠏󰠏󰠏󰠏󰠏󰠏󰠏󰠏󰠏󰠏󰠏󰠏󰠏󰠏󰠏󰠏󰠏󰠏󰠏󰠏󰠏󰠏󰠏󰠏󰠏 다음과 같이 교통사고 사실확인원에 이의를 신청합니다. ○ 사 고 내 용 사 고 종 별 (해당란에“○” 표시) 사람과 자동차 : O 사 고 일 시 2019년 7월 28일 03시08분 장 소 영도구 ******아파트 7번 라인앞 차 량 번 호 :부산33바**** 운전자성명 :동** 발 생 개 요 택시가 ****아파트 307호 입구 앞에서 승객을 내려주고 출발하던 중 하차한 승객의 다리부분을 우측 뒤 타이어 부분으로 역과한 사고 관할 경찰서 영도경 찰 서 담 당 자 *** 경위 ○ 신 청 사 유 (요지) 교통사고를 사실에 근거하지 않은 경찰관이 임의대로 작성된 교통사고 사실확인원을 재조사하여 주시고 객관적인 사실에 근거하여 교통사고사실확인원을 수정하여 주시기를 청원합니다. 이의신청인 주소 :부산광역시 영도구 ***로 ** 전화 (집) :010-**** -**** 성명 : 양** (인) (회사) :***-**** [본 게시물의 일부 내용이 국민 청원 요건에 위배되어 관리자에 의해 수정되었습니다]",
  "num_agree": 155,
  "petition_idx": "582531",
  "title": "교통사고사실확인원 이의 신청서"
}