{
  "category": "정치개혁",
  "begin": "2019-09-10",
  "content": "어제 장위원의 아들이 음주운전 및 운전자 바꿔치기에 대한 의혹으로 인해 다양한 말들이 오고 가고 있습니다 불과 이틀전 장위원은 조국청문회에 출석해 질의하는 내용을 들어보니 제3자인 누가 들어도 장위원 본인 자식만 소중하고 남에 자식에게는 인간말종 같은 질의를 할 정도로 너무나 불쾌했습니다 근데 이 청문회가 끝나고 바로 다음날 장위원의 아들이 음주운전을 했다는 소식이 대국민들이 충격을 받았습니다 장위원 본인 아들이 엄청난 물의를 일으켰는데 남에 자식에게 그런말 자격이 있다고 보나요? 본인 자식부터 올바른 인성 교육이 필요하다고 보네요 저는 몇년전 부터 장위원과 관련된 그동안의 각종 질의 관련 내용들을 전부 브리핑해 봤지만 정말 다른 국회의원들과 비교 했을때 너무나 상당히 대조적으로 멘트와 고성 부분에서도 엄청난 차이를 느꼈습니다 이 사건을 통해서 장제원씨는 당장 의원직에서 사퇴하고 친아들은 큰 형벌을 내릴 것을 선포 합니다 구속영장을 발부해서라도 그에 상응 하는 처벌이 불가피 하다고 봅니다. 절대 국회의원 아들이라고 예외는 없다는 것을 전 대국민 여러분들 앞에서 밝혀내야 합니다. 장제원을 국회에서 당장 사퇴하고 다시는 국회의원 및 공직자와 연관된 자리에 못오르게 대국민들의 협조가 필요합니다 장제원 국회의원에서 영구제명 및 사퇴, 친아들 음주운전 및 운전자 바꿔치기 혐의로 구속영장 발부! 널리 알려 주시기 바랍니다. 대국민들이 이번 사건으로 이 두사람을 절대 그냥 넘어가지 않을 것입니다.",
  "num_agree": 7316,
  "petition_idx": "582626",
  "title": "장제원의원직 강제 사퇴 및 친 아들 구속영장 발부"
}