{
  "category": "기타",
  "begin": "2019-09-11",
  "content": "안녕하십니까.. 저는 정수기 판매,렌탈,관리,AS..등의 업을 하고 있는 소상공인 자영업자입니다. 정부에서 이것저것 지원사업을 많이 하고 계신데요. 그중 어린이집에 정수기 지원중이신것으로 알고 있습니다. 저희업체뿐 아니라 소상공인 정수기업자들에게 요즘 어린이집 관련 렌탈중이신 고객님들께서 해지요청이 쇄도하고 있습니다. 이유인즉, 어린이집에 정수기 설치 및 관리에 대해 정부에서 지원하기로 하였으며 , 단 조건에 합당하게 지원받기 위해서는 정부가 선정한 업체와 선정한 모델이 아니면 지원을 받지 못한다는 것입니다. 과연 이 내용을 어떻게 받아들여야 되는지요? 정수기가 현재 렌탈하여 잘 관리를 받고 있는 어린이집 정수기들이 정부지원을 받기위해 무더기로 해지 사태가 일어나고 있습니다. 큰기업이 아니면 선정되지도 못하는 동네업체들은 어찌해야 되는지요? 꼬박꼬박 세금,부가세.종합소득세 내가며 간신히 버티고 있는 소규모 업자들은 누구를 위해서 세금을 내며 버텨온 것인지 모르겠습니다. 정부지원비를 의미있게 사용하셔야지요~ 멀쩡하게 잘 관리 받고 있는 정수기를 소규모 업체라서 해지시키게 하시지 마시고, 더 관리 잘 받게 도움을 주실 방법을 강구하시던지. 하셔야 되는것 아닌가요? 멀쩡한건 버리라고 정부에서 주도하여 큰업체 먹여 살리기 위해서 소상공인들은 죽어라고 내몰고 계시는가요? 모은 세금이 그렇게나 많으시던가요? 그럼 그 세금으로 독거노인이나 치료비가 없어 죽어가는 어린이들을 더 위하시면 될것이지. 멀쩡한걸 버리고 나라가 정한 업체에 기계를 다시 사서 관리 받으라는게 옳으신 정부의 예산집헹인가요? 큰업체에 물건을 납품받아서 그 큰업체와 소비자가를 비슷하게 내며 간신히 버티고 있지 않습니까. 최저인건비를 올리신후 직원들을 퇴사 시키고 직원없이 소규모로 축소시키려다가 그 직원들에게 딸린 식구들까지 눈에 밟혀서 현재 사장인 저는 제 인건비조차 없이 매달 융자금이 쌓여만 가고있습니다만, 이젠 대기업을 선정해줄테니 그것도 소규모 자영업자들이 쉽게 납품받지 못하는 모델을 내걸어 줄테니 그 모델을 구하지 못하는 니들 소상공인들은 이제 그만 버티고 문을 ㅠ닫아라고~ 왜? 정부에서 나서서 그러고들 계십니까? 정부는 경제를 살리자는건지? 그 경제 살리기에 소상공인들은 포함되면 안되는 것이던가요? 소상공인들이 살아야 아르바이트던 일자리던 할수 있는것 아닙니까? 대기업만 살리면 전국 가정들의 주머니 사정이 좋아진다는 게 옳은것인가 말입니다. 거기다가 어린이들 태권도비 월13만원도 지원해주신다고 들었는데요. 태권도 조차도 정부가 정한 지정업체가 있더군요. 집앞에 태권도장이 있는데 지원받기 위해 먼곳으로 다니고 있는 상황을 아시는지요? 33평형대 아파트 관리비를 연체없이 잘 내고 있으며 아이들 과외까지 시키는 집에서 2아이에게 태권도 지원비 받는곳 있습니다. 이런돈 있으면 일자리 창출이나 병원비없어 울고있는 소외계층과 얼마전 강원도 산불지역 피해주민을 돕는것이 훨씬 현망한 국세 사용이 아닐런지요? 정부가 업체선정 등. 목박아 버린 모습은 혹시라도 뒷돈거래가 있었던것은 아닌지 의구심만 가지게하는건 아닐런지요? 밝게 자라나는 어린이들을 위한 정부 지원사업이 문제되는것이 아니라 이행과정에서의 문제점을 지적하고 싶을 뿐입니다. 멀쩡한 비싼 정수기는 관리비를 지원하시게 하고, 추가나 신규가 필요시에는 업체선정과 모델선정이 아니라 전국 누구업자에게나 가능토록 해 주시길 청원드립니다. 책상에 앉아 계신 공무원님들께서 정수기 내부를 제대로 아시지는 않지 않습니까? 그러하듯 전국 모든정수기업자들이 업체 등록 가능하도록 해주시고, 제발 멀쩡한 정수기는 지속 사용 가능하도록 부탁드립니다.",
  "num_agree": 191,
  "petition_idx": "582653",
  "title": "어린이집 정수기지원 사업을 정부가 정한 업체와 모델만 가능하다로 국한되지않게 정수기업을 하는 모든업체는 가능하도록 해 주십시요"
}