{
  "category": "육아/교육",
  "begin": "2019-09-11",
  "content": "10월 1일자로 만 8세 이하 자녀를 둔 부모에게 육아휴직 1년에 단축근무 1년이 추가로 제공된다는 기사를 보았습니다. 저 역시 만8세 이하 자녀를 둔 부모로 당연히 해당이 될 거라 생각하고 기뻐했는데, 고용노동부에 문의하니 10월 1일 이전 육아휴직 1년을 사용한 사람은 ‘권리가 소멸되어’ 새로운 법 적용을 받지 않는다는 말을 듣고 황망한 마음을 금할 길이 없습니다. 이에 몇 가지 묻습니다. 1. 나이가 같은 자녀에 대해서 법 적용을 달리하는 것이 법의 취지와 형평성에 맞는 것인지요? 고용노동부에서 제시한 답에 따르면 두 자녀를 가진 부모의 경우 각각 육아휴직 1달씩 남기고 22개월 쓴 사람은 새롭게 단축근무 2년이 더 부과되고, 육아휴직을 24개월 쓴 사람은 부과되는 단축근무 년수가 0개로 없습니다. 육아휴직을 다 쓴 사람이건 덜 쓴 사람이건 당시의 정책에 맞춰서 쓴 것이고, 지금의 상황을 예견하고 쓴 사람은 아무도 없습니다.(예견을 하였다면 바보가 아닌 이상 분할하여 사용하여 단축근무 1년을 더 얻는 방향으로 했겠지요) 만8세 이하의 기간 동안 언제고 육아휴직+단축근무 1년까지 낼 수 있다는 당시의 법 규정을 믿고 어떤 사람은 아이가 어릴 때 휴직을 몰아내고, 어떤 사람은 초등학교 때 사용하려는 이유 등으로 분할해서 낸 것입니다. 두 경우가 사실은 같은 시기에 아이를 낳고 키운 부모의 같은 사례인데, 이제 와서 전자는 권리 소멸로 보고, 후자는 권리가 남아 있다고 하여 다르게 분류하여 정책을 집행하면 정부 정책에 대한 신뢰를 할 수 없는 것이 아닌가요? 차라리 아이 출생일 기준으로 2019년 10월1일 출생아부터 적용한다면 설득력을 가졌을 것 같습니다. 아이 수에 따라 2년, 3년까지도 차이가 나는 큰 부분을 단순히 기존에 휴직을 나눠 냈냐, 몰아 냈냐로 갈라서 처리하는 것이 정말 형평성에 맞는 정책 집행인지요? 2. 법의 취지를 생각해 볼 때 기존 육아휴직자를 새 법으로 안고 갈 수 있는 방법은 정녕 없는 것인가요? 개정된 법률 제4조에서는 <개정규정은 이 법 시행 이후 육아휴직 또는 육아기 근로시간 단축을 사용하는 근로자부터 적용한다.>라고 하습니다. 여기서 <그리고>가 아니라 <또는>으로 명시되어 있습니다. 그렇다면 <이 법 시행 이후 육아기 근로시간 단축을 사용하는 근로자>에는 기존 육아휴직 사용자도 포함이 될 수 있지 않은가요? 무엇보다 이 법의 취지는 <만8세 이하 아이를 둔 부모가 좀 더 나은 육아를 할 수 있도록 혜택을 늘리는 것.>이라고 생각합니다. 그렇다면 권리 발생은 육아휴직이 얼마나 남아 있냐가 아니라, 아이가 ‘몇 살이냐’가 기준이 되어야 할 것입니다. 바뀌는 유급 출산휴가 일수나 아동 수당, 돌봄 휴직 모두 아이의 출생 년도를 기준으로 새 법이 시행되면 모두 함께 적용을 받도록 하고 있습니다. 아기를 낳은 시점이 같은데, 아이의 나이가 같은데, 정부가 제시한 아웃라인 안에서 선택한 부분이 같은데 어떻게 다르게 분류되고 혜택이 달라질 수 있는 것인지요? 어떤 정책이 시행될 때 법의 사각지대는 있을 수 있겠지만, 정책이란 게 운이 좋아서 해당되고, 운이 나빠서 해당이 안 되는 방향보다는 취지에 맞춰 최대한 공정한 방향으로 갈 수 있도록 해야 할 것입니다. 정책을 실현하는 데 있어 고려해야 할 다양한 어려움이 있으신 것 압니다. 하지만 이번 법 개정의 방향성을 생각하시어 언론 보도 내용대로 초등학교 2년 이하 자녀를 둔 부모에게 일괄적으로 정책 적용해 주시기를 다시 한번 간곡히 부탁드립니다.",
  "num_agree": 10692,
  "petition_idx": "582652",
  "title": "육아기 단축근무를 기존 육아 휴직자도 낼 수 있도록 해 주세요!"
}