{
  "category": "육아/교육",
  "begin": "2019-09-11",
  "content": "현재 20개월 아이를 키우고 있는 워킹맘 입니다. 2019년 10월 1일자로 육아기 근로 단축제도를 기다리고 있던 참에 어제 인터넷 카페의 글을 보고 좌절했습니다. '개정 전 별률에 따라 육아휴직 등을 19.10.1 이전에 1년을 사용한 경우는 권리가 소멸되었으므로 개정 법률을 적용하지 아니함' 현재 공무원들은 만 5세 이하의 자녀를 가진 공무원에게 육아를 위해서 24개월 내에 1일에 2시간의 육아시간을 허가 하고 있습니다. 공무원이 아닌 일반 회사원, 무기계약직 등 다른 직종들의 육아시간의 잣대에는 이리 엄격하게 적용해도 되는건가요? 공무원들에게는 만 5세 이하의 자녀로 광범위하게 주어지는 육아의 시간이 일반 육아맘들에게는 개정 법률전에 육아 휴직 1년 사용한 사람들에 대해서는 이리 냉정하게 차단되어 지나요? 1년 혹은 몇개월의 남은 기간을 사용하는 것을 허용해 주는게 이리 힘든가요? 물론 공무원들만의 그 노력에 대한 댓가와 보상들이 주어져야 마땅합니다. 하지만 아이를 낳고 키우고 하는 정책은 평등하게 주어져야 하는거 아닌가요? 임신기간만 봐도 그렇습니다. 공무원 임신 전 기간 2시간 단축근무 가능. 공무원 외에는 12주 이내 36주 이상 2시간 단축근무 가능. 뱃속에 태아에서 부터 공무원의 부모와 아닌 부모로 나누는 이 대한민국은 도대체 어떤 나라 입니까? 한국이 세계 유일의 합계 출산율 1명 미만의 국가가 되었다는 소식. 나라의 정책도 한몫 하리라 생각되어 집니다. 공무원 뿐만 아니라 모든 육아맘들이 평등하게 아이들을 키울수 있는 나라가 되었으면 합니다. 현재 발표된 육아기 근로단축제도를 2년 이하로 육아휴직을 사용한 사람에게 적용될 수 있도록 개정 절실하게 부탁드립니다.",
  "num_agree": 1673,
  "petition_idx": "582638",
  "title": "워킹맘의 절규"
}