{
  "category": "육아/교육",
  "begin": "2019-09-11",
  "content": "일본의 후쿠시마 원전 사고 이후 방사능에 관련된 문제에 매우 예민해진 직장맘입니다. 아토피가 있어 이유식때부터 먹거리에 신경 쓴 것도 있지만, 아이에게 방사능이 포함된 음식을 먹이는건 어미로서 도저히 용납이 안되는 일이기도 합니다. 최근 JTBC 뉴스를 통해 영광의 한빛원자력발전소 내에서 다수의 구멍이 발견되었다는 것을 알게 되어 아이의 먹거리에는 이상이 없나싶어 찾아보다 매우 충격적인 사실을 알게 되었습니다. 돌 이후부터 아이가 주로 먹고 있던 우유와 치즈, 요거트 등의 제품 생산이 되고 있는 목장과 공장이 바로 영광에서 직선거리로 5km밖에 떨어지지 않은 고창에 위치하고 있다는 것입니다. 현재 고창 내에는 64개의 젖소농가(목장)가 있으며, 이 중 일부는 아이가 먹고 있는 ****의 **** 제조업체가 제품을 생산하는 영농조합법인 입니다. 지역의 이름(고창군 **면)을 딴 그 제품은 엄마들 사이에서 인기가 많고, 유기농 우유, 분유는 물론 치즈 등 다양한 유제품군이 있습니다. 이렇듯 다양한 제품이 만들어져 나오는 곳 주변에 원전이 있다고 하니 걱정이 안될 수가 없습니다. 믿고 먹이고 있는 제품이니만큼 안전에 대해 한 번 더 확인하고, 안심하고 먹이고 싶은 마음이 정말 간절합니다. 아이를 키우는 엄마의 입장에서 좋은 것을 먹이고 싶은 것은 정말 너무나도 당연한 일인데 아이들의 먹거리를 만드는 **** 근처에서 일 년에 원전 누출 위험 사고로 인한 뉴스가 적어도 4,5건이 나오고 있다는게 너무 우려스럽습니다 과거 한빛원자력발전소의 1,2호기는 재가동승인이 난 이후 단 하루만에 원자로를 정지했었으며, 현재 1, 3, 4호기의 가동은 중단된 상태입니다. 최근 공극이 발견된 원전 6호기의 재가동 관련 발표 이후 영광군 및 주변 지역의 주민들은 재가동에 대한 의문 및 불만과 불안을 표출하고 있다는 인터뷰도 지속적으로 제기되고 있습니다. 전문가들의 의견에 따르면, 원전주변 30km 반경까지 방사능의 영향이 미칠 수 있으며, 5km 이내의 경우 거주민들의 암 발병률이 높은 것으로 나타났다고 하고 있습니다. 즉, 목장의 위치들이 안전지대는 아니라는 합리적인 의심을 해볼 수 있다는 것입니다. 특히나 주민들과 목장주들의 인터뷰 내용 중 “검사 의뢰 후 결과를 받아보지 못했다\" 라는 내용이 가장 마음에 걸립니다. 안전하다면, 안심할 수 있다면, 시행된 검사의 결과를 공개한 후 육아맘들에게 \"아이에게 먹여도 괜찮겠다\" 라는 마음이 들도록 하는 것이 가장 우선적이지 않을까요? 90년된 프랑스의 핵물리학자 마리 퀴리연구소는 1978년 문을 닫았음에도 불구하고 위험하다며 엄격하게 관리되고 있습니다. 프랑스정부는 연구소 주변에의 접근을 철저하게 통제하고 있으며 보호복이 없는 이들의 접근은 아예 불가하도록 조치 중입니다. 연구소 내부의 방사능 수치를 실시간으로 점검하는 것은 물론, 주기적으로 인근 강가의 방사능 수치도 확인하고 있습니다. 프랑스 정부가 지금까지 방사능 피해를 줄이기 위해 사용한 비용은 약 1000만 유로이며, 연구소 건물 해체 후 방사능의 오염을 정화하는데 더 많은 비용이 들 것이라 예상한다고 합니다. 이렇듯 실험 만으로도 철저하게 관리하고 있는 선진국의 사례를 비추어 보았을 때 200여 개의 공극이 발생한 한빛원전을 검증없이 그대로 가동하고 있으며, 근처에 유제품 제조시설이 있다는 것은 어불성설이라고 생각합니다. 저는 엄마의 마음으로 국민, 특히 아이들의 먹거리와 관련된 이 사안을 청와대에서 원전가동의 안전성과 시설 실태에 관한 기존 검사결과의 전면 공개를 요구하는 바입니다. 또한 한빛원전 반경 몇 km까지가 안전 지역인지 구체적인 수치 (예: 10킬로미터 이내)로, 목장이 안전하다는 확신을 가질 수 있는 결과를 국민이 알 수 있게 해주시길 정부에 청원합니다. [본 게시물의 일부 내용이 국민 청원 요건에 위배되어 관리자에 의해 수정되었습니다]",
  "num_agree": 1497,
  "petition_idx": "582643",
  "title": "아이들의 먹거리 안전을 위해 한빛원전 안전성 검사결과를 공개해주세요"
}