{
  "category": "문화/예술/체육/언론",
  "begin": "2019-09-16",
  "content": "우리 대한민국을 두글자로 줄여 한국이라 부릅니다. 그러나 자유한국당에서는 본인들의 당명을 한국당으로 불러주길 바라고 상당수의 언론들도 무분별하게 한국당이라고 칭합니다. 자유한국당이 대한민국을 대표하는 정당이 아니므로 한국당 대신 자유당이나 자한당으로 불러주는 것이 맞습니다. 이에 청원을 올립니다.",
  "num_agree": 959,
  "petition_idx": "582695",
  "title": "언론에서 자유한국당을 한국당으로 호칭하지 않게 해주세요"
}