{
  "category": "교통/건축/국토",
  "begin": "2019-09-10",
  "content": "국토교통부관계자 및 모든 국민이 알고 계신 것처럼, 현재 중개수수료는 상한요율을 정해놓고 그 범위안에서 매도자, 매수자, 중개업자간 \"협의\"를 통해 정하라고 되어있습니다. 집값이 2억~ 6억이면 0.4%, 6억~9억 0.5%의 상한 수수료율을 적용받고, 9억 이상의 주택 매매시에는 상한 수수료율이 0.9%로 급격히 올라갑니다. 만약 10억원짜리 주택을 매매할 경우 중개 수수료를 최대 900만원까지 내야 하고, 중개업자가 일반과세자라면 여기에 부가세 10%까지 얹어서 1,000만원에 육박하는 금액이 중개수수료로 지불됩니다. 한 건의 거래에서 보통 매도자와 매수자 각각 수수료를 지불하므로 2,000만원의 수수료가 지불되는 구조입니다. 9억이상 주택 거래에서 상한요율이 0.9%로 정해져 있더라도 통상은 0.4~0.5%내에서 수수료를 지불하고 있다고는 하지만 상한수수료율을 몰랐던 매도자, 매수자의 경우에는 고스란히 0.9%를 지불하는 소비자도 존재하는 것이 현실입니다. 더군다나 계약 전에 중개사가 수수료율을 협의해서 고지 해야하는 의무가 없는 상태이기 때문에 수수료율에 대한 분쟁은 끊임없이 발생되고 있습니다. 지난 2~3년동안 서울의 주택(특히 아파트) 가격이 폭등한 상태에서 이제 9억이상의 주택비율은 25%이상으로 심심치 않게 거래되고 있습니다. 아주 오래전에 만들어진 중개수수료율을 현 시점의 주택가격에 그대로 반영하는 것은 상당히 비효율적이며, 분쟁만 늘어날 것입니다. 국토교통부에서도 이런 문제점을 알고 있기 때문에 지난 2월 공인중개사가 부동산을 중개할 때 계약자에게 수수료 산정 방식을 사전에 정확하게 설명하고 수수료율을 정한 뒤 이를 제대로 고지했다는 내용을 확인받아야 함을 법으로 정하기로 하였으나 아직 진행되고 있지 않습니다. 위의 사항을 하루 빨리 적용함과 동시에, 근본적으로 당사자들간의 \"협의\"에 의해 수수료율을 정하기 보다 좀더 세분화된 금액별로 수수료율을 Fix하는 것이 분쟁을 없애는 근본대책으로 보입니다.",
  "num_agree": 1335,
  "petition_idx": "582611",
  "title": "주택거래에 대한 중개수수료 개정이 시급합니다."
}