{
  "category": "기타",
  "begin": "2019-09-09",
  "content": "최** 동양대 총장의 학위에 관하여 조사해 주십시오. 최** 동양대 총장의 학위가 다음과 같은 합리적인 의심을 할 수가 있어 정부가 밝혀줄 것을 청원합니다. 어떤 경우에도 가짜 학위나 위조 학위가 인정받거나 경력으로 작용하는 일은 없어야 하겠지만 특히 교육을 담당하는 대학 총장의 학위가 가짜이거나 위조라면 매우 심각한 국가적 문제가 될 것입니다. 따라서 합리적 의심을 넘어서는 최** 동양대 총장의 학위 위조 또는 가짜 혐의에 대해 강제수사권을 가지고 있는 국가기관이 명확하게 밝혀주시기를 청원합니다. 첫째, 최** 동양대 총장의 학위 논란에 있어서 그 학위가 가짜가 아닌가 하는 의문이 듭니다. 미국은 우리나라와 달리 국가가 학교의 설립에 관여하지 않습니다. 우리나라는 대학교라는 이름을 붙이려면 교육부의 인가를 득하고 붙여야 하고, 그리고 개설하는 학과, 과정 종류, 학위 종류 등을 전부 교육부에서 인가를 받아야만 할 수 있습니다. 그런데 미국은 누구나 대학교를 설립하고 학위를 줄 수 있습니다. 그래서 어느 학교가 비인가학교여서 그 학교가 준 학위가 ‘가짜다’라는 말은 법적으로 할 수 없습니다. 그러면 미국은 학교를 어떻게 관리하는가? 주정부마다 고등교육위원회가 있는데 이 위원회에서 학교를 심사해서 인증을 합니다. 여기에 인증을 받아야 정부가 주는 장학금을 비롯한 국가의 지원을 받을 수 있습니다. 그리고 전공분야별로 민간 인증기관들이 있습니다. 지금 최** 총장이 학위를 받은 것으로 되어 문제가 되고 있는 워싱턴 **대학교의 경우(현재는 교명이 '**** 워싱턴 대학교-Washington University of *******'입니다.) 신학대학을 인증하는 다양한 기구가 있는데 그 대표적인 것이 ATS이고 이 기구에서 인증을 받아야 다른 신학교에서도 학위를 인정해 줍니다. ATS는 규정대로 회원 학교를 평가하는데, 평가할 때 학교의 시설과 교수진, 재정상황 등 모든 분야를 총체적으로 평가해서 이 학교가 개설할 수 있는 전공분야와 학위과정을 인증해 줍니다. 2004년 7월 29일자 미주 한국일보의 보도에 의하면(http://www.koreatimes.com/article/192419) 2004년 6월에야 ATS로부터 M.Div., M.R.E., D.Min. 등의 학위를 인증 받아 수여할 수 있게 되었다고 밝히고 있습니다. 그리고 동년 7월에야 주정부로부터 인증을 받아 정부의 지원을 받을 수 있게 되었다는 것입니다. 그러므로 최** 총장이 받은 교육학석사라는 학위가 1993년에 받았다고 보도되고 있는바 (2019년 9월 6일 MBN 보도 참조 http://mbn.mk.co.kr/pages/news/newsView.php?category=mbn00006&news_seq_no=3930679 ) 이 보도가 사실이라면 학교가 정식으로 발행한 학위가 아닌, 학교 행정에 접근할 수 있는 누군가가 허위로 발행한 가짜 학위가 아닐까 하는 의심을 할 수 있는 것입니다. 그리고 나아가 다음과 같은 새로운 의문이 등장합니다. 둘째, 아예 학위를 받지 않고 학위를 위조했느냐의 여부입니다. 위의 두 보도를 종합하면 워싱턴 **대학교는 2004년 이전에는 학사학위만 수여했는데, 최** 총장은 이보다 무려 11년 전인 1993년에 석사학위를 받았다는 것이니 학위 자체가 아예 위조라고 의심할 수 있다는 점입니다. 미국이 아무리 자유의 나라이고 학교를 아무나 세워서 어떤 학위라도 줄 수 있다고 해도 그렇게 허술하지는 않습니다. 민간 사이에서 수많은 인증기관과 제도, 그리고 신용 등이 있어 되도 않는 학교가 아무 학위나 마구 남발할 수 없습니다. 왜냐하면 아무도 그 학위 과정에 지원하지 않고 인정해주지 않기 때문입니다. 다만, 미국의 사정을 잘 모르는 외국의 학생들에게는 이런 일종의 사기가 통할 수 있습니다. 그래서 미국 내 사람들에게는 할 수 없는 사기 비슷한 짓들을 합니다. 학교를 세우고 심지어 강의 한 번 안 하고서도 돈만 내면 학위를 주는 학위 장사를 하는 경우가 많습니다. 그런데 최** 총장의 이 교육학석사 학위는 그런 허접한 학위조차 없었지 않나 하는 합리적인 의심이 든다는 것입다. 따라서 대한민국 정부와 검찰은 최** 총장의 학위가 위와 같이 가짜이거나 위조일 가능성이 있다는 합리적 의심을 가지기에 충분하므로 최** 총장의 학위증을 암수수색하고, 그 학위증이 진본인지 확인해서 만약에 그 학위가 가짜이거나 위조일 경우 법에 의한 강력한 처벌을 내려주실 것을 청원합니다. 우리는 조국 법무부장관 내정자에 대한 수사에서 대한민국 검찰의 매우 엄격하고 신속하며 놀랄만한 수사력을 실시간으로 경험한 바가 있습니다. 그러한 수사력으로 신속 정확하게 이 문제를 수사하여 명확한 결과를 국민들 앞에 제시해 주시기를 간곡히 청원합니다. [본 게시물의 일부 내용이 국민 청원 요건에 위배되어 관리자에 의해 수정되었습니다]",
  "num_agree": 2549,
  "petition_idx": "582607",
  "title": "최** 동양대 총장의 학위에 관하여 조사해 주십시오."
}