{
  "category": "보건복지",
  "begin": "2019-09-10",
  "content": "청원글을 올리는 사람은 안양시에 거주하는 함**입니다 저는 왼쪽 발목에 통증이 있어 2017년 3월25일 의왕시 **동에서 있는 **한의원에서 침술을 받기 위해 찾아갔고 **한의원장에게 왼쪽발목 근처가 조금 시큰거리다고 말했더니 원장이 하는 말 알았다고 하면서 침을 왼쪽 발바닥과 발목근처에 몇 번 시침을 한 후 부황을 가지고 원장이 직접 사혈을 하였습니다 그런데 본인은 치료가 끝났구나 하고 침대에서 천정을 보고 누워있는데 한의원 원장이 갑자기 오른쪽 팔을 왼쪽 가슴위에 얹어 놓으라 하면서 아무 사전 설명도 없이 왼쪽 발목 근처와는 아무 상관없는 엄지와 검지사이 침을 시침한 순간 심한 통증이 일어나 몸 전체가 뒤틀리는 고통이 있었습니다 치료를 마치고 침대위에 걸어놓은 옷을 입으려고 하였더니 오른쪽 팔이 마비가 되어서 간신히 옷을 입고 왼손으로 가까운 집까지 자동차를 운전하고 왔는데 집 앞에 차를 세워놓고 일어서려니 우측다리와 우측손이 마비되어 제대로 설수가 없게 되었던 것입니다 그 즉시 **한의원에 전화를 해서 상황을 설명했더니 간호사가 내 말을 듣고 깜짝 놀라면서 원장님이 없으니 원장님이 오시면 전화를 드리겠다며 통화를 끝냈는데,20~30분후 원장에게 전화가 왔습니다 한의원 내부가 30평정도의 크기인데 제 생각에는 원장이 병원에 있는데도 상황을 정리하여 자기가 실수를 모면하려고 전화를 늦게 한 것이라고 판단됩니다 원장은 그 시간부터 함**은 혈관질환이 있는 상태로 한의원에 찾아와 모든 것을 병원의 잘못으로 뒤집어 씌우려는 것이라고 변명거리를 만든 것이라고 생각됩니다 본인은 일체의 지병이 없었고 만약에 혈관질환이 있었다면 혈관치료가 목적이 되어야 되지 않겠습니까? 그리고 통화중에 원장이 하는 말은 혈관이 99% 막혀 들어가고 있어 뇌졸중이라는 청천병력 같은 말을 하면서 지금 큰 병원에 가서 ct .mri 검사 후 결과가 나오면 자기병원에 와서 침으로 고쳐야 되니 오라고 하고 한의원에 내원할 때 다리가 힘이 없다고 하지 않았냐고 본인이 하지 않은 말을 하며 변명으로 일관하는 말만 하였습니다 본인이 사실 확인을 위하여 ***병원에 가서 mri및ct 검사를 하는 동시에 한의원 원장을 상대로 손해 배상 청구를 하였는데 법원에서 한의원의 진료기록과***병원의 mri기록을 제출할 것을 요구하여 제출하였고 법원에서는 정확한 사고 규명을 위하여 **대학 **병원에 객관적인 mri 판독을 요청하여 판독결과 뇌경색 및 뇌졸중 등의 소견이 없었고 법원에서는 재확인을 위해 **의료원에 mri,ct 근전도 및 혈액검사를 하여 결과를 제출할 것을 명령받았으며 본인은 **의료원에서 검사를 하였고 신체감정서 결과는 **의료원에서 직접 법원에 제출하였습니다 **의료원 ***과 김** **** 과장)에서 대뇌 열공경색증,신경병증성통증,침 치료에 의한 말초신경 병증의증 이라는 진단을 내렸는데( 2018년 9월4일 ) 침 치료 이전에 본인은 건강했던 사람으로 이러한 없던 병이 발생되는 바람에 평생 재활치료 및 약을 복용하고 실내에서도 10% 의 노동력밖에 사용하지 못한다는 진단을 받았습니다. 멀쩡한 사람이 침치료 이후에 평생 아무 일도 못하고 살아야 되는데 **한의원장은 자신은 아무과실 없다고 하여 본인 함**은 법원에다 증거자료를 제출하여 재심청구 하였으며 법원에서 한의원한테 준비서면등본 명령을 1개월의 기간을 주어서 제출하라 했는데 변명으로 일관된 답변서만 제출했고 한의원에서 합곡에 침을 잘못 침술 했다는 사실을 간접시인 하였는데도 수원지방법원에서 받아드리지 않고 기각을 시켰던 것입니다 재판 중에 한의사 소유의 아파트를 알게 되어서 등기부등본 발급받아보니 5년 전에 5억4천에 매입된 재산을 4억2천에 삼성화재에서 대출 받았고 재판 계류 중에 이러한 경우는 강제집행 면탈이라고 하여 검찰에 고소했는데 기각되어 재정신청 접수해 놓은 상태입니다 그리고 피고소인 을 업무상과실 로 소장을 접수하였는데 본인의 건강에 아무 이상이 없다는 **대 **병원의 소견과 **의료원의 진단 내용과 소견서는 무시해 버리고 피고소인이 제출한 잘못된 내용만 받아들여 성명불상 (한의원 원장) 이라는 말도 안되는 글자만 적시하여 기각 시켰던 것입니다 본인 불기소이유서를 수령과 동시에 안양지방검찰청에 항고이유서(2019년8월19일)를 제출해 놓은 상태입니다 본인은 또한 법원에서 잘못 판결된 내용과 증거를 적시하여 손해배상 청구소송을 대법원에 항고이유서와 함께 2019년 7월23일 접수하여 재판 날짜만 기다리고 있는 입장입니다 **한의원 원장이라는 사람이 멀쩡한 사람을 평생불구자로 제대로 걸을 수도 없게 만들어 놓고 성의 있는 문제해결은 커녕 변명으로 일관하며 피해자 본인에게 누명을 씌워가면서 재판부도 속이는 이러한 한의원 원장의 행태를 고발하며 본인의 억울함을 세상에 알리기 위해 청원을 드리는 것입니다 한 의사의 실수로 인해 평생을 다리와 우측팔의 마비증세로 살아야하니 너무 암담할 뿐입니다 국민의 한사람이 억울한 일을 당하여 평생을 막대한 피해를 감수하며 살아가지 않도록 철저히 조사를 촉구 합니다 2019년 8월 피해자 함 ** [본 게시물의 일부 내용이 국민 청원 요건에 위배되어 관리자에 의해 수정되었습니다]",
  "num_agree": 221,
  "petition_idx": "582630",
  "title": "피해자의고통을 외면하는 한의사를 고발합니다"
}