{
  "category": "기타",
  "begin": "2019-09-16",
  "content": "안녕하세요. 노원구 **동 **아파트에 살고있는 입주민입니다. 이 아파트에 5월부터 경비아저씨들 임금이 체납되고 있어서 제보드립니다. 이번에 아저씨들께서 추석을 맞아 다만 얼마라도 나오지 않겠냐 기대를 하고 계신거 같났는데 오늘 여쭤보니 아직도 지급이 되지 않는 상태라고 합니다. 7~8월인가 처음으로 월급체납에대한 경비 아저씨들의 호소문이 붙었었고, 그 대응차원에서 관리사무실에서 대표자가 바뀌면서 도장을 반납을 안했다는둥, 출금을 못해서 전기세도 체납된 상태라는둥, 경비 아저씨들이 바뀐 경비 위탁업체와 고용계약을 거부하고 있다는둥 이런 내용의 안내방송이 나왔었습니다. 그이후 해결이 된건가 하고 있었는데, 명절전 화요일에 그날까지 지급이 안되면 단체사직을 하겠다는 안내문이 게시되어 있어 아직도 해결되지 않았음을 알게 되었습니다. 극단적인 게시글이긴 했지만 그 마음이 충분히 이해가 가고, 실제 실행에 옮기시지 는 않으셨지만 오히려 그래서 더 죄송한 마음입니다. 윌급받아 생활 하시는 분들이 몇개월동안 ㅑ한푼 못 받으시고 일하시고 계신거에 대해 제가 할수있는게 아무것도 없어 죄송한 마음에 이 글을 씁니다. 그리고 작년과 올해 초에 걸쳐 아파트 도색을 했는데 임금이 체납되고 있던 시기에 공사비용 일부가 지급되었다고 알고 있는데, 그 비용은 지급됐는데 임금은 왜 지급이 안됐는지 이해가 안 됩니다. 최근 1~2년간에 몇번이나 동대표와 입주자 대표 선거가 있었습니다. 그때마다 어떤분들이 집문을 두드리면서 누구누구는 관리소장을 위해 일하는 사람이다 또 관리 사무소에서는 누가누가 선거법을 위반하고 있다 안내방송을 하고 뭔가 이권 싸움이 있었던 것으로 보입니다. 작년에 전기 공급이 잘 되지 않아 한 여름 한창 더울때 정전사태가 여러번 있었고 그문제를 해결한다고 전기증설 때문에 경비아저씨들께서 서명을 받으러 다니신적도 있었습니다. 그후 몇개월 한쪽에는 전기증설 무슨 업체가 선정됐다고 축하 현수막 붙고 한쪽에서는 비리선정이다라는 현수막이 붙기도 했습니다. 부디 무슨 이해 관계가 있기에 힘들게 일하시는 분들의 월급을 몇개월씩이나 밀리고 있는건지 해결하기 위한 노력들은 하고 있는건지, 또 돈이 없는 것도 아니고 저희가 꼬박꼬박 내고 있는 관리비는 대체 누가 관리를 하기에 이런 사태가 발생할 수 있는지...... 제발 하루 빨리 임금체불이 해결되어 경비아저씨들께 죄송한 마음 없이 인사드리고 싶습니다. [본 게시물의 일부 내용이 국민 청원 요건에 위배되어 관리자에 의해 수정되었습니다]",
  "num_agree": 470,
  "petition_idx": "582671",
  "title": "아파트 경비아저씨들 임금체납"
}