{
  "category": "정치개혁",
  "begin": "2019-09-10",
  "content": "2019년 8월 31일 41살 지인 살인한자와 사망하도록 방조한자 처벌 요구 울산 중구 X학교장 갑질과 X교사 위변조 진단서(주민번호 옆에 동반자 되어 있고 주소 오려 붙임)와 증거를 조작하였으며, 울산 경찰 검찰의 편파수사로 가해교사 무혐의 피해교사는 기소하여, 확정 판결이 나기도 전에 울산교육청에서 해임시킨 공모자 처벌 요구 저는 울산 교사입니다. 저는 모든 입증 자료를 가지고 있고 기자회견을 하고 싶습니다. 1. 8월 31일 계곡에서 물놀이중 갑자기 지인이 사망하였습니다. 그러나 계획적 의도적으로 사망하게 한 것입니다. 재수사를 요구합니다. 119에 누군가 신고 하였다고 하는데 심폐소생술 하는데 25분이 걸렸다고 하고 충분히 살릴 수 있었음에도 매뉴얼 대로 하지 않았고, 병원에 cctv보여 달라고 요청 하였으나 아직 못 보았고, 보호자 병원에 오고 있는 동안 의사 X는 보호자에게 사망을 확인 시켜 주지도 않고 영안실로 보냈습니다. 평소 수영도 잘하고 스쿠버 다이빙 자격증이 있는데, 수심 165되지도 않은 얕은 물에서 익사 했다고 하나, 모든 정황상 타살이 명백하고 계획적 의도적인 범행임이 명백하고, 그 자리에 있었던 자들에 대한 철저한 조사로 사람을 죽인 자에 대한 처벌을 요구합니다. 2. 남편이 사기를 당하여 형사 민사를 진행하였고, 사기 피고인은 형사실형 확정 판결로 1년6개월 나왔음에도, 교도서에서 실형을 살지 않았고, 구치소에서 밥한다는 이야기를 들었고, 확정판결 후에도 구치소에 접견 신청하여 구치소에서 접견 한 적이 있습니다. 대한민국이 법치국가 임에도 불구하고 현장에서는 이러한 불법 행태가 만연하고, 처벌해야 할 자는 무마 은폐하고 검찰 비리를 알고 있는 저는 무조건 기소해서 해임까지 당하게 하였습니다. 이러한 집행유예 기간에 다시 사기를 쳐서 사기 실형 확정 판결 받은 자를 실형 살리지 않은 비리를 알고 있어서 국민신문고에 민원 넣었으나, 울산 검찰로 서류만 넘어 왔고 아무런 조취가 없었습니다. 오히려 학교와 국가기관인 경찰이 공모하여 제가 하지 않은 것이 명백함에도, 학교장은 무조건 증거 없이 저를 욕했다고 허위 신고 하였고, 경찰은 제대로 수사 하지 않고 무조건 저를 약식 기소하기 위해서 서류를 검찰로 넘겼습니다. 울산 법원마저 공정하게 하지 않고 가해 교사 위변조 진단서와 증거를 조작한 서류를 묵인 방조하면서 까지 저에게 벌금 290만원을 부과하였습니다. 또한 욕설 하지 않은 것도 증거 없이 검찰에서 기소 하였고, 이제는 변호사를 통해서 저에게 욕설했다고 자백하라고 하고 있습니다. 울산 법원에 욕설 안 한 것 진행하고 있지만 2년 반 동안 교장이 학생들 면대면 만나서 확인 하지 못 하게 했고, 법정에서도 영상으로 심문한다고 하면서 저는 항상 법정 밖으로 나가라고 한 상태에서 진행 하였고 교육청과 담임교사들의 회유로 여학생들이 거짓말하고 있고, 저에게 자백하라고 하고 있습니다. 이것에 대한 모든 녹취 파일과 영상 입증 자료를 공개 할 수 있습니다. 3. 지적 정신적 장애가 있는 지인이 성 폭행 당하여 작년에 고소 하였으나, 검찰에서 사건을 2년 정도 끌면서, 공소 중지 해 놓았다가, 최근에 재기하였고, 2년이 지난 사건을 다시 조사 받으러 오라고 해서 조사 받으며 정신적 충격을 당했다고 합니다. 2년 전 사건 당시 해바라기 센터에 가서 조사 받으면서 영상 녹화를 하였고, 증거물 제출과 함께 증거가 충분 함에도, 계속 성폭행한 가해자가 피해자가 장애자인지 몰르고 성폭행 했다는 말을 들어 주면서 기소하는데 2년이상 시간이 소요 되었으며, 안산법원에서 최근 1심에서 성폭행한 가해자를 무죄 판결하여, 검찰에서 항소하여 진행 중에 있습니다. 이 글을 읽으시는 분들께서는 촛불 시위로 범법 행위를 한자들을 탄핵 한 것처럼, 이 사회에 법과 사회 정의가 실현 되도록 힘을 모아 주시고 여러 싸이트에 널리 알려 주셔서 힘을 모아 주십시오. 저는 교육부 장관님과 국무총리님 및 대통령님과 면담을 하고 싶을 정도로 사안이 중대하고 매우 억울합니다. 위 사건에 대한 모든 입증 자료를 가지고 있고 공론화 되어서 모든 진실이 밝혀져서 저도 교직으로 복직하고 억울하게 죽임당한자의 원한이 풀릴 수 있도록 도와주시길 부탁드립니다.",
  "num_agree": 232,
  "petition_idx": "582614",
  "title": "지인 사망의 건 재조사 및 울산 검찰청 재수사  요청 및 교육청 공모자 처벌요구 의 건"
}