{
  "category": "정치개혁",
  "begin": "2019-09-10",
  "content": "지난 2016년 말, 박근혜의 탄핵이 진행되던 시점에 당시 기무사령관의 비상계엄 발동 시안을 당시 총리로서 대통령권한대행을 수행하고 있던 황교안이 승인했다는 보도가 있었습니다. 이것은 평화적으로 이루어지던 주권자 국민의 평화촛불시위를 군사 무력으로 강제진압 하므로서 헌법재판을 무력화해서 헌법을 파괴하고, 국가내란을 획책한 일이라고 봅니다. 위 상황을 정확하게 수사해서 당시 대통령권한대행으로 국정을 임시로 관리하고 있던 황교안의 내란죄책 여부를 밝혀 주시고, 위법 사실이 있다면 내란미수범으로 처벌해 주시기 바랍니다.",
  "num_agree": 5634,
  "petition_idx": "582628",
  "title": "황교안 내란미수 여부 수사."
}