{
  "category": "외교/통일/국방",
  "begin": "2019-09-16",
  "content": "7광구에 대한 조사 및 영유권 주장 적극적으로 해주세요 자원 하나 없는 나라에서 여기 자원이 분명하면 군대를 파병해서라도 지킬 각오해야 한다고 생각합니다 우리와 우리의 후손들이 더욱 당당한 대한민국에서 살게 하려면 자원부국이 되어야 합니다 특히 일본과 중국에게 밀려서는 안 됩니다 특히특히 일본에겐 진짜 밀려서는 안 됩니다 [본 게시물의 일부 내용이 국민 청원 요건에 위배되어 관리자에 의해 수정되었습니다]",
  "num_agree": 1454,
  "petition_idx": "582698",
  "title": "7광구에 대한 조사 및 영유권 주장해주세요"
}