{
  "category": "정치개혁",
  "begin": "2019-09-16",
  "content": "부패혐의 공무원에 관한 감사를 취소해달라는 구의원에 대한 제명 청원입니다 사생활보호를 위하여서 상세한 인적사항은 미공개로 합니다. 상식적으로 지방정부와 공무원을 견제하고 감시해야 할 지방의원이 부패 혐의 공무원을 구명활동하는 게 맞습니까! 1. 구청 공무원의 부패 관련 민원을 제기하자 2. 해당 구의회 의원이 민원을 제기한 시민에게 연락을 해와서 3. 해당 공무원에 대한 부패 감사 민원을 취하해달라고 함 4. 감사 민원을 취소하면, 구청장과 감사실장에게 얘기를 해서 처리하겠다고도 암시함 5. 해당 공무원이 잘못이 한 번이고 처음이니깐 선처해달라고 함 6. 그러나, 비위사실이 처음도 아니였음 ‘형님 이거 좀 어떻게 해결할 방법 없어요’라고 문제가 된 피감 공무원을 선처 요청한 민간인은 해당 구의원의 고교 후배입니다 그리고, 기획감사실장도 해당 구의원의 고교 후배이기도 합니다 해당 지방의회에서 이 건에 대해서 투명하게 처리할 리가 없다고 생각되어서 국민청원을 올립니다. 지방정부에 대한 최소한의 견제장치는 지방의회입니다. 지방의회 구성원이 그 감시대상을 구제 구명활동을 펼치는 건 망국의 지름길입니다 부패를 북돋우는 길입니다 비영리시민단체 NPO 주민참여 위의 부패를 감추기 위한 부정청탁 건에 대한 상세 문의는 다음 이메일로 부탁드립니다 2*********@gmail.com [본 게시물의 일부 내용이 국민 청원 요건에 위배되어 관리자에 의해 수정되었습니다]",
  "num_agree": 605,
  "petition_idx": "582688",
  "title": "공무원 부패를 파헤쳐야 하는 지방의원이 부패감사 요청을 취소해달라고 종용합니다 제명해야하겠죠"
}