{
  "category": "교통/건축/국토",
  "begin": "2019-09-16",
  "content": "안녕하세요. 너무도 억울한 일이 있어 진상규명이 필요해 청원을 올리게됐습니다. 사건의 발단은 저희 부모님께서는 광주 **동 소재의 대형마트에 장을 보러 가셨고 장을 다보고 차 시동을 걸고 주차장을 빠져 나오려던 중에 차량이 갑자기 차량이 급발진이 일어났습니다. 그 사고로 운전석에 타고있던 부친은 에어백이 터져 중상을 입었지만 가까스로 회복해서 지내고있으나 조수석에 타고 있던 모친은 사고 휴우증으로 1급 장애인판정을 받고 침상에서 남의 도움없이는 식사도, 배변활동도 할 수 없는 상태가 되었습니다. 우리 가족은 국가수에 차량이 급발진을 했다는 증거를 증빙하기 위해 조사를 의뢰했으나 결과는 운전자의 부주의로 사건을 종결시켜 버렸습니다. 그 때 그 당시 CCTV자료를 보면 명확하게 브레이크등이 들어와있는걸 볼 수 있습니다. 부친은 아무리 브레이크를 세게 밟아도 속수무책이었다고 합니다. 상식적으로 불과 50m 떨어져있는 곳에서 아무리 악셀을 풀로 밟는다고 저렇게 가속이 붙을 수 있을까요? 부친은 음주상태도 아니었고 복용중인 약물도 없었습니다. 일부러 밟으라고 해도 속도가 올라가지 않을 것입니다. 7년째.. 받고 있는 우리 가족의 고통.. 모친의 인생을 한순간에 송두리째 빼앗아간 차량의 결함... 심지어 부친은 하루전날 A/S센터에 가서 차량 A/S도 받았습니다. 돈들여서 A/S를 받으면 뭐합니까? 차량의 결함을 왜 인정하지 않는지 이해가 되지 않습니다. 일년에도 수많은 급발진 추정사고로 많은 사람들이 죽고 다치고 있는데 언제까지 운전자의 운전부주의로 잘못을 돌릴 생각이신가요. 미국에서 도요타 차량의 차량의 결함으로 인한 급발진 인정 사례가 있다고 들었습니다. 우리나라도 그 선례를 참고하여 차량의 결함을 인정하고 억울한 피해자들의 한을 풀어주시길 간곡히 부탁합니다. 급발진 인정 사례 https://cafe.naver.com/ppyy1/445088 사고당시 마트 추자장 CCTV영상입니다. http://news.kbs.co.kr/news/view.do?ncd=2534942 [본 게시물의 일부 내용이 국민 청원 요건에 위배되어 관리자에 의해 수정되었습니다]",
  "num_agree": 320,
  "petition_idx": "582680",
  "title": "급발진 사고로 인해 1급 장애인이 된 피해가 가족입니다. 진상규명해주세요!"
}