{
  "category": "보건복지",
  "begin": "2019-09-16",
  "content": "안녕하세요 저는 유방암의 표적치료제인 허셉틴 급여 기준 확대를 요청합니다. 허셉틴은 종양 성장에 관여하는 HER2 유전인자를 선택적으로 공격하는 표적치료제로, 이미 HER2 유전자가 지나치게 발현된 다양한 전이성 및 조기 유방암 치료제로 널리 사용되고 있으며, 재발 위험을 줄인다고 합니다. 유방암 치료제 ‘허셉틴(성분명 트라스투주맙)’은 조기 유방암 중에서도 림프절 전이가 없더라도 암 크기가 1cm를 초과하는 경우에는 보험 적용이 되고 있습니다. 그러나 실제 많은 유방암 환자들은 HER2 유전자가 양성인 경우는 암의 크기가 1cm이하라도 허셉틴 치료를 받게 됩니다. HER2 유전자가 양성이어도 암 크기가 1cm를 초과라는 조건으로 인해 1.1cm부터 보험이 적용되며, 1cm이하인 유방암 환자들은 비급여로 허셉틴을 투여받고 있습니다. 3주간격으로 18회를 투여받는데 1회에 90 ~ 100만원의 비용이 듭니다. 18회를 투여받으면 1,650만원에서 1,770만원 이상의 비용이 듭니다. 허셉틴 피하주사(600mg) 1바이알 당 보험약가 : 98만7366원 / 1년 투여비(18회) 1,777만2588원 허쥬마 정맥주사(440mg) 1바이알 당 보험약가 : 89만3531원 / 1년 투여비(18회, 57kg 기준) 1,645만6250원 (출처 : MedicalTimes \"허셉틴 바이오시밀러 \"분명히 30% 싸다고 했는데\", 2018.01.10일자 기사) 암환자들의 가장 큰 고통은 치료뿐만 아니라 재발에 대한 두려움도 함께 있습니다. 그런데 재발 위험을 낮출 수 있는 치료제의 비용의 너무 비싸 재정적으로 이중, 삼중 고통을 겪고 있습니다. 제발 암 크기 1cm 초과라는 기준을 변경해서 급여대상이 확대처리되어 치료제의 비용에 대한 부담을 줄여서 치료받을 수 있도록 간곡히 부탁드립니다.",
  "num_agree": 756,
  "petition_idx": "582668",
  "title": "유방암 치료제 \"허셉틴\" 급여 적용 대상 확대 부탁드려요."
}