{
  "category": "외교/통일/국방",
  "begin": "2019-09-16",
  "content": "광화문광장에 <반일애국거리>를 조성합시다. 25살 대학생입니다. 일본의 우리나라에 대한 경제공격은 과거 식민지배에 대한 사죄와 배상을 하지않고 다시 군국주의를 꿈꾸며 감행한 계획적인 공격입니다. 일본은 재무장을 하고 평화헌법을 개헌하려하며, 과거 식민지배를 미화하는 교육을 꾸준히 진행해왔습니다. 군국주의의 상징인 전범기(욱일기)가 도쿄 올림픽에서 응원도구로 사용가능해진 것도 결코 우연히 아닙니다. 문재인 대통령님께서는 일본의 경제공격에 굴복하지 않고, 국민들을 믿고 자주국가로서 합당한 대처를 이어가고 있습니다. “우리는 다시 일본에 지지 않을 것이다”고 하신 말씀은 국민들에게 감동과 일본과의 싸움에서 반드시 이기겠다는 의지를 주셨습니다. 지난 역사에서 일본과 같은 외세와의 싸움에서 조국을 지키고 승리로 이끌었던 힘은 나라를 지키겠다는 국민들의 뜨거운 애국심에 있었습니다. 이에 대한민국이 일본을 극복하고 당당한 자주국가로 나아가겠다는 의지가 담긴 <반일애국거리>를 광화문에 조성할 것을 청원드립니다. 지금 광화문 광장에는 임진왜란 때 일본의 군대를 섬멸하고 우리나라를 지켜내신 이순신 장군의 동상이 있습니다. 이순신 장군의 동상을 주변으로 안중근 의사, 김구 선생, 유관순 열사, 김복동 선생님 등 반일애국의 삶을 살아오신 분들의 동상을 건립합시다. 대한민국의 중심지이자 촛불 민주주의의 성지인 광화문광장을 반일애국의 열의가 들끓는 공간으로 조성합시다.",
  "num_agree": 324,
  "petition_idx": "582690",
  "title": "광화문광장에 <반일애국거리>를 조성합시다."
}