{
  "category": "문화/예술/체육/언론",
  "begin": "2019-09-11",
  "content": "고1인 저희 아이가 농구대회에 참가했다가 부상을 당해 50일이 넘는 지금까지 입원치료중입니다. 처음엔 의무사항인 보험에 가입하지도 않고, 아주 당연하다는 듯 해줄수 있는게 없다하고.. 구경도 못한 응급구조 운운하며 위로금조로 10만원을 주러 오겠다 하더니... 나중엔 모든 잘못을 아이탓으로 전가하며 소정의 위로금 30만원을 지급하겠다 하고ᆢ 이미 병원비는 200만원을 훌쩍 넘긴 상황인데ᆢ 본인들 자녀들이 다쳐도 과연 이런식으로 할까요? 다친것도 마음 아프고...힘든데... 주최ㆍ주관측에서 참..더..많이..힘들게 하네요... 7월20일 익산시 *** 고교농구대회 개최 익산시 고교 농구동아리 10개팀 150여명이 참가한 대회에 아이 소속팀도 참가함. **대학교 구체육관에서 오전 10시 넘어서 소속팀 경기 시작. 경기도중 부상. 코트안에 주저 앉음. 타임요청후, 팀원들 도움으로 팀벤치로 이동. 관계자석 앞을 지나왔지만 아이의 부상 정도를 확인하는 사람이 전혀 없었음. 그대로 팀벤치쪽 바닥에 방치. 2층 관람석에서 지켜보던 제가 내려가서 응급처치로 팀원들이 준 파스를 뿌린 후 병원으로 이동. 왼발 중족골(발등뼈)2.3.4번 골절. 현재(9월10일)까지 입원치료중 대회 모집 요강 주최 - 익산시(실제 주최는 익산시 ***라고 함) 주관 - 익산시 농구협회 참가비 - 팀당 15만원 경기복장 - 팀마다 통일된 복장으로 번호가 부착되어 있는 유니폼을 원칙으로 한다. 외 기타사항은 생활체육 기본 사항을 따른다. 본회에서는 스포츠고글은 허용하나, 안경착용은 금지한다. \"부상ㆍ의료ㆍ보험에 대한 내용은 전혀 없음\" \"생활체육단체 보험 가입 의무화\" 생활체육진흥법 제12조(보험 등 가입) - 시행 2016.3.28. 생활체육대회를 개최하거나 생활체육 강습을 하려는 생활체육단체 등은 대통령령으로 정하는 바에 따라 보험 또는 공제에 가입하여야 한다. 라는 조항이 있음에도 불구하고, 보험가입을 하지 않았고, 전문 의료진을 배치. 의무팀 또는 의료진 표시가 있어야 하나 그 조차도 하지 않았고, 부상당한 아이의 부상정도나 상태를 살펴보는 사람 하나 없이 방치되어 있었습니다. 2층 관람석에서 지켜보던 제가 보다못해 내려가서 직접 응급처치후 병원으로 데리고 갔습니다. 주최인 익산시 ***에 전화하니. 자기들은 지원금을 신청하면 지급만 할뿐, 책임이 없다고하고, 관리자와의 통화를 원했지만 부재중이라며 연락 주겠다고 했지만, 몇차례를 무시하고 아무런 연락이 없습니다. 주관하고 진행한 농구협회에서는 시간만 끌고 있을뿐 이곳 역시 연락 없이 시간만 흘려보내고 있습니다. 협회회장은 처음엔 응급구조 요원을 배치했다는 핑계로 위로금 10만원을 주러 오겠다 하더니. 제가 모든 상황을 지켜봤고 응급구조 요원 누구도 구경도 하지 못했다하고, 잘못된 점을 지적하니 말이 달라졌고. 회장이 사비로 해결한다기에 병원 치료비만을 요구했지만, 이후 병원비가 많이 나오니 부담이 된다며 협회 이사회의를 통해서 진행하겠다고 했습니다. 이사회에서 결정한걸 제가 무조건 따라야하는건 아니겠고, 부상당시 상황을 제대로 전달하기 위해 이사회의에 참석을 요구했지만 묵살당한체, 부상당한 저희 아이에게 모든 책임을 전가하며, 협회는 부상방지 배려 의무를 위반한 점이 없어 법적책임을 다하지 않는다며, 위로금 30만원을 지급하고, 협회와 그 구성원이 명예회손 등 피해를 입을 경우 민형사상 법적대응을 회피하지 않는다는 내용의 결과문과 계좌번호를 보내라는 문자를 받았습니다. 이후 지역 신문사 두곳에 제보를 했습니다. 두곳다 ***ㆍ농구협회의 잘못을 지적했었습니다. 그런데... O신문사 편집장은 회장을 아는 사람이었고, 일주일 조사하고 연락준다더니, 제대로된 조사는 하지 않은체, 병원비에서 한참 모자란 금액을 합의금으로 제시하고, 양쪽 의견이 팽팽해 기사를 쓸수 없다고 했고, 제가 국민청원에 올린다 하니, 청원에 올린후 연락주면 기사를 써준다 합니다. (제보 내용 사실 여부를 조사한 후 기사를 올리는게 기자들 역할이지, 제대로 조사도 하지 않은체 터무니 없는 중제를 하는게 기자 역할인가요?) J뉴스 사장은 권리ㆍ신의를 운운하며, 신의를 찾는게 제일 중요하다며 처음엔 꼼꼼히 조사하는 느낌을 주어 믿고 기다렸는데, *** 부회장이 찾아와 얘기한 후론 기사올릴 마음은 접은체, 오히려 저에게 따지며 화를 냈습니다. (권리는 병원비+후유장애+위로금 이 세가지가 한몸이고, 그건 당연히 보상을 해줘야 하는 부분이고. 신의는 관리ㆍ감독을 제대로 하지 않은 ***와, 규율을 어긴 협회에 대한 기사를 올려 지적하고 변화하게 해야한다면서 부회장을 만난후 말 바꾸는게 신의를 찾는건가요?) 거의 한달만에 지난 8월26일 농구협회 회장과 통화를 하는데, 모든 잘못을 시인하고, 다시 이사회의를 통해서 논의 하는데, 18일쯤 후인 9월13일에 이사회의가 있어 그때 하겠다 합니다. 그날은 추석인데... 이 일이 그렇게 느긋하게 시간만 흘려보내도 될 일인건가요? ***ㆍ농구협회 쫓아가서 소리지르고 따지고, 한바탕 뒤집어 놔야 빨리 해결이 되는거였을까요? 그렇게 하지 않고 조용히 해결하려 생각했던 제가 잘못한건가요? 그렇게 하지 못해 기회를 주고, 시간을 줬던게 아닙니다. 저도 운동을 좋아하고, 지금도 하고 있고, 저희 아이들 역시 운동을 많이 좋아합니다. 여러 종목에 운동을 좋아하고 즐기는 체육인들이 많은걸로 알고 있습니다. 저희 아이는 이미 부상을 당해 치료중에 있지만. 저와 저희 아이 같은 피해자 발생을 줄이기 위해서라도 저러한 법률이 있다는것도 알리고, 제대로 된 보상과, 관리자들의 관리ㆍ감독 소홀에 대한 책임이 반드시 있어야 한다고 생각합니다. [본 게시물의 일부 내용이 국민 청원 요건에 위배되어 관리자에 의해 수정되었습니다]",
  "num_agree": 355,
  "petition_idx": "582641",
  "title": "농구대회에 참가해 경기도중 발등뼈 3개가 골절된 저희 아들을 나몰라라하는 관계자들"
}