{
  "category": "외교/통일/국방",
  "begin": "2019-09-16",
  "content": "1. 욱일기는 태극기, 성조기, 일장기와 같은 국기가 아니라 전범기입니다. 2. 전범기(욱일기) 사용시~ 정부 또는 단체의 항의를 바라보면서, 왜 관련 법률은 없는것인가? 생각합니다. ===>전범기인 나치기는 사용금지와, 깃발 , 휘장, 제복, 슬로건 등으로 사용할 경우 3년 이하의 징역이나 벌금형에 처하고 있습니다. 사용하면 안된다! 항의에 맞는 법령도 만들어 주세요! 3. 금지 항목을 폭넓게 요청합니다 깃발, 휘장,슬로건 사용금지 및 사진 영상물 역시 사용금지 (무의식 속에 익숙하도록 만화, 에니메이션, 패션 등 많음) 전범기 및 위안부 피해, 강제 징용피해 등 모욕,비하, 사실부정에 관한 항목도 만들어주세요! [중국: 난징시 조례를 통해 모욕,비하는 물론 사실부정까지 구체적으로 제정했음: 모호함 없도록 구체적으로 제정요청] 4. 호기심 등 무심코 ...예외 없는 처벌이 가능토록 [독일, 폴란드, 중국 난징 등 각종 사례를 연구하여 폭넓게...] 5. 개인 처벌 외 기업 등의 상품로고, 디자인, 마케팅 등 처벌 규정은 개인보다 몇 배 강한 처벌로 요청합니다.",
  "num_agree": 1038,
  "petition_idx": "582697",
  "title": "■ 전범기(욱일기) 사용 금지 법안 요청!"
}