{
  "category": "정치개혁",
  "begin": "2019-09-11",
  "content": "윤석열 검찰총장을 처벌해서는 안 됩니다. 우리나라 헌정사에서 거의 유일하게 살아있는 권력에 개의치 않고 당당하게 수사를 진두지휘하는 그의 용기와 결단에 박수를 보내며 응원합니다. 처벌해 달라? 수사 도중 입수한 정보를 공무원이 기밀 누설했다는 이유인데, 이것이 사실이라는 전제하에 그 법이 국민의 알 권리인 공공의 이익을 위하는 것보다 상위법으로 처벌해야 한다는 규정이 있다면, 처벌해야 맞겠지요. 그러나 촛불정신으로 세워진 대한민국 문재인 정부에서 가장 깨끗하다고 믿었던 법무부 장관 후보자 조국이 가진자의 횡포, 학자, 전 민정수석으로서의 황당한 언행의 불일치로 논란이 되었고 이에 많은 국민이 놀라고 분개했는데,국회 인사청문회에서 알려진 조국 가족의 수사 내용이 국민의 알 권리보다 더 중대하니 처벌해 달라? 특수한 이해관계로 구성된 그의 가족 수준에서는 할 수 있는 말이겠지요. 어떤 사안이 사익과 공익의 경계선상에서 부딪친다면 국가는 어떻게 판단해야 맞을까요? 그 판단은 우리 국민의 몫입니다. 이제 우리 대한민국 국민은 더 이상 어리숙하지 않습니다. 국민 스스로가 현명하며 이미 성숙해 있습니다. 불과 몇 년 전 대한민국 국민이 암울한 시대적인 상황에서 불안해 할 때 대한민국 국가의 지도자를 탄핵하면서 나라를 바로 잡으려 한 용기 있는 검사 윤석열, 그가 여당의 살아있는 권력이라 할 수 있는, 심지어 직속 상사가 될 법무부 장관 후보자의 가족이 연루된 사안을 수사할 수 있는 용기와 결단, 또 수사 중인 피의 사실을 공표했다면, 용기있는 그에게 우리 국민은 박수를 보내며 경의와 함께 존경을 표해야 한다고 생각합니다. 이런 막중한 일을 행함으로 인해 고위공직자인 본인에게 어떤 이익이 있었으며 또 있을까요? 말하기 좋아하는 사람들은 하찮은 변명거리로 사법개혁에서 검찰의 불이익을 줄 수 있는 인물 한 명 제거하려는 것쯤으로 해석하는 사람들도 없지 않으리라 봅니다. 그러나 이제 대한민국 국민은 예전처럼 어리숙하지 않습니다. 현명하고 성숙해 있습니다. 정의와 평등, 자유를 갈망하는 대한민국 국민이라면 살아있는 권력에 개의치 않고 수사 지휘를 할 수 있는, 윤석열 같은 사람들을 우리 국민 모두는 지켜주고 보호해야 하지 않을까요? 이런 용기 있는 사람들이 국내뿐만 아니라 더 나아가서는 일본, 미국, 중국, 러시아 강대국들과의 외교, 경제 군비경쟁의 협상에서도 밀리지 않고, 국익을 위해, 국민의 권익을 위해, 시원하게 항변하고 대변해 줄 수 있지 않을까요? 국가의 쟁점이 되고 있는 모든 사안은 촛불정신처럼 우리 대한민국 국민이 현명하게 판단 하리라 믿습니다. 윤석열 검사를 처벌해서는 안 됩니다. 대한민국의 미래를 걱정하며 사랑하는 마음이 크다고 생각하는 저의 작은 주장이었습니다. 감사합니다. 2019. 9. 9. 서울 목동 수학/영어학원 **아카데미 **원장 노**입니다.",
  "num_agree": 1885,
  "petition_idx": "582647",
  "title": "윤석열 검찰총장을 처벌해서는 안 됩니다"
}