{
  "category": "정치개혁",
  "begin": "2019-09-10",
  "content": "이 글을 문재인대통령님께서 꼭 보셨으면 하는 바램으로 글을 적어보겠습니다 제 생각엔 진실을 두고 서로 다른 생각으로 논쟁하는것이 언론자유라 생각합니다 그런데 지금의 언론사의 데스크와 기자(저는 기**라 칭합니다)는 진실을 두고 논쟁하는것이 아니라 진실은 무시한채 본인들이 정해놓은 답대로 내용을 조작하는 것을 언론자유라 생각하는것 같습니다 제생각엔 언론조자은 언론자유가 아니라 범죄라 생각합니다. 요즘 핫한 조국후보의 보도들에서도 보셨겠지만 그들은 미친듯이 조작된 기사를 몇십만건 생산했으나 정작 몇가지나 진실이었을까요? 몇십만건 냈으니 소뒷걸음치다 벌레잡는 속담처럼 하나만 걸려라식이고 아녀도 된다 우린 그런걸로 징계먹거나 불이익 받지 않는다는 식으로 막 쏟아내고 있습니다 특정사건에 대한 내용으로 인터뷰할때 인터뷰 당사자들에게 정확한 내용을 듣고도 본인들이 만들어낸 답으로 내용을 조작하면 그건 범죄라 생각합니다 언론자유를 보장해주듯 언론조작도 보장 해 준다면 행동의 자유도 보장받아야 하는것 아닐까요 나는 착하게 사는 자유를 택했지만 다른이는 훔치고 뺏고 사기치는 행동을 택하여 그렇게 본인 방식대로 살아가는것 그것은 왜 법에서 자유로울수 없을까요 그건 자유가 아니라 범죄이기 때문 입니다 도둑질과 사기등은 당한 사람등 소수만 피해를 입지만 언론의 조작은 한명이상 몇천만의 다수가 피해를 입을 수 있습니다 그건 더 큰 범죄라 생갑합니다 그래서 청원드립니다 기자의 조작과 그것을 유도하고 눈감아주고 보도하는 데스크에대해 보도된 그 오보기사(조작기사)가 사실임을 증명하고 만약 그것이 사실임을 밝혀내지 못 한다면 처음엔 감봉과 대국민사과(뉴스또는 신문과 SNS등 모든매체)를 하고 해당 데스크와 기자(저는 기**로 칭함)가 또 오보(조작보도)를 하였을땐 해고와 함께 법적처벌을 받게끔 법을 개정하고, 기자(저는 기**로 칭합니다)가 인터뷰 할때는 인터뷰하는 사람도 녹음을 하고 보도내용이 인터뷰내용과 지정%이상 다를경우 인터뷰 당사자는 명예훼손등 기자와 데스크에 소송을 걸 수 있는 법을 만들어야 합니다 또한 그 언론사에서 1년에 몇건이상 같은 행위가 나올경우 방송위에서 자동연장계약취소법도 입법해야 합니다 지금의 언론을 국민들은 얼마나 실뢰할까요 제생각엔 보수라 일컫는 수구들이나 좋아할까 제정신 갖은이들은 절대 신뢰하지 않을거라 생각합니다 기자와 데스크는 진실을 국민에게 보도해야합니다 그런데 오보와 거짓 조작을 보도하여 피해자를 만들고 아무런 법적 책임을 지지않습니다 그러니 그들이 그렇게 막 가는것입니다 국민의 알권리와 국민의 정신건강을 위해 언론조작 데스크과 언론조작기자(저는 기**로칭함)의 투아웃 퇴출법을 만들어 주시기 부탁드립니다 정리) 조작을 유도, 방치, 보도하는 데스크와 그의 입맛에 맛게 조작하는 기자(기**로 칭함)에겐 그 조작기사에 대해 진실임을 그들이 직접 밝혀야하고 못 밝힐 시 감봉과 사측에서 자체징계 해당팀(징계받은적있는 데스크와 기자)이 두번재 조작오보 보도를 할 경우 국민모독죄로 퇴출과 함께 법적 조치 인터뷰하는 사람은 인터뷰시 전 내용을 녹음하며 기사의 내용이 지정% 이상 인터뷰 내용과 다를경우 법적조치 언론사는 1년에 10(횟수는 예)회이상 조작기사 보도될경우 자동연장취소가 되겠금 입법후 제정 언론자유는 조작하여 국민을 속여 장사하는것이 아니며, 국민의 눈과 귀가되어 진실을 보도하는 것입니다 조작언론이 퇴출될때까지 국민과 청와대 국회모두가 힘을모아 씨를 말려야 한다고 생각합니다 [본 게시물의 일부 내용이 국민 청원 요건에 위배되어 관리자에 의해 수정되었습니다]",
  "num_agree": 2054,
  "petition_idx": "582624",
  "title": "조작언론및 기** 퇴출 투아웃제 제정"
}