{
  "category": "문화/예술/체육/언론",
  "begin": "2019-09-16",
  "content": "저는 축구동호회를 할 정도로 스포츠를 사랑하고 관심이 많은 대학생입니다. 국제 스포츠 대회인 2020년 도쿄 하계올림픽 개막이 1년도 채 남지 않았습니다. 스포츠정신을 발휘하는 세계무대가 기대되지만 개최국인 일본에 대한 우려가 심각하다고 느껴집니다. 먼저, 일본은 도쿄올림픽 공식 사이트에 독도를 일본영토로 버젓이 소개했습니다. 지난 평창올림픽때는 한반도기에서 독도를 삭제하라고 항의하더니 이제는 독도를 일본의 영토라고 설명하고있는 천인공노할 현실입니다. 또한 \"욱일기가 일본에서 광범위하게 사용되기 때문에 막을 이유가 없다, 욱일기엔 정치적 의미가 없다”며 올림픽 조직위는 전범기 응원을 허용했고, 메달 디자인역시 욱일기를 연상시키는 모양으로 만들었습니다. 이쯤되면 태극마크를 단 우리 선수들이 독도가 일본영토로 표기된 도쿄올림픽에서 욱일기로 응원하는 한일전도 치러야 할 판입니다. 또한, 방사성 물질 오염으로 안전성 문제가 있는 후쿠시마산 농산물을 올림픽 기간 선수촌에 반입할 계획이라는 보도가 있었습니다. 후쿠시마산 농산물의 방사능 수치는 '일본' 기준에서 정상이지만 국제 기준에서는 한참 위험한 수준의 수치입니다. ‘독도’ ‘후쿠시마’ ‘욱일기’ 등의 문제는 올림픽에서 강조하는 스포츠정신인 ‘상호 존중과 호혜의 원칙’을 저버린 것이기도 합니다. 일본을 가지 않고 사지 않는다는 국민적 운동을 도쿄 올림픽 보이콧으로 이어가 일본의 반성과 사과를 받고 우리나라에게 가해지는 공격을 중단시켜야합니다. 위와 같은 이유로 2020년 도쿄올림픽 보이콧을 청원합니다.",
  "num_agree": 1516,
  "petition_idx": "582679",
  "title": "도쿄올림픽 보이콧을 요구합니다."
}