{
  "category": "반려동물",
  "begin": "2019-09-16",
  "content": "저는 대한민국의 평범한 회사원입니다 저는 어린시절부터 대한민국의 개고양이 식용문화로 인해 행복추구권을 뺏긴채 고통속에 살고있습니다... 전세계에서 유일하게 개농장이 난무하는 나라!! 구더기가 끓는 썩은 음식물 쓰레기를 먹여 뜬장에서 웅크리고 살게하고 잔인하게 죽이는 나라... 관계 국회의원들은 개농장과 자매결연이라도 맺었나요!!!??? 살아있는 작은아이들을 토치불로 잔인하게 죽이고 , 시골개들을 학대하고 잔인한방법으로 죽이고 복날에는 트럭안에서 집단으로 잔인하게 죽입니다!!! 이런인간이 아닌 일명 ***들에게 최고형을 내려주십시오!! 환노위 의원님들 폐기물관리법통과해주십시오!!! 개고양이를 가축에서 제외하라 동물임의도살금지법 통과하라 국민청원20만명이 넘었는데 약속을 지켜주세요!! 후진국들도 앞다투어 식용종식했습니다 미개한중국,우리나라의60년대를 살고있는 베트남, 그리고 대한민국은 뭐하는 나라입니까!!??? 또한 식약처 답변해주십시오 ***고기(보신탕)에서 다량의 항생제가 검출되어 인체에 유해를 끼친다고 증명되었는데 왜 간과하고 있는건지!! 무릎꿇고 눈물로 호소합니다... 이세상에서 더이상 살고싶지않아서 죽으려했을때 저를 잡아준 아이들의 눈을 마음을 지켜주세요... [본 게시물의 일부 내용이 국민 청원 요건에 위배되어 관리자에 의해 수정되었습니다]",
  "num_agree": 4641,
  "petition_idx": "582669",
  "title": "피토하는 심정으로 이글을 올립니다!!전국에 있는 개농장 철폐해주십시오!!!"
}