{
  "category": "육아/교육",
  "begin": "2019-09-09",
  "content": "안녕하세요 세아이를 두고있는 아이엄마입니다. 우선 다자녀기준을 묻고 싶습니다. 처음에는 셋째부터라 하더니 왜 어느순간 둘째부터인가요? 그러니 지원받는곳이 많으니 정작 셋자녀부터 지원을 못받는것 영향도 있을듯 합니다. 지역이 무슨 상관있나요? 많이받으려고 거기이사해야되나요? 살고있는 집 이사하기가 어렵다는거 아시잖아요. 금액도 똑같이해주세요. 여기 제가사는곳은 아이셋이 있는집이 많아요. 아이가 없는 지역에 많이올리지마시고 금액은 똑같이하되 지원받아야 되는집에 더 주세요. 처음에 지원받았는데 차기준에 벗어나서 차상위도 벗어나고 살다가 돈 들어가는곳이 많이들어 직장까지 옴겨 앞전보다 소득이 올라간건 사실입니다 그렇지만 따지고보면 다 빚이네요. 정작금액보면 바뀐전 월급이랑 같을뿐~ 지원받고있고 살다보니 기회가 생겨 차랑 직장이 달라졌습니다 기준에서 벗어났다고 지원이 끊기네요. 다자녀 정말 기준이 어떤거죠? 임신출산 광고는 많이나오는데 막상 지원기준이 폭이 좁아요. 5인기준에서 200만원정도 살수있나요?차도 4~5인승탈수있나요? 사람만 탈수있어요 차뒤에 물건두는곳있어도 차에 꼭있어야하는거두면 정작들고다니는 가방만들고나닐수있어요 여행갈때 옷가방 음식 조리기구 아기있는집에 아기가방이 기본이 두개가방입니다 그런데 다들어갈까요? 그래서 큰차로 바꿔는데 ~ 그런것도 고려해주세요.다자녀집들보면 울고 있어요. 모든 사람기준에 맞춰주시는건 알지만 좀 더 신중히 생각해주세요 부탁들입니다",
  "num_agree": 411,
  "petition_idx": "582609",
  "title": "다자녀해택과 유지"
}