{
  "category": "기타",
  "begin": "2019-09-12",
  "content": "시청과 관리부동산들로 인해 피해입은 부동산 이중계약 사기 사건 지금 전국적으로 부동산 이중계약 사기가 허다합니다. 저 역시도 부동산 이중계약 사기의 피해자입니다. 제가 이 일을 겪고 사건 경위에 대해 자세히 알아보니 어찌하여 이런 이중계약 체결이 가능한지 왜 같은 수법에도 피해자들이 늘고 있는지 알 것도 같습니다. 당할 수 밖에없는 주변 환경입니다. 첫 번째로 폐업한 부동산들에 대해 시청에 관리가 허술합니다. 폐업신고를 한 지 6년이 넘도록 간판은 그대로 달려있고 뿐만 아니라 폐업신고 상태로 어느 누군가는 중개행위를 계속하고 있던 겁니다. 그저 간판 하나만 보고 부동산이구나 공인중개사구나 하고 방문을 하게 되고 계약까지 하게 됩니다. 저뿐만이 아닌 다른 피해자들도 마찬가지였습니다. 저희 같은 일반 사람들은 정상적인 부동산을 확인하기보다는 허가를 받고 떡하니 달아놓은 간판만 보고 의심하지 않습니다. 그 증거가 전국에 모든 부동산 이중계약 사기의 피해자들입니다. 사기라는 걸 인지하고 시청을 찾아갔고 돌아오는 대답은 폐업신고를 했고 간판을 내리라고 했답니다. 시청이 할 일을 다 했다고 보십니까? 시청은 분기별로 두 번의 검문을 나간다고 합니다. 그리고 폐업한 부동산들의 간판을 내려야 할 의무가 있다고 합니다. 그럼 에도 불구하고 어느 누군가는 중개행위를 하고 있었던 겁니다. 말이 됩니까? 그리고 두 번째 관리부동산입니다. 사기를 인지하고 관리부동산들을 찾아갔습니다. 관리부동산에서는 자기들은 중개인 입장이 아닌 관리인 입장이랍니다. 관리인 입장에서는 임차인, 중개인의 신분을 명확하게 확인하지 않아도 된다고 합니다. 이것도 말이 안되는 것 아닙니까? 관리부동산은 임대인에게 위임장을 받아 대리권을 가지고 있는 사람인데 그렇다면 임대인을 대신해 계약서에 들어가는 인물들을 명확하게 확인해야 할 의무가 있는데 어찌해서 임차인과 중개인은 도장만 찍어 왔다고 해서 임대인의 도장을 찍어 줄 수 있는지 말로만 공인중개사 아닙니까? 국가고시를 보고 국가에서 허가하는 자격을 가진 사람으로 이걸 말이라고 합니까? 이런 환경 때문에 저는 돈과 시간을 어처구니없는 사건으로 보내고 있습니다. 시청과 관리부동산 양측은 모르쇠로 당당히 자기 일을 하고 있습니다. 저는 생업에도 손 놓고 있는데 말입니다. 더 자세한 내용을 글로 쓰기에는 너무 길고 시간이 턱없이 부족합니다. 그리고 이것이 말로 다 표현이 될까 싶습니다. 제가 이 글을 청와대까지 와서 쓰기까지 엄청난 고민과 걱정을 했습니다. 이런 부동산 이중계약 사기 사건이 너무 많기 때문입니다. 제 글을 자세히 읽어주시고 허술한 시청의 관리를 부탁드리고 이런 사기에 방조하고도 죄책감이 없는 부동산들의 책임을 물어주시길 부탁드립니다. 사건 내용의 일부만 작성하였기에 보시는 내용보다 더 큰 사건이고 이슈가 될 사건이라고 생각합니다. 마지막으로 제 사건을 취재해주시길 부탁드립니다.",
  "num_agree": 209,
  "petition_idx": "582661",
  "title": "무책임한 시청과 부동산들의 책임을 물어주시길 부탁드립니다."
}