{
  "category": "인권/성평등",
  "begin": "2019-09-12",
  "content": "***치킨 본사는 영업시간(정오12시~밤12시)준수와 가맹점의 휴일(정기적으로 월 2회)을 강제함으로써 가맹점주의 인권을 박탈하고 있습니다. 저는 2013년부터 ***가맹점을 운영하고 있습니다. 본사에서 강제하는 영업시간 12시간은 가게를 마치고 정리하는 시간과 가게를 시작하기 전에 준비하는 시간(저같은경우3시간정도)을 더하면 하루 15시간을 가게 운영하는데 사용하라는 것입니다. 이는 가맹점주의 여가생활을 즐길 권리를 빼앗는 것 뿐만아니라, 가맹점주의 건강한 생활을 할 권리까지 빼앗는 것입니다. ***본사는 영업시간을 지키지 않을 시, 서울에 있는 본사에서 처벌성 보수교육을 받아야 한다고 하고, 그에 따르지 않으면 본사의 일방적인 계약해지를 당할 수 있다고 협박을 합니다. 저는 이번에 오픈시간 미준수로 보수교육 입소 통보를 받았습니다. 저는 경남 창원에서 ***가맹점을 운영하는데, 하루 본사 보수교육을 받을 생각을 하니, 보수교육일 가게운영을 못하고, 그 전날도 이동시간 때문에 영업에 지장이 있을 것 같고, 보수교육 후로도 체력적으로 너무 큰 어려움이 있을 것 같습니다. 이런 어려움을 본사에 말하려 했으나, 본사는 들으려하지도 않았습니다. 제발 ***가맹점주 건강한 삶을 위하여 ***본사의 영업시간 강제와 휴일 강제를 못하도록 도와주세요! 다시 한 번 간곡히 부탁드립니다. [본 게시물의 일부 내용이 국민 청원 요건에 위배되어 관리자에 의해 수정되었습니다]",
  "num_agree": 803,
  "petition_idx": "582662",
  "title": "***치킨 본사의 가맹점주에 대한 인권 박탈"
}