{
  "category": "반려동물",
  "begin": "2019-09-16",
  "content": "존경하는 대통령님께 저는 유기동물보호활동을 하고 있는 임**입니다. 현재 300마리 유기동물들의 안위가 위급한 상황에 놓여 청원을 올리게 되었습니다. 최근 남양주와 대전 유성구에서는 민원이 들어온다는 이유로 유기동물을 구조, 보호하고 있는 두 보호소를 철거하려고 하고 있습니다. 마석보호소는 경기 남양주시 **리 산**번지에 위치한 곳으로 이곳에는 학대와 유기, 도살의 위기에서 구해낸 150마리 유기동물이 생활하고 있으며 시온쉼터는 대전 유성구 **동 ***번지 *호에 위치한 곳으로 개농장동물 구조를 시작으로 굶주림과 폭행, 죽음으로부터 구해낸 150마리 개와 고양이들이 생활하고 있습니다. 대통령께서도 잘 아시겠지만 전국에서 개인이 운영하는 사설보호소는 정말 어려움이 많습니다. 후원과 봉사가 지극히 제한적이라 관리를 맡은 소장님은 사재를 모두 털어야하고 또 구조동물의 치료와 사료비 때문에 막대한 채무까지 지고 살아가야 합니다. 게다가 겨울이면 난방비가 없이 남이 쓰다 버린 옷가지나 솜이불을 깔아주어야 하고 뜨거운 여름이면 선풍기가 부족해 마당에 물을 떠다 수시로 뿌려줘야 합니다. 이뿐만아니라 동물을 살리는데 전재산을 소진해버린 소장님들은 식사도 제 때 못하시고 늘 손가락이 휘고, 발이 부르트고, 허리와 관절통증으로 병원을 다녀야하며, 수술을 받아야 함에도 불구하고 잠시의 휴식도 허락치 않는 현실 때문에 아무것도 할 수가 없습니다. 이렇게 개인의 삶을 송두리째 바쳐 국가도 외면하는 불쌍한 생명들을 거두는 일인데 국가에서 나서서 격려나 도움은 주지 못할망정 민원이 들어왔다고 해서 철거를 하라 하고, 개인이 감당도 못할 강제이행금까지 내라고 하니 과연 우리나라가 생명을 존중하는 사회인지, 아니면 민원만 해결하면 되는 사회인지 그리고 이러한 기계적인 행정이 더 나은 사회로 나아가기 위한 올바른 방법인지 묻고 싶습니다. 대통령님 우리나라에서 동물을 보살피는 일은 끊임없는 자기희생을 요구합니다. 아무나 할 수 없는 일, 그렇다고 아무도 하지 않는다면 해마다 십 수만마리가 길거리로 쏟아져 나오는 위기의 동물들을 누가 구조하고 또 누가 보호를 한단 말입니까. 유기동물 문제는 어느 한 개인이 책임질 수 없는 사회적인 문제이고, 또 그 위법이란게 개인의 어떤 영리를 위한 것이거나 사회적 공익목적에 반하는 일이 아닌, 국가가 해결하지 못하는 문제를 한 개인이 생명을 살려야겠다는 일념으로 행하다 일어난 일이니만큼, 공정한 사회와 생명을 귀히 여기는 정책 및 소통으로 존경받고 계시는 대통령님께서 보호의 사각지대에서 최약자로 고통받고 있는 동물들을 위해 생명존중을 위한 마음과 더 나은 사회를 위한 열린행정으로 선처를 해주시길 간곡히 부탁드립니다. 현재 두 보호소에 대한 철거명령과 매년 천만원씩 연 2회에 걸쳐 부과되는 강제이행금 그리고 이를 이행하지 않는다고 하여 통장과 구조차에까지 압류를 설정해 놓은 처사는 동물들 구조로 하루도 버텨내기 힘든 소장님들께는 너무도 가혹한 일입니다. 그리고 이 강제금이 철거될 때까지 계속 추가된다고 하니 숨이 턱까지 차오르는 것 같습니다. 바라옵건데 철거를 10년 더 연장해주시고 강제이행금을 공익목적 차원에서 면제해주시길 바라며, 갈 곳을 잃은 동물들이 보다 더 안전한 환경에서 지낼 수 있도록 선처해주시면 고맙겠습니다. 긴 글 읽어주셔서 정말 감사합니다. [본 게시물의 일부 내용이 국민 청원 요건에 위배되어 관리자에 의해 수정되었습니다]",
  "num_agree": 10177,
  "petition_idx": "582670",
  "title": "300마리 유기동물의 안식처, 마석보호소와 시온쉼터 철거를 막아주세요"
}