{
  "category": "교통/건축/국토",
  "begin": "2019-09-11",
  "content": "저는 근육과 신경이 죽어가는 병으로 노후에 일을 할 수 없을것 같아 없는 형편에 노후를 대비해서 아내 명의로 제주도 분양형호텔을 분양받았습니다. 분양금의 50%를 10년간 이자지원을 해준다고 하고 1년간 약정 수익금을 보장해 준다는 대기업인 시행사 ****신탁을 믿고 어렵게 대출을 받아 분양계약을 하게 되었습니다. 그런데 6개월뒤 약속한 이자와 약정수익금은 중단되고, 호텔은 하자와 부실덩어리로 확인이 되었습니다. 애초에 용출수로 지어서는 안될 땅위에 호텔을 지어 완공이 지연되고 이런 심각한 내용은 알리지 않고 그대로 분양해서 현재 용출수로 인해 배수펌프로 퍼내고, 보일러와 엘리베이터가 녹슬어 고장나고, 지하벽에 금이가고, 시뻘것게 녹슬어 버린 베란다 철근난간, 벽지는 들뜨기 시작했고. 욕실 샤워 부스가 마감이 제대로 되어 있지 않아 밖으로 물이 세고, 수억을 들여 보수를 해도 비가오면 같은상황이 반복되는 돌이킬 수 없는 상황이 되었습니다. 하자 감정평가가 40억이 넘고 원천적인 복구가 불가능하다고 합니다. 용출수가 나오는 이런 부지를 어떻게 허가를 받았는지도 참 의문입니다. 공사가 늦어져서 준공이 늦어진다고 해서 대수롭게 생각하지 않았는데 시행사에서는 문제가 심각하다는걸 알고도 자세한 내용을 알리지 않고 분양을 하였고, 이런 심각한 이유가 있는지 알았다면 계약을 하지 않았을것입니다. 분양시 과장광고(특급호텔 브랜드 ***로고 사용, 루프탑 사진 등), 거짓광고(10년간 이자지원, 1년간 약정수익금 약속 등)로 사기분양을 했고, 무엇보다 목숨을 걸고 계약해지를 꼭 해야만 하는 이유는 석회질이 많은 용출수로 호텔이 회생불능의 상태로 앞으로 평생 하자수리보수금을 내야하고, 그렇다고 하자덩어리인 호텔을 팔수도 없으니 이건 엎친데 덮친격으로 다른 분양형호텔 소송내용과 차원이 다른 가장 큰 절망입니다. 아내는 호텔소유로 인해 각종세금과 국민연금, 의료보험료를 감당하기 어려워 휴업신고를 해야만 했습니다. 이 모든걸 어떻게 감당하고 살아야 할까요? 자다가도 이 생각만 하면 너무 억울하여 잠을 이룰 수 없고, 기름통이라도 들고 투신이라고 하고 싶은 심정입니다. 분양형호텔의 구조가 문제가 많다는것도 나라에서 인정하고 개선점을 찾고 있다고 하였습니다. 분양이 완료되지 않았는데도 법적으로 ****신탁이 시행사 효력이 없어졌다면 이건 법을 이용한 치고빠지는 계획적인 사기분양입니다. 분양 당시 시행사 ****신탁을 앞세워 믿음을 갖게 하고 이를 믿고 수분양자 대부분이 없는 형편에 대출을 받아 계약한 사람들입니다. 저또한 지체장애3급 장애인으로 어렵게 살아가고 있고, 아내도 얼마전 뇌졸중 진단을 받아 치료를 하고 있는데 호텔문제로 건강이 더 악화되었습니다. 소송밖에 방법이 없어 또 빚을 내어 소송비를 감당하며 1심에 승소를 하여 얼마나 감사하고 다행인지 몰랐는데 ****신탁은 대형로펌을 이용하여 어떤논리로 2심에 승소하여 교묘하게 법의 테두리망에서 빠져나가고 사람을 두번 죽이고 있습니다. 이제는 여러 가정의 인생을 망치게 한 가해자의 소송비까지 부담하라니 어떻게 땅을치고 통곡하지 않을 수 있겠습니까? 법은 잘 모르지만 시행사에서 지어서는 안될 용출수 위에 호텔을 지어 사기분양으로 현재 힘없고 죄없는 사람들이 고통받고 있다는 것은 부인할 수 없는 사실입니다. 시행사가 대형로펌 변호사를 고용해 법을 교묘하게 이용하고 있지만 법의 엄격함과 정의로움을 보여 주시어 더이상 피해자가 생기지 않도록 서민들의 울타리가 되어 주시길 간절히 바랍니다. [본 게시물의 일부 내용이 국민 청원 요건에 위배되어 관리자에 의해 수정되었습니다]",
  "num_agree": 389,
  "petition_idx": "582642",
  "title": "용출수 위에 분양형호텔을 지은 사기분양 시행사를 처벌하여 주세요."
}