{
  "category": "정치개혁",
  "begin": "2019-09-10",
  "content": "안녕하십니까, 곽상도 의원은 검찰 특수통 출신으로 박근혜 정부시절 민정수석을 지내고 수많은 사건에 관여되었고 여러가지 직접 수사방해, 공작, 언론에 기밀 유출 등등 사회 정의를 실현하기 위한 시도를 무마한 정황이 많습니다. 대표적으로 김학의 별장 성접대 사건과 장자연 리스트에 관하여 그렇습니다. 국민들은 지금까지도 왜 이러한 핵심적인 사건들이 제대로 수사, 기소 되지않고 용두사미로 은폐되었는지 의아해 합니다. 국민들의 알권리와 사회 기득권층의 부정부패 척결에 대한 염원은 좌절되었습니다. 수많은 희생자들은 억울함을 안고 있으며 사회에서 철저히 외면되었습니다. 그리고 입법부인이 마땅히 지켜야 할 기본적 도리를 저버리고 현 대통령과 노회찬의원, 노무현 전대통령을 비롯한 고인들에게 모욕적인 의혹을 제기하고 발언하였습니다. 법조인 출신이라 하기에 민망한 만큼 허위사실을 진실인양 발언하고 지극히도 악의적인 행위를 대한민국의 국민을 대표하는 국회에서 자행하였습니다. 국민의 일꾼으로서 선출된 의원이 교육위에서의 직무를 유기하고 세금으로 해외여행을 떠나는 등 국민을 우롱하였습니다. 또한 이웃나라 일본과의 감정이 좋지 않은 시기에 편향적인 일본 언론사에서 곽상도의원의 발언을 인용한점도 있습니다. 이것은 곽 의원의 언행으로 인하여 국론이 분열되었으며 궁극적으로 국가간의 우호관계와 협력을 해쳐진 증거입니다. 좌와 우를 떠나 거짓을 기본으로 한 참소는 근절되어야 하고 상대방과 가족의 신변을 위협하는 일은 없어야 합니다. 선출 지역구를 대표하여 민정에 힘써야 할 일꾼이 지역구민들을 우롱하고 세금을 남용하는 일은 근절되어야합니다. 따라서 특검을 꾸려 이러한 국민의 권리와 세금을 유용하며 허위사실과 정치적 분열을 야기하는 행위에 대한 수사를 촉구합니다. 아래는 곽상도의원과 관련된 부패행위 리스트입니다. --------------------------------------------------------------------------------------------------------------------------------------- 교육위 직무유기 및 다낭 여행 오세아니아 여행 (호주, 뉴질랜드) 세금유용 https://news.v.daum.net/v/20190121202020742?f=m&fbclid=IwAR3kG37mkMDL8RkujsUcRxpEIHuQbFjale_Y3ipF6oI2-XKa6LwAxq0weTE 문재인 대통령 가족 관련 각종 의혹 제기 허위사실유포 및 국회 내 공포 (문재인 대통령 자녀 관련) 문재인 대통령 친일 프레임 조작&적용 문재인 대통령 외손자 학적서류 위조(?) 공개 일본 우파 신문 산케이에서 인용 고 노무현 대통령/노회찬 의원 페이스북 공개 모욕 (현 삭제) 고인모욕: \"이중성을 드러내도 무방한 그 곳에서 영면하시기 바란다＂ 박근혜 정부 민정수석 재임 시 국정원 여론조작사건 외압사주 장자연 사건 수사 방해 공작 및 은폐, 윤지오씨 공격 주체(?) 사립유치원 유착(유치원3법 저지) 강기훈 유서 조작사건 연루 최저임금법 무력화 시도 ( 최저임금 미지급시 처벌조항 삭제) 김학의 별장 리스트 수사 외압 및 은폐 http://imnews.imbc.com/replay/2019/nwdesk/article/5206136_24634.html",
  "num_agree": 8959,
  "petition_idx": "582629",
  "title": "국회의원으로서의 기본적 도리를 저버린 곽상도 의원에 대한 특검을 제청합니다."
}