{
  "category": "정치개혁",
  "begin": "2019-09-10",
  "content": "달라진 게 없습니다. 국민의 안전은 뒷전입니다. 부패기득권의 하수인역할을 톡톡히 하고 있습니다. 구체적인 예도 하나 소개하겠습니다. 1. 연구논문 작성에 아무런 역할을 하지 않은 지도교수가 제1저자가 되는 것은 비일비재하고, 연구수행 평가에 있어서 연구논문의 수가 제한되어 있는 이유로 역할에 상관하지 않고 돌려가면서 제1저자를 하는 것이 관행입니다. 2. 검찰이 조국 딸을 제1저자로 한 것은 지도교수의 재량일 수 있습니다. 이런 마당에 검찰총장의 명령으로 담당교수를 불러 10시가 이상 조사하는 것은 정상적이라 할 수 있습니까? 3. 일반국민을 대하는 검찰의 이중적 태도를 이번 사건과 비교하여 소개해 보겠습니다. 4. 2017년 10월 10일 피고소인은 제한속도 60km/h인 도로를 101.17km/h의 속도로 주행하다가 도로 갓길에서 좌회전하던 민원인의 아버지가 운전하는 차량 뒷문을 들이 받았습니다. 가해차량이 브레이크를 밟았으나 충돌 시점 가해차량의 속도는 60km/h 이상으로 확인되었습니다. 5. 사고당시 민원인의 아버지는 뇌출혈 상해를 입게 되었으며 일산백병원 중환자실에서 치료를 받은 후, 후유증으로 인한 장애를 치료하기 위해 보훈병원 및 보훈요양병원에서 입원하고 있던 중 사고시점으로부터 1년 4개월 후 폐렴으로 사망하였습니다. 6. 민원인은 고소인의 대리인 자격으로 과속차량운전자를 형법에 근거하여 검찰청에 형사고소 하였으나 검찰은 가해차량의 과속을 인정하지 않고 가해차량운전자를 무혐의 처분하였으며, 특히 재항고 단계에서는 대검찰청에서는 조사도하지 않고 8개월의 시간만 끌다가 윤석열 검찰총장 취임 직 후 기다렸다는 듯이 기각처리 하였습니다. 7. 조국 따님도 억울하고 민원인도 억울합니다. 예전에 초등학교 다니던 자녀의 담임한테 단 한번도 촌지를 주지 않은 사람이라도 조국 따님을 욕할 수는 없습니다. 형사 조사라니요? 창피한 줄을 아시기 바랍니다. 부패기득권도 제식구입니까? 제식구감싸기 그만하시기 바랍니다! 8. 조국따님 조사 그만하시고 민원인의 잘못된 처분도 재조사해서 정정해 주시기 바랍니다. 9. 검찰청은 억울한 사람을 만들어내는 기관입니다! 또다시 민간사찰을 하고 싶으신가요? 공수처가 답입니다!",
  "num_agree": 1666,
  "petition_idx": "582625",
  "title": "과거의 검찰은 떡검! 지금의 검찰은 정치검찰?"
}