{
  "category": "기타",
  "begin": "2019-09-16",
  "content": "****** 사용자 입니다. 네이버나 다음 등 검색창 인터넷에만 찾아봐도 저와 같은 경우가 너무 많고 현재 같은 건물에 거주하는 주민 또한 같은 사례를 겪었습니다. 하지만 ******에서는 끝까지 고객 탓만 하고 고객 유치만 중요시 하며 현 상황에 대해 전혀 자기들의 책임이 없고 고객의 부주의라고만 이야기 합니다. 도와주세요. 몇 년간 ******만 사용을 해왔고 17년경 대리점에서 핸드폰을 개통했습니다. 개통 시 직원은 현재 근무를 하지 않고 있다고 합니다. 개통 시 실 사용하지도 않는 인터넷을 제 명의로 핸드폰과 동시에 개통을 했더군요. 저는 기기를 받은 적도 없고 설치를 한 적도 당연 사용을 한 적도 없습니다. 핸드폰 요금을 한번도 밀린 적이 없는데 약 몇개월이 지난 후 부터 집으로 독촉장이 날아오고 신용정보가 하락했다는 통보가 날아오며 미납금 청구 독촉전화 및 문자가 거의 매일 날아오길래 알아보니 개통시 인터넷을 가개통하면서 핸드폰 요금을 할인해준거라 합니다. 근데 왜 제 앞으로 사용하지도 않고 기기 조차 받아본 적도 없는 인터넷 요금이 계속해서 날아오는 걸까요. 당시 판매자가 아직 근무중이여서 연락처를 알아내 연락을 시도했고 미안하다며 대리점에서 해결해 줄거라 했습니다. 근데 이게 매달 반복이 되기 시작했고 나중에는 그 직원도 그만 둔 상황이라 연락 조차도 닿지를 않고 있습니다. ** 측에 이 사실을 보고했으나 핸드폰 개통시 인터넷 계약서에도 제가 싸인을 했고 서류가 남아있으므로 제 잘못이라고 합니다. 하지만 저는 기기를 받은 적도 없는데 알아보니 어디선가 모르는 주소지에 설치되어 SBS월정액 및 JTBC월정액 까지 사용중이더군요. 그래서 ****** 고객만족팀 팀장님과도 연락하며 상황을 해결하려 했습니다. 하지만 그 결과가 '제가 지인을 통해 건너 건너 알게된 사람한테서 핸드폰을 구매하며 발생한 일이므로 지인한테 구매한 것과 같다. 이건 해결해 줄 수가 없다. 지인이기 때문에.지금까지 미납금만 내주겠다.' 이거였습니다. 몇날 몇일을 싸우고 이야기를했으나 결과가 겨우 저거 뿐이네요. 그래서 제가 이사한 곳에 설치라도 다시 해달라 그럼 제가 사용하겠다 했더니 이번에는 건물 자체가 신축이고 현재 단체 **단체가입이 되어있는 건물이라 설치가 불가능 하며 이것을 '집주인의 설치반대'라고 통보하며 해지가 안된다고 합니다. 저는 현재 203호 거주중이고 204호 거주자분 역시 과거 ******에서 저와 같은 상황으로 매일 전화하고 통화하며 다투다 결국 위약금 없이 해결을 해줬다고 합니다. 그런데 저는 안된다고 합니다. 그럼 위약금 50프로만 깎아줄테니 위약금 내고 해지하고 기기 반납을 하던지 기기가 분실 상태이면 기기 값에 대한 몇십만원을 같이 지불하라고 합니다. 집주인 분과 직접 통화를 해보라고 해도 그건 할 수 없다. 고객님이 직접 집주인과 협의를 보고 설치를 하던지 위약금 할인 된 가격으로 기기 반납 후 해지를 하던지 해라. 라는 말만 반복합니다. 전산상으로는 설치를 할 수 있는데 집주인 반대로 안된다고 합니다. 하지만 기사님 방문 시 집주인은 집에 있지도 않은 상황이었으며 기사님이 저에게 통화로 신축에 **단체 가입 건물이기 때문에 설치 불가능하다고 분명 말씀주셨습니다. 그래서 저는 전산상으로 가능한 부분이면 제 명의로 된 기기를 회수해서 가져다 설치 해달라고 했습니다. 설치해주면 쓰겠다구요. 근데 그것도 안된 답니다. 제가 기기를 찾아와서 집주인과 합의를 보고 설치를 하랍니다. 온통 고객 탓만 하고 고객을 유치하는 기업에서의 대처 메뉴얼은 과연 없는 건가요. 누군가는 해지를 해주고 누구는 안된다고 하며 기기를 받은적도 없이 사기를 당하고 매일같이 신용정보가 변동되었다는 연락을 받으며 독촉전화만 받는 저는 아무 이유없이 매달 60000원 가량의 인터넷 비를 내면서 살아야 하나요. 정말 억울합니다. [본 게시물의 일부 내용이 국민 청원 요건에 위배되어 관리자에 의해 수정되었습니다]",
  "num_agree": 130,
  "petition_idx": "582687",
  "title": "****** 사기 후 대응없이 고객탓만 하며 떠넘기다."
}