{
  "category": "외교/통일/국방",
  "begin": "2019-09-16",
  "content": "저는 대구에 살고있는 26살 청년입니다. 얼마 전 일본의 한 국회의원이 자신의 SNS에 전쟁으로 독도를 되찾자는 망언을 내뱉었습니다. 이런 망언이 이번 한번이 아니라는 것에 더욱 화가납니다. 다시는 이런 말을 하지 못하도록 독도의 안보를 강화하고 우리의 힘으로 지켜야합니다. 또한 지난 7월 독도주변 영해를 침범한 러시아 항공기에 대해 우리 군은 경고 사격을 하며 주권국가로써 당연한 대처를 했다고 생각합니다. 하지만 일본은 이 사건이 발생하자 “우리 영토에서 이런 행위는 안 된다”며 한국과 러시아에 항의했습니다. 너무 어처구니가 없고 분노스럽습니다. 더욱 강력하게 우리영토를 지키기 위해 독도수호사령부를 만듭시다. 그래서 지금은 경찰이 지키는 독도의 안보를 육군, 해군, 공군, 해병대 소속의 우리 장병들이 직접 지킬 수 있도록 합시다. 일본은 호시탐탐 한반도를 재침략하기 위해 독도를 침략하면서 위협하고 있습니다. 우리의 힘을 보여줘야합니다. 일본의 위협에 대응할 강력한 국방이 필요합니다. 일본의 만행에 대해 강력한 자주국방으로 주권국가의 모습을 보여줘야합니다. 그 첫걸음으로 우리 영토인 독도를 지키는 독도수호사령부을 창설을 청원합니다.",
  "num_agree": 645,
  "petition_idx": "582683",
  "title": "독도수호를 위해 독도수호사령부를 창설합시다!"
}