{
  "category": "정치개혁",
  "begin": "2019-09-10",
  "content": "언론 개혁을 이뤄내기 위해 이것부터 반드시 파헤쳐야 할 것 같습니다. 요즘 지속해서 극단적인 단어,문장이 계속해서 실시간 검색어에 급등하며 올라가는데, 예)문재인 탄핵 구글 트렌드와 네이버 트렌드를 검색했을때, 실시간 검색어에 올라간 글이 그 시간대에 40대 연령층의 그래프 변화가 상당히 심하다는것과 (의구심이 생길만한 정황.) “문재인 탄핵”이라는 극단적인 단어가 구글 트랜드를 통해서 일본에서 검색이 이뤄졌다는게 확인이 된다는 점. 에 대해 일본에서 특정, 원하는 방향대로 내정간섭을 하고 있는것이 아닌가, 충분히 의심 갈 만한 상황들이 포착되고 있습니다. 항상 국내 사이트 기사 댓글에서 악의적으로 힐난하며 써진 다양한 형태의 댓글을 볼수있는데... 그러한 댓글들이 기사가 올라오는 시점에 동시간대 우루루 쏟아지는것을 보면 일반 시민들 입장에서는 더 의심이 들 수 밖에 없습니다. 이것도 조작된것인지 궁금합니다. 언론 개혁을 이뤄내는 기반을 닦는 차원에서 우선 일본에서 왜 이렇게 검색을 하고있는지, 꼭 파헤쳐 주세요!!",
  "num_agree": 3887,
  "petition_idx": "582627",
  "title": "한국 내정간섭)일본의 현재 움직임에 대해 부디 파헤쳐주세요!!"
}