{
  "category": "교통/건축/국토",
  "begin": "2019-09-16",
  "content": "5호선(가칭한강선) 패스트트랙적용시켜 조기개통을 청원합니다~ 대광위발표 8월에서 9월 10월에서 내년발표 예정으로~ 선거용으로 써먹는건 아닌지 국민들 불신만 증폭되구 있습니다 ~ 10월예정된 국토부 대광위발표 국민들 기다리겠습니다 ~",
  "num_agree": 1522,
  "petition_idx": "582675",
  "title": "5호선(가칭한강선)패스트트랙 적용으로 조기개통청원"
}