{
  "category": "기타",
  "begin": "2019-09-10",
  "content": "어제 민주노총 일부 조합원 그리고 톨게이트 근무자들이 대법원 소송결과의 확대 적용을 주장하면서 한국도로공사 본사를 기습 점거하였습니다. 점거자들과 한국도로공사 각각의 주장의 옳고 그름을 떠나 이제 곧 추석연휴이며 한국도로공사는 전국민의 대다수가 이용하게 될 고속도로를 운영관리하는 조직입니다. 한국도로공사의 업무중단으로 연휴기간동안의 시민들이 겪을 불편은 안중에도 없고 대형사고가 나서 수십명의 사상자가 나도 관심없고 오로지 자신의 주장만을 위한 불법적인 점거를 단행하고 있습니다. 윤석열 검찰총장님의 취임이후 검찰에서는 법과 규정에 따라 모든 사건을 원칙대로 조사하는 것으로 알고 있습니다. 이번 추석연휴를 앞둔 긴급하고 중대한 시기의 한국도로공사 불법점거에 대해 법과 원칙대로 불법검거를 즉시 바로잡아 국가의 대동맥인 고속도로가 추석연휴기간에 제 기능을 할 수 있도록 해 주십시오 시간을 늦추어 대형사고가 사고 수습이 늦어질 경우 입게될 만일의 피해에 대비하기 위해서 꼭 필요합니다.",
  "num_agree": 16178,
  "petition_idx": "582617",
  "title": "민주노총의 한국도로공사에 대한 무질서와 불법을 바로잡아 주십시오"
}