{
  "category": "보건복지",
  "begin": "2019-09-10",
  "content": "안녕하세요. 저는 암센터에 10년 넘게 현장에 근무하고 있는 직원입니다. 현재 암센터는 18년 만에 파업을 진행하고 있습니다. 저도 충격이고 환자분 및 보호자분들도 충격을 받으셨을 겁니다. 그리고 저희 기관을 얘기하기에 앞서 너무너무 죄송하다는 말씀을 먼저 드리고 싶습니다. 일산 국립암센터는 총체적인 문제가 있기에 이렇게 건의하게 되었습니다. 첫 번째 일산 국립암센터는 개원 이래 포괄임금제, 성과연봉제란틀에 박혀 연봉을 지급해왔습니다. 이 말은 아무리 오버타임을 해도 월급이 똑같다는 얘기입니다. 아침 8시에 출근하여 밤 12시에 또는 다음날 8시에 수술이 끝나고들어가도 똑같은 월급, 새벽 4시에 출근하여 밤 9시에 퇴근하여도똑같은 월급, 오후 3시에 출근하여 새벽 5시에 들어가도 똑같은 월급이라는 얘기입니다. 항암제, 방사선 피폭, 감염환자에게서 감염될 위험, 바늘 및 날카로운 의료기구에 다칠 위험에 대한 위험수당, 응급환자를 위해 급하게 1년 365일 대기하다가 응급상황 시 튀어나와야 되는 온콜수당 등 모든 수당이 단 한푼도 추가로 받을 수 없었습니다. 항상 이 부분에 대해 건의하면 국립기관이고 포괄임금제라 안 된다는 말만 들어왔습니다. 물론 2015년 야간근무수당 시설, 온콜비 지급이 생겼었습니다. 2018년 노조가 생기고 협상하여 2019년 7월부터 포괄임금제가 폐지되며 시간외 수당이 생기고 온콜비가 없어졌습니다. 두 번째 이상한 직급 배분입니다. 현재 국립암센터 직원수는 2500명입니다. 그 중 간호직 687명, 보건직 231명, 사무직 121명, 기술직 39명, 약무직 33명이 근무하고 있습니다. 물론 이 수치는 계속 변하고 있습니다. 직급제 배분을 보면 간호직 1급 2명, 2급 10명, 3급 55명, 4급 157명, 5급 208명,6급255명 보건직 1급 1명, 2급 9명, 3급 23명, 4급 52명, 5급 67명,6급 79명 사무직 1급 5명, 2급 15명, 3급 22명, 4급 31명, 5급 24명,6급 20명,7급 4명 기술직 1급 1명, 2급 3명, 3급 7명, 4급 13명, 5급 10명,6급 5명 약무직 1급 1명, 2급 1명, 3급 4명, 4급 10명, 5급 17명 이렇게 되어있습니다. 인원수가 적은 사무직이 1급을 5명이나 하고있고 나머지 직급들도 높아 진급이 빨리 되고 있다는 것을 알 수 있습니다. 사무직만!!왜 현장에서 항암제 만지고 방사선 피폭되고 감염위험에 노출되는 직원들은 진급도 안 되고 사무실에 앉아 일하는직원만 진급이 빠른지 모르겠습니다. 세 번째 이상한 국제 암 대학원입니다. 국제 암 대학원이 생기면서많은 고위직 의사들이 암 대학원 겸임을 하고 있고 사무직이 이동하였습니다. 그리고 국민연금에서 사학연금으로 옮겨 가셨습니다. 하지만 매년 30억 정도의 적자가 발생하는 대학원 운영은 병원 수익에서 충당 하고 있습니다. 해외 학생들에게는 등록비 감면, 숙박식사까지 무료 제공을 하고 있습니다. 그럼에도 불구하고 등록금할인 등 직원들 혜택은 하나도 오지 않습니다. 또한 국제 암 대학원은 학생보다 직원 수 가 많습니다. 구조적으로도 이해할 수 없습니다. 네 번째 기관장은 연봉 2억 5천 성과급 1억을 받아 3억5천으로 국가 기관장중 다섯 손가락 안에 들어갈 정도로 높은 연봉을 받았습니다. 왜 기관장은 성과급을 연봉기준으로 받고 직원들은 월급기준으로 받는지 궁금합니다. 현재 국립중앙의료원 10년차 간호사 연봉이 암센터 11년차 간호사보다 1000만원이 더 많다고 합니다. 그동안 얼마나 연봉이 안 올랐으면..이럴까요. 선배 간호사가 신규간호사보다 연봉이 적은 경우도 있습니다. 이기관에 임금설계라는 것이 되어 있는지 궁금합니다. 기존에 일하는친구는 안올려주고 신규가 안 들어오니 신규 연봉만 올려줘서 눈가리고 아웅식으로 대책을 해서 그런거죠. 이번 암센터 노사 간 협상안을 보면 1.연봉인상 1.8프로(시간외수당제외) 2. 온콜 근무자 교통비 3만원 시간외수당 지급 3.위험수당 월 5만원 4.교대근무 공휴일근무 야간근무자등에게 식대 5천원 지급. 5.나이트 근무 후 반일 off 부여. 6.신입직원 교육 수료 후 1인당 7만원 상당예산지원 이런 내용이었습니다. 이게 무리한 내용입니까? 사측에서는 현재 언론플레이만 하면서국립이니깐 어쩔 수 없다 기관평가가 떨어져서 안 된다 라고만 하고 있습니다. 환자들에게 저희 직원들 탓에 파업한다는 인상 심어주기에 급급합니다. 제가 돌보던 환자들이 지나가는 모습을 볼 때마다 눈물이 납니다. 저희라고 파업하고 싶겠습니까. 누구보다 열심히 10년 넘게 불평불만안하고 환자를 돌봤습니다. 근데 대가는하루에 3천원 올려주기 힘들다 입니다. 국가가 이렇게 하라고 해서.. 최근 항암제를 주로 다루는 부서의 간호직께서 백혈병으로 운명을 달리하는 일이 있었습니다. 비단 이 사례뿐이겠습니까? 위험한 곳에서 일하는 직원에게 위험에 대한 대가를 지불하라는 것이 지나친 주장입니까? 정말 최소한의 요구라고 생각합니다. 이런 것이 대통령님이 원하신 공공기관인지 궁금합니다. 국립암센터는 세계최고의 암센터를 지향한다고 하지만 저는 세계최악의 노동조건을 갖고 있다고 생각 합니다. 국립이라는 핑계!! 국가기관이라는 핑계!!를 자꾸 언급하니 구조적으로 국가에서 조정할 수 는 없는지에 대해 건의하고 싶습니다.",
  "num_agree": 7588,
  "petition_idx": "582615",
  "title": "(국립암센터파업)국립암센터 근본적인 구조를 바꿔주세요"
}