{
  "category": "육아/교육",
  "begin": "2019-09-09",
  "content": "안녕하세요. 9월 1일 주광덕 자유한국당의원의 조국 딸 생활기록부 내용을 공개한 사실에 대해서 검찰조사를 요청하는 바입니다. 학교생활기록부는 졸업생의 경우 본인이 학교로 직접찾아가던지, 인근 학교에서 민원신청을 해야 받을 수 있습니다. 이 과정에서 반드시 신원확인을 하는데, 어떻게 해서 주광덕 자유한국당의원이 이를 입수하였는지 모르겠습니다. 이는 심각한 사생활침해이며, 개인정보 보호법 및 초 중등 교육법을 위반한 사례입니다. 이미 주광덕 자유한국당의원은 안경환 사태에서도 불법 루머로 대중을 혼란에 빠뜨린 자입니다. 그 사태에서 솜방망위 처벌을 하니까 결국, 버릇이 이렇게 들어 또 똑같은 만행을 저지르고 있습니다. 이번에 제대로 처벌하지 못하면 다음에 또 그럴 수 있는 상습범임에 틀림이 없습니다. 반드시, 증거임멸하기 전에 검찰에서 압수 수색 해주세요.!!!!!",
  "num_agree": 32851,
  "petition_idx": "582604",
  "title": "주광덕 자유한국당의원 생기부 불법 입수 및 공개에 대한 검찰조사 요청"
}