{
  "category": "행정",
  "begin": "2019-09-12",
  "content": "전세계 어디에서도 볼수없는 대한민국 단.통.법 저는 휴대폰 판매를 18년간 종사해온 자영업자 입니다. 내일도 일어나서 눈뜨면 휴대폰 판매를 하는 국민들이 비아냥거리며 부르는 폰팔이 입니다. '폰팔이' 이말이 왜 나온줄 아십니까? 핸드폰 하루에 한대만 팔면 더 일할거 없이 편하게 산다고 붙혀진 별칭입니다. 시체말로 고객에게 눈탱이쳐서 편하게 산다는 뜻입니다. 그래서 그렇게 편하게 살지 않으려고 고객에게 최대한 싸게 휴대폰을 할인해서 판매합니다. 최대한 싸게 판매를 하다보면 누군가 고객을 가장해서 녹음을하고 영상을 찍어서 싸게 휴대폰을 사갑니다.그리고 몇일뒤에 채증 당했다며 벌금이 200만원 나옵니다.어쩔때는 400만원,심지어는 두대를 싸게 팔았다고 965만원 벌금 나온적도 있습니다. 이 말도 안되는 '세상' 억울한 일이 단통법이라는 명분아래 이뤄지고 있는게 현실입니다. 국민에게 휴대폰을 싸게 팔면 손님으로 위장해서 싸게 사가서 어디로 가는지도 모르는 벌금을 냅니다. 이법이 법이라면 저는 휴대폰을 계속 싸게 팔아서 언젠가는 감옥에 가야 하는 겁니까? 이게나라냐? 국민에게 휴대폰을 싸게 팔면 벌금을 내야하는 현실. 저는 내일도 오늘 휴대폰 싸게 판매한 국민이 고객이 아니고 구매채증한 국민이라서 벌금을 내야하는 저또한 국민입니다. 부디 나라다운 나라에서 법을 지키며 살수있게 도와주세요. 악법도 법이다가 아니고 법은 선이다 이렇게 살수있게 법을 올바르게 만들어주세요. 법을 지켜야 하는 저 또한 국민이지만 법이 잘못됐다면 부디 대한민국이 나라다운 나라가 해결해 줬으면 좋겠습니다. 부디 선량한 국민이 법을 지킬수있게 법을 고쳐주세요.",
  "num_agree": 289,
  "petition_idx": "582660",
  "title": "국민에게 휴대폰을 싸게팔면 벌금을 내야하는 폰팔이 국민이 있습니다."
}