{
  "category": "행정",
  "begin": "2019-09-09",
  "content": "박근혜 정부시절 동양대 감사자료에 따르면 법인연합회 회비도 교비로 내고, 대학시설 임대료를 법인이 낼름 하시고, 지출결의서 허위로 작성해 돈 가져다 쓰고, 특수 관계자에게 공사 몰아주고, 법인카드로 유흥업소 다닌점이 지적되어 있다는데. 최** 총장이 대학교도 수료만하고 해외에서 가짜 졸업장에 학교도 물려받고, 박사로 둔갑해 책도내고, 대학교 총장을 해왔다니 상대적 박탈감을 크게 느끼는 바입니다. 이런자가 교육자의 양심을 운운하며 자한당 검찰과 협력하여 누군가를 폭로한다는 자체가 개가 웃고 소가 웃을 일 아니겠습니까? 국민의 여론법을 적용해 강하게 가중 처벌해주십시요. 이런 사안에 상대적 박탈감을 크게 느끼신다는 서울대, 고려대, 부산대도 모여서 규탄합시다. 양심이 있다면... [본 게시물의 일부 내용이 국민 청원 요건에 위배되어 관리자에 의해 수정되었습니다]",
  "num_agree": 15508,
  "petition_idx": "582608",
  "title": "최** 총장을 처벌해주세요."
}