{
  "category": "문화/예술/체육/언론",
  "begin": "2019-09-09",
  "content": "언론에 징벌적 손해배상제도를 도입해야합니다. 8월부터 한달 이상을 법무장관 지명자에 대한 '가족신상털기'와 사실확인이나 간단한 확인취재조차 하지않은 '추측성 보도' 로 70만건 이상을 보도했습니다. 한달간 네이버, 다음 포털 메인뉴스도 모두 '조국 지명자 ' 뉴스 뿐이었습니다. '입시전문가가' tbs뉴스공장에 출연한 인터뷰에서 ''모언론지 기자가 기사를 써서 보여줬는데 내용이 100% 틀려서 고쳐줬다고합니다. 그래서 부정입학이 아니라고 알려줬는데 오후가되니 그 내용은 쓰지않고 다른내용으로 기사를 썼다고 합니다'' 그때 처음으로 입학과 입시전형에 대한 팩트를 확인할수있었습니다. 한달간 조국 지명자 뉴스를 보면서 노무현 대통령의 논두렁시계 보도와 조국 지명자 보도가 겹쳐보여서 너무나 슬펐습니다. 언론기관은 언론의 자유란 명분하에 \"전혀 견제받지않고\" \"책임지지않고\" 엄청난 권력을 마음껏 누리고 있습니다. 공적권력은 국민의 여론과 선거등으로 견제를 받고있지만 언론은 엄청난 영향력과 권력을 가진 사적권력임에도 전혀 견제받지않고 있고, 합당한만큼의 처벌을 받지도 책임을 지지도 않고있습니다. 현재 조국현상으로 보여지는 언론은 정치권력보다 더 커서 정치권력이나 공권력을 초월한 권력으로 보여집니다. 정치권력에 언론탄압하지말라하던 언론은 이제 정치권력보다 더한 권력을 쥔듯이 보입니다. 정치권력은 국민의 목소리에 귀기울이고 반응을하지만 언론권력은 언론을 비판하는 목소리는 거의다 '특정정당 지지자' '특정인 지지자'로 낙인찍는 보도를하면서 국민을 무시하며 , 본인들의 주장을 더많이 더 크게 쏟아내기 때문입니다. 오보로 판명나도 전혀 사과하지않고, 심지어 기사를 내리지도 않기도 합니다. 이보다 더한 권력은 대한민국에 없는듯합니다. 아직도 종종 회자되는 sbs 찐빵소녀 사건은 엄청나게 충격적인 사건이며, 언론의 악의적인 민낯을 가장 잘 보여주는 사례입니다. 하지만, 한사람을 사회적으로 매장시키고 낙인찍고 병들게하고, 가족을 풍비박산나게하고 평생을 트라우마에 시달리며 살게하는 엄청나고도 엄청난 범죄를 저질렀음에도 sbs는 겨우 판결받은 위자료만 지급하면 되었고 지금도 sbs는 엄청난 영향력을 가진 방송사이며 뉴스기사를 수도없이 쏟아내고있습니다. 권력이 큰만큼 책임도 그만큼 커야하지만 언론은 권력은 크지만 책임은 너무나 가벼워 보입니다. 크나큰 영향력과 엄청난 권력을 지닌 언론이 맘껏 누리는 자유만큼의 도덕적, 사회적, 경제적 책임을 지도록 해야한다고 봅니다 언론이 신뢰받는 언론이 되어 국민들이 기자를 존경하는 직업으로 바라볼수있도록 기자들이 작성한 기사를 신뢰하며 볼수있도록 언론에게 책임을 지워줘야합니다. 언론에 징벌적손해배상제도를 도입해 sbs의 찐빵소녀같은 방송은 방송사가 문을 닫을정도의 책임을 지도록 가진 권력만큼 누리는 자유만큼의 크고 무거운 책임을 지워줘야합니다. 언론이 누리는 자유만큼 국민들도 언론을 의심없이 자유롭게 누릴수있도록 언론의 징벌적손해배상제도 꼭 도입해야합니다.",
  "num_agree": 3261,
  "petition_idx": "582601",
  "title": "언론에 징벌적손해배상제도를 도입해야합니다"
}