{
  "category": "교통/건축/국토",
  "begin": "2019-09-11",
  "content": "대통령님 서귀포시 만행을 밝힘니다. 꼭 해결해 주세요. 서귀포시 **로 **번지 주소에 어머니(정**)가 살고 있는데, 저는 아들 입니다 이곳에 서귀포시에서 문화광장을 만든다고 합니다. 공청회 한번도 안하고 문화광장 만든다고 평생 45년 넘게 살고 있는 집에서 나가라고 하는게 말이 됩니까? 어머니까 어렵게 모아서 그동네 집을 마련해서 살고 있고, 몸도 편찮은 어머니는 80세 가까이 되고 있으며, 그리고 100세 노모까지 모시고 단둘이 살고 있습니다. 그런데, 서귀포시에서 문화광장을 만든다고 나라가고 하니 말이 안되는 일입니다. 공원 조성하는 곳에 어머니집이 공원 가운데 위치해 있는 것도 아니고, 꼭 필요한 위치도 아닙니다. 4년전에는 분명희 저희집은 광장조성사업에서 배제시킨다고 해서 마음놓고 있었는데, 지금 광장 조성도를 보면 어머니집을 없애고, 그 자리에 '커뮤니티 카페'를 만든다고 하니, 대한민국 법치 국가에서 있을 수 없는 일이라 생각합니다. 카페를 만든다고 평생 살고 있는 집에서 나가라고 하는 게 말이 됩니까? 차라리 그동에 살수 있는 집을 마련해 주던가, 집을 살수 있는 보상을 해주는 것도 아니고, 평생 살고 있는 집을 빼앗아서 나가라고 하는것은 일제 강제 시대때 일본인들이 하는 행동과 똑 같은 행동이 아닙니까? 보상은 실거래가가 아니고 감정가로 보상하면서 양도소득세까지 내야 된다고 하니, 집 근처에 똑같은 집을 어떻게 구해서 나갈수 있습니까? 어머니가 살고 있는 집이 공원조성하는데 꼭 필요한 자리도 아니고, 살고 있는 집을 부수고 커뮤니티카페를 만든다고 하니 있을수 없는 일입니다. 정말로 꼭 그 자리가 필요하다면! 정당한 보상을 해 주는게 맞다고 생각 합니다. 또한 그 동네에 똑같은 집을 살수 있게 보샹을 해 줘서 나가라고 해야 되는게 아닙니까? 하지만, 그 자리는 그렇게 꼭 필요한 집을 없앨만큼 꼭 필요한 위치에 있는 것도 아닙니다. 넓게 조성하는 문화광장에 커뮤니티카페는 그 옆으로 지어도 되는데, 왜 이렇게 나가라고만 하는지 이해가 되지 않습니다. 수차레 어머니께서 서귀포시에 찾아가서 민원제기를 해도 해결이 안되서 이렇게 국민신문고에 글을 올립니다. 제주도에서 많은 땅들을 중국인들에게 엄청 팔아놓고, 평생 살고있는 서민은 집은 떠나가라고하는데, 도대체 이게 대한민국 나라 입니까? 또한 서귀포시청에서는 뚜렷한 대책도 제시하지 않고 나라가고만 하니, 강제수용도 아니고 서귀포시 만행입니다. 좋게 해결이 되서 공원조성하는데, 꼭 필요하지도 않으니, 어머니와 100세할머니가 그대로 살게 대통령님께 부탁드립니다. 또한 서귀포시청에서는 뚜렷한 대책도 제시하지 않고 나라가고만 하니, 강제수용도 아니고 서귀포시 만행입니다. [본 게시물의 일부 내용이 국민 청원 요건에 위배되어 관리자에 의해 수정되었습니다]",
  "num_agree": 181,
  "petition_idx": "582635",
  "title": "45년 넘게살아온 집을 커뮤니티카페를 만든다고 나가야 되나요?"
}