{
  "category": "정치개혁",
  "begin": "2019-09-09",
  "content": "현재 검찰청은 사상 초유의 인원을 동원하여 우리 국민의 딸인 조국 후보자의 따님을 무자비하게, 무분별하게, 무규칙안에서 트집을 잡으며 마치 죄를 만들려는 듯한 과거 군사정권 시절 자행되었던 표적 수사를 진행하고 있습니다. 이는 2019년 대한민국 국민들의 정서와 크게 반하는 행위 일 뿐만 아니라 검찰 본래의 의무인 중립적이고 공정한 수사 및 기소를 어기고 있는것입니다. 이미 엄청난 선례를 남겼기에 이 사건은 검찰의 행위만으로도 지탄받아 마땅한 일입니다. 세계 유일하게 기소권 수사권을 독점하며 사법고시와 학연으로 똘똘 뭉친 폐쇄적 집단을 통해서 공정한 수사를 기대하기는 어렵습니다. 수만은 정치, 재계 범죄에 대해서는 국민여러분에게 직접적인 손해를 크게 안겨준 횡령, 배임, 거짓, 회계부정 등등 반사회적인 범죄에대해서는 묵과하면서 고작 표창장의 진위여부와 성적의 진위를 따지는 모습은 정말이지 치졸하지 않다고 할수 없습니다. 검찰의 의도는 명백해졌습니다. 많은 국민들은 이미 검찰에게 기회를 주었고 기다려왔습니다. 겉으로는 정의를 외치며 속으로는 스폰서 검사, 정치중립성 유기, 직권남용을 일삼는 검찰의 작태를 모든 사람들이 목도하였습니다. 그들의 진짜 속내는 정의를 위함이 아니라 우리나라의 구태적 시스템의 유지를 위한것이라는것도 보았습니다. 언제까지 참아야 합니까? 여태까지 검찰을 포함하여 많은 사법부 인사들이 자신들의 과오에 대해서 공개적으로 고개숙여 사과하는 모습은 본 적이 없습니다. 21세기 정보화시대이고 글로벌화 시대입니다. 현재 검찰의 컬러는 아직도 80년대에 머물러 있습니다. 우병우와 김기춘의 잔재가 아직도 영향력을 행사하고 있습니다. 공정한 수사를 위하여 특검법을 제정하여 서지현, 임은정 검사님을 필두로 수사를 진행하길 바라는 바입니다. 마지막으로 검사님들의 선서문을 글에 남기고 마치겠습니다. 대한민국 검사 선서 실시규정: 대한민국 검사 선서에 관한 규정 나는 이 순간 국가와 국민의 부름을 받고 영광스러운 대한민국 검사의 직에 나섭니다. 공익의 대표자로서 정의와 인권을 바로 세우고 범죄로부터 내 이웃과 공동체를 지키라는 막중한 사명을 부여받은 것입니다. 나는 불의의 어둠을 걷어내는 용기 있는 검사, 힘없고 소외된 사람들을 돌보는 따뜻한 검사, 오로지 진실만을 따라가는 공평한 검사, 스스로에게 더 엄격한 바른 검사로서, 처음부터 끝까지 혼신의 힘을 다해 국민을 섬기고 국가에 봉사할 것을 나의 명예를 걸고 굳게 다짐합니다. 검사님들. 검새가 되시렵니까. 검사님으로 사시렵니까.",
  "num_agree": 3510,
  "petition_idx": "582603",
  "title": "조국 따님에 대한 무차별적 강압적 정치적 목적을 가진 수사에 대한 특검을 시행해주세요."
}