{
  "category": "보건복지",
  "begin": "2019-09-16",
  "content": "국민의 건강을 책임져야 할 공공기관으로 무엇보다 중증 질환으로 고통받고 있는 암환자들이 치료받는 국립암센터에서 노사간 임금 협상 결렬로 인한 파업이 이뤄졌고 이로 인해 말기 암 선고를 받고 방사선 치료를 받고 계시던 가족이 9월6일 퇴원 조치 되어 지역 병원으로 옮기셨다 옮기신지 하루만에 위독해지셨고..오늘..결국 암투병의 고통에서 헤어나오시고 편안히 잠드셨습니다. 저희 가족은 발병하시고 1년동안 항암 약을 바꿔가며 치료를 하셨었지만 차도가 없으셨고 계속 커져가는 암덩이와 통증으로 8월 말부터 방사선 치료중이셨습니다. 통증으로 인해 진통제를 드시면서까지 삶의 의지가 강하셨고 방사선 치료에 힘은 들지만 어제보다는 낫다라고 지난 9월 4일까지만 해도 걸어서 저를 배웅해주시던 분이셨습니다. 퇴원 통보를 받은 9월 6일도 다른 가족과 함께 걸어서 퇴원하실 정도로 질환의 정도가 그리 심하지 않았었습니다. 오늘 하나뿐인 자녀는 갑작스런 소식에 망연자실한 상태로 멀리 타국에서 급하게 귀국을 합니다. 또한 추석 명절이라 고인은 입관도 발인도 연기되어 3일장이 아닌 4일장으로 보내드리게 되었습니다. 암 투병..언제나 삶과 죽음의 기로에서 하루하루를 버티고 살아가야 하는 기나긴 병마입니다. 만약에 파업을 하지 않았다면..긴 하루지만..멀리 타국에서 올 아들의 얼굴을 그리며 조금 더 버티셨겠죠. 다른 병동의 퇴원조치와 전원조치를 바라보면서 나는 나가면 죽는다. 나는 못 가지..하셨던 몇일전 말씀이 계속 생각나며... 이렇게 허망하게 떠나보내게 된 것은 6%...인지 1.8%..의 차이가 얼만큼인지도 느끼지 못하는 환자를 방치하게 만든 공공기관들의 책임임을 밝히며 이에 대한 책임을 묻습니다!",
  "num_agree": 181,
  "petition_idx": "582678",
  "title": "국립암센터 파업 국가의 책임입니다."
}