{
  "category": "보건복지",
  "begin": "2019-09-16",
  "content": "치과의 과잉진료 논란은 오래전부터 항상 재기되 왔던 사항입니다. 진료자들은 치과 가는곳마다 다른 진단을 받고 그로 인하여 많은 진료자분들이 치과의 과잉진단 여부 확인이 불가합니다. 그 누구도 납득할수 없는 진단 및 진료가 성행하고 있으며 그로 인하여 많은 사람들이 경재적 부담은 물론 치아건강상에도 많은 문제가 발생되고 있습니다. 치과의사들의 영리적 목적이 있음을 의심하지 않을 수 없습니다. 물론 치과의사마다 소견의 차이는 분명 있을것으로 생각합니다. 그러나 그러한 진료 및 진단 내용을 국가기관(공단 등)에 송부하여 정기적으로 감사처에서 치과학 전문가들이 과잉진료 여부에 대한 검사를 실시함에 따라 과잉진료시 담당원에 엄중한 처벌을 내릴 필요가 있다고 생각됩니다. 또한 과잉진료가 신고 될 경우 국가기관에 송부된 진료내용을 참고하여 과잉진료 판단을 내려주셨으면 합니다. 이러한 과잉진료 감사 시스템이 마련되어야 오래전부터 논쟁이 되고 있는 치과 과잉진료 방지 및 대한민국 치과학 발전에 큰 보탬이 되리라 생각합니다.",
  "num_agree": 295,
  "petition_idx": "582685",
  "title": "치과 과잉진료 방지를 위해 진단내용을 국가기관(공단 등)에 송부 및 과잉진료 감사처 설립에 대한 방안을 검토 부탁드립니다."
}