{
  "category": "인권/성평등",
  "begin": "2019-09-12",
  "content": "연계율이 70프로나 되는 시각장애를 지닌 특수교육 대상자를 위한 점자 수능연계교재가 11월인 수능보다 더 늦게, 12월에 출시되는 현상이 발생했습니다. 늦게 출시되었음에도 불구하고 오류 투성이였습니다. 또, 우리나라 지도를 점자로 표시할때 그냥 '그림'이라고 두글자 점자로 표시되었습니다. 직접 지도를 모양대로 점자로 표시해줘야 합니다. 점자 프린터기로 일차적으로 작성한 후, 여러번 반복해서 오류를 고치는게 좋을 것 같습니다. 또한, 시각장애를 지닌 특수교육 대상자의 점자 수능연계교재도 다른 수능연계교재가 나올때 똑같은 날짜에 나와야합니다. 장애인과 비장애인 모두 교육을 할 권리가 있는데, 너무 비장애인 위주로만 돌아가는 사회인 것 같습니다. 왜 비장애인을 위한 수능연계교재는 여러번 돌려보고, 오류를 고치려 하면서 장애인을 위한 수능연계교재는 고려해주지 않는것인가요 ? 사회적 소수자들의 교육권리를 지켜주시길 바랍니다.",
  "num_agree": 219,
  "petition_idx": "582658",
  "title": "시각장애인을 위한 수능연계교재 개선"
}