{
  "category": "인권/성평등",
  "begin": "2019-09-10",
  "content": "국민여러분이 검찰이 되어주세요 - 성폭행 당한 여성의 한을 풀어 주시고, 대통령께서는 정직한 검찰이 되게 해 주세요 저는 2018년 5월 24일 전처 손00에게 이혼소장을 받고 이혼 진행 중 전처가 놓고 간 노트북에서 충격적인 자료를 보고 국민여러분께 이름도 모르는 여성분의 억울한 한을 풀고 그리고 죄를 돈으로 거래하는 검찰의 기강을 바로잡고 재수사 해주시기를 바랍니다. 전처 손00과 *** 교사 전00은 서울 광진구 **동 00 빌라에서 전00과 제자 4명과 함께 사주 *** 및 기치료 등 의료법에 위반되는 행위들을 2017년 1월부터 공부를 하며 지내온 바 전처 손00은 평소 강의 내용을 녹취하여 노트북에 저장을 하였다. 전처 손00 가출을 하면서 놓고 간 노트북에서 충격적인 내용을 듣게 되었다. 전00은 ***을 가르치며 돈을 받고 기로 병을 치료하는 행위를 하였다 2018년 3월 내연관계였던 전00과 결별하며 출처를 알 수 없는 거액 4억5천만원이 전처 손00에게 입금이 되었고 전처는 카톡 메시지로 ***교사 전00이 2017년 성범죄 인사사고가 (성폭행시 6층 빌라에서 뛰어 내려 자살하였다고 구두로 진술) 있었다고 하였다 (* 첨부자료 ) 추후 전처 손00은 시부모 평생모은 재산과 자녀들 적금 보험 등 해약을 하고 종적을 감추었다. 바로 이혼소장이 와서 자료 정리 중 두고간 노트북에서 녹취내용을 듣게 되었다 녹취내용은 본인들이 사주상 관사(죄를 지어도 죄를 피해간다)를 피하고, 또한 같이 죄를 지었어도 진술서에는 동참하지 않았다는 내용과 그리고 출국금지 된 상태에서 전00 제자 윤00은 검찰사무관을 통해 돈을 주고 나왔다는 녹취를 듣게 되었다 ( * 첨부자료) 녹취에는 손00은 \"경찰에서 힘들게 했지만 검찰은 쉬웠다\" 는 내용과 관련자들은 팔자가 죄를 지어도 빠져나가는 팔자사주라며, 녹취내용에는 “사회적 이슈만 안 돼 있으면 조용히 문제 삼지 않을 것이다” 하며 관련자 윤00은 “검사 방 애들이 있으면요 벌써 사건들 주고 받고 하기 때문에 저기서 얘기하면 상의해가지고 이거 어떻게 했으면 좋겠다” 라는 등의 관련 대화내용과 사주와 사건을 통해 풀이하는 내용이 나왔습니다. 본인은 이 내용을 듣고 심각성을 알게 되었으나 검찰에서 기소유예(서울동부지검 ****형제*****호) 하였으면 00경찰서와 00경찰서 2군데서 의료법 위반행위와 관련 조서와 자료를 전달했지만 진행은 없었습니다. 바로 본인은 청와대에 탄원을 하였고 (* 첨부자료) 얼마 후 대검찰청 민원실을 통해 사건을 맡은 서울동부지검에서 조사를 하였으나 분명한 증거와 관련자들이 증언이 있었지만 공람종결로 왔습니다 당사자들 녹취내역과 저는 직접 그 사건 이야기를 관련자들로부터 직접 들었습니다. 녹취내역처럼 죄를 지어도 죄를 피해 갈수 있고, 돈으로 전화 한 통화로 검사한테 전화하면 기소유예도 뺄수 있는 이 나라 살고 있는게 두렵습니다. 너무나 억울한 일이 많다고 합니다. 이 사연을 혼자만 알고 가슴에는 묻어두기에는 너무나 벅찹니다. 국민여러분과 대통령께서는 성폭으로 자살(?)한 젊은 여성의 억울함과 우리가 믿고 의지할 수 있는 검찰이 될 수 있도록 해 주세요 [본 게시물의 일부 내용이 국민 청원 요건에 위배되어 관리자에 의해 수정되었습니다]",
  "num_agree": 312,
  "petition_idx": "582622",
  "title": "국민여러분이 검찰이 되어주세요"
}