{
  "category": "정치개혁",
  "begin": "2019-09-10",
  "content": "최저임금 인상 공약으로 인한 취업률 감소를 불러왔습니다. 취업률 감소는 경제에 영향을 줍니다. 폐업하는 상인도 많아지고 있습니다. 국회는 월급 많이 받으니까 이런것도 모릅니까? 닥터헬기의 무전기 문제가 발생했습니다. 예전에 TV프로그램에 닥터헬기에 대한 방송을 보고난후 현 정부에게 실망을 감추지 못했습니다. 무전기가 고장나 이국종 교수가 카톡으로 연락하는 실정. 지금은 닥터헬기를 교체해서 무전기문제도 해결되었겠지만 그동안 얼마나 국회가 놀고먹기만 했길레 이런문제가 몇달동안 지속된것입니까? 조국을 임명하면서 문대통령은 의혹만으로 불임명은 안된다고 발언했습니다. 증거와 증인이 있는데 어떻게 의혹입니까? 문대통령이 북한을 얼마나 사랑하길레 우리의 고유영토인 함박도에 북한군이 와도 내버려두고, 북한의 계속된 미사일발사에도 불구하고 강하게 말한마디 못합니까? 문재인정권 탄핵을 이루어 경제성장을 향해 나아갑시다.",
  "num_agree": 3838,
  "petition_idx": "582631",
  "title": "문재인 대통령 탄핵을 청원합니다."
}