{
  "category": "교통/건축/국토",
  "begin": "2019-09-10",
  "content": "안녕하세요. 경기 구리시 **동에 위치한 ******(*******) 아파트 입주 예정자입니다.. 본 현장은 2017년 6월에 분양공고가 나서 2020년 2월 총 733세대가 입주 예정인 곳으로 ***를 기반으로 하며 **시에 본사를 둔 **제약이 시행을 맡고 건설업계 굴지의 대기업으로 알려진 **산업이 시공을 맡아 공사가 진행중 입니다.. 본 현장에서 수분양자가 겪고 있는 고통을 고발하고 제2의 피해자 양산을 막기 위해 이렇게나마 절규의 목소리를 내고자 합니다..우선 시공을 맡고 있는 **측은 20년 2월 입주임에도 현재 97%에 가까운 공정 속도를 내어 조기 입주를 유도하고 있습니다...관련 업계에서 잘 알려진 연말 신속한 자금 회수를 위해 터무니 없는 속도로 공정 전반에 대한 되새김질 없이 공사를 강행해 왔으며 그 결과 아파트 외벽 견출작업불량,도색마감불량, 고사목 속출, 환풍기 소음 악화로 현장 인근 기존 주민들의 불편 초래, 입주민의 동의 없는 설계변경 등 이루 말할 수 없는 하자가 속출하고 있는 실정입니다. 또한 이런 실태를 감추기 위해 당사는 입주민의 정당한 방문을 지속적으로 막아온 사실이 있으며 여느 현장에서나 예비 입주민들에게 알리는 공정률 제공도 이루어지지 않아 준공청인 구리시에 국민신문고 민원을 통해 공정률을 알게 되는 아이러니한 사실도 있습니다... 그리고 본 현장은 담장 없는 자연친화 도시를 구현하는 여느 택지 지구나 신도시 개발과 달리 구도심 주택가 한복판에서 시공되는 현장으로서 구리시 각종 범죄 발생률 1위, 주민 체감안전도 최하의 지역임에도 입주민의 안전을 담보하는 담장 및 경비원 및 미화원 등 아파트 근로자들이 쉴 수 있는 최소한의 휴게시설도 설치되어 있지 않은 곳입니다.. 최근 언론에 대두되는 미화원 등 현장 근로자들이 잠시나마 발 뻗고 쉴 수 있는 공간조차 생각하지 않는 이런 기업들이 무슨 수로 사회적 책임을 다한다고 할 수 있겠습니까... 더불어 함께 사는 사회를 구현하며 근로자들을 위한 헌신해야 할 공익적 위치에 있는 기업인 **과 시행사인 **제약은 이윤에 눈이 멀어 서로 비용문제를 논하며 입주민의 고통을 거들떠 보지도 않고 서로 떠밀고만 있는 실정입니다.. 또한 ******* 와 비슷한 건축비를 가진 타 아파트보다 품질이 떨어져 분양가 부풀려지진 않았는지, 건설 과정에서 시행사와 시공사가 과도한 이익을 취하진 않았는지 우려가 되는 부분도 있습니다. 시공 도급순위 상위권에 있는 건설 대기업 **과 ***라는 종교 단체를 모태로 두고 있는 **라는 회사의 민낯이 여기까지임을 절실히 느끼고 있습니다..사회의 어두운 곳을 돌아보며 사회적 화합을 이끌어내는 역할을 하는 것이 진정한 종교계의 모습 아닙니까.. 저희는 다른 것 필요 없습니다..입주민의 안전과 이를 바탕으로 한 행복한 보금자리 마련 그리고 저희와 같은 제2, 제3의 ** 및 ** 피해자들이 생겨나지 않기를 바랄 뿐입니다...더불어 더 이상 이윤에 눈이 멀어 더불어 함께 사는 사회에 등을 돌리는 기업들의 탈선 행위에 엄벌을 가할 수 있는 제도적 개선책이 뒷받침 되어지길 간절히 바랍니다... [본 게시물의 일부 내용이 국민 청원 요건에 위배되어 관리자에 의해 수정되었습니다]",
  "num_agree": 528,
  "petition_idx": "582618",
  "title": "수분양자를 울리는 시행사(**제약) 및 시공사(**산업)의 횡포를 고발합니다..."
}