{
  "category": "기타",
  "begin": "2019-09-16",
  "content": "법무, 검찰개혁안 ㅡ호민십조목요결ㅡ 1, 공직비리수사처 신설 (기소독점주의 폐지) 1, 수사권 일원화 (경찰청 수사권보유) 1, 변호청, 변호관제 신설 (국선, 공익변호제 개편, 강화) 1, 기소필수주의 채택 (기소편의주의 폐지) (국민참여공소제 도입) 1, 검사직무독립제 도입 (검사동일체 폐지) 1, 고등검찰청 폐지 (지방, 중앙검찰청제) 1, 지방, 중앙검찰청장 선출제 도입 (검사장 직선제) 1, 검사임용방식 개선 (직능검사제 도입) 1, 검찰청, 검사 명칭 변경 (호민청, 호민관제) 1, 검사소환제 (국민통제 강화) 국민명예협회 김 * * ㅡ 청원의 취지 ㅡ 오늘 우리는, 국민의 명예와 자존을 위하여 법무, 검찰 개혁안 ㅡ 호민십조목요결 ㅡ을 청원합니다. 헌정 70년 동안 검찰은 통제 받지 않는 정부조직으로 남아 국민의 권익을 수호하고 인권을 신장할 대의를 망각한 채 권력과 부화뇌동 하면서 기소독점, 기소편의를 자의적이고 정략적으로 운영하고, 검사동일체 명분 아래 정파와 재벌, 언론집단과 유착하여 공생함으로써, 한 시대가 요구 받은 과제인 시의와 국민의 열망인 정의를 구현하는 책무를 방기하고 우리 국민 일반의 신뢰와 기대를 저버린지 오래되었습니다. 그러므로 우리는 이러한 이유와 근거에 의하여 적폐의 시발점이 되고 방조자가 되어 버린 검찰조직을 개혁하고 광정하여 우리 국민 일반의 권익을 보우하고, 정의를 구현하고자 만인에게 ㅡ호민십조목요결 ㅡ을 공표하고 청원합니다. ㅡ 청원의 원인 ㅡ 1, 공직비리수사처 신설의 필요성 기소를 독점하고 기소편의주의를 악용하여 공무담임자의 비리와 범죄, 불법행위가 처벌되지 아니 하고 오히려 면탈되는 폐해로, 죄 지은 자나 집단이 활보하는 ㅡ주권자 배신적 행태 ㅡ가 횡행하였습니다 공직비리수사처는 이러한 부정형 검찰권을 바로잡고 이른 바 권세가의 범죄를 척결하여 국민의 신뢰를 회복할 것 입니다. 2, 수사권 일원화의 당위성 검찰은 공소권 이외에 수사권과 수사지휘권을 전유함으로써 경찰과 중층구조를 이루고 오히려 수사지연, 수사부실, 수사왜곡의 폐해가 일반화 되었습니다. 그러므로 검찰은 공소권 업무에 전념하여 공소유지와 의율에 내실을 기하여야 합니다. 경찰과 검찰은 대등한 정부기관으로 본연의 직무에 성실히 임하여 국민이 신탁한 수사권과 공소권을 정당하게 행사하여야 합니다. 3, 변호청, 변호관제 도입의 필요성 국민 일반의 기본권을 신장하고 보우하기 위하여 기존의 국선변호인제, 공익변호활동 등 수동적이고 소극적인 벌률구조활동을 혁신하고 일체화 하여, 돈과 권력, 전관유착 등으로 침해되고 농락되는 국민의 재판 받을 권리를 실체적으로 보장하여야 합니다. 4, 기소필수주의 채택의 필요성 기소편의주의에 의하여 처벌 받아야 할 사람과 집단이 부당하게 불기소 되고, 형사적 판단 이외의 사유로 방면되는 사태로 국민 일반의 정의감과 형벌의식에 배치되는 불량검찰권 행사가 빈발하였습니다. 그러므로 기소편의주의를 폐지하여 공소등급별 사안에 따라 3등급 이상으로 기소해야 할 사건은 반드시 기소하는 기소필수주의를 채택하고, 10년 이상의 처벌력이 예상 되는 사건의 기소는 국민참여제를 시행함으로써 형벌의 위하력과 정당성, 유죄판결을 확보할 필요성이 있습니다. 5, 검사직무 독립제 도입 시급성 검사동일체 원칙에 의하여 상하수직구조에 의한 명령, 지휘 체계로 사건담당검사의 업무를 부당하게 간섭 하고, 탈취하는 사례가 명문화 되어 있는 만큼, 검사직무의 독립성을 확보하여 헌법과 법률, 직무관념에 의하여 책임과 신념으로 독립하여 공소권을 행사할 수 있도록 법제화 하여야 합니다. 6, 고등검찰청 폐지 현재의 지청, 지방검찰청, 고등검찰청, 대검찰청 체제를 혁파하여 지방검찰청, 중앙검찰청으로 조직구조를 직계화 하고 단순화하여, 검찰본연의 공소권 행사에 집중할 수 있도록 하여야 합니다.공직비리수사처 설립과 수사권 조정에 의한 수사권 이양으로 불가피한 조직인력과 구조를 조정하여 비정상적으로 비대해지고 계층화 한 직무, 직급을 간소화 해야 합니다. 7,지방, 중앙검찰청장 선출제 도입 지방 및 중앙검찰청장에 보임되는 검사장은 선출직으로 하여 국민의 직접선거에 의한 주권적 권한을 수탁한 호민관임을 표창함으로써 공소권 행사자가 민의의 실천자로서 자긍심을 대유하고 공정한 직무에 임할 수 있도록 제도화 해야 합니다. 8, 검사임용방식 개선 다원화 되고 다기능화 된 현대사회의 범죄예방과 공소유지를 위하여 사회, 인문, 자연 등 법학 외적 전문 소양을 갖춘 인력의 검찰관 보임을 법제화 하여 직능검사제를 도입하여야 합니다. 9, 검찰청, 검사 명칭 변경 피의자, 피고인에 대한 수사와 기소로 상징되는 검찰업무를 범죄로부터 국민을 보호하고 범죄를 예방하 며, 범죄피해자의 권익을 보호하는 호민활동기관으로 재편하기 위하여 검찰청을 호민청으로, 검찰관을 호민관으로 개칭하여 조직구성원의 기개와 명예가 고양되어야 합니다. 10, 검사소환제 도입 검찰권에 대한 국민직접통제를 제도화 하기 위하여 검사소환제를 도입함으로써 주권자에 의한 불량검찰권을 통제하고 광정할 수 있도록 하여야 합니다. 이상 국민의 명예와 자존을 위하여 2019년 9월 12일 국민명예협회 김 * * [본 게시물의 일부 내용이 국민 청원 요건에 위배되어 관리자에 의해 수정되었습니다]",
  "num_agree": 2071,
  "petition_idx": "582691",
  "title": "법무, 검찰 개혁안 ㅡ호민십조목요결"
}