{
  "category": "인권/성평등",
  "begin": "2019-09-16",
  "content": "나랏일을 돌보시는 모든 공직자, 공무원분들 노고가 많으십니다. 어려서부터 가져왔던 “양성평등의 관점에서 명절 풍습에 변화가 있어야 한다”는 생각이, 사회의 주역으로 활동해야 할 성인이 된 후에도 변함이 없어 몇 자 적습니다. 우리나라는 해마다 2대 명절이라고 하는 설날과 추석을 맞이하여 분가한 가족을 찾아뵙고 조상님들께 예를 차립니다. 이는 일응 보존해야 할 전통이라고 하겠으나, 그 실현방식이 남녀평등이라는 측면에 있어서는 지극히 부당하다는 느낌을 지울 수 없습니다. 바로 여성은 명절 당일 아침 반드시 남성의 본가에 가서 남성의 조상님께‘만’ 차례를 드려야 한다는 사실 때문입니다. 남성 중심의 사고방식과 풍습은 남성의 힘과 노동력이 중시되던 과거로부터 굳어져 온 것이겠지만, 오늘날 사회는 대부분의 측면에서 합리적인 방향으로 변화하고 있고, 진정한 양성평등이 이루어지기 전 과도기적인 단계에서는 여성의 권리를 법적으로 보장하는 장치가 필요함을 인식하기에 이르렀습니다. 그러나 나이 지긋하신 부모님 세대에서는 아직까지 '딸은 결혼하면 출가외인', '사위는 대접해야 할 손님', '며느리는 상대적으로 편하게 부려도(?) 되는 사람'이라는 생각을 무의식중에 강하게 갖고 계십니다(지각 있으신 일부 시부모님들께서는 물론 며느리에게 따뜻하게 대해주시지만, 이는 며느리 또한 불편한 손님이어서라고 진정으로 생각하기보다는 부모님들께서 자비로우셔서 시혜를 베푸는 것으로 인지될 뿐입니다). 이처럼 양성이 결혼을 하면 각 가정의 자식들이 분가하여 별도의 독립된 가정을 이루는 것이 아니라, 여성이 남성 집으로 <들어가는> 것이라는 생각을 굳건하게 하는 큰 원인 중의 하나가 바로 여성은 민족명절 당일 자신의 조상님께 차례 드리는 의식에 참석할 수 없다는 사실에 있다고 생각됩니다(심지어 여성은 음식준비만 할 뿐 절 등 의식에는 참여하지 못하는 경우도 꽤 있습니다). 명절 시즌만 되면 부부간 다툼이 급증하고 이혼율이 치솟는 사실, 명절증후군 예방과 해소에 관한 멘토들의 조언 등이 널리 공감대를 얻는 사실을 상기해 주십시오. 교통체증과 힘든 노동으로 인해 양성 모두 스트레스가 쌓였기 때문이라고 생각할 수 있으나 이는 표면적인 문제입니다. 근본적으로 여성은 '결혼을 했다는 이유만으로 정작 나를 있게 하신 조상님들께 예를 갖출 수 없고, 나를 낳아주신 친부모님을 시부모님보다 후순위로 두어야 한다니, 나는 누구이며 여기서 무엇을 하고 있나?' 하는 아이덴티티에 대한 혼란으로 인해 짜증이 쌓이고, 그렇지 않아도 운전으로 힘들 남편과의 사이에서 갈등의 불씨가 생기는 것입니다. 많은 국민들이 명절 스트레스를 호소하지만, 그 숨은 원인을 찾아내어 해결하고자 하는 시도는 시부모님의 눈치 때문에, 내 딸이 시댁에서 미움받으면 어떡하나 하는 친정 부모님의 만류 때문에 감히 엄두도 내지 못하고 있습니다. 1년에 명절이 두 차례 있는 것은 우연이 아닐 것입니다. 진정한 양성평등을 향한 의식의 개선을 위해, 설날(또는 추석)에는 명절 당일 여성의 본가에 가서 여성 조상님들께 차례를, 추석(또는 설날)에는 명절 당일 남성의 본가에 가서 남성 조상님들께 차례를 지낼 것을 권장하는 정책, 캠페인을 시행해 주십시오. 물론 오늘날 다양한 이유에서 명절 차례를 생략하는 가정들도 있으나, 본 청원으로써 제안하는 정책/캠페인의 목적은 ‘남성의 본가가 우선’, ‘여성은 결혼하면 그 댁 귀신’이라는 인습적 생각을 불식시키는 데 있습니다. 과거의 사고방식을 바꾸는 것은 쉽지 않은 일이지만, 정부가 공공 정책적 차원에서 나서준다면, 온 국민이 적어도 문제가 있다는 점만큼은 인식하는 계기가 될 수 있으리라 생각합니다. 읽어주셔서 감사합니다. 풍성한 한가위 보내십시오.",
  "num_agree": 205,
  "petition_idx": "582684",
  "title": "민족명절, 양성 본가에 번갈아가며 갔으면 좋겠습니다."
}