{
  "category": "일자리",
  "begin": "2019-09-11",
  "content": "피해자를 내고도 임원들은 고액연봉 잔치! 부도덕한 대형 스크린 게임 업체를 고발합니다. 정부의 4차 산업 혁신 기업으로 선정, 국내 100여 곳의 가맹점과 일본, 홍콩 등 다양한 해외 진출, 대형 리조트에도 입점 중인 스크린스포츠 업체, 알고 보니 150여명의 임금 체불중인 수십억 대 악덕 임금체불 업체! 150여명이 넘는 직원들에게 수십억대 임금을 체불한 기업이 있습니다. 최근 중국 및 국내 외 대형 리조트 등에 입점하며 막대한 수익을 내면서도 직원들의 밀린 임금만큼은 절대 주지 않는 악덕 업체 입니다. 바로 국내 100여곳의 가맹점을 가지고 있는 스크린야구와 스크린스포츠 테마파크를 개발, 운영하는 ‘(주)*******’입니다. 회사는 임금 체불 와중에도 런닝맨을 비롯한 다양한 예능과 언론 매체에도 소개되었으며,혁신 브랜드 대상, 하이서울 브랜드 대상을 비롯한 국가와 언론에서 4차산업 혁신기업에게 주는 수 많은 상을 수여 받기도 했습니다. 이렇게 수 십억원대 임금이 체불되고 있는 상황에도 전혀 아랑곳하지 않고 전국 100여개의 매장을 운영하며 월 수 억원대에 이르는 막대한 수익을 내고 있으며, 온라인 티켓 판매 등으로 막대한 수익을 내고 있음에도 불구하고, 직원들의 월급만큼은 제대로 지급하지 않고 있습니다. 뿐만 아니라 이러한 와중에도 최근 일본에서도 오키나와를 비롯해 5개 매장을 오픈하여 운영하고 있으며 현재는 여수와 진도 등 국내 유명 리조트, 중국 스포츠 엔터테인먼트 회사와 손잡고 중국진출까지 진행하고 있는 상황입니다. 현재 임금체불 현황을 설명드리자면, 지난 2018년 6월 부터 임금이 조금씩 지연되더니, 지난 10월부터는 한푼도 지급되지 않았습니다. 6개월이 넘는 기간동안 월급을 제대로 지급하지 않아 퇴사자를 비롯한 C사 직원들은 당장의 생활고를 버티기도 어려운 상황입니다. 현재 C사가 지급해야할 임금체불은 개인당 1,000만원에서 최대 4,000만원에 까지 이르고 있으며, 월급 뿐만 아니라 퇴직금, 4대보험 및 각종 수당 및 연말정산 환급금, 심지어 업무를 위해 사용한 개인 경비까지 제대로 지급하지 않고 있습니다. 이로 인해 수 많은 직원들은 신용불량자로 전략하였으며, 심지어는 정신과 치료까지 받고 있는 상황에 이르렀습니다. 뿐만 아니라, 경영진을 포함한 임원들은 ‘다음 주, 다음 달 회사에 돈이 들어오면 지급하겠다.’ 라는 식의 온갖 거짓과 희망고문을 통해 직원들을 잡아 두고 일을 시키는 행태를 보이기도 했으며, 임금이 체불되는 상황에서도 버젓이 채용 공고를 내기도 했습니다. 더 난감한 것은 노동부 근로감독관도 퇴사자들에게 ‘회사가 돈을 준다 하니 기다려봐라.’ 라는 식으로 6개월이 지난 후 에서야 검찰고소를 하였습니다. 이 부분에서도 C사 임원과의 유착이 있어 적극적인 대응이 미흡했던 것으로 의심이 됩니다. 이러한 부분에 있어서도 조사가 필요할 것으로 판단됩니다. 회사는 월 수 억대의 수익 및 투자를 받고 있음에도 불구하고, 퇴사자들에게는 한 푼도 지급하지 않았으며, 향후 재직할 의사가 있는 일부 사람들에게만 월급을 지급하였습니다. 또한 근로자들은 임금 체불에 피해를 고스란히 입고 있음에도 불구하고 몇몇 임원은 고액 연봉잔치를 벌이고 있었다는 사실이 언론을 통해 공개되었습니다. 현재는 해외 진출과 리조트 사업 등을 명목으로 추가적으로 별도 법인 파고 있으며, 이를 통해서 회사 자산 등을 빼돌리려는 시도도 하고 있는 것으로 의심되고 있는 상황입니다. 선량한 직원들의 피해를 구제하고 사회정의를 구현할 수 있도록, 이 사건에 대해 정부는 특별근로감독 및 대표 및 임직원에 대한 철저한 수사를 요청합니다! - 회사가 충분한 수익을 내고 있음에도 불구하고 직원들의 체불임금 지급에는 아무런 노력을 하지 않음 - 투자금 받으면 밀린 급여를 지급한다는 거짓말만 수 개월 동안 되풀이하고 있음 - 근로자들에게 회사의 피해를 고스란히 떠넘기고 몇몇 임원들은 고액 연봉잔치를 벌이고 있음 - 임금 체불 상황에서도 일본, 홍콩, 국내 대형 리조트 등 활발한 해외 진출 및 국내 사업 확장 진행중 - 온갖 거짓과 희망 고문으로 직원들을 잡아 두고 임금 체불 기간 중에도 직원채용공고 진행 - 노동청 담당자와 회사 임원간의 유착으로 인한 미흡한 대응 의심 - 최근의 행보들로 미루어 퇴직자들에게 체불된 임금을 지급할 의사가 전혀 없는 것으로 판단 현재 개인이 민사를 진행하시는 분들도 있고 70명이 넘는 단체민사를 진행중이기도 합니다. 하지만 소송 비용도 없어 빚을 내가며 막연한 소송을 하고 있는 직원들도 대다수 입니다. <관련 신문기사> 신용불량자 전락, 정신과 치료까지... 'OOOOOOO' 17억 임금 체불... OOO야구존 'OOOOOOO' 9개월 간 17억원 이상 임금 체불. 피해자 150... 스크린야구장' OOOOOOO, 직원 100여명 임금체불…10억원 이상 OOOOOOO, 임금체불에 말 뒤집기·시간 끌기 ‘번복’.. ‘희망고문’은 그만해야 OOOOOOO, 임금체불 중에도 경력직 채용 버젓이 공고.. 무슨 상황? OOOOOOO17억 임금 체불 사태 뒤로하고 임직원 급여 2배 인상 [본 게시물의 일부 내용이 국민 청원 요건에 위배되어 관리자에 의해 수정되었습니다]",
  "num_agree": 254,
  "petition_idx": "582636",
  "title": "4차 산업 혁명 속 잘나가던 스크린스포츠 벤처기업의 민낯 - 150여명, 수 십억원 이상의 임금체불"
}