{
  "category": "문화/예술/체육/언론",
  "begin": "2019-09-10",
  "content": "언론사의 정기세무감사는 보통 5년에 한번씩 이루어져야합니다. 하지만 그 실체와 현황을 찾아본 결과 지난 이명박, 박근혜 정권 때는 거의 이뤄지지 않았고 문재인 정부가 들어서서도 거의 전무한 것으로 알고 있습니다. 사회의 공기라 자칭하는 언론사일수록 내부의 회계 및 자금유통이 투명해야 함은 상식이라고 생각합니다. 특별한 세무감사를 하자, 언론탄압을 하자 그런 말이 아닙니다. 보통의 중견기업이 5년마다 받는 정기세무감사가 언론사에 대해서는 그 기준이 모호해집니다. 언론사는 무슨 특권을 가졌길래 항상 세무감사를 피해가는 것인지? 아니면 정부가 언론의 눈치를 보는 것인지는 모르겠습니다. 왜, 법 앞에서의 평등이란 가치가 아직도 무색해져야 합니까???? 기회는 공정해야 합니다. 세무조사 받을 기회도 공정하게 부여해 주시길 바라는 마음에 언론사 정기세무조사를 청원합니다.",
  "num_agree": 3822,
  "petition_idx": "582623",
  "title": "전방위 언론사 세무조사 청원합니다."
}