{
  "category": "반려동물",
  "begin": "2019-09-16",
  "content": "1. M 보험사 펫보험 보험금 지급 및 유지에 대한 도움을 요청합니다 ㅠ https://m.kin.naver.com/mobile/qna/detail.nhn?d1Id=4&dirId=4010302&docId=335040569 2. 악덕 M보험사 펫보험 피해상황이자 실태입니다. 격을 수록 괘씸하네요 정말.. https://kin.naver.com/qna/detail.nhn?d1id=4&dirId=4010302&docId=335093483 3. 악덕 M보험사 펫보험, 황당하고 억울합니다.(진단서도 첨부합니다) https://kin.naver.com/qna/detail.nhn?d1id=4&dirId=4010302&docId=335129277 잇몸 종괴 치료 목적으로 한 스케일링 비를 빼고 보험비를 주었으며 일방적이고 부당한 이유로 보험을 해지당했습니다. 중랑구 수의사 선생님께 자칭 M보험사 수의사라고 소개한 후 젬이의 기록을 잘못 인지했고 질환이 아님을 인정한 사람이 손해사에서 나온 사람일 수도 있다는 의심이 들어중랑구 수의사 선생님께서 다시한번 M보험사 센터장 이라는 분과 통화를 하였고(2019년 9월 3일) 센터장이 중랑구의 수의사 선생님께 폐가 안 가게 잘 처리하겠다며 다음날 저에게 연락 주겠다고 말했지만, 다음 날인 9월 4일 저에게는 M보험사에서 한 통의 연락도 오지 않았으며 오후쯤 라임과 젬 두 강아지로 청구한 3건의 보험금이 입금되었습니다. 하지만 젬의 청구 중에 잇몸 종괴로 청구한 부분에서 스케일링 비용이 빠진 금액이 지급되었습니다. 분명 송파의 원장님께서도 치료 목적의 스케일링이었는데도 불과하고요.. 현재 송파 원장님께도 혹시나 해서 잇몸 종괴 치료 목적인 스케일링 부분에 대한 진료진단 또는 소견서를 요청했습니다. 그리고 어제 9월 4일 저녁 설계사님으로부터 M보험사에서 젬이 보험 건을 해지했다고 연락이 왔다고 하였습니다.. 분명 중랑구 수의사와 통화도 하였고 질환 아님도 인정했다고 중랑구 수의사님 통해 저는 들었는데 너무나 황당하고 억울합니다. 유지하고도.. 부당하게 금액을 올리는 것이 아닐까 하는 걱정도 앞서지만 무엇보다 아프지도 않은 병명을 만들어 제가 고지의무를 지켰음에도 안 지켰다고 몰아가며 강제 해약인 것은 말이 안 됩니다.. 또 하나 의심스러운 부분이 강제 해약이 아니라면 제가 예전 말씀드린 내용처럼 업무 중 바쁘고 정신없는 틈에 해지로 결과가 나왔고 제가 해지 사인을 해줘야 보험금이 나오며 안 그러면 라임이 건도 해가 갈 수 있다고 했던 내용이 있는데 그때 해지 의사 없음을 명백하게 말씀드리고 콜센터에도 녹음으로 남겼으며 확인도 했었고 혹시 몰라 해지서 취소된 걸 서면으로 보내 달라 요청도 했는데 그건 또 묵인하더군요... 혹 만약 제가 확인까지 한 서류를 이용해 해지를 시킨 거라면 더더욱 이건 사기나 다름없음이라 생각이 듭니다. 정말 억울해요.. 너무너무 도움이 필요합니다. 도와주세요.. 제발요..",
  "num_agree": 505,
  "petition_idx": "582682",
  "title": "국민우롱하는 M보험사 펫보험을 고발합니다!! 도와주세요ㅠ"
}