{
  "category": "보건복지",
  "begin": "2019-09-16",
  "content": "너무 억울하고 원통합니다. 저희 삼촌이 ** **대 병원 심혈관센터 중환자실에서 심근경색으로 입원한 지 3일만에 높은 침대에 떨어져 사망한 사건입니다.. 처음 저를 포함한 유족들이 도착하자 바닥에 출혈의 흔적이 보여 전임의에게 물어보니 심폐소생도중 생긴 혈은이라고 하였으며 사인은 뇌졸중으로 인한 급사라는 사실이라고만 고지하여 이를 믿은 유족들은 결국 장례를 치루었습니다.(간호일자경과기록지에 낙상누락과 환자에게 사실 고지 기록이 없습니다.) ​ 이후 옆에 있던 환자의 유가족이 낙상 이야기를 흘려주었고 삼촌은 cctv 상소변줄을 제거하고 소변을 보는 와중에 30초 가량 있다 앞으로 고꾸라지고 의료진이 들이닥쳐 심폐소생술을 하는 장면을 확인하였습니다. 저희가 사망 당시 이후 차트 일체를 교부받아 경찰에 고소하였습니다. 그 후 고소 찍은 사진을 보면 턱 부분에 3cm의 찢어진 상처를 찍어놓았는데 그 충격의 강도를 짐작할 수 있는 것입니다. 담당 순환기내과 교수를 만났습니다. 사망 당시 내려와 보지도 않고 휴가를 떠났다고 하여 겨우 만났습니다. 사과를 요구했습니다. 자신들은 잘못이 없다고 하더군요. 그 분은 직전 병원장까지 역임한 분입니다. 그 후 원무과에서 끌어내다 시피 하더군요. 원무과 직원은 의료진은 1%도 책임이 없다고 합니다. Cctv의 명백한 증거가 있는데도요. 다들 의료소송을 하면 백전백패라고 합니다. 이들은 낙상한 사실을 숨겼습니다. 그래서 부검도 못했습니다. 저희가 모든 의무기록지 전부를 요구하였는데 후에 보니 사망 당시 EKG기록(심전도 기록)이 빠져 있어 이를 재교부 요청하자 상당한 시간 후에 낙상 당시인 \"14시 31분 EKG 탈착 시간과 14시 33분 EKG 재부착 후의 심전도 기록을 공개하였는데 EKG 기록지삿 31분 기록과 33분기록지에서 기재된 시간이 임의로 형광펜으로 수정되어 14시 00분 19초 위에 검정색 형광펜으로 31이라 적고 33분 기록지에도 14시 00분 52초에서 33이라는 숫자를 형광펜으로 작성하였습니다. 후에 원본을 요구하니 그것이 원본이라는 엉뚱한 대답을 한 후 원본은 없다는 식의 답변만 반복하고 있습니다. 위료법에 따르면 원본은 반드시 보관하여야 하여야 한다고 규정하였습니다. 그리고 유가족이 요구하면 원본대조필로 교부하도록 되어 있습니디. 심혈관 중환자실에서 환자가 소변을 보다 낙상하여 턱잍이 3cm 찢어질 정도였고 이 낙상 사실을 차트와 환자에게 고지하지 않았으며 낙상 전 EKG기록상 낙상 전까지 심전도상 정상 파동을 유지하고 있다가 탈착 직후 심전도 기록상 꺽어지는 듯한 모양을 그리고 있었고 사망 당시 EKG 기록에 시간을 변경한 후 원본이 존재하지 않는다는 답변, EKG 31분과 33분 사이에 기록 역시 부존재한다는 사실 등 저희가 밝혀낸 사실만으로도 의혹이 적지 않아 이런 사실을 제보해드립니다. 병원측은 뇌졸중을 주장하고 있습니다. 수술할 수 없는 환자라는 판단하에 헤파린이란 혈액응고제로 치료 중 혈전이 떨어져 나가 그것으로 침대에서 떨어져 사망하였다는 것인데요. 단 부검을 하지 못하는 상황이라 사인을 알 길은 없습니다. 그들이 사실을 말해주지 않아서요. 의무기록지에는 낙상전까지 뇌졸중을 비롯한 특이사항은 없고 EKG기록상 낙상 직전까지 심장에 문제가 발견되지도 않았습니다. 저희는 의사 역시 인간이기에 실수를 할 수는 있다고 보고 있습니다. 다만 어찌되었든 사람이 부주의로 사망하였고 그에 대해 사과를 요구하자 거절하였습니다. 낙상 사실을 숨기었고 EKG기록 원본을 주지 않는 이런 병원에 분노를 느끼고 있기 때문입니다. 우리야 천운으로 이런 사실을 밝혀내었지만 의료사고로 죄없이 죽은 사람들이 과연 저희뿐일까요? [본 게시물의 일부 내용이 국민 청원 요건에 위배되어 관리자에 의해 수정되었습니다]",
  "num_agree": 462,
  "petition_idx": "582672",
  "title": "중환자실에서 낙상으로 사망한 삼촌  한 좀 풀어주세요.."
}