{
  "category": "육아/교육",
  "begin": "2019-09-10",
  "content": "교육에 있어서 완전한 공정성과 기회의 균등은 힘들다고 생각합니다. 수시입학전형이 미래사회의 바람직한 인재상을 키워낼수 있는 교육의 바람직한 방향임을 부인하는 것이 아닙니다. 다만 현재 부모의 경제적능력과 사회적위치 및 인맥에 의하여 좌우될수 있는 수시입학전형을 공정성이 확보될때까지 비율을 20~30%로 유지하면서 차근차근 준비하자는 것 입니다. 국민청원이 20만이 넘으면 답을 준다고 하는데, 대입에 실질적으로 관심을 갖기시작하는 학부모와 학생들의 범주는 중학교 어느학년쯤 부터가 아닌가 싶습니다. 고2,3은 교육제도가 바뀌는것이 바람직하다고 느끼면서도 당장 발등의 불을 꺼야하는 상황이라 온전한 관심을 기울이기 힘들고 그러다 졸업하면 지긋지긋해서 더이상 생각도 하고 싶지 않은것 같습니다. 예비중3, 고1은 당장 선행을하고 내신준비에 몰두해야 해서 신경쓰지 못하고 남은 학부모가 중학교 학부모나 학생인데 ... 현장에서 억울하고 뭐가 잘못된것 같다고 느끼는 현 고등학생들과 학부모는 그야말로 시간이 없습니다. 수시로 원하는 대학을 가기위해서 고등학교 내신성적이 너무너무 중요하게 되었고, 학교에서는 내신등급 1등급을 내기위해서 선생님들도 주어진 시간에 풀지못하는 문제를 냅니다. 이 문제를 풀기위해서 아이들은 한참 성장기에 잠을 줄여서 학원을 뺑뺑이 돌려야 합니다. 학교내신준비도 힘에 버거운데 짬짬이 잠을 줄여 수행평가를 해야 합니다. 수행평가가 학생들의 온전한 힘으로 해나가려면 잠을 잘수가 없는게 현실입니다. 부모가 유학 경험이 있거나 경제적인 여유가 있으면 외국으로 유학가는 것을 적극적으로 고민합니다. 이마저도 여의치 않은 대부분의 학부모와 학생은 잠을 줄여서 학원을 다닙니다. 열심히 했는데 성적은 쉽게 오르지 않습니다. 땅이 꺼져라 내탓하고 네탓하면서 눈물나는 3년이상을 보냅니다. 시험기간에는 내신대비학원이 성행합니다. 말그대로 쪽집게 선생님들입니다. 각 고등학교별 선생님들의 성향을 분석하거나 친분을 이용한 정보로 도움도 받습니다. 지금까지 이렇게까지 학원이 성행했던 적이 있었던가 싶습니다. 정시를 늘린다고해서 완벽한 공정성을 확보하기는 힘들겠지만 많은 사람들이 그나마 공정하다고하는 정시비율을 빠른시기에 늘리고 수시는 공정성을 확보하면서 차근차근 늘리기를 간절히 바랍니다.",
  "num_agree": 700,
  "petition_idx": "582616",
  "title": "대입정시와 수시비율을 조정해 주세요(정시70~80%:수시20~30%)"
}