{
  "category": "일자리",
  "begin": "2019-09-11",
  "content": "대통령 욕보이며 국민혈세 탕진한 도로공사 이강래 사장 파면을 청원합니다. 도로공사 정규직 고위관료들의 부패와 자기밥그릇 챙기기는 해마다 국정감사 단골메뉴였습니다. 오죽하면 이들을 도피아라 불렀을까요? 요금수납원은 하청으로 넘겨버리고 정규직 퇴직자들에게 요금소영업 사장을 맡겨 자기들 퇴직 후의 자리를 마련했었죠. 이게 법적으로 불법이었습니다. 부랴부랴 이젠 자회사를 강행하여 요금수납원들을 넘겨버렸죠. 법적 소송포기각서까지 받아가면서요. 무지하게 몰아붙였습니다. 5천명이나 몰아붙였으니까요. 도로공사 정규직 관료들. 그리고 정규직노조의 기득권유지와 욕심이 이처럼 잔인한 행위를 웃으며 저지르게 만들었죠. 물론 이강래 사장의 정치적 욕심이 도로공사 정규직노조의 욕망과 결합했습니다. 회유.협박으로 자회사로 밀어부치면 모두 갈 줄알았던거죠. 그런데 오판!!!! 1500명이나 자회사를 거부하고 집단해고를 당한겁니다. 근데 이게 웬걸? 대법원은 수납원들이 도로공사 직원이고 도로공사는 기간 불법파견 회사라고 판결한겁니다. 게다가 전체 1500명 모두에게 직접고용하라는 취지라고 못을박았죠. 여지껏 자신들의 기득권 유지와 밥그릇에만 눈이멀어 관제노조. 어용노조화 되었던 자들의 결말이었죠. 약한자들에겐 강하고 강자에겐 굽실대는 전형적인 이기적노조. 그것을 활용하여 자신의 정치적 욕망 실현의 도구로 삼은 이강래사장. 이제 이들의 커넥션은 모두 국민들과 노동자 피해로 돌아갑니다. 6500명이 근무해야할 요금수납영업소 업무를 자회사 5000명이 감당해야하니 이분들의 노동강도가 얼마나 대단하겠습니까? 하루도 쉬지못하고 계속해서 연장. 야간을 돌리니 못견딜 지경이죠. 1500명 공백을 채워야하는데 해마다 500~600억이 새롭게 발생하게 됩니다. 물론 국민들 돈이죠. 대법판결 취지대로 이행하지 않으면 1500명 부당해고로 마찬가지로 500~600억이 추가 발생합니다. 물론 국민들 돈이겠죠. 결론. 이대로가면 매년 1000억에서 1200억의 국민들 돈을 지들이 잘못해 놓고 강탈해가는거죠. 도로공사 도피아 정규직관료. 그리고 어용관제노조와 이강래 사장이 싸질러놓은 떵을 대통령과 국민이 치우게 생겼어요. 1500 요금 수납원 말이 전적으로 옳습니다. 아예 자회사까지 포함해서 모조리 직접고용하는게 국민들 이익입니다. 아니면 1500명 직접고용해서 1500공백이 발생한 자회사업무에 배치하던가. 이 방법이 젤로 국민들 피해가 없습니다. 이 두가지 모두 대법원판결 취지이고 정부의 방침이기도 합니다. 하지만 이강래사장과 도로공사는 국민들에게 피해를 주는 결정을 선택했습니다. 최악의 시나리오. 선별적 직접고용과 수납업무하려면 자회사로 가라. 뭐 대충 이런... 이강래 사장과 도공 정규직노조의 기득권유지와 정치적 욕망의 카르텔은 이처럼 국민의 이익은 아웃오브안중입니다. 국민이 눈에 뵈는게 없는 공공기관인거죠. 수천억의 대국민 피해. 그리고 약한 노동자들 겁박해서 자기들 욕망을 해소하는 도로공사 수장. 이강래 사장은 파면되어야 할겁니다. 문재인 대통령 진영에 있는 적폐중의 상적폐인거죠. 내부의 독이요 트로이목마라고나할까? 이강래 사장 책임지고 파면. 그리고 곧바로 도로공사 정규직관료와 정규직노조의 비리.부패까지 파헤쳐야 합니다. 일단. 국민에게 막대한 피해 입힌 불법파견 사업주 이강래 사장부터 파면을 요청합니다.",
  "num_agree": 7706,
  "petition_idx": "582646",
  "title": "불법파견 사업주 도로공사 이강래 사장의 파면을 요청합니다"
}