{
  "category": "정치개혁",
  "begin": "2019-09-12",
  "content": "현재 우리나라에서 일어나고 있는 불법촬영 범죄는 빈번합니다. 그에 반해 여러 기사만 봐도 불법촬영 범죄의 가해자들은 대부분 기소유예 또는 집행유예로 풀려나게 됩니다. 이들이 풀려나는 이유는 어이없게도 “초범이라서” “반성하는 모습을 보여서” “촬영한 사진이 얼마 없어서” “불법인지 몰라서” “유포로 얻는 경제적 이익이 적어서” 등등의 말도 안 되는 이유인데, 이런 죄질이 악한 범죄자들이 다시 아무런 처벌도 받지 않고 다시 사회로 나오게 된다면 그들이 다시 불법촬영 범죄에 가담할 가능성이 높습니다. 이가 계속 악순환으로 반복된다면 피해자는 더더욱 늘어날 것이 분명합니다. 미국 메릴랜드 주 법원은 이달 초 수영장 파티를 해준다며 미성년자들을 불러 놓고 탈의실을 몰래 촬영한 50대 남성에 대해 징역 20년 형을 선고했습니다. 그에 반해 우리나라에서는 불법촬영물을 올리고 유포한 191명이 수사를 받았지만, 이 가운데 실형을 받은 사람은 단 2명, 1% 정도였습니다. 이는 동일범죄를 우리나라 법률에서는 터무니없이 낮게 처벌한다는 것을 알 수 있습니다. 불법촬영 문제가 불거져 큰 이슈이자 사회문제로 거론되었었는데도 아직 불법촬영 관련 처벌강도는 너무나도 낮습니다. 이렇게 처벌 강도가 낮으면 재범률이 높아지고, 불법촬영을 가벼운, 저질러도 벌 받지 않는 문제로 인식하여 아무렇지도 않게 불법촬영물을 찍거나, 유포하거나, 보는 사람이 엄청나게 늘어날 것입니다. 현재 불법촬영을 했을 시 5년이하의 징역을 받고 있는데, 이렇게 처벌을 하면 만약 6개월을 선고받을 수도 있습니다. 5년에 가깝게 선고받지 않고 이렇게 작은 형을 선고 받을 수도 있기 때문에 법을 아예 몇 년이 되던 몇 년 이상, 몇 년 이하로 규정하였으면 좋겠습니다. 불법촬영 문제에 대해 더욱 엄격하게 처벌해야 합니다. 그래서 피해자가 받는 피해가 큰 범죄인만큼 가해자에 대한 처벌 강도가 더욱 더 높고 엄격해야 할 것입니다. 만약 당신이, 혹은 아내가, 동생이, 당신의 주변사람이 불법촬영의 피해자였다면 가해자가 솜방망이 같은 처벌을 원할까요?",
  "num_agree": 586,
  "petition_idx": "582663",
  "title": "불법촬영 처벌강도를 높이고 더욱 엄격하게 처벌해주세요."
}