{
  "category": "안전/환경",
  "begin": "2019-09-16",
  "content": "통학을 하다 보면 단독주택가에 아무렇게나 흩어져있는 음식물 및 재활용쓰레기들을 보게 됩니다 이는 통학하는 학생들을 비롯한 보행자들의 눈살을 찌푸리게 할 뿐만 아니라 차량 운전자들에게도 위험한 상황을 유발하기 일쑤인지라 안전하고 쾌적한 통학환경 개선을 위해, 또 비슷한 불편과 위험을 감수하고 있는 전국의 많은 단독주택가의 보행자와 운전자들의 안전을 위해 단독주택가 음식물쓰레기 수거함(RFID기기) 및 재활용 쓰레기함 비치를 요청하고자 합니다. 각 지자체마다 다르겠지만 현재 구미시에서 실시하고 있는 음식물쓰레기 처리 정책을 보면 공동주택은 후불형 RFID 개별계량 방식을, 단독주택은 납부필증 방식을 전면 시행 중입니다. RFID기기는 세대별 쓰레기 배출량에 비례해서 공정한 수수료가 부과되므로 음식물 쓰레기 감량 및 처리비용 절감 등의 효과가 있지만 단독주택가에 실시하고 있는 납부필증 방식은 공동주택 전체게 부과된 총 수수료를 전 세대가 균등하게 부담하기 때문에 주민들의 쓰레기 감량의지를 높이는 데도 한계가 있다고 생각합니다. 더구나 단독주택가 옆에 배출된 음식물쓰레기로 인한 악취는 그 곳을 지나쳐야 하는 보행자에게 불쾌함을 주고 있습니다. 배출자들이 배출일을 지키지 않아 생기는 문제도 문제거니와 쓰레기봉투를 이용하여 음식물쓰레기를 배출하는 곳에서는 길고양이가 쓰레기를 파헤쳐놓는 경우도 허다합니다. 이에 단독주택가에도 RFID기기를 비치해줄 것을 요청합니다. 또 재활용 쓰레기함 비치도 요청합니다. 배출된 쓰레기들이 동물이나 바람에 의해 도로에 아무렇게나 흐트러져 있어 눈살을 찌푸리게 되는 경우도 많지만 무엇보다 위험한 것은 차량운전자들이 그 쓰레기들을 피하느라 안전사고에 무방비상태가 되는 경우입니다. 쓰레기로 인한 환경오염 문제가 심각해지는 요즈음, 국민들에게 음식물쓰레기 감량의지를 부추길 수 있는 RFID기기 설치는 환경문제를 해결하기 위한 한 방편으로도 유용할 것입니다. 또한 재활용 쓰레기함을 비치하는 것은 골목길 차량 운전자들과 보행자들의 안전을 위해서도 꼭 필요할 것으로 사료됩니다.",
  "num_agree": 159,
  "petition_idx": "582666",
  "title": "단독주택가 음식물쓰레기 수거함(RFID기기) 및 재활용 쓰레기함 비치 요청"
}