{
  "category": "교통/건축/국토",
  "begin": "2019-09-11",
  "content": "정부의 3기 신도시 정책이 성공적으로 정착되기 위해서는 많은 전문가와 언론의 지적처럼 선교통 대책이 우선 시행되어야 합니다. 이는 과거 정부의 신도시 정책 실패가 반복되지 않기위해서 반드시 선행되어야 하며, 지역간 불균형 발전으로 야기되는 지역 갈등을 극복하기 위하여 반드시 필요하고, 또한 현재 문재인 정부의 성공적인 주택 정책으로 안착되기 위한 첫번째 선행조건입니다. 지역 이기주의에 편승한 무조건적인 반대가 아니라 경기도의 균형잡힌 지역 발전을 도모하고 정부의 성공적인 신도시 정책이 되기를 희망하는 마음으로 대한민국의 시민의 한 사람으로서 아래와 같이 선교통대책이 함께 시행되는 3기 왕숙신도시를 강력히 청원합니다. 1. 수석대교(다산 미사대교) 예타면제/조기착공 (남양주 북단 – 강동구/하남 남단) 2. 9호선 수석대교와 동시 예타면제/조기착공 (대교와 지하철 동시건설로 건설 원가 절감) 3. 9호선 다산지금지구- 다산행정타운-왕숙 2지구-다산진건지구-왕숙 1지구로 남양주 전체를 남북으로 관통 연장 4. 강변북로 왕복 8차선 확장공사 조기착공 (남양주 – 구리구간) 5. 6호선 남양주 연장 조기착공",
  "num_agree": 4513,
  "petition_idx": "582655",
  "title": "3기 신도시 성공을 위한 남양주시 선교통 대책 촉구"
}