{
  "category": "정치개혁",
  "begin": "2019-09-10",
  "content": "재판아닌 정치를 하는 적폐법관의 탄핵을 청원합니다. 법관탄핵이 실현될 수 있도록 입법, 행정부에서 힘을 모아주십시오 1. 헌법적 가치 수호를 위해 <정치법관 탄핵>이 절실합니다. 탄핵은 일반적인 사법절차나 징계절차에 따라 소추하거나 징계하기 곤란한 신분이 보장된 공무원이 직무상 중대한 비위를 범한 경우에 이를 의회가 소추하여 처벌하거나 파면하는 행위이자 절차로서, 탄핵심판제도는 고위직 공직자에 의한 헌법 침해로부터 헌법을 보호하기 위한 헌법재판제도입니다. (헌법 제65조) 현행 대한민국 사법제도 하에서는 법관이 잘못된 재판을 하거나 재판에 관여하여 부정을 저질러도 이를 밝혀내기가 쉽지 않고, 양승태 전 대법원장 관련 <사법농단>이 드러났지만, 법원은 관련 판사들의 징계에 미온적이고 법관에 대한 탄핵은 시도조차 되고 있지 않습니다. ‘사법권의 독립’이 ‘사법부의 독립’으로 둔갑되어 사법부의 독주에 견제시스템이 제대로 갖추어져 있지 않은 현 제도하에서 ‘재판으로 횡포를 부리는 적폐판사’에 대하여 국민에 의해 선출된 의회에 의한 심판을 받도록 하는 것이 민주주의에 가장 부합하는 이상적인 것이라 할 것입니다. 2. 수원고등법원 임** 판사의 정치판결은 법관탄핵의 대상입니다. (1) 2019. 9. 6. 이재명 경기지사의 수원고등법원 항소심 선고에서 임** 판사는 이른바 ‘형님강제입원 직권남용' 혐의에 대해서는 ‘무죄’를 선고한 후, 직권남용 관련 공직선거법 위반의 점에 대해서는 벌금300만원이라는 지사직 박탈에 이르는 판결을 하여 1300만 경기도민을 도탄에 빠뜨리고 대혼란을 야기하는 선고를 하였습니다. (2) 직권남용권리행사방해 관련 공직선거법 위반의 점에 대한 공소사실의 요지는, 김영환이 2018 지방선거기간 경기도지사 후보자 토론회(각 KBS 와 MBC 두차례)에 나와 “형님을 정신병원에 입원시키려 하셨죠?”라는 질문에 이재명 지사가 “그런 일 없습니다”라고 말을 한 것이 낙선을 우려하여 당선될 목적으로 허위의 사실을 공표하였는다는 것입니다. (3) 후보 토론장이라는 극히 시간이 제한된 상황에서 그 내용이 복잡하고 사연이 깊어 후보자 입장에서 당시 구구절절한 설명이 불가능하여 <형님을 불법하게 강제입원 시킨 사실이 없다>는 취지로 발언한 것이며 당시 대부분의 유권자들도 그렇게 받아들였습니다. (4) 이를 과학적으로 증명하는 것이 여론조사 결과라 할 것입니다. 후보토론회는 ❶2018. 5.29. KBS에서 ,❷2018. 6. 5. MBC에서 있었고, 2018.중앙선거여론조사심의위원회에서 공시하고 있는 6.13 경기도지사 각 후보별 지지율을 살펴보면, ①2018. 5.28.(조사기관: 조원씨앤아이) 이재명: 60.4%, 남경필26.4%, 김영환: 3.1% ②2018. 6. 4.(조사기관: 한국갤럽조사연구소) 이재명: 60.2%, 남경필:18.9%, 김영환: 2.0% ③2018. 6. 7.(조사기관: 리얼미터) 이재명: 50.2%, 남경필25.1%, 김영환: 3.7%로 김영환이 후보토론회를 혼탁하게 만들어 압도적 후보의 지지율은 끌어내리고 자신의 지지율은 올라고자 했던 점이 극명하게 드러납니다. 김영환의 근거없는 네거티브에도 당시 이재명후보가 압도적 지지율을 유지할 수 있었던 것은 대부분의 유권자들은 이재명지사의 발언을 취지와 맥락에서 이해하고 있었기 때문입니다. (5) 임** 판사는 이같은 대다수 유권자의 판단이 아닌 자기만의 왜곡된 판단으로, 이재명 후보의 토론발언이 적극 사실을 왜곡하여 선거인의 공정한 판단을 그르쳤다는 ‘엉터리 결론’을 내렸고, 벌금 300만원이라는 납득하기 힘들며 형평에 어긋나는 ‘비정상 형량’을 선고했습니다. 이는 경기도에서 각종 주옥같은 정책을 쏟아내며 도정에 전념하는 경기도지사 이재명을 지사직에서 박탈하고자 하는 계략이 아니고선 설명 불가능한 정치판결이라 할 것입니다. 3. 사법적폐 수원고등법원 임** 부장판사의 법관탄핵을 청원합니다. 본인 스스로도 형님정신병원 강제입원 건에 대해서는 무죄를 선고 하고서, 이와 관련한 후보 토론회 발언은 ‘허위사실 유포’에 해당한다는 것은 앞뒤가 맞지 않는 자제 모순 판결입니다. 상식적으로 임** 판사가 특정 목적을 가지고 이 판결을 내렸다고 강력한 합리적의심이 들지 않을 수 없으며 임** 판사는 재판이 아닌 정치판결을 선고하였습니다. 이재명경기도지사는 2018년 경기도지사 선거에서 경기도민 56.4%의 압도적 지지를 받아 당선된 도지사입니다. 정치판사를 견제할 수 있는 유일한 방법은 국민에게 민주적 정당성을 직접 부여 받은 국회에서 이를 심판하는 것입니다. 법과 양심에 위배하는 정치판결에 대해 법관탄핵이 행 해 질수 있도록 입법, 행정부에서 힘을 모아주십시오. 법관탄핵을 청원합니다. [본 게시물의 일부 내용이 국민 청원 요건에 위배되어 관리자에 의해 수정되었습니다]",
  "num_agree": 12376,
  "petition_idx": "582621",
  "title": "재판아닌 정치를 하는 적폐법관의 탄핵을 청원합니다.  법관탄핵이 실현될 수 있도록 입법, 행정부에서 힘을 모아주십시오"
}