{
  "category": "정치개혁",
  "begin": "2019-09-09",
  "content": "최** 총장은 교육자로서, 학자로서 양심을 건다는 말을 자주 하네요. 그럼 어디에서 공부를 했고 어느 대학의 교육학박사인지 밝혀주세요. 명예박사가 학자라면 박근혜, 이명박도 학자입니다. 그나마 프로필에 있던 명예 교육학박사도 이제 삭제되었고요... ***대학교/**대학교 수료, **대 MBA, **대학교인(?) 석박사, **대학교 명예 교육학박사... 이 중 어느 것이 진짜이고 가짜인가요? 항간에는 미인가 대학이고 대학도 수료했으니 그냥 고졸이라는 말도 있습니다. 그리고 무엇보다 중요한 것은, 만약 박사가 아니거나 명예박사라면 공식적인 표창장에 '교육학박사' 명기할 수 있나요? 그러고도 '교육학박사' 없는 것은 가짜라고요? 오히려 '교육학박사' 들어간 표창장이 가짜 아닌가요? 교육자, 학자의 양심을 건다고요? 우선적으로 교육자, 학자인지 우리가 판단할 수 있도록 학력을 떳떳하게 밝혀주세요. [본 게시물의 일부 내용이 국민 청원 요건에 위배되어 관리자에 의해 수정되었습니다]",
  "num_agree": 1919,
  "petition_idx": "582600",
  "title": "검찰은 최** 동양대총장의 학력을 명백히 밝혀주세요"
}