{
  "category": "기타",
  "begin": "2019-09-16",
  "content": "저는 10여년전에 이혼하여 혼자 아이둘을 키우고 있습니다 그런데 아이가 엄마에게 도움이되고자 아르바이트를 시작했어요 그래서 본인명의로 통장한개만 만들어달라고하여 제가 동내 주민동사무소가서 가족관계증명서를 떼어보니 이혼한 전남편의 주민번호 이름 까지 함께 올라와있더라구요 저만 그런건지 모르겠지만 혼인부부들의 이혼은 대부분 사랑해서 이혼한부부는 없을듯 합니다 얼마전에 티비도 보았지만 이혼가정에 엄마가 이혼한 아빠에게 살해를 당하는 일도 뉴스를 접해서 보았습니다 그아이는 가족관계증명서에 가족으로 엄마를 죽인 아빠의이름이 버젖이 올라와있고 아빠에게 살해당한 엄마는 사망 이라는 두글자가 가족관계증명서에 올라오는증명서를 뗄때마다 봐야할텐데... 이게말이 되는법인가요?이혼을하여 헤어졌는데 가족관계를 증명한다는 가족관계 증명서!? 이혼하면 남이라고하는데 왜 가족관계가 유지가 되는건지요? 저는 재혼도 안했지만 재혼할생각도 없습니다. 주변에 재혼가정에 물어보니 재혼을 하여도 자식들이 가족관계 증명서를 떼면 이혼한 부모의 이름 주민번호 성별 다 나온다고 하더군요...재혼하면 증명서에도 현재혼한 가족들이 서류상에 있어야하는게 아닐까요? 많이 배우지못해서 두서 없이 글올려보았습니다 제발 가족관계증명서에 대해서 한번더 살펴봐주세요",
  "num_agree": 249,
  "petition_idx": "582665",
  "title": "이혼했어요~그런데 가족관계증명서에 왜 전남편의 인적사항이 그대로 있는걸까요?말도안되는 법 바꾸어주세요"
}