{
  "category": "외교/통일/국방",
  "begin": "2019-09-16",
  "content": "안녕하세요. 저는 광주광역시에 사는 23살 대학생입니다. 이름 대신 불렸던 번호 4416 미쓰비시 강제징용 노동자 김** 할아버지는 이름 조차 빼앗긴 채 가스 폭발 위험이 도사리는 해저 300m에서 하루 12시간 노동에 시달렸습니다. 미쓰비시, 일제강점기 전쟁물자를 만들어 군수재벌이 된 기업입니다. 그들은 명백한 전범기업임에도 불구하고 제대로된 역사적 심판없이 현재도 일본 제1기업의 위상을 유지하고 있습니다. 그들의 성장 뒤에는 조선인 강제징용 노동자들의 피눈물이 서렸있습니다. 그들이 동원했던 조선인 노동자는 약 10만명, 입금도 식사도 제대로 주어지지 않았으며 가두고 감시하는 노예적 착취의 모습을 하고 있습니다. “죽기 전에 사죄 받고 싶다\" 15세에 미쓰비시중고업으로 동원된 양** 할머니의 말씀입니다. 70여년을 기다려온 사죄였습니다. 하지만 피해자들에게 배상하라는 대법원의 판결에 돌아온 것 일본의 경제공격입니다. 피해자들은 미쓰비시 측에 올해 3차례 협상을 요구했지만, 미쓰비시는 모두 거부했습니다. 미쓰비시가 침묵하는 동안에도 3분의 피해자 분들이 돌아가셨습니다. 우리에게 주어진 시간이 얼마남지 않았습니다. 더 이상 기다릴 시간이 없습니다. 전범기업 미쓰비시의 재산을 몰수할 것을 요구합니다. [본 게시물의 일부 내용이 국민 청원 요건에 위배되어 관리자에 의해 수정되었습니다]",
  "num_agree": 799,
  "petition_idx": "582693",
  "title": "전범기업 미쓰비시 즉각적인 재산 몰수를 청원합니다."
}