{
  "category": "인권/성평등",
  "begin": "2019-09-11",
  "content": "제2의 사이트 *** 폐쇄되어야 합니다. 사이트 개설 년월일이 정확하지는 않으나 2017년 이후 넘버링만 바꾸어 가며 계속해서 운영 중입니다. 소라넷과 활동 양태가 거의 유사하고 불법 도박 사이트 광고를 통해 서버운영 자금을 조달하는 것 같습니다. 사이트 회원들은 게시판을 통해 속칭 \"초대남\"을 모집한 뒤 변태적 성행위를 하고 결과물(사진 동영상)을 자랑삼아 공유합니다. 여성이 해당 게시물 내용의 공유 배포에 동의하였는지는 알 길이 없습니다. 또한 초대남을 모집한다는 명목으로 사람들을 모아놓고 성매매를 알선하는 경우도 있다고 들었습니다.(구체적 물증은 없고 회원으로부터 전해들었음) 이런 변태음란물 사이트가 계속해서 운영되지 않도록 사이트 운영자등 처벌 부탁드립니다. [본 게시물의 일부 내용이 국민 청원 요건에 위배되어 관리자에 의해 수정되었습니다]",
  "num_agree": 406,
  "petition_idx": "582649",
  "title": "*** 제2의 소라넷 사이트 근절"
}