{
  "category": "육아/교육",
  "begin": "2019-09-09",
  "content": "한 인터넷 매체에서 [서*대 총학생회 '내일(9월9일)'은 '제3차 조* 교수 STOP 촛불집회'를 개최할 예정이다. 조* 사퇴 촉구 집회는 조 * 딸 조모씨의 입시부정 의혹을 포함한 각종 의혹이 불거지면서 시작됐다. 조*이 교단에 섰던 서*대뿐 아니라 딸 조씨가 학부를 졸업한 고*대도 이미 3차례 집회를 열었다. 한 학생은 \"자식에게 자기가 일하는 기관에서 표창장과 장학금을 수여하고...\"면서 검찰 개혁 이전에 도덕과 윤리, 민주주의가 있어야 한다\"고 비판했다.] 라고 9월 8일 기사를 올렸습니다. 입시부정 우리나라에서 정말 단 하나의 여지도 없이 기필코 사라져야 합니다. 그리고, 이미 입학했다하더라도 부정한 방법이 사용됐다고 밝혀지면 입학취소를 해야합니다. 대한민국 최고의 지식인 서울대 학생들도 성명에서 이를 바라고 있습니다. 다음의 3가지를 강력하게 요청합니다. 1. 소위 SKY (서울대,연세대,고려대) 대학에 재학 중인 학생 중, 학생부 종합 전형으로 합격한 학생들 전체에 대해 자소서 및 생기부 내용(R&E 및 논문, 인터넷 사이트 개설, 수상내역 몰아주기, 외부 개인봉사활동 및 외부봉사활동관련 수상내역, 특정 봉사기관에 봉사하는 기회를 얻는데 부모의 재력과 인맥 등이 작용했는지 여부 등)을 다시 확인하여, 조금이라도 부정한 방법이 있는지 경찰, 검찰은 반드시 가려내 주기 바랍니다. 전국에서 서울대, 연세대, 고려대를 가기 위해서 많은 학생들이 잠도 못자고 지금 이시간에도 피땀흘려 노력하고 있습니다. 서울 특히, 대치동, 강남의 재력있는(판검사, 법률법인, 기업인, 정치인 등) 부모의 인맥을 이용한 부정으로 인해, 저 같은 흙수저가 박탈감을 느끼지 않도록 국가 및 검찰에서 강력하게 검토해주시기 바랍니다. 만약 부정이 있다면 지금이라도 합격을 취소하여, 대입에서 만큼은 누구에게나 공정한 세상이 되도록 간곡히 부탁드립니다. 2. 9월 9일이면 2020년 수시원서접수(서울대, 연세대, 고려대)가 끝이 납니다. 올해, 서연고의 학종에서 부모의 개입으로 인한 부정, 허위 내용, 외부 개인 봉사활동이 없는지 반드시 확인해 주시기 바랍니다. 3. 국회의원은 국민을 대표하는 고위직 선출직 공무원입니다. 국회의원 및 그 가족은 다른 일반 국민 보다도 더 높은 도덕성이 요구됩니다. 따라서, 국회의원의 자녀들 중 학종으로 입학한 전체 학생들의 생기부를 검찰에서는 자료를 제출받아, 부정한 청탁으로 기록된 것으로 추정되는 내용 및 가짜 사실이 없는지 반드시 밝혀 주시기 바랍니다. 생기부 및 자소서에 국회의원 부모의 개입이 있었다면 지금이라도 합격을 취소하여 정의를 바로잡아 주시기 간곡히 요청드리는 바입니다.",
  "num_agree": 1804,
  "petition_idx": "582602",
  "title": "명문대 입시에서 입시부정이 없었는지 조사바랍니다."
}