{
  "category": "보건복지",
  "begin": "2019-09-11",
  "content": "2018년 10월 12일 국립암센터 노조 파업에 대비하여 국립암센터 사측에서는 2018년 10월 10일부터 파업에 대비하여 입원환자를 강제 퇴원 조치하였습니다. 중환자실에서 강제 퇴원 조치를 시키는가하면 , 산소호흡기 6리터 이상 적용중인 환자를 항암 및 산소치료에 대한 전문성이 없는 일반병원으로 전원시키면서 해당 병원에 통보조차하지 않아 환자와 보호자에게 혼란을 주었으며 불필요한 엠블런스 비용과 항암 치료의 전문화되지 않은 의료진으로 부터 불필요한 치료를 받게 하였습니다 국립암센터는 일반병원과는 달리, 암치료의 연속성이 반드시 필요한 암환자에게 방사선치료 및 항암 치료를 전문으로 하는 특수진료 기관입니다. 그런 기관의 노조와 사측 간에 분쟁이 일어나 이번과 같은 파업이 발생한다면 일반병원과 다른 문제가 발생합니다 일반병원에서의 파업은 주변 다른 의료기관으로 이송하여 치료가 가능하지만, 암센터의 파업은 주변 다른 의료기관으로 이송한다고 해서 치료가 되지가 않습니다. 항암은 지속적인 치료가 이뤄져야 하는 의료행위입니다. 항암이 파업등과 같이 미뤄진다면 항암치료에 내성이 발생하여 암환자의 사망률을 높이게 됩니다. 하지만 일반병원에서는 항암치료와 같은 중증질환 치료가 이뤄지지 않습니다. 암센터가 있는 큰 병원은 입원대기가 10일 넘게 걸립니다. 국립암센터의 갑작스런 파업은 주변 다른 암센터에서 감당할 수 있는 수준이 아닙니다. 작년과 같이 올해도 같은 파업이 이어져 발생하였습니다. 이번 파업도 언젠가는 해결되겠지만 내년에도 같은 일이 일어나지 말란 법은 없습니다. 내년에도 있을지 모를 국립암센터의 파업을 대비하기 위해 대책이 필요합니다. 국립암센터의 파업을 대비하여 국군병원 인력에 대해 항암 치료 관련 특수교육을 진행하여 주시기 바랍니다. 간호사관학교의 국립암센터 인턴교육과 암치료관련 의료기기 운용 인력을 비상상황 발생시 바로 배치 할 수 있도록 사전 교육을 실시하여 주시기 바랍니다.",
  "num_agree": 205,
  "petition_idx": "582639",
  "title": "일반병원이 아닌 특수진료기관인 국립암센터 파업을 대비하여 국가적 차원에서의 대비가 필요합니다"
}