{
  "category": "반려동물",
  "begin": "2019-09-12",
  "content": "먼저 언제나 사람과 동물의 공존과 상생을 위해 노력하시는 농림부 및 기타 관계자분께 이번 개정안에 대한 감사의 말씀을 드리고 싶습니다. 그동안 개 물림 사고가 증가했고, 이를 방지하기 위해 개물림 처벌과 예방을 위한 대책을 고심해서 이번 개정안에 포함시켰다고 생각합니다. 또한 그 중에서 물림사고에 대한 처벌 강화의 경우는 정말 필요한 개정이라는데엔 저 또한 견주로써 의견을 같이하고 있습니다. 하지만 그 중에서 반려견 목줄 2m 제한이 그 대책 중 하나라는 데에는 동의하지 않습니다. 첫째, 제대로 지켜질지 불확실합니다. 먼저 지금도 이미 시행 중인 바에 의하면, 모든 반려견을 데리고 산책하는 견주들은 반드시 3m 제한이 있는 리드줄을 착용해야 한다는 방침이 의무화 된 것으로 알고 있습니다. 하지만 이미 그런 법률이 적용중임에도 불구하고 이를 지키지 않는 사례들이 많습니다. 이는 정부, 그리고 그 하위의 시행 기관이 직접적으로 단속에 들어가지 않기 때문에 나오는 사례들로 해당 법률을 지킴으로서 비반려인과 반려인의 상생을 위해 노력하고자 한다면 목줄 길이의 제한이 아니라 먼저 목줄을 착용하고 다니는지부터 확인해야 한다고 생각합니다. 동물등록제의 경우에도 단속을 시작한다고 홍보를 하고 권고한 시점부터 한달만에 그 전 년도에 등록한 수만큼의 개들이 등록된 걸로 알고 있습니다. 법률의 강화된 개정이 해당 법안을 지키는 사람들의 수를 늘릴 것이라 생각하지 말고 먼저 있는 법안부터 잘 지킬 수 있게끔 단속 시행부터 하셨으면 합니다. 둘째, 효과를 볼 수 있단 보증과 선례 또한 없습니다. 현재 우리나라에서 약 5000만의 국민이 살고 있고 개 물림 사고가 한 해 약 23만건 정도 발생하고 있다는 점을 생각해 보면 한 해에 5000명에 23명 꼴로 물림 사고가 발생한다는 점을 알수 있습니다. 반면, 미국의 경우 3억에 가까운 인구 수 대비 한 해 발생하는 개 물림 사고가 200만 건이므로 건 수만 따지면 우리나라에 비해 많지만 인구와 비교하자면 30만명중에 2명 꼴로 발생한다는 것 또한 알 수 있습니다. 그러나 인구도, 개의 수도 많지만 훨씬 적은 물림사고의 수를 가지고 있는 미국에서는 개 목줄 2m 제한이라는 듣도보도 못한 조례를 찾아볼 수 없습니다. 미국은 그 대신에 물림사고가 일어났을 때에 주인이 져야 하는 책임이 무겁고, 사람이 사망했을 경우에 징역살이까지 해야 한다는 것이 법으로 정해져 있습니다. 물론 짧은 리드줄은 길게 목줄을 하고 다니는 매너없는 몇몇 반려인들과 일반 비반려인들과의 마찰을 증가시키고 해당 개가 공격성이 있는 경우 일어날지도 모르는 사고를 막아줄지도 모릅니다. 하지만 물림사고가 우리나라에 비해 훨씬 적은 다른 나라에서 이러한 리드줄 길이에 대한 제한이 물림사고를 막는 확실한 대책이었다면 진작에 대부분의 국가에서 시행하고 있을 텐데 그렇지 않다는 것은 해당 부분이 실제적인 대책인지 확실치 않고, 현실에서 적용하는 데 있어 문제가 있기 때문입니다. 먼저 물림사고를 일으킬 수 있는 대부분의 개들이 주인이나 다른 사람에 대해 알아챌 수 있는 확실한 공격성을 가지고 있고, 이를 방지하기 위해서는 모든 개들에 대해 먼저 제제하기 보다는 해당 공격성을 가진 개들부터, 이를테면 몇번 물림 사고를 일으킨 개들을 대상으로 입마개를 씌우고 다니게 하는 등의 법안이 훨씬 효과적일 수 있습니다. 그리고 작은 개던 대형견이던 간에 견주가 공격성이 있는 개를 제어하지 못하고 사람를 공격하게 하는데 있어서 리드줄의 길이는 그리 중요치 않습니다. 제어를 할 사람은 3m건 더 길건 간에 자기 개를 충분히 컨트롤할 수 있으나 그렇지 못한 사람들은 아무리 짧아도, 개의 종이 어떻던 간에 끌려가거나 놓치게 되는 결과를 가져옵니다. 그리고 오히려 어떤 경우, 어느 정도 적당한 길이의 줄은 견주가 근처 나무에 감거나 팔에 감아 끌어당길 여유가 있으나 짧은 줄의 경우에는 힘이 가해지면 더 손에서 미끄러트려 놓치기 쉽다는 점을 알아주셨으면 합니다. 짧은 줄이 효과가 있는 것은 일반적인 걷는 상황일 때이고 물림 사고 대부분이 해당 개가 흥분해서 앞으로 뛰어나갈 때 생긴다는 부분, 그리고 줄다리기를 할 때도 상대방과의 거리를 어느정도 적당히 두어야 끌어당기는 효과가 있다는 부분을 생각하면 정말로 짧은 리드줄이 사고의 방지에 효과가 있을지 의문이 듭니다. 셋째, 상대적으로 큰 덩치를 지닌 개들을 산책시키는데 있어 불리합니다. 2m란 줄은 cm나 직선적인 길이에서 놓고 보자면 길다고 생각될 수도 있으나, 실제로 리드줄 한쪽을 막대의 약 120cm 정도 높이에 묶고 다른쪽이 반드시 바닥에 닿아야 한다는 점을 생각하면 소형견에게도 그리 여유있다 볼 수 없는 길이입니다. 특히 덩치가 큰 대형견들의 경우, 산책 할 때에 고개를 숙여서 냄새를 맡는 자연스러운 활동조차 힘이 들 수 있습니다. 그렇기 때문에 대형견주의 경우 해당 반려견과의 일상적인 활동에도 무리를 느낄 수 있고 물림 사고의 발생시에도 줄이 짧으므로 개를 자제시키기보단 순간적으로 힘이 쏠려 넘어져서 오히려 줄이 길 때보다 사태의 악화를 가져올 수도 있다고 생각합니다. 다른 '물림사고 처벌 강화'나 엘레베이터에서 견주가 반려견을 안고 있어야한다는 부분에 대해서는 어느 정도 동의, 또는 중립적인 입장이지만 이 부분에 있어서는 현재 일반적인 리드줄을 하고 다니는 것조차 제대로 단속을 하지 않는데 너무 섵부르게, 점검도 뭐도 없이 대책이라고 내놓았다는 의견을 가지고 있습니다. 그렇기에 일반인과 개를 키우는 사람간의 상생을 원하는 한 개인으로써 해당 개정안의 목줄 제한 부분이 효과를 낸다는 선례도 없고, 오히려 때와 장소에 따라 위험할 수 있으며 불편함을 야기한다는 점을 들어 해당 부분만의 재고를 부탁드립니다.",
  "num_agree": 636,
  "petition_idx": "582657",
  "title": "동물보호법 개정안 중 목줄 2m 제한을 철회해 주세요"
}