{
  "category": "기타",
  "begin": "2019-09-16",
  "content": "대한민국국민으로 살아온 저를 부끄럽게한 미국인 채*(C***)를 지원해주세요. 내년이면 환갑이 되는 대한민국국민으로 살아온 저를 부끄럽게한 미국인 채*(C***)를 정부차원에서 지원해주실 방법을 찿아주셨으면해서 청원글을 올려봅니다. 어제 우연하게 유투브영상(독도와 위안부 알리기! 타임스퀘어 광고판 샀습니다!!)을 보게되었답니다. 독도,위안부같은 이슈를 접할 때마다 느껴왔던 대한민국국민으로서의 감정은 거의 모든 국민들은 비슷하이라 여겨집니다. 지난 2~3년간 \"하이 채*/Hi C***\"로 유투브에 올린 모든 동영상을 보면,채*의 가족(부모님,동생,조카등)분들과 한국학전공 미국인교수,친지들과 함께 한글날 한글을 포함해 ,한국드라마,K팝,식료품등등 알리기등등을 통해 대한민국을 사랑해온 미국인 채*가 지난 8월14일(한국시간:13일)뉴욕 타임스퀘어에 50회이상의 광고(독도/위안부관련)를 본인 부담으로 집행한 내용의 유투브영상을 접하면서 저는 큰 충격을 받았답니다. 감동이였지만 대한민국국민으로서 죄스럽고 미안한 감정은 별도로 지금도 느끼는 이 큰 부담감때문에 어떻게 채드가 우리 나라를 위해 애써준 일들에 대해 제가 느끼는 이 큰 부담감은 저만의 감정일런지요. 정부차원이던 민간차원이던 지원해줄 수 있었으면 하는 바램으로 청원하고자해서 제가 지닌 이 부담감과 책임감을 조금이라도 덜고자합니다. 대한민국국민으로 살아온 저를 부끄럽게한 미국인 채*(C***)를 지원해주시길 부탁드립니다. [본 게시물의 일부 내용이 국민 청원 요건에 위배되어 관리자에 의해 수정되었습니다]",
  "num_agree": 279,
  "petition_idx": "582664",
  "title": "대한민국국민으로 살아온 저를 부끄럽게한 미국인 채*(C***)를 지원해주세요."
}