{
  "category": "기타",
  "begin": "2019-09-11",
  "content": "저는 2019년5월 24~25일 인테넷 매체를 통해 플러스토컨의 광고물을 보고 가상화폐에 투자한 박** 입니다 그러나 2019년 6월 27일 플러스토큰은 약속과 달리 출금이 현재까지 안돼는 상태입니다 이에대해 플러스토큰측은 현재까지 어떠한 공식발표나 공지하나 없고 두달여가 흘러가고 있습니다 피해본 투자자들의 처지는 각기 다르겠지만 피해자 모두에겐 간절한 피해금으로 삶의 막다른 기로에 처해 남녀노소를 불구하고 하루 하루 고통을 겪고 있습니다 이사건의 심각성을 인지한 본인은 청와대청원과 대검 사이버경찰청에 민원을 제기했고 우선 온라인에서 피해자 모임를 결성하여 2019년8월 22일 1차로 본인을 공동대표하여 외 101명의 고소(고발)장을(접수번호 8***) 서울 중앙지검에 제출 하였습니다만 저희보다 먼저 중앙지검에 접수한 일부 포항 대전의 고소장은 수서 동작경찰서 사건이 이첩 분산된걸로 확인하고 있습니다 참고로 플러스토컨에 투자한 회원이 일만에서 일만이천명이라 합니다 일부 해외 메스콤에 보도 됐듯이 한국과 플토 사기(스캠)라는 기사에 46조 자산들고 잠적이란 기사도 있듯이 실체도 모르는 플러스토큰과 깊은 관계로 사기극을 벌인 국내 다단계 조직에는 현직시에 다단계 조직 수백명을 검거한 권**(밖에선 총경이라 불림)은 깊이 관여되어 많은 피해자를 양산하는데 일조했고 **에 모경찰서장 부인 신** 처형인 신**도 연루 된걸로 알고 있습니다 플러스토큰과 다단계 연루된 사건의 심각성을 고려하여 전문성을 띤 수사진이 검찰에서 구성되어 플라스토큰의 실체를 밝히고 많은 피해자를 양산한 다단계 조직을 수사하여 가상화폐를 투자한 플라스토큰 지갑을 찾아 압류하여 피해자의 투자금(가상화폐)을 보전,및 투자자가 투자해서 부당이익금을 챙긴 다단계조직의 재산을 압류 몰수 환수하여 피해자에게 배당 하여 주길 바랍니다 청와대 청원에 참여한 819명은 빙산의 일각이고 청원댓글도 간단히 서술한 피해자분들도 절박함을 서술한분과 같은 심정이고 앞으로 차일피일 기다리다 피해를 법에 호소하는 피해자가 계속 늘어날 것이고 저희 또한 바로 추가로 고소뿐 아니라 앞으로도 계속 고소장을 접수할 것입니다 이 국제적인 플러스토큰의 사기극에 우리나라 수사기관이 적극 대응하여 주도권을 갖고 우리국민의 즉,피해자의 재산권을 보호해 주실거라 믿고 다시는 이런일로 고소인들 뿐만 아니라 옆에 있는 소중한분까지 다 잃게 만드는 이런일은 생겨서는 안된다고 생각하에 청원 합니다 2019년 8월 27일 [본 게시물의 일부 내용이 국민 청원 요건에 위배되어 관리자에 의해 수정되었습니다]",
  "num_agree": 252,
  "petition_idx": "582633",
  "title": "플러스토큰 및 유사수신"
}