{
  "category": "문화/예술/체육/언론",
  "begin": "2019-09-11",
  "content": "올해 9월 6일에 발표한 문화재청에 따르면 '승무'종목에 엄연히 승무전승교육조교(이매방류)로 활동중인 ***씨가 존재하는 바 이를 배제하고 ***씨 라는 대상자를 선정하게 된 이유를 확인코자 합니다. 문화재청 무형무화재과에 의뢰한 결과 당시 위원회에서 선정하였다 하는데 위원회 구성은 전통예능분야위원 7명(***,***,***,***,***,***,***씨) 전통지식분야 위원4명(확인못함) 이상 11명이 참여했다 합니다. ***씨는 국회방송 자랑스런 한국인으로 선정 방영된 바 있고 40세에 ****스님과 결혼하여 **에 거주하지만 엄연한 한국 국적 소유하고 국내외를 활발히 활동하며 전승교육조교로 선정된 후로는 그 책임을 막중히 여기고 부단히 노력하였으며 한일간 문화교류에도 상당한 조력을 하였습니다. 살아 생전 이매방선생도 ***씨가 계승하여야 한다는 증언비디오도 있고 기타 ***씨가 배제되어야 하는 특별한 이유가 없다고 봅니다. 현재 국악현실에 실존 기능보유자들이 설 자리를 찾도록 국가관리감독을 철저히 하고 전통문화를 지켜야 한다고 주장하는 바 입니다. [본 게시물의 일부 내용이 국민 청원 요건에 위배되어 관리자에 의해 수정되었습니다]",
  "num_agree": 1041,
  "petition_idx": "582640",
  "title": "국가무형문화재 '승무'종목 보유자 인정 예고에 따른 선정 의혹"
}