{
  "category": "육아/교육",
  "begin": "2019-09-10",
  "content": "끊이지 않는 어린이집 아동학대 때문에 이렇게 청원글 올립니다. 아직 의사표현이 어려운 우리 아이들이 무슨 죄가 있기에 어른들에게 심한 고통을 받는지 이해를 못 하겠습니다. 각종 SNS 인터넷포탈사이트 등에서 올라오는 글을 보면 너무나 비참한 아이들의 모습이 올라옵니다. 아동학대관련 법안이 많이 있는걸로 알고 있습니다. 하지만, 이미 당한 아이들 심할경우 사망한 아이들까지 있습니다. 이미 사망에 이르기까지 학대한 사람을 처벌해바야 죽은 아이가 다시 살아오는것도 아니고... 이에 따른 엄격한 법안을 만들어 주세요 1. 어린이집원장, 선생, 교사등 자격조건을 엄격하게 만들어주세요. 2. 수시로 지역단체에서 관리감독으로 자격조건 미달 어린이집은 엄격한 법으로 처벌해주세요. 3. 이외 정말로 우리 부모들이 안심하고 맞길수 있는 어린이집을 만들기 위한 법안을 만들어주세요. 정말로 부탁드립니다. 출산률때문에 고민하지 마시고 지금 있는 아이들이라도 먼저 지켜주세요!!!",
  "num_agree": 313,
  "petition_idx": "582619",
  "title": "어린이집 아동학대 예방"
}