{
  "category": "기타",
  "begin": "2019-09-10",
  "content": "전**씨는 목사임에도 불고하고 정치적인야심으로 하나님을 모욕하고 예수를 다시 빞 박 받게 하고있다 선한 목회하시는분들을 욕볼이고 하나님과 예수얼굴에 침받기를 계속하고있다 막말을 하고 대통령에게 종북이라는단어를 쓰고 패륜아라는말을 하는등을 써가며 종교인으로서는 부끄러운 짓을 하고있다 , 전** 목사는 26일 유튜브 ***TV '청와대 앞 릴레이 단식 77일 텐트 현장 생중계'에서 \"문재인은 탄핵 된 거와 같다\"면서 \"광화문 8·15대회를 통해서 하나님의 손길을 보았기 때문에 분명히 하나님께서 하실려고 하시구나 확신을 얻었다\"고 강조했다. \"10월 3일 반드시 문재인을 끌어내야 하기 때문에 청와대 진입 발대식을 이번주 토요일 오후 1시 광화문광장 동화면세점에 모여 거행했다\" 이사실만 가지고도 국가 보안법 위반이고 내란음모 .선동죄에 해당된다 . 전 목사는 \"(10월 3일은)일반 지지서명을 하신 분들은 아니고 그날 저와 함께 청와대에 들어가서 경호원들을 실탄을 맞고 순교하실 분들, 목숨을 내놓으실 분들이 모여달라\"면서 \"피흘림이 없이는 혁명이 되겠는가? 제가 제1호로 죽겠다\"는 내란음모·내란선동 혐의 발언을 했다. 이렇게 확실한데 왜 수사하지않는가 ? 정부와 검찰 국가정보원은 직무 유기하지말고 당장 구속수사하라 이정도면 나라를 뒤집어 놓을수있는 쿠테타 내란 반역 음모가 분명하다 당장 나서야한다 또한 함께 내란을 획책한 이들에게도 반드시 구속수사해야할것이다 박근혜시절 얼마나 많은 이들이 국가 보안법으로 들어같다 나왔나 그러나 그들은 보다 지금 편향적이다 전**을 반드시 구속수사 해주길 촉구한다 , [본 게시물의 일부 내용이 국민 청원 요건에 위배되어 관리자에 의해 수정되었습니다]",
  "num_agree": 900,
  "petition_idx": "582612",
  "title": "내란음모 .내란 선동 하는 전**을 즉각 구속수사하라"
}