{
  "category": "일자리",
  "begin": "2019-09-11",
  "content": "안녕하십니까, 저희는 현재 고등학교 2학년에 재학 중인 학생들입니다. 저희는 학교 수행평가를 하기 위해 '비정규직의 사회적 불평등'이라는 주제로 자료를 찾아보기 시작했습니다. 그런데 읽는 것만으로도 억울하고 화가 나는 사례들을 수없이 보게 되었습니다. 저희가 다니고 있는 학교에 대해서 말해볼까요? 학생들에게 맛있는 점심, 저녁을 제공해주시는 조리실무사 분들, 노동법에 있는 시간을 꽉 채우고 일하시면서도 한달에 받는 위험수당은 고작 5만원입니다. 과학실에서 실험을 이끌어 주시는 과학실무사 분들, 그 많은 장비들과 도구들을 자비로 부담해야 한다는 학교도 보입니다. 심지어 이 곳에서는 교장이 행정과 관련된 여러 잡다한 업무들도 시키십니다. 이렇게 상사가 비정규직을 마구 부릴 수 있는 이유가 무엇인지 아시나요? 이 분들은 아무리 비정규직이라지만 절실한 기회이고 놓쳐서는 안됩니다. 이 점을 이용한 상사들은 '더 이상 재계약을 해주지 않겠다'는 둥의 협박을 한다고 합니다. 네, 물론 비정규직 보호법에는 이러한 문제들을 해결할 수 있는 법률들이 늘어져 있겠죠. 그런데 잘 지켜지고 있나요? 잘 지켜지고 있다면 저희 학생들이 불평등 현상을 탐구하기 위해서 비정규직이라는 주제를 정했을까요? 지금 우리가 살아가는 환경은 어떠해야 하나요? 산업이 발전하고 발전하는 시점에서, 알바생의 최저시급부터 시작해 경제적인 정당성을 요구해오고 있습니다. 그런데 비정규직은 어떤가요? 법률안은 이미 만들어졌지만, 이것은 그들에게 아무 도움도 되지 못합니다. 평등하고 안정적인 국가를 위해, 비정규직에 대한 법률을 더욱 강화해주시고, 더욱 통제해주시기를 바랍니다. 감사합니다.",
  "num_agree": 204,
  "petition_idx": "582634",
  "title": "비정규직에 대한 법률안을 더욱 강화시켜주시고 통제해주시기를 바랍니다!!!!!"
}