{
  "category": "교통/건축/국토",
  "begin": "2019-09-09",
  "content": "존경하는 대통령님.. 서민을 위해 항상 고군분투 하고 계신거 잘 알고 또한 느끼고 있습니다. 이번에도 서민을 위한 서민형 안심전한대출이 출시된다하여 한번 알아보았습니다. 기존의 주택담보대출 중에 변동형 또는 혼합형 금리를 이용하는 중이여야하고 대상주택도 건축물대장 상 주택만 해당이 된다라고 하더군요. 여기서 건의를 하나 드립니다. 실거주목적 주거용 오피스텔도 해당시켜 주셨음합니다. 저또한 실거주목적 주거용 오피스텔에 거주하는 시민입니다. 처음엔 전세로 입주를 하였으나 전주인의 부채로 인하여 경매직전 저희가 부채를 대신 갚는 조건으로 소유권을 받게되었습니다. 그러면서 오피스텔에 대해서 알게 되었습니다. 취득세는 세법으로 4.6%의 세금을 부과하고 주거시에는 주택으로 해당이 되더군요. 또한 수도세, 전기세, 세금 또한 주택용으로 부과가되며, 제일 중요한 대출은 주택담보대출에 해당이 안되며 일반담보대출만 가능하였습니다. 울며겨자먹기로 어쩔수없이 일반담보대출을 받게됐습니다. 저희는 어쩔수 없이 주거용 오피스텔을 구입하게 되었지만 요즘 서민들은 높은 매매가의 아파트 외에도 주거용 오피스텔로 많이들 모인다고 들었습니다. 그러나 높은 취득세와 대출금리로 인해 매매 전,후로 상당히 힘들어 한다고 합니다. 서민을 위해 만들어진 서민형 안심전환대출에 소외된 실거주목적 주거용 오피스텔도 해당이 되게끔 하여 주십시오. 안된다면 실거주목적 주거용 오피스텔에 대한 정책기금이라도 하나 만들어 주셨으면 하는 마음입니다. 주택담보대출자만 서민이 아니고 주거용 오피스텔 일반담보대출자도 서민이란것을 알아주셨으면 감사하겠습니다.",
  "num_agree": 3161,
  "petition_idx": "582610",
  "title": "서민형 안심전환대출에 실거주목적 주거용 오피스텔도 해당시겨 주십시오"
}