{
  "category": "인권/성평등",
  "begin": "2019-09-10",
  "content": "경찰 112에 신고해서 출동한 경찰관에게 '폭언과 물리력으로 젊은 사람에게 폭행을 당하였음'을 설명하였습니다. 피해가 뭐냐기에 상황을 설명하던 중 경찰관이 '둘이 똑같다'라며 대수롭지 않게 듣기에 제가 당하고 있는 상황이 너무도 어이가 없어서 '도대체 젊은 사람이 무대뽀로 욕하고 저를 어떻게 해보겠다고 10여분 거리에서 달려와 배를 밀치고 얼굴을 코 앞까지 들이대며 위협을 하는데 어찌 똑 같다고 면전에서 이럴 수가 있습니까? 라고 경찰에게 하소연의 말을 건넸습니다. 출동한 경찰관의 말은 가당치 않타는 듯이 \"법이 그래요\" 이것이 국가와 경찰관에게 죄짓지 않은 보통시민이 사건의 당사자란 이유로 들어야 했던 답이었습니다. 몇일 후 경찰서 수사관(032-***-****)으로부터 전화가 왔습니다.(9/5) 처음부터 전후사정은 듣지도 않고 '피혐의자이다'. '같이 싸운거 아니냐' 하길래 피해자임을 주장하면서 저의 억울한 피해상황을 본 사람들이 여러명 있었다고 주장하니까 경찰서 수사관 하는 말 \"목격자가 누구입니까? 그사람 이름이 뭡니까? 전화번호가 뭡니까?\" 하더니 '싸우지 말고 회피 했어야지요''그게 법이예요''잘하셨다고 말씀 드려야 하나요?\"라고 조롱까지 합니다. 큰 사건이던 작은 사건이던 출동당시의 상황과 주변에 목격자가 될 만한 자료들은 출동한 경찰관이 수집해야되는 것 아닐까요? 출동한 경찰관이 당연히 해야할 직무를 태만히 해놓고 수사관의 뜻대로 말을 듣지 않으니까 추긍하듯 사건의 당사자가 설명할 수 없는 것들을 물으며 몰아 붙입니다. 이것이 국가와 경찰관에게 죄짓지 않은 보통시민이 사건의 당사자란 이유로 들어야했던 모욕감이었습니다. 경찰에 사건의 당사자로 접수가 되었단 이유만으로 인격적으로 무시당해서는 아니될 것입니다. 특히, 법률적인 식견이 부족하다고 해서 경찰 수사관이 훈계하듯 '피혐의자'운운하며 다른 분야에서 이미 전문가로써 또는 훌륭한 사회 구성원으로 인정받는 사람을 깔아 뭉게는 태도는 매우 부당한 것입니다. 경찰 수사관보다 더 헌신적으로 사회에 기여하는 시민도 많고, 경찰 수시관보다 다른 분야에서 전문적인 식견을 드러내며 활동하는 시민도 많기 때문입니다. 경찰관 모두는 아니 출동한 경찰관과 수사관들은 얼마나 본인이 아는 만큼의 법 테두리 안에서 생활 한 단 말입니까? 오히려 아는 법률을 개인의 이익과 처신에 이용만 하고 있는 것은 아닙니까? 이런 황당한 경찰관들의 행태가 개선되도록 대통령이 살펴 주십시요! ===================================================== 1. 저는 인천 연수구에 거주하는 50대 후반의 남자입니다. 아내 그리고 두 아들과 함께 살고 있으며 아주 작은 주식회사를 경영하는 보통시민입니다. 50대 후반이 되어서야 박사학위를 받아 학문에 대한 꿈을 이룰 만큼 열정과 상식을 갖추려 노력하며 살아왔습니다. 2. 2019년 8월 28일, 회사직원이 운전하던 승용차와 (음식점)배달오토바이간에 충돌사고가 있었습니다. 현장에서 상호 부상이 없고 피해정도가 크지 않음을 확인하고 저희 직원은 '추후 문제가 있으면 연락을 달라'고 하고 명함을 건넸다고 합니다. 이틀이 지난 2019년 8월 30일, 이 건 당사자(010-****-****)로 부터 보상금을 요구하는 전화가 직원에게 왔습니다. 보다 정확한 상황을 알아야하고 자동차보험 접수를 위해서도 협의가 필요하겠단 판단에 상대방에게 전화를 하게 되었습니다. 전화 통화중 상대의 일방적 주장과 저의 말은 전혀 듣지 않으려는(말을 하려고 하면 말을 끊어버리거나, 같이 말해버리는 방법으로) 태도 때문에 언성이 높아지고 있던 차에 상대방이 제게 욕을 하였씁니다. 이것이 발단이 되어 저도 맞대응해서 욕을 하게 되었습니다. 30대 상대방이 제가 있는 곳이 어디냐고 묻기에 위치를 얘기해 줬습니다. 차를 몰고 10여분 거리의 저희 사무실 앞 도로 한가운데 차를 세우고 연락을 하기에 내려갔습니다. 여러 주민과 지나는 사람들이 있는 곳에서 배로 저의 배를 밀치고 얼굴을 코 앞까지 디밀며 폭언과 욕을 해대는 수모를 겪었습니다. 상대방은 사고의 당사자도 아니면서 사고접수를 안해준다고 112에 신고를 하고 이를 빌미로 자리를 뜨지 말라고 위협을 하였습니다. 하도 어이가 없어서 저도 직접 폭행피해를 신고하였습니다. 3. 출동한 경찰관은 제게 신고한 이유나 상황은 묻지도 않고 상대방의 얘기를 듣었고, 보험 접수를 안해준다고 112에 신고하는것이 맞는지 아니면 사고상황이 어떤 것인지 상대에게 묻지도 않았습니다. 신고자인 저의 진술기회는 뒷전이었고 어떤 주장도 제대로 하지 못했습니다. 출동한 경찰은 여러명의 목격자들이 있었는데도 불구하고 그렇게 현장을 마무리 했습니다. 그리고 저는 아직도 경찰관이 어느 신고에 의해 출동한 것인지 알 수 가 없습니다. 상대방이 보험접수를 안해준다고 신고를 해서 출동한 것인지, 제가 폭행을 당했다고 신고해서 출동한 것인지 알수가 없습니다. 범죄자 취급을 할뿐 설명을 못들었습니다. 사고 현장도 아니고 사고의 당사자도 아니고 뺑소니범도 아닌데 경찰관이 출동했다면 업무의 우선순위가 많이 잘못됐다는 생각입니다. 4. 경찰 수사관은 '그 자리를 피하고 신고를 했어야 한다'고 훈계를 합니다. '그것이 법'이라고... 그러면 아무 잘못도 없이 30대 젊은 사람이 말도 안되는 주장을 하면서 언로를 막고 욕을 해대는데 그냥 듣고 있어야 한단 말입니까? 법을 잘 모르니 때론 이성보다 감정이 앞설때가 있는 것입니다. 감정의 치우침으로 잘못을 저질렀다면 그것은 국가나 사회질서에 위해를 가한 일도 아니며 경찰관에게 죄지은 것은 더더욱 아닙니다. 그런데 경찰관은 왜 접수된 사건의 이해당사자란 이유만으로 시민의 인격을 무시한단 말입니까? 억울하고 분통이 터져 일상생활을 제대로 할 수가 없습니다.",
  "num_agree": 203,
  "petition_idx": "582613",
  "title": "접수된 사건의 이행당사자란 이유만으로 인권을 무시하는 경찰관을 고발합니다."
}