{
  "category": "정치개혁",
  "begin": "2019-09-16",
  "content": "'법앞에 평등'은 법치주의를 따르는 문명사회의 보편적 가치입니다. 그럼에도 불구하고 2019년 현재 대한민국에서는 법을 만드는 입법부 스스로가 법을 경시하고 법이 정한 규정과 절차를 송두리째 무시하는 소위 '국민의 대표'라는 국회의원들의 안하무인격 언행과 위선적인 행태가 공공연하게 벌어지고 있습니다. 국민을 위해 봉사한다고 선거에 출마하여 당선된 국민의 대표라고 하는 자들이 패스트트랙 처리를 둘러싼 동물 국회 사태, 패스트트랙 사태 관련 피고발인 경찰 소환 불응, 장관 임명 동의를 위한 국회 청문회 절차 미준수 등을 통해서 일련의 국회 관련 법들을 위반하고 그것도 모자라 모든 국민이 보편적으로 따르는 형사사법절차마저 무시하는 안하무인격의 언행들을 국민들에게 생방송으로 보여주고 있습니다. 국민들에게는 법을 잘 지키라고 준법정신을 초등학교 교과서에서부터 가르치면서 법을 만드는 입법부가 이런식으로 법을 대놓고 어기는 모습을 보여준다면 우리 아이들이 어른들로부터 무엇을 배울 수 있을지 그저 통탄스러울 따름입니다. 법은 우리 모두가 지키기로 우리 스스로 만든 사회적 약속입니다. 법을 지키지 않으면 그에 상응하는 처벌을 받는다는 보편적인 가치를 지키고 국회의원이라고 해서 법 위에 군림하는 말도 안되는 작금의 상황을 바로잡고 나라다운 나라를 만들기 위해서 경찰,검찰 그리고 법원 등 형사사법기관에서는 법을 어기고도 말도 안되는 궤변만 늘어놓으면서 뻔뻔하게 경찰소환에 지속적으로 불응하면서 국민들에게 배신감과 박탈감만 주는 국회의원들에 대해서는 관계 법에 따라 원칙대로 체포영장을 집행하고 강제수사하여 주십시오. 그래서, 법앞의 평등이 실현되고 국회의원이든 아니든 죄를 지으면 그에 상응하는 처벌을 제대로 받는 정의로운 대한민국을 만들어주기를 대통령께 간곡히 청원드립니다.",
  "num_agree": 2515,
  "petition_idx": "582689",
  "title": "불법행위를 저지르고도 수사기관 소환에 불응하고 법을 무시하는 국회의원은 법대로 엄격하게 처벌해 주십시오!"
}