{
  "category": "외교/통일/국방",
  "begin": "2019-09-19",
  "content": "한국인이 필리핀 경찰에 의해 살인되고 지금 제대로된 처벌도 받고 있지 않는데, 외교부나 정부나 뭐하는 겁니까? 당신네들 가족이 납치되어 저리 살인되도 조항 내밀며 공손하게 요청할껍니까? 한국인이 호구가 됐잖아요. 필리핀한테도 무시당하네..와 진짜 제발 정신차리세요. 세금 내기 싫어지네.문재인 대통령은 당신 가족이 납치되 살인당해도 이정도로만 대응할건가요?",
  "num_agree": 788,
  "petition_idx": "582765",
  "title": "PD수첩 필리핀 한국인 살인사건 대응하세요. 뭐합니까?"
}