{
  "category": "인권/성평등",
  "begin": "2019-09-23",
  "content": "몇 달 전 베트남 여성 폭행사건으로 드러난 이주여성들 인권 침해 실태를보고 심각하다고 느껴져서 더 조사를 해보았습니다.찾아보니 이주여성들은 가정폭력을 많이 당하고있렀고 이는 사회권 그리고 어쩌면 평등권까지 침해받는것입니다.다음은 이주여성들의 인권을 침해하는 문제들과 해결방안입니다. 첫째, 이주여성인권침해의 원인인 매매혼입니다 매매혼은 결혼중개업체가는다른나라 여성과 우리나라 남성을 연결해주어서 진행되는 결혼입니다. 원래는 다수의 여성들을 한명의 남성이 선택하는 형태였지만 2012년 결혼중개업 법률개정으로 이것이 금지됐습니다. 하지만 결혼중개업체에서는 여성을 복도에 세우고 한명씩 들어오게하며 교묘히 불법과 합법을 오가면서 진행하고있습니다. 어떤 중개업체에서는 아예 여성들이 지내는 기숙사를 가지고 있고 한국어 자격증을 딸 수 있도록 한국어교육까지 하고있습니다.이러한 비용들은 여성의 남편이 모두 냅니다. 이렇게 결혼중개업체로 인한 만남과 결혼은 단기간에 이루어져 부부가 서로알아가거나 신뢰를 쌓을시간이 부족하고 모든 과정이 돈으로 진행되기 때문에 동등한 인격체로 보기보다는 물건으로 취급하기 쉽습니다. 그래서 폭력또한 빈번하다고 생각됩니다.또 언어가 다르고 부부간의 나이차이가 많이 날수록 다양한 폭력상황이 발생합니다. 매매혼은 부부간의 나이차이가 많이 날 수 밖에 없고 앞서 말했듯 짧은기간 내에 이루어지기 때문에 부부간의 소통도 어려울것입니다. 따라서 매매혼은 이주여성들의 인권이 침해되는 원인이라 볼 수 있습니다. 이주여성의 인권을 침해하는 매매혼을 법으로 금지시키고 결혼중개업체에대한 엄격한 규제와 단속이 필요합니다. 둘째, 결혼이주민이 배우자의 동의 없이 체류연장과 귀화가 가능해야합니다. 현장에서는 결혼이주민의 체류 연장과 귀화과정에서 여전히 한국인 배우자의 확인여부가 중요하게 작용하고있습니다.개선안에따르면 혼인관계가 유지되는경우,한국인 배우자를 동반하지 않아도 혼인관계증명서 및 주민등록등본 등 간단한 서류 제출만으로 체류기간연장을 허가하도록 한다 했으나 결혼이주민 체류연장에서 한국인 배우자 동의 여부가 실질적으로 작동하지 않도록하는 구체적인 방안이 마련 되어야 한다고 생각합니다. 더하여 폭력예방과 피해자 보호 인권에 관한 내용을 담고있으며 한국어를 배울수있는 [초기적응 프로그램]을 의무화하여 배우자의 동의없이 실시할수 있도록 해야한다고 생각합니다.",
  "num_agree": 215,
  "petition_idx": "582797",
  "title": "매매혼 폐지와 이주여성들의 인권을 침해하는 문제를  해결해주세요"
}