{
  "category": "정치개혁",
  "begin": "2019-09-16",
  "content": "[공수처 등 견제장치가 없는 현재로서는 대통령께서 통제장치기능을 발휘하셔야합니다] 털어서 먼지안나는 사람없다는 옛말이 있습니다. 문제는 자기는 기실 더하는 자(기관)가 남의 티끌을 싱하게 문제삼고 욕하고 물고 늘어진다는 거죠. 이런현상은 견제장치가 없을 경우 더 심해집니다. 예전에는 검찰에게 다름아닌 통수권자인 대통령께서 가장 무서운 통제장치였는데, 이상주의자인 문대통령께서 이걸 내려놓겠다고 하니까 고삐풀린 망아지처럼 널을 뛰는 겁니다. 그런데 문대통령께서도 먼저 공수처가 되었든 뭐가 되었든 견제장치를 마련해놓고 나서 자신의 통제장치를 내려놓으셨어야하는게 수순이 맞지않았겧나 생각됩니다. 그것도 없이 그냥 풀어주는 것 또한 대통령께서 무책임하게 사안을 소홀히 다루시는 거라고 생각됩니다. 왜냐하면 눈치보이는 사람이 없으니까 권한을 무도하게 마구 남용할수 있기 때문입니다. 지금이라도 대통령께서 검찰이 지나치게 권한을 남용하여 지엽적인 것들을 과대포장하여 행사하고 그의도가 불순하다면 이런 부분들에 대해서는 적어도 별도의 견제장치가 마련되기 전까지만이라도 통수권자로서의 제재를 하셔야한다라고 생각합니다. 이것은 대통령님으로싀 정당한 권한으로 국민들로부터 수권을 받으신 기능이라고 생각합니다. 만약 이러한 권한과 권능을 적절히 행사하지 않으셔서 적폐들의 의도하는 바대로 되어져 국민들의 시대적 요구가 박탈되는 결과가 된다면 그 또한 국민들로부터의 수권자이신 대통령님의 직무유기라 할 것이라고 생각합니다.",
  "num_agree": 2303,
  "petition_idx": "582705",
  "title": "통수권자로서 검찰권에 대한 통제권한을 행사하여주십시요"
}