{
  "category": "보건복지",
  "begin": "2019-09-19",
  "content": "**건조기 무상점검 무상수리가 답이 될수 없습니다 그동안 소비자들이 모르고 사용했고 결함이 발생한이상 건조기의 장점으로 부각된 자동세척부분의 결함인 관계로 수리 점검으로 대응하는 **의 선택은 소비자들을 쉽게 생각하는 행동이라 생각합니다 **제품을 안심하고 믿고 쓸수있게 건조기 결함 인정과 무상수리 점검으로 대응하지말고 제품 전량 수거 환불해주세요 그래야 다른 ** 상품도 믿고 구매하지 이런식으로 처리 해서 소비자 불만만 더 가중시키고 불편함도 소비자가 감당해야 하는데 **측 무상점검접수도 2달이상 기다려야되고 무상점검 후 결함 확인시 수거해가서 무상수리까지 얼마나 기다리게 할건지 그동안 소비자 불편은 **는 모른척 하고 있고 민원이 많아서 접수가 많아서 기다리시라는 식에 무상점검 접수 또한 **에 무책임입니다 ** 건조기만 판매하고 말건가요? 건조기 이용한 고객들 전부 등돌리게 하실건가요? 환불로 대기업이 책임지는 모습 보여주세요 [본 게시물의 일부 내용이 국민 청원 요건에 위배되어 관리자에 의해 수정되었습니다]",
  "num_agree": 10810,
  "petition_idx": "582744",
  "title": "** 건조기 환불해주세요"
}