{
  "category": "안전/환경",
  "begin": "2019-09-18",
  "content": "수원월드컵경기장에 사이비단체 H** 가 위장으로 18일 대관하여 거짓으로 평화축제를 한다면서 사이비단체 결속과 선전을 위하여 대관하였으나 전국피해자들의 민원으로 검토 한 결과 수원월드컵경기장측에서 대관취소결정, 대관단체에 통보하였으나 행사를 강행, 불법점거상태입니다. 경찰청에 민원을 하였으나 힘못쓰는 공권력.... 누구를 위한 국가이며 누구를 위하여 국민들은 세금을 내고 대한민국에서 정부를 믿지 못하는 경지까지 가게되어야하는건가요... 전국의 정부 및 지자체 관할 경기장에 앞으로도 평화를 위장한 사이비단체 H**에 대관을 하는 사태가 벌어지지 않도록 청화대에서 지침을 만들어주시길 간곡히 바랍니다 [본 게시물의 일부 내용이 국민 청원 요건에 위배되어 관리자에 의해 수정되었습니다]",
  "num_agree": 829,
  "petition_idx": "582732",
  "title": "수원월드컵경기장을 불법점거한 단체에게 힘못쓰는 경찰"
}