{
  "category": "교통/건축/국토",
  "begin": "2019-09-19",
  "content": "정부와 정치권은 조국정쟁을 중단하고 서민들의 삶과 고통을 헤아리는 “수도권 몰입형 철도교통 확충정책” 추진에 앞장서 주길 청원합니다. 수도권 2,600만, 경기도민 1,350만 민생문제의 최우선은 수도권 교통지옥 해결입니다. 최우선 국정과제로 수도권 철도교통 확충이 되어야함은 교통체증으로 유발되는 시간적, 경제적 피해와 삶의 질이 바닥에 떨어진지 오래이고 이의 개선의 여지조차 불투명하기 때문입니다. 그간 서울 중심의 지하철 노선 확충이 우선되어 온 반면, 서울 외곽 지역인 경기도 수도권 지역은 수도권 과밀화 억제권 등에 묶여 교통, 대학, 일자리가 없는 아파트만 있는 왜곡된 개발의 역사였습니다. 그간의 끊임없는 주택 확장정책으로 아파트 숲만 들어선 결과 대중 교통망은 한계에 이르렀고 일자리는 서울에만 집중되어 버스와 승용차는 포화상태에 이르러 왕복 3~4시간의 출퇴근 전쟁에 시달리기가 일상이 된지 오래입니다. 서울시 주택난을 해결하기 위해 국가정책으로 추진된 1기,2기 신도시에 불특정 난개발이 더해져서 주민들은 초기의 쾌적함은 사라진지 오래고 교통지옥이라는 오명으로 매일 매일의 출퇴근 생존투쟁을 벌이고 있는 이유로 그 자산가치 또한 상대적으로 바닥을 헤매고 있습니다. 이에 더하여 무수한 중소 업체들의 엄청난 물류 시간 및 유류비 낭비와 디젤차의 이산화탄소 배출 등 환경문제까지 더하면 얼마나 큰 국가적인 비용손실을 보고 있는지 가늠할 길이 없습니다. 이에 정부는 그 어떤 정책보다 우선하여 첫 삽을 뜬 수도권 GTX 개통 시기에 맞춘 연계 철도 노선확충 정책을 선언하고 몰입형으로 신속히 시행할 것을 촉구합니다. [선교통 후입주] 정책을 실천하지 않는 3기 신도시는 교통난을 배가하여 그 고통이 가중될 것이 자명하므로 반드시 철도노선을 확충, 연장하는 방안을 만들어 추진하여야 합니다. 따라서 첫째, 3기 창릉신도시 개발과 동시에 발표한 고양선을 고양시 교통소외지역인 식사.풍동.중산 지역을 포함하는 고양시의 연장요구안을 즉각 수용해 주어야 합니다. 둘째, 이 고양선은 현재 계획중인 서울의 서부선(서울대~장승배기~노량진~여의도~신촌~연희~새절)과 함께 운용될 광역철도의 성격을 지니게 됨으로 이 경전철의 현 설계 기준인 50인승 3량, 고무바퀴 차량설계를 교통량 증대를 감안한 100인승 4량 철바퀴 설계로 변경하여 미래 서북부 서울 수도권의 중추노선으로 활용되도록 해야 할 것입니다. 이에 정부의 면밀한 검토를 청원하는 바입니다. -창릉 3기 신도시 수용 대가로 고양선 연장안을 즉각 수용하라! -광역철도로 서울서부선과 고양선의 규격을 100인승 4량 규격으로 확대하라! -“수도권 몰입형 철도교통 확충정책”으로 미세먼지 저감과 교통지옥 해소하라!",
  "num_agree": 5186,
  "petition_idx": "582745",
  "title": "“수도권 몰입형 철도교통 확충정책” 추진에 앞장서 주길 청원합니다."
}