{
  "category": "기타",
  "begin": "2019-09-19",
  "content": "아프리카 돼지열병은 백신이 없습니다. 지금이야 말로 온고지신의 지혜가 필요할 때입니다. 우리나라에는 수의학서 우마양저염역병치료방牛馬羊猪染疫病治療方이란 책이 있습니다. 1541년 중종36년 봄, 평안도에 소 전염병이 크게 유행하여 다른 도로 번질 뿐만 아니라, 가을에 양,돼지에게도 병이 퍼지게 되자, 중종의 어명으로 소·말·양·돼지, 가금류의 염역에 필요한 치료방들을 발췌, 초록하여 그해에 간행하여 축산농가에 전염병 예방 비방으로 사용한 책입니다. 권응창權應昌 편찬著 저의 조카가 수의학을 전공하고 수의사로 일을 하지만 학교에서 공부를 하는 동안 이 책의 존재를 교수들도 몰랐다고 했습니다. 돼지전염병의 비방으로 사용한 늙은 녹찻잎 속에는 항바이러스 작용을 하는 '카데킨'이 많이 들어있다는 것이 밝혀졌고 신종플루 치료제 타미플루보다 100배 이상의 항바이러스 작용을 합니다. 치명적인 가축 전염병 아프리카돼지열병(ASF)은 1921년 아프리카 케냐에서 첫 발견 되었다고 하지만 과거에도 발생했을 것이며 근세에 와서 산업발달로 지구 온난화가 가속되어 바이러스가 강하게 확산 발병한 것으로 보고 있습니다. 지난해 중국에서 발병한 돼지열병으로 1억3천만 마리를 살처분 했듯이 우리나라도 피해규모가 매우 클 것입니다. 포르투칼, 스페인은 발병 후 30년이 지나서 종식이 된 만큼 정부는 빠른 판단으로 방역과 함께 돼지들이 먹는 물에 늙은 녹찻잎을 달인 녹찻물을 희석해서 먹게 하면 ASF는 예방이 될 것입니다. 늙은 녹찻잎은 전국에 있는 차농가에 가면 쉽게 구할 수 있고 가격도 저렴합니다. ↔ 아프리카 돼지열병에 녹찻잎을 먹여 예방한 사례는 아직까지 없었지만 6,000마리 닭들에게 녹찻물을 먹여 조류독감을 예방하고 효과를 보고 있는 합천의 친환경 양계농장 대표 등 양계 농가가 많기에 돼지전염병 예방도 가능하다고 봅니다.",
  "num_agree": 399,
  "petition_idx": "582752",
  "title": "아프리카 돼지열병 예방 할 수 있습니다."
}