{
  "category": "교통/건축/국토",
  "begin": "2019-09-19",
  "content": "조합원아파트는 조합원이 주인이 되어서 내집 마련하는게 맞나요???? 그렇다면 그돈을 무분별하게 사용하고, 책임없이 돈만 받아가는 피의자들에게 주인으로서 뼈 빠지게 돈벌어다가 사업자금 이나 월급주는 호구가 아니란걸 알려줄수있게 해주세요!! (시행사,조합 운영관련직원,중도금 대출관련사 등등 피해자가 많은 사업이라는걸 인지하고 사업의 빠른 진행으로인한 본인들의 이득이 아닌 ,안전하고 조합원 가입자의 금전적 피해가 최소화 할수있게 해야합니다.) 현실적인 사업의 퍼센테이지에 따른 사업자금의 융통 등이 이루어질 때에만 관련자들에게 돈이쓰여져야하고 그렇지 못한 경우에는 자금 지급이 이루어지지 않아야합니다.(조합원가입자는 돈줄이 아닙니다.) 중도금 대출은 만들어질 집을 담보로 진행되어야합니다.(위험성이 따른 일에 책임을 함께해야 합니다.) 조합원아파트의 사업파트너들도 피해의 책임을 같이 물어야합니다.(건설사등 명시한 모집에 책임이 따릅니다.) 계약서와 제도가 중요하지만 피해금액과 어떤슬픈일들이 있었는지 집중해야합니다.(슬픔을 막아야합니다.) 조합원가입자 모집시에 모집사업의 주체는 누구입니까?(모집을 우선시하려는 욕심에 책임이 따라야합니다.) *** 우리들은 내돈들여 집을 짓고 싶어서 가입한 조합원이 아닙니다. *** 집을 시세보다 저렴하게 입주할수있다면서 대대적인 광고와 영업에 속을수밖에 없는 내집을 가져보지못한 사람들입니다. 그렇게 제도를 만드셨잖아요. 노후된 아파트를 재건축하는 경우도있지만, 비어있는 부지에 상상의나래를 펼쳐서 기정사실화 하는곳도 많습니다. 조합원 아파트의 피혜사례가 너무나 많지만 우선적으로 알고있는것만 적어봅니다. 1. 조합원가입자로서 해약당시 3천만원가량의 금전적 피해를 감수하며 해약을 하였으나 해약처리가 확실히 되지않아 1년6개월이 지나서 2천만원이 넘는 중도금 대출금을 상환하라는 통보를 받게됐습니다.(조합운영직원과 중도금 대출금융기관 해약처리 미 이행으로 인한 책임 전가로 신용상 불이익이나 금전적인 빚 생성) 2. 아파트 완공후에 무분별한 자금운영으로 인한 추가분담금 천만원단위 이상 발생(내돈 들여 만들어 놓고 입주를 못하는 상황) 3. 개포시영 재건축 조합원 투신자살…그들에게 무슨 일이? (관련링크로 걸어둡니다.)",
  "num_agree": 413,
  "petition_idx": "582754",
  "title": "조합원 아파트 !! 무분별한 피해자를 살려주세요!!"
}