{
  "category": "육아/교육",
  "begin": "2019-09-23",
  "content": "[꿈같은 대학 평준화, 이젠 현실로 바꾸어주세요] 안녕하세요. 고등학교에 재학 중인 교직을 꿈꾸는 학생들이 모여 만든 교육동아리입니다. 저희는 국립대 통합과 대학 평준화가 이루어져야 한다고 생각합니다. 대학 평준화는 고교 평준화처럼 대학 간의 서열을 없애거나 완화하는 정책을 뜻합니다. 현재 한국은 대학 서열화와 학벌 위주의 사회라는 문제가 있습니다. 또한 경쟁 위주의 입시로 인하여 학생 개개인의 자질과 역량이 발휘되지 못하는 현실에 쳐해 있습니다. 그래서 대학을 평준화하여 본인이 원하는 대학을 지정하여 입학하는 정책을 제안하는 바입니다. 이 정책의 기대 효과는 우선 고등학교 생활에서 학생 개개인의 자질과 역량을 발휘할 수 있다는 것입니다. 더 나은 교육기관에 진학하기 위해 시험이라는 평가의 요소인 교과공부에만 치우치지 않고 자신의 자질과 역량을 기르기 위해 노력할 수 있습니다. 다음 기대 효과는 사교육의 감소입니다. 현재 중등학교의 학생들은 더 높은 대학을 가기 위해 과도한 사교육과 선행학습을 하고 있습니다. 하지만, 대학 평준화가 되면 높은 학벌을 차지하기 위한 경쟁이 줄어들어 사교육의 필요성이 줄어들 것입니다. 그리고 평준화가 되면 점수에 맞추어 서열이 높은 대학에 가기 위해 자신의 희망진로와 관련 없는 전공을 선택할 일이 없어 적성과 개개인을 중시하는 교육을 할 수 있습니다. 현재 문제가 되고 있는 대학 서열화와 학벌중심주의인 사회를 고치기 위해 대학 평준화는 어렵지만 반드시 가야 할 길이라 생각합니다. 나비의 날갯짓에서 나온 작은 바람이 태풍이 되는 것처럼 소수의 학생들이 제안한 작은 정책이 한국 교육을 획기적으로 바꾸기를 소망합니다. 교육의 현장 속에 있는 학생으로서, 직접 제안한 정책으로 교육환경을 바꾸는 것이 의의가 있고, '대학 평준화'라는 제안이 더 나은 대한민국의 교육으로 가는 디딤돌이 되었으면 합니다. 마지막으로 이 청원을 통해 다른 학생들도 자신의 의견을 자유롭게 낼 수 있는 분위기가 형성되었으면 좋겠다는 바람입니다. 읽어주셔서 감사합니다.",
  "num_agree": 159,
  "petition_idx": "582792",
  "title": "꿈꾸는 대학을 위하여"
}