{
  "category": "보건복지",
  "begin": "2019-09-17",
  "content": "저는 안산에서 조그만 돈가스집을 하고 있는 네아이의 엄마입니다. 얼마 전 제 남편이 가계 앞 도로하수도매립공사장에서<공사한 곳을 차단막이 없어서 당연히 말랐을 거라 생각하고 걸어오다 미끄러지면서> 넘어져 디스크파열이 됐고 수술을 두 번이나 받았습니다. 시청에 알아보니 시청에서 공사하는 업체와 계약을 하는 거라 보상은 공사업체와 하라 하더군요. 공사업체에서는 증거가 있느냐며 고소를 하든 맘대로 하라더군요. 전 어떻게 해야 할지 막막하기만 했어요. 남편이 수술을 해서 간병도 해야 했고 먹고살아야 하기에 가계 문도 열어야 했습니다. 시청에 어떻게 이럴 수 있느냐며 전화하니 시청 담당이 공사업체 담당과 와서 큰맘 먹고 200만원 해줄 거니까 합의할 거냐고 하더군요. 당시만 해도 의사 선생님이 수술이 잘 됐다면서 며칠 있으면 퇴원해도 된다고 해서 <전 경찰서 가서 고소하고 알아보러 다닐 시간도 없었습니다..> 그래 이거라도 받아서 병원비 보태야지 했습니다. 그런데 남편에게 문제가 생겼습니다. 디스크 파열이 심하게 되어서 실핏줄 하나가 잡히지 않아 한쪽 다리가 마비가 된 겁니다. 수술하고 삼 일째 되는 날 재수술을 하게 되었고 마비되었던 다리는 조금은 돌아왔지만 다리를 딛고 일어나는 건 여전히 되지 않았습니다. 남편은 석 달하고 열흘 만에 퇴원을 했지만, 여전히 재활 치료를 받아야 합니다. 남편과 저는 5년 전 어렵게 돈가스집을 차렸고 특별한 날이 아니면 쉬지 않고 일했습니다. 자리 잡는데 5년이라는 시간을 공들였지만, 남편이 다치고 배달을 못 하게 되자 생활은 점점 힘들어졌습니다.. 달리 방법이 없었던 저는 시청에 전화해서 공사업체가 보험에 가입했다면 보상받을 수 있게 도와달라 했고 담당자는 200만원 받고 합의한 게 아니냐고 하더군요. 전 말했습니다. 수술을 두 번이나 받을지도 몰랐고. 한쪽 다리가 마비가 될 지 알았겠냐고. 석 달이 넘게 병원에 있게 될지도 몰랐다고. 시청 담당은 업체가 보험 가입을 하지 않았다고 하더군요.. 며칠 전 경찰서에 가서 고소하려면 어찌해야 하는지 물어봤습니다. 석 달이라는 기간 동안 정말 정신없이 살았는데 막상 고소할 내용을 물어보니 무슨 말부터 해야 할지 막막했습니다. 형사분이 시청 담당에게 전화해서 얘길 한참 하더니 저희 가계로 와서 잘 해결하겠다 하니 먼저 만나보라 하더군요. 가계로 온 시청 담당과 업체 담당은 더 이상 해줄 수 있는 게 없으니 알아서 하라더군요. 전 더이상 바라는 거 없습니다. 공사 현장에 위험하다는 문구도 없었고 마르지 않은 상태로 차단막도 해놓지 않았던 업체와 시청에서 공사하는데 보험도 들지 않은 부실한 업체에 공사를 맡겨서 피해자가 제대로 된 보상도 받지 못하게 한 시청담당자를 고발합니다. 저도 이번 일을 격기 전에는 이런 사고를 당할 거라곤 생각해본 적도 없었습니다. 누구라도 이런 사고를 당할 수 있고 그랬을 때 제대로 된 보상이 이뤄졌으면 하는 생각을 해봅니다. 억울한 일이 더는 생기지 않기를. 안전 소홀로 다치는 사람이 없었으면 하는 바람으로 이글을 올립니다. ​ 다둥이 엄마 --- 안녕하세요. 컴퓨터 사용을 잘 못하시는 어머니를 대신하여 청원을 올립니다. 부디 많은 분들이 이 글을 보시고 저희의 억울함과 제대로 된 보상조차 해주지 않는 시청과 공사업체에 대해 알아주셨으면 합니다. 아무런 경고문도 공사현장을 감독하는 사람 한 명도 배치 해두지 않고 자리를 뜬 공사업체 분들, 그로인해 넘어져 디스크 파열로 수술을 하게 된 아버지.. 이건 남의 일이 아닐 수 있습니다. 도로 하수도 매립공사는 여러분이 다니는 도보의 바로 옆, 도로에서 언제든지 공사를 할 수 있습니다. 집 앞에서 공사를 할 수도 있고 회사 건물의 앞, 공원의 앞, 어디든지 공사를 시작할 수 있습니다. 그럴 때, 저희처럼 제대로 일처리를 하지 않는 공사업체로 피해를 입으시고 시청도 그 공사업체도 나몰라라 하신다면 어떻겠습니까. 디스크는 몸의 중심이 되는 곳인만큼 다치면 힘들고 이전처럼 힘을 쓰지도 못하는 중요한 곳입니다. 디스크파열로 수술을 하실 때, 전신 마취를 하신 뒤 수술을 하셨습니다. 처음 수술 하실 때에 아버지는 괜찮을 거라며 수술을 받으셨습니다. 하지만 누군들 전신 마취를 하고 큰 수술을 받는데 무섭지 않을까요.. 잘 되었다고 듣고 안심한 것도 잠시. 수술이 잘못되어 재수술을 하게 되었을 때엔 아버지가 한 번도 보지 못했던 눈물마저 흘리시며 힘들어 하셨습니다. 어머니 앞에서도 힘들어도 울지 않으려 하셨는데, 재수술을 받아야 한다는 것에 가족이 병문안을 모인 자리에서 우셨습니다. 마비되어 잘 움직이지 않는 다리에 재활 치료를 받으시며 석 달하고도 열흘동안 병원에 장기 입원해야 하셨습니다. 이런 상황이 되었는데도 알아서 하라며 나몰라라 하신 시청과 공사업체 분들에 대해 조치를 취해주시고 제대로 된 보상을 해주시길 바랍니다. 또한 앞으로 이런 사고가 일어난다면 제대로 보상을 받을 수 있도록 제대로 된 방안을 제시해 주시고 시행 해주세요. 부디 저희가 억울함을 풀 수 있도록 도와주세요. 긴 글을 읽어주시어 감사합니다.",
  "num_agree": 208,
  "petition_idx": "582710",
  "title": "피해자가 제대로 된 보상도 받지 못하게 한 시청 담당자와 공사업체를 고발합니다."
}