{
  "category": "행정",
  "begin": "2019-09-20",
  "content": "저는 조** 이라고 합니다 20년 넘은 부친의 회사에서 저와 어머님이 재직을 하고 있습니다. 그러나 2018년 11월30일 대표이사인 부친이 사고로 사망 하시게 되었습니다. 대표이사이신 부친은 20여년을 동거동락한 직원들을 언제나 최우선으로 생각하시는 분이셔서 가족들은 경영에 전혀 참여를 못하게 하시었습니다. 그런데 회사의 *** 전무님이 아버지의 작고 사실을 외부에 알리지 말라 하셧습니다 사실이 알려지면 회사의 공사대금을 수령하지 못한다 하시면서 미루라 하셧습니다 경영에 전무한 저희 가족은 이들을 믿고 있엇기에 아버지를 안치실에 모실 수 밖에 없엇습니다. 그런데 ***전무님을 비롯한 직원들이 돌변했습니다. 공사대금으로 본인들 시기도 안된 상여금및 급여 퇴직금 등을 챙기기 시작 하고 잘 운영되던 회사는 파산신청 하라는 것입니다 그런데 아버지가 사고를 당해서 병원에 입원한 중 부터 저와 어머님을 제외한 전 직원들은 회사의 물품및 집기들을 외부로 반출 하기 시작했습니다. 차를 대놓고 그냥 막 싣고 나르는 상황이더군요.. 저희는 승계등을 이유로 법인의 직인등을 요청 해도 직원들은 담보식으로 가지고 주질 않았습니다. 사건은 많았으나 이후 이 직원들은 단합해서 퇴사를 모두 하고 회사는 껍대기만 남겨 두엇습니다. 회사의 업무자료및 기술자료등 컴퓨터 데이터등은 모두 삭제 해놓고.. 경리 과장은 3억여원을 법인계좌에서 자신의 개인 계좌로 수시로 인출 했더군요..이에 저희는 경찰에 신고를 하엿습니다 cctv 동영상 /물품보관창고 계약서/통장거래내역/ 증인/ 기타 모든 자료를 제출 하였으나 경찰은 무혐의로 검찰에 송치 하엿습니다. 묻습니다 왜 이러는 겁니까? 도대체 이러한 자료가 불충분 하다면 절도등은 도대체 어떤 증거가 충분 하다는 겁니까? 횡령은 개인 계좌로 빠진 돈의 출처를 조사 요청 드리는 건데 어떤 부분이 불충분 하다는 겁니까? 저희 같은 국민들의 요청은 이리 소홀하게 조사하고 닫아 버려도 되는 겁니까? 단 1명의 억울한 국민이 있어서는 안된다고 생각합니다. [본 게시물의 일부 내용이 국민 청원 요건에 위배되어 관리자에 의해 수정되었습니다]",
  "num_agree": 815,
  "petition_idx": "582770",
  "title": "경찰이 이래도 되나요?"
}