{
  "category": "문화/예술/체육/언론",
  "begin": "2019-09-19",
  "content": "2019년 9월18일 조선일보에서 단독 타이틀로 보도한 [단독] '조국 퇴진' 시국선언 교수 2300명 넘었다..'최순실 사건' 때보다 많아 최지희 기자 입력 2019.09.18. 14:55 수정 2019.09.18. 16:10 댓글 14313개 의 참여 링크는 http://my-right-things.blogspot.com/2019/09/blog-post.html 입니다. 교수들이 시국선언에 동참하는 사이트인데 교수임을 확인할수 있는 아무 장치도 없습니다. 본인은 1. 성함 [ 조국이여적폐청산의선봉에서 임무를 안수하라 2.소속대학(교) [ 토착왜구박멸특화대학교] 3.학과 [ 토착왜구박멸특임대과] 4.전화번호 [ 1004-1004] 5.이메일 [ nabest@jaildang.com] 라고 입력하고 동의하였습니다. 성명, 학교, 학과, 전화번호 등... 아무렇게 입력하면 됩니다. 이런 엉터리 자료를 가지고 전국에서 2300명의 교수가 시국선언에 참여했다고 단독보도를 하는 조선일보를 처벌해주십시오.",
  "num_agree": 4348,
  "petition_idx": "582762",
  "title": "가짜뉴스로 나라를 혼란에 빠트리는 조선일보를 폐간시켜주세요. 조국퇴진 시국선언의 진실"
}