{
  "category": "육아/교육",
  "begin": "2019-09-23",
  "content": "왜 학생의 알 권리는 ‘특정 분야’에서 경시되는 걸까요? 과거 고교에서는 정치 경제가 필수였지만, 대다수의 학생들은 제대로 된 정치교육을 받지 못하고 유권자가 되었습니다. 중요한 권리가 부여되는데도, 그 과정은 너무나 허술합니다. 이로 인해 발생하는 정치에 대한 무관심과 낮은 투표율, 민중의 의견 왜곡 등은 사회적 비용을 국민들이 물고 있는 셈입니다. 성숙한 시민의식과 높은 정치 참여율 및 합리적 선택은 사회 유지와 국가 발전의 필수 요소입니다. 이를 위해 정치교육은, 현 고교에서 필수적으로 이수해야할 교육이라고 역설하고 싶습니다. 독일의 선례에 따르면, 독일에서는 이론적인 정치교육(현 대한민국 교육부가 채택하는)이 현실적으로 학생과 교사에게 흥미와 관심을 받기 어렵다는 것을 인지하였습니다. 이후 각 정치 정당을 대변하는 재단에서 직접 정치교육에 참여하여 담당 전문가를 양성하고, 학생들에게 각 정당의 방향성, 정치적 입장과 같은 직접적인 정치 정보를 제공하기 시작했습니다. 이로써 학생들은 다양한 정치의견을 획일화된 주입이 아닌 토의와 논쟁을 바탕으로, 여러 입장이 존재함을 인식하고 이를 존중하는 자세를 함양할 수 있었습니다. 이에 대해 독일연방정치 교육원 부원장 베른트 휘빙거는 “정치교육이 독일의 민주화와 통일의 원동력이었다”고 역설하였습니다. 이러한 선례로 알 수 있듯, 교육에서 그 특수성 때문에 배제되기 쉬웠던 정치의 분야까지도, 더욱 양질의 진보한 교육을 시행하는 것은 학생들로 부터 하여금 정치 지식과 의식을 함양하여 현실정치에 관심을 가질 수 있는 기회를 줄 것입니다. 또한, 이는 이러한 학생들이 유권자가 되었을 때 올바른 정치 의식을 가지고 자신의 정치적 성향에 대해서도 깊게 생각할 수 있는 기반을 마련해 줄 것이며, 이로써 청년세대와 기성세대간의 의사소통에도 긍정적인 효과를 기대할 수 있을 것입니다. 우리는 모두 삶 속에서 사회문제를 함께 고민하고 해결방안을 모색하는 과정 속에서 성장하는 존재입니다. 다양한 이해관계속에서 의견이 충돌될 때, 서로간의 이해를 조정하고 질서가 유지되도록 하는 것이 정치입니다. 그러므로 정부는 시민이 배움에서 주체로 성장할 수 있도록 여건을 만들고, 정치에 적극적으로 참여할 수 있도록 필요한 것을 지원하는 역할을 맡아야 합니다. 그러므로, 지금 이 시점이 바로 정치교육이 필요한 시점입니다.",
  "num_agree": 193,
  "petition_idx": "582793",
  "title": "학생들의 정치적 알 권리를 보장하여 올바른 유권자로 성장할 수 있도록 도와주세요"
}