{
  "category": "문화/예술/체육/언론",
  "begin": "2019-09-18",
  "content": "일본말 쓰지 맙시다. 말은 정신의 집이라고 합니다. 우리말에 우리의 정신이 담겨 있습니다. 우리 민족의 감정이나 사상이 우리말에 담겨 표현되고 전달되며 대대로 이어져 내려갑니다. 우리말은 우리 민족의 역사와 함께 많은 일들을 겪으며 변화해왔습니다. 다른 민족이 우리 민족에게 강한 힘을 끼칠 때는 우리말도 그 민족의 말에 영향 받았고, 일본에 나라를 빼앗겼을 때는 우리 말글도 더불어 사라질 위기에 놓이기도 했었습니다. 일본이 우리 민족을 말살하기 위해 우리 말글 대신에 일본말글을 쓰도록 강압했기 때문입니다. 그러나 우리 선조들은 “말은 민족의 정신이요, 글은 민족의 생명이다.”라며 목숨처럼 우리말과 글을 지켜냈습니다. 지켜냈을 뿐만 아니라 우리말을 하나도 빠짐없이 보존하고 후손에게 물려주기 위해, 말들을 모으고 정리하여 기록한 우리말 사전 ‘말모이’를 만들어냈습니다. 이것은 우리 말글만을 지킨 것이 아니라 우리 정신을 지켜낸 일입니다. 그런데 오늘날 우리가 일본말을 많이 쓰고 있는 것을 아십니까? 일제 강점기를 겪는 동안 우리가 모르는 사이에 우리말 속에 들어와 우리말을 밀어내고 들어앉은 수많은 일본말, 그 말들을 일본말인 줄 모르고 우리가 무심히 사용하고 있다는 말입니다. 내가 쓰는 물건에는 일제가 없다고 생각했던 나는 사용하던 빨래세제가 일본 물건이라는 것을 발견하고 아주 놀랐습니다. 우리가 만든 우리 것이려니 하고 무심히 써왔던 물건이 일본 것이었다니, 또 어떤 많은 것들이 우리 얼굴을 하고 숨어서 우리 생활의 일부를 차지하고 있을지 우려됩니다. 아닙니다. 많은 사람들이 이런 것들을 찾고 있으니, 그 숨은 것들을 다 찾아내서 국민들에게 알려 줄 것이므로 그것들을 더 이상 사지 않고 쓰지 않으면 되리라 생각합니다. 물건들은 생활의 일부를 차지합니다. 일본 것 아니어도 우리 것 얼마든지 있고, 그렇지 않은 것은 얼마 지나지 않아 우리가 더 좋은 것 만들어내어 생활할 수 있으리라 믿습니다. 말은 차원이 다릅니다. 우리의 정신을 차지하기 때문입니다. 우리가 쓰는 일본말 속에 일본인의 생각이 담긴다는 것입니다. 일본인의 생각으로 말하고 듣고 이해한다는 말입니다. 기막히지 않습니까? 수십 년 전부터 정부와 국립국어원에서 우리말 속에 끼어 있는 일본말들을 우리말로 순화해 국민에게 쓰도록 권장해왔고, 우리말을 지키자고 많은 사람들이 말하고 있으나 잘 이루어지지 않았습니다. 국민의 관심이 부족한 때문이라고 생각합니다. 우리 생활 속 물건들에 관심을 갖고 일본 제품 찾아내는 것과 같이 우리가 쓰는 말에 관심을 기울여야 합니다. 너도 나도 우리말 곳곳에 숨어 있는 일본말 찾아 솎아내고 더 이상 쓰지 말아야 합니다. 일본말 때문에 버려졌던 우리말을 되찾아 우리 정신, 우리 민족의 자존심을 되찾아야 합니다. ** 정부와 국립국어원, 모든 방송사에 제안합니다.** 1. 정부와 국립국어원은 국민들에게 일본말을 쓰지 말아야 하는 이유를 분명히 알리며 우리말 속에 숨어 있는 일본말을 낱낱이 드러내고 더 이상 쓰지 않도록 적극 교육하기 바랍니다. 2. 정부와 국립국어원은 일본말과 그것을 순화한 우리말을 인터넷 홈페이지에 제시해 놓는 것에 그칠 것이 아니라 그것을 국민에게 적극적으로 알리고 교육하는 방안을 마련하기 바랍니다. 각급 학교의 교육과정, 교과서, 각종 매스컴을 통해 우리말 교육을 강화하기 바랍니다. 3. 정부와 국립국어원은 모든 방송사와 연계하여 우리말 교육 프로그램을 만들어 적극 실행하게 하되, 아래 내용을 담은 방송법을 만들어 실행케 하는 방법을 제안합니다. 1). 모든 방송은 우리말 바로 쓰기 프로그램을 수시 운영하는 등 우리말을 지키고 바로 쓰는 일에 적극 앞장서기 바랍니다. 2) 방송사마다 우리말 전문가를 두어, 방송 프로그램 종사자와 출연자들의 언어 교육을 담당하게 하여 일본말뿐만 아니라 무분별한 서양말, 비속어, 잘못된 말을 쓰는 일이 없도록 철저히 교육하기 바랍니다. 3) 방송사마다 우리말 지킴이 모니터단을 조직하여 방송에서 잘못된 언어를 지적하여 바로잡게 하기를 바랍니다. 4) 모든 방송 중에 잘못된 언어를 사용할 때마다 잘못된 말과 그것의 바른말을 자막으로 제시하여 시청자들에게 알리기 바랍니다. (우리가 많이 쓰는 일본말 예: 덕후, 축제(잔치), 뗑뗑이(물방울), 가라(무늬), 나시(민소매), 십팔번(애창곡), 가라오케(노래방), 납득(이해), 기라성 같은(뛰어난, 내로라하는), 입장(처지), 감안(고려)하다, 신병(신분), 수순(순서, 차례), 식대(밥값), 견출지(찾음표), 행선지(가는 곳), 가처분(임시처분), 호출하다(부르다), 다대기(다진 양념), 소바(국수), 수속(절차), 식상하다(싫증나다, 낡다) 촌지(작은 선물), 결혼(혼인), 전향적(앞서가는), 유도리(융통성), 단도리(채비, 단속), 백묵(분필), 흑판(칠판), 제왕 절개(인공분만수술), 마이(양복저고리), 시건장치(잠금장치), 납골당(봉안당), 어부인(부인), 작금(요즘), 금번(이번), 금일(오늘), 익일(다음날), 탕비실(준비실), 망년회(송년회), 시말서(사유서), 고참(선임), 애매(모호) 등)",
  "num_agree": 324,
  "petition_idx": "582736",
  "title": "일본말 쓰지 맙시다."
}