{
  "category": "외교/통일/국방",
  "begin": "2019-09-16",
  "content": "청원합니다! 일본의 욱일기가 2020 도쿄 올림픽에 반입되지 않도록 우리 정부가 유엔 등의 국제 무대에서 호소해 나갈 것을 청원합니다! 욱일승천기는 과거 일본이 일으킨 침략전쟁 당시의 전범기였습니다(이러한 의미에서 '욱일전범기'라 호칭해야 타당하다고 생각함). 아울러 현재도 일본 해상 자위대 등의 상징기로도 사용되고 있습니다. 이렇게 전쟁과 무력의 상징인 깃발이 평화와 협력의 대제전인 올림픽에 등장한다는 것은 막아야 합니다. 이는 독일 나치의 상징인 '하켄크로이츠'를 올림픽에 반입시켜 사용하려는 것과 다를 바 없습니다. 국제 사회가, 욱일기가 하켄크로이츠와 유사한 성격임을 몰라서 그렇지, 제대로 인식한다면 대부분 우려하거나 반대할 것입니다. 이를 고려, 우리 정부는 욱일전범기가 도쿄 올림픽에 반입되거나 여하한 형태로든 사용되지 않도록 유엔 등의 국제 무대에서 국제 사회에 널리 호소해 나가야 마땅합니다. 이는, 일본의 일부 일그러진 정치 세력들에 의해 도쿄 올림픽이 인류사에 오점으로 기록되지 않게 함으로써, 아직 그 내막을 잘 몰라 가만히 있는 국내외의 일본인들이 한일우호를 열망하는 우리의 우의를 느끼게 하는 길이기도 합니다. 이러한 여러가지 이유를 토대로, 우리 정부가 국제사회에서 욱일전범기의 도쿄 올림픽 반입 금지 등에 대해 적극 설파해 줄 것을 청원하는 바입니다.",
  "num_agree": 1604,
  "petition_idx": "582703",
  "title": "우리 정부가 욱일기의 도쿄 올림픽 반입 금지를 국제사회에서 널리 호소할것을 청원합니다."
}