{
  "category": "외교/통일/국방",
  "begin": "2019-09-17",
  "content": "목함지뢰 도발로 다리를 절단한 하** 중사의 명예를 찾아 주세요. 국가보훈처가 2015년 북한의 목함지뢰 도발로 두 다리를 잃은 하** 중사에 대해 최근 전상(戰傷)이 아닌 공상(公傷) 판정을 내렸다고 합니다. 전상은 적과의 교전이나 이에 준하는 작전 수행 중 입은 상이(傷痍)를, 공상은 교육·훈련 등의 상황에서 입은 상이를 뜻한고 합니다. 보훈처가 목함지뢰 도발을 북과 무관하게 발생한 사고인 것처럼 바꿔버렸어요. 군은 하 중사가 전역할 당시 내부 규정을 근거로 전상 판정을 내렸는데, 보훈처에서는 군의 결정을 뒤집고 교육 훈련 중에서 다쳤다고 바꿔버렸습니다. 하 중사 역시 보훈처 결정에 이의 신청을 했습니다. 하 중사는 한 매체 인터뷰에서 이렇게 밝혔습니다. \"보훈처로부터 '공상'을 통보받은 순간 '내가 왜 공상일까'라는 생각에 한동안 멍했다.\" \"저에게 전상 군경이란 명예이고, 다리를 잃고 남은 것은 명예뿐이다. (국가는) 끝까지 책임지겠다고 했는데 저를 두 번 죽이고 있다.\" 보훈처는 하 중사에게 전상 판정을 내려주십시오. [본 게시물의 일부 내용이 국민 청원 요건에 위배되어 관리자에 의해 수정되었습니다]",
  "num_agree": 4908,
  "petition_idx": "582726",
  "title": "목함지뢰 도발로 다리를 절단한 하** 중사의 명예를 찾아 주세요"
}