{
  "category": "기타",
  "begin": "2019-09-20",
  "content": "화성 연쇄 살인 사건은 1986년 9월 19일 부터 1991년 4월 3일까지 경기도 화성군 일대에서 여성 10명이 무참하게 강간, 살해 당한 미재사건 이였습니다. 2019년 9월 18일 오늘 범인이 검거 되었다고 합니다. 무참하게 10명을 죽인 범인은 피해자 가족 분들의 고통을 모른채 몇십년간 평범한 사람인척 하고 생활해왔을겁니다. 살인죄 공소시효 기간인 25년이 지나 처벌이 어렵다고 하지만 처벌을 간곡히 부탁드립니다.!",
  "num_agree": 998,
  "petition_idx": "582768",
  "title": "화성 연쇄살인사건 범인을 처벌해주세요!!"
}