{
  "category": "안전/환경",
  "begin": "2019-09-18",
  "content": "정치는 모르고, 오직 지구 환경만 걱정하는 국민 입니다. 제가 드리는 제안은 국회 동의도 필요없고 정부의 의지만 있다면 시행령으로 가능할거라 생각합니다. 또한 그 누구에게도 피해가 가지 않는 방법입니다. 몰라서 안하는건지 알아도 안하는건지,,,, 버려지는 카페용 일회용컵들을 볼때 억장이 무너집니다. 제발, 우리 후손들이 살아가야될 환경을 생각해주십시요. 지금도 여러분이 마시는 물안에 보이지 않는 미세 플라스틱 가루가 들어 있습니다. 남의 일이 아닌 우리의 일 입니다. 우파의 물에도 좌파의 물에도 ,,우리 모두가 마시는 물에 플라스틱 가루가 들어 있습니다. 그리고, 우리 모두의 자식들이 마시고 있는물에,,, 가장 시급합니다,,,,,, 1. 방안 : 모든 카페 take-out 일회용 플라스틱컵에, 음료및 커피 주문시 환급금 5,000원을 선부과하고, 지점 어디라도 빈컵 환원시(파손 상관없음) 5,000원 환급해줌. 2. 예상 시나리오 : 99.9% 일회용컵 재활용될것임. 일부 부유층의(?)의 버려지는 컵들은 발견 즉시 부지런하신 어른신들이 수거하여, 짭짤한 용돈으로 사용하실것임. 이또한 어려운분들의 수익원이 될것임^^. 3. 추후 나아가야할 방향 : 이러한 일회용컵 환경부담금 선부과후 환원이란 시스템을 이용하면 카페뿐 아니라 일반 공장에서 생산되는 음료수 병 수거까지 99.9% 가능하다고 생각됨. 작게하면 안됨 적어도 병당 5,000원. 한국민의 근검절약 정신에 비추어보면, 무조건 99.9% 회수 가능. 모든 환경보호 비즈니스에 적용가능. TO : 청와대 \"반드시 제 제안 올려서 지구를 살려 주세요 \" PLS ~~~",
  "num_agree": 241,
  "petition_idx": "582742",
  "title": "카페 TAKE-OUT 일회용컵 재활용 100% 가능방안"
}