{
  "category": "육아/교육",
  "begin": "2019-09-16",
  "content": "저는 7세아이를 홀로보육하고있습니다.항상 아이에겐 한부모라서 발생할수잇는 결핍사항이 있기에 1년이 넘는기간동안 꾸준히 심리치료를 받았음을 현재 다니고있는 유치원에 충분히 설명을하고 이미선생님들께서도 아이상황을 충분히 인지하시고 본인들이 최선을다해 맡아보시겠다고 하여 해당유치원에 등원을하였습니다. 작년 겨울쯤부터 아이가 눈밑이 찍혀왔기에 놀다다쳤겟거니 가볍게물어본질문을 시작으로 그날은 선생님말을 듣지않는다는이유로 옆에 자료실(창고)에 가있으라고 했는데 무서워서 안간다고 울고불고하는 아이를 선생이 강제로 자료실로 데려다놓앗고..울음을 그치지않는다고 담임선생님이 아이에게 엄마한테가라며 가방을 던졌다고 합니다 그가방에 허리띠에달려있던플라스틱이 눈을다치게했다고 아이는 제게 말을했고 그당시 저는 주임선생(유치원 원장따님.당시에는 딸인지 몰랐음) 에게 사실여부 확인과 cctv열람 요청을햇지만 cctv가 없다고하시며 본인이 바로앞교실이라 당시상황을 들었는데 선생님하고 그런언쟁이 있엇던게 맞고 그게 저희아이가 다른아이에게 위해를 가해 선생님이 체벌하는 방법으로 자료실로 보내려던것이맞고 가방을 던진게아니고 가방을가지고 실갱이를 하다가 눈에맞았나보다 라고하시며 ..그나이아이들은 과장되게 말을 한다라고..저도 당시엔 증거도없고 주임선생님말만 믿고 넘어가겠다 하고 당시엔 넘겼엇던상황이었습니다 그이후로 담임선생님께서는 별다른 말씀없이 아이가 상쳐가나면 그때만 어머님이 오해하실까봐 말씀드리네요~라며 어떻게해서 어찌다치게됐다 아이가 기둥을잡고 매달려넘어지려고해서 급하게 잡은게 목뒷덜미에 손톱자국이났다 이런식으로 말씀하셧고 한동안은 저와 선생님사이가 대면대면해지니 선생님도 별다른말씀도 없어서 아이가 유치원에서 나름 원활하게 지내나 했지만 9월6일 금요일 유치원에서 아이2학기 학용품을 보내달란 요청에 물건을 보냇고 9월9일 유치원등원차량을 기다리던와중 아이가 \"엄마가 사인펜 잘못보내서 선생님이 화냇잖아요\"라고 말을하기에 그게무슨말이야? 라고 물으니 \"엄마가 사인펜 두꺼운걸로보냇자나요얇은거보내라고 선생님이 그랫는데 두꺼운거보내서 선생님이 나쁜말했어요\" 라고말을했습니다 어떤 나쁜말을 햇어? 라고물으니 처음엔 엄마가화낼까봐 말안할래요 라고 대답하기에 엄마 화 안낼거니까 얘기해보라고 했더니 제게 귓속말로 \"아이씨..라고 해서 내가 선생님 나쁜말하면 엄마한테 얘기할거에요 라고했는데 선생님이 헛소리하고있네 이러셧어요...\" 라고 말을했습니다 이에 저는 담임선생님께서 아이에게 준비물하나만으로 폭언을 하실정도라면 평소에 어떻게 하실지 걱정스러웠고 이전에도 아이가 여러차레 선생님이 어깨를쎄게눌러서 아팠다 가슴을 밀었다 등 폭력을 쓰셧다는 내용을 들은터라 사실여부를 확인하고싶은마음에 먼져 9월9일 영암교육청에 민원을넣어 언어폭력 교육을 시켜주십사 부탁을하여 유치원에 9월9~10일쯤 장학사님이 방문하여 지도하셧다고 했엇고 당시 장학사님께도 내가 녹음기를 보내 사실확인을 하려고한다라고 말씀드린후 아이옷에 녹음기를 보내 그날일상을 9월10일저녁~9월11일 새벽5시까지 녹음파일을 확인한 결과..그중 내용몇개만 꼽자면.. 오전 자율활동시간에 아이들에게 그날숙제를 내주거나 숙제를 하면서 담임선생님이 \"피아노치자\"라고하자 아이가 \"피아노안치자\" 라고 장난식으로 얘기하니 \"아 **진짜\" 라며 아이앞에서 욕설 담임이 xxx앉으세요 라고했는데 아이가 \"아쉬급해요~\"이러고 화장실을 가려고하니 이를 앙다문 목소리로 \"너는꼭 앉으라고하면 그러드라\" \"퍽\" 이렇게 폭행을 하였고 활동시간에 아이가 낙서를한건지 갑자기 주임선생님이\" xxx 너누가 여기에 낙서하래 어쩌고저쩌고 비난을하기시작하자 담임이바로\" 이리와 니얼굴에 그어블게 이리와(아이붙잡음)\" 을하였고 그와중에 아이가 놀래서 침을 흘린건지 다른선생님이\"아침뭍었어 더러워죽겟어진짜 라며\" 선생님3분이 동시에 아이에게 더러운짓거리만 골라한다 넌왜애가 그러냐 라며 한참을 비난하고 신체를 구속하였고 아이가 어딘가 다녀온후 \"**아 잠깐 비켜줄래?\" 라고 말하고 그친구가 비켜줫는지 탁탁걸어가는소리가 나는데 느닷없이 담임이 \"아이씨\"(퍽) 이렇게 이유없이 폭행을하였습니다 친구랑 둘이 놀고있는상황에서 둘이 시끄럽게 소리지르며 놀자 저희아이이름을 화를내며부르고 원장실에 세워놓고 사모님이 xx이는 왜또여기와있니~라니 주임선생님이\"얘는 좀 진정해야될 필요가 있어서 데리고왔어요\"라고하였고 사모님이 \"에어컨좀 틀구있지~\" 라고하니 주임선생님께서 \"얘랑저랑 둘이 있는데 굳이제가 에어컨을 왜틀어요~더워도 제가 참고말죠 굳이얘랑있는데 에어컨을 틀이유가없잖아요 (웃음) 아이가 활동시간에 무언갈 그리다가 질문이생겼는지 여러차레 혼잣말로 선생님...선생님.. 부르다 선생들끼리 잡담하느라 대답이없자 혼자 \"여기 어떻게 그리지\"라고 멈춰있자 선생하나가\" xxx 는 열심히 안한데요 넌집에 못가지고가겠네?\" 라고 말을하고 아이가 그순간 담임에게 \":선생님~~\" 불르니 담임\" 야 나너랑말안해...!!!! 왜!!왜!!!\" 라고 신경질적으로 대답함 아이가 주늑이들어 목소리가 기어들어가게 질문을겨우하였고 아이가 밥을먹고 담임선생님옆에서 지나가면서 트름을했나봅니다. 주임\" xxx너 이리와바 너왜 선생님귀에 트름을하니!!\"(격양됌.주변에 다른원아들이 죽을먹고있음) 아이\"일부러그런거아니....에..\" 주임\"너가 일부러 그랬다고안해도 너는 일부러그런거야 니가 니자리에서 가만히트름을한게아니고 니가 돌아다니다가 선생님 귀에대고 그렇게하는거 내가봣는데 ?니가 트름을하고싶으면 니자리에서 하세요 왜그걸 여기다하니 너희엄마는 너가 엄마귀에 트름하면 아이고 잘했구나 그러시니?\" 아이\"아니요....\" 담임\"이리와 니귀에내가트름해줄게\" 주임\"너빨리가서 너희선생님한테 잘못햇다고 사과하고와 아이\"선생님...죄송합니다...(목소리 기어들어감) 담임\"안들린다..너는 얘기할때 사람눈을 안보냐? 아이\"선생님죄송합니다...(좀더크게) 담임\"안들린다고 아이\"선생님제가 선생님귀에 트름해서 죄송합니다...(울먹임) 이대화가 오고가는순간 선생님 두분은(주임.다른선생님)\"애가 저렇게 예의없는짓말 골라서하고 저렇게 눈똑바로보고 일부러 저러는거봐 .....지엄마도 예의가없이....(잘안들림)싸인펜가지고 그랬잖아\" (아이앞에서 엄마비난함) 10분여간을 아이들앞에서 저희아이에게 더러운짓만골라한다 너는왜가 왜그러니 짼왜저래 등등 공개적으로 비난함.. 끊임없이..고작 2시간여동안 일어난상황중 대략적인게 위내용입니다. (등원부터 아침죽먹는 시간까지) 경찰에선 cctv를 수거하러 가기로하였고. 당시 제가 먼져 수사관님과 아동보호담당자분 면담시 녹취를 들려드렸더니 폭력도의심이되고 아이가 겁을먹은만큼 몰아붙이며 언어폭행을 한건 맞는데 법 녹취는 증거로 사용할수없다고 하셧습니다. 하지만 불법녹취가 아니고서야 cctv 사각지대에서 발생하는 아동학대나 음성녹음이 되지않는 cctv영상은 아이에게 지속적으로끊임없는 욕설이나 비난 언어폭력에관해선 확인하기 어렵다는 단점이 분명히 존재합니다. 아이의 진술을 받는다 한들 이미 아이는 자신이 잘못하여 체벌받은거다.. 내가혼날짓을햇다라며 스스로 자책만하고 선생님이 경찰에잡혀가는거아니냐라며 불안해합니다..입을닫아버립니다.. 엄마인 제게도 말을 안하거나 겨우 한마디하더라도 누가들을가 귓속말로 이야기합니다. 해바라기센터에서도 선생님이 자료실에서 밀었다라는 말밖에 못합니다.. 자신이 참으면된다고 얘기합니다.. 자신은 마음이따뜻한남자라 용서할거라고 합니다. 이렇게 어른스럽고 성숙한생각을 가진아이가 평생에 자신이당한일이 부당한 일임을 알지못하고 자신이 잘못하면 맞아도돼. 욕먹어도돼 라고 자책하며 살지않게 도와주세요 유치원에서 일어난 선생님들의 언어폭력과 아동학대를 알림에있어서 녹취자료가 직접증거로 이용될수있게 만들어주시길 바랍니다... 아이들은 자신이 당한일이 잘못된것임을 잘 이해하지못합니다. 너가혼날짓을해서 내가 이렇게하는거야라는 말을 고지곧데로 믿어버립니다 그래서 부모님께 말하면 더 혼날까봐 말을 하지못합니다..그래서 이런 부당한일을 당한아이가 실상은 더많음에도 다 알수없습니다...저또한 녹음기를 보내 직접듣기전까지는 선생님들이 아이가 거짓말을하는거다..요즘아이들이 거짓말할 나이다 라고할때.. 애써믿엇습니다..그래서 오랜시간 아이를 학대에 방치했습니다..저는나쁜엄마입니다.. 저도 이런일은 남일일거라고 생각했습니다...언제든 나와 내아이의 일이될수있다 생각해주시고 간곡히 부탁드립니다. 이제 시작입니다.. 신고초기단계이고 아이의진술도 거의없는상황에서 제가 가진 확실한증거는 불법녹취와 선생님들이 인정하고 봐달라고사정하는 녹음뿐입니다 cctv믿지못합니다..없다고했습니다.. 그냥이대로라면 저분들은 아무혐의가 없다고 나올지도 모른답니다.. 행위는분명히 있는데.. 제출할수있는 증거가없으면 무혐의가 나온답니다.. 이미 마음에상쳐를받고 심리치료를 받고있는 아이에게.. 보듬어주질못할망정 더 학대를하고 상쳐를준 선생님들입니다.. 형사재판에서 불법적인 증거는 증거물로써 효력발휘를 하지못한다라고 하는데 불법증거로라도 어린아이가 혼자 오롯이 감당하고있엇을 신체적 정신적 고통을 어른들이 적극적으로 구제하고 상황이 발생된후 정당한 처벌과 추후 더이상 이런일이 발생하지않게 하기위해선 적어도 아동학대에 관련한 문제에 있어선 불법녹취 도촬등이 꼭 증거로 이용될수있게 법안을 만들어주시길 간곡히 부탁드리는바입니다... 썪은동아줄이라도 잡고싶은 부모의마음을 꼭 헤아려주시길 바랍니다. [본 게시물의 일부 내용이 국민 청원 요건에 위배되어 관리자에 의해 수정되었습니다]",
  "num_agree": 1639,
  "petition_idx": "582707",
  "title": "영암지역 유치원 아동학대"
}