{
  "category": "안전/환경",
  "begin": "2019-09-20",
  "content": "저는 아파트 19층에 거주하고 있으며 올해 5월 26일 에어컨을 구입하였습니다. 지난 9월 7일 13호 태풍 링링의 영향으로 설치한 지 3개월 밖에 안 된 실외기가 아파트에서 추락했습니다. 대형 인명 사고 또는 차량 파손 등 다른 2차 피해로 이어질 수 있는 아찔한 순간을 경험했습니다. 9월 4일 수요일 11시에 **전자서비스에서 두 분이 실사를 나왔고, “실외기 설치 시 안전장치는 분명히 되어 있지 않습니다. 그러나 설치는 정상적으로 되었으며 하자는 없다”는 아리송한 말씀을 하셨습니다. **전자에서는 실외기를 아무런 안전장치를 하지 않고 모든 집에 그냥 올려놓는다고 합니다.(참고로 저희 아파트는 오래전 아파트라 실외기를 놓는 곳이 외부에 돌출되어 있습니다.) 단지 저희 집은 운이 나빠서 실외기가 추락했다고 합니다. 또한 태풍으로 인한 자연재해로 인한 사고는 고객이 전적으로 책임져야 한답니다. 우리나라의 제1그룹 **에게 묻습니다. 1. 이것이 인재가 아니고 무엇입니까? 실외기 설치 전문가가 매뉴얼대로 설치했는데도 실외기가 추락한다면 국민들은 바람만 불면 불안해서 하늘을 쳐다보고 다녀야 합니까? 이번 사태는 명백히 안전사고를 예견하지도, 대비하지도 않고 설치한 **전자서비스의 명백한 설치 하자라고 생각합니다. 2. 고객은 전문가가 실외에 설치한 실외기를 당연히 어떠한 경우에도 안전하게 설치했을 거라 믿고 사용하는 것 아닌가요? 실외기 설치시간은 반나절이 걸렸습니다. 고객은 당연히 전문가 두 분이서 설치한 실외기가 어떤 상황이 되어도 안전하게 설치된 것으로 믿을 수 밖에 없는 것 아닌가요? 아니면 고객이 전문가를 믿지 않고 따로 안전장치를 했어야 합니까? 3. 태풍으로 인해 추락하는 아파트 밖에 설치된 실외기는 우리 머리 위에 있는 보이지 않는 폭탄입니다. 어떠한 강한 외부적인 상황에도 안전하게 설치해야 하는 것 아닌가요? **전자에서는 실외기 설치시 특별하게 안전장치를 따로 해야 한다는 규정은 없다고 주장 합니다. 태풍이든 지진이든 어떤 상황이 되어도 안전하게 설치하는 것은 기본 아닙니까? 4. 이번 태풍으로 인해 우리 아파트 단지에서 유일하게 추락한 저희 집의 경우 **전자서비스의 말대로 정말 운이 나빴을 뿐일까요? 또 다른 태풍이 온다든지 지진이 발생했을 때 다른 집에서 추락하는 실외기의 소유 세대도 그로 인해 발생한 2차 피해자도 단지 운이 나쁜 건가요? 국민들은 운(運)으로 안전을 지켜야 하는 겁니까? 아파트 밖으로 놓여진 실외기를 설치하면서 모든 곳에 똑같이 올려놓기만 했고 다른 집은 문제가 없다고 태연히 말하는 **전자는 정말 국민의 안전은 안중에도 없는 건가요? 5. 안전이란 ‘위험이 생기거나 사고가 날 염려가 없이 편안하고 온전한 상태, 또는 그러한 상태를 유지하는 일’이라고 정의되어 있습니다. **전자서비스는 규정에 문제가 없다고 운운하지 말고 안전의 뜻을 다시 한번 새겨 주기 바랍니다. 또한 규정에 대한 잘못을 인정하고 시정해야 되지 않을까요? 6. **전자를 믿고 에어컨을 구입한 고객에게 이런 일이 발생할 것을 예측하지 못해 지금까지의 방식으로 설치했다고 한다면, 국민의 안전을 위해 회사 차원에서 철저히 조사하여 보강조치 해 주는 것이 대기업의 참모습이 아닐까요? 우리나라의 자부심이라 일컫는 **은 공기업 같은 사기업입니다. 안전사고에 무책임한 **이 아닌 국민의 안전을 먼저 생각하고 실천하는 기업의 모습을 보여 주길 기대합니다. [본 게시물의 일부 내용이 국민 청원 요건에 위배되어 관리자에 의해 수정되었습니다]",
  "num_agree": 232,
  "petition_idx": "582771",
  "title": "대기업 **의 무책임한 안전불감증을 고발합니다"
}