{
  "category": "기타",
  "begin": "2019-09-20",
  "content": "초춘호 여객선 침몰사고를 밝혀 주오 초춘호 여객선 침몰사고는 1950년 12월 16일 아침, 화물과 정원 초과로 배에 물이 들자 승선 했던 헌병이 배를 돌려라고 선장에게 총을 겨누었고 이로 인하여 부산 송도 앞바다에서 급히 회항 중 일어난 대 참사다. ​ 영도다리 끝 수산경찰서에 백여명이 넘는 시신을 안치했다. 그러나 해양기록이나 역사기록에 없다. ​ 네 살에 아버지를 잃은 후 나는 그 초춘호의 기록을 찾아 한없이 헤매였다. 해양경찰서 수산경찰서에도 모두 그런 사건은 없다고 했다. 어머니의 자서전을 읽고 그 사건의 실마리를 찾아 가던 중 마침내 부산일보와 동아일보에 사건 기록을 찾아내었다. ​ 나는 신문에 실린 마흔의 아버지 이름과 집주소를 보며 그 자리에서 처음으로 오열했다. ​ 일본 게이오 대학 영문과를 나오고 임시정부에 참여하기 위해 만주로 떠났다가 일경에 체포되어 돌아온 아버지, 군정 때 6사단 사령부 통역책임자로 일하셨고 수많은 귀한 동포들에게 집을 나누어 주고 6.25 피난민들을 돕기 위해 애쓰신 아버지, 고향의 젊은이들을 돕고 어려운 이들을 위해 애쓰신 아버지, 창녕 조씨 향우회와 사천향우회를 창립하신 아버지,무엇보다 아내와 어린 남매를 사랑하신 아버지 ​ 대동상선은 부산 여수를 오가던 선박회사다. 통영이 본사인 초춘호 선주 조**은 1953년 1월 11일 다대포 앞바다에서 360명의 사상자를 낸 창경호 침몰사건과 동일한 선박회사의 선주다. ​ 두 번의 대참사가 같은 선박회사에서 일어날 수 있었던 것은 대동상선 부산지사장은 이승만 대통령의 가장 신임 받는 김** 교통부장관의 아들이었음을 2006년에 진실화해를 위한 과거사 진상조사에서 밝혀내었다. 그 큰 사건기록이 있음에도 불구하고 대한민국한국사연표에는 모두 해양 사건 기록이 없다. ​ 나는 네살에 잃은 아버지로 인하여 시인이 되었다. 한 나라의 얼과 혼을 지키며 만인의 가슴을 울리는 시인의 이름으로 다시 외치노니 ​ 초춘호가 이 세상에 하루속히 밝혀지기를 바라고 있다. 내 아버지와 억울한 사망자들의 영령이 늦게라도 그 진실이 밝혀지고 위로받는 날이 속히 오기를 기다리고 있다. -혜솔 조** ​ # 비나리는 아침의 부산항의 대 참사 초춘호전복침몰-부산일보 1950.12.17 [본 게시물의 일부 내용이 국민 청원 요건에 위배되어 관리자에 의해 수정되었습니다]",
  "num_agree": 188,
  "petition_idx": "582772",
  "title": "초춘호 여객선 침몰사고를 밝혀 주시오"
}