{
  "category": "육아/교육",
  "begin": "2019-09-20",
  "content": "저희동네는 원래 학교가 없었습니다. 아파트단지가 들어서면서 인구가 늘고 학생들이 많으니 초,중학교가 들어서게 되었지요. 원래 행정이라는것이 인구의 유동에 예민하게 발맞춰서 해야 하는일입니다. 사람이 살지 않는 곳에 학교를 짓거나 관공서를 세우지는 않겠지요. 애초에 사람들이 새로운 동네로 이사를 많이 오면서 학교를 만들 교육청이 있는 이유는 지역 내 아동 수를 파악해서 구역내 아이들을 최인근 학교에 수용할 수 있도록 미리 계획을 세우고 수용할 수 있도록 조치를 취하기 위해서이겠지요. 문제는 동네 아이들을100% 다 수용할 수 있는 중학교인데 동네 아이들이 못다니고 멀리 배정받아 다니는 일이 생깁니다. 그것도 큰 비율로요 왜 80%는 최근거리 배정이 되고 나머지 20%는 먼거리로 배정이 되어야 하는 지요? 최근거리 학교에 다 수용할 수 있는데 20%를 먼 학교로 배정하는 이유는 먼거리에서 오는 20% 학생을 수용하기 위해서인가 하는 의구심이 듭니다. 또한 그 기준이 도대체 무엇이지 궁금합니다. 무작위 컴퓨터 추첨이라고 하는데 도대체 그 기준이 무엇인가요? 코딩을 어떻게 하였는지 몇명의 아이들을 어떻게 넣고 추첨을 하였는지 수긍이 되지 않습니다. 합리적으로 이해할 수 있도록 컴퓨터 추첨결과와 배정 비율과 근거를 투명하게 공개해 주세요. 그것은 교육청이 당연히 할 수 있는 일이 아닙니까. 어째서 공개할 수 없다는 답변을 들어야 합니까. 왜 어느지역은 근거리배정을 하는데 어느 지역은 그렇게 하지 않습니까? 거주지에서 먼 중학교에 배정될 수도 있다는 불안감에서 아이를 키워야 하나요? 아이의 질문에 답해 줄 수 있도록 배정 방식과 결과를 공개해 주십시오. 극비도 아닌데 왜 공개할 수 없다는 것인지요? 지역내 아동 수, 학교 별 배정 인원의 주소지 현황, 근거리 배정 퍼센트에 대한 기준 등에 대한 공개를 요청합니다. 중학교 학생들이 걸어서 갈 수 있는 학교를 눈 앞에 두고 왜 먼거리 학교에 가야하는지 그것이 알고싶습니다. 어른들의 욕심 때문인지 아니면 무관심 때문인지 이런 행정에 멍드는 아이들의 심정을 살펴보시길 바랍니다. 걸어서 5분거리인 학교를 두고 근거리배정원칙대로 하지 않는 행정으로 걸으면 한시간이 넘는 거리로 통학하라는게 말이 되지 않습니다. 아이들이 떨어져서 멀리 간 학교근처엔 또 많은 사람들이 살고 있습니다. 그동네 아이들은 어디로 갈까요? 또 먼 곳으로 보내어져 불편한 통학을 하고 있는것이겠지요. 다른동네 학부모들도 똑같은 마음으로 걱정합니다. 국가는 국민의 목소리를 들어야 하고 교육부는 학부모와 학생의 목소리에 귀기울여야 한다고 생각합니다. 근거리 배정으로 아이들이 집에서 멀지 않은 곳에서 학교를 다니게 해주세요. 모두가 가려는 명문학교여서도 아니고. 평범한 국공립 학교를 다른 동네 아이들을 수용해야 한다는 이유로 가까운곳에 못가게 되는것이 말이 안됩니다. 역지사지! 내 아이라고 생각하고 잘 살펴주십시오",
  "num_agree": 3113,
  "petition_idx": "582776",
  "title": "중학교 배정시 근거리배정원칙에 따르게 해주세요"
}