{
  "category": "일자리",
  "begin": "2019-09-18",
  "content": "현재 *** 모빌리티(*** 대리운전)를 포함한 대리운전 중개 업체들은 전국에서 성업 중에 있습니다. 그 대리운전 중개 업체들은 손님이 요청한 대리운전 요청을 자사 프로그램을 통하여 대리운전을 희망하는 기사들에게 요청 사항을 전달하여 주고 성사되어 운행하게 된 운행요금의 20%를 중개 수수료로 받고 있습니다. 여기서 문제점은 중개 수수료가 너무 높다는 것입니다. 현재 다른 종목별 중개 수수료를 비교해 보면 주식 관련 중개 수수료의 경우 0.1%~ 5%(온라인, 오프라인 포함) 부동산 중개 수수료의 경우 금액에 따라 다리지만 평균 0.3% ~ 0.6%(금액에 따라 0.8 ~ 0.9도 있음) 요식업 배달 관련 중개 수수료의 경우 ***** 3.3% / *** 12.5% / *** 2.5% / 오토바이 배달 관련 중개 수수료가 23%입니다. 그러나 다음과 같은 사례도 있습니다. ****** 사내벤처“**팀”이 개발한 퀵서비스 애플리케이션“**”가 시범 서비스 돌입. **는 자동차 오토바이 등 운송수단을 보유한 일반인 누구나 배송기사로 등록해 퀵서비스를 제공할 수 있는 플랫폼이다. 앱 기반으로 배송기사를 호출하고 배송물의 위치파악, 기사 평가 등 일반적인 시스템을 갖췄다, **는 기존 23%에 달하던 중개 수수료를 10%까지 내렸다. 또 물품에 대한 소화물 보험을 추가 요금 없이 자동 적용하고 있다. (신아일보 2019.09.09. 기사 내용) 여기서 오토바이의 경우는 중개 수수료가 23%이지만 그분들은 교통수단을 가지고 일을 하지만 대리운전 기사들의 경우는 교통수단이 없어 비싼 택시나 버스 등을 이용하는 어려움이 있고 일부 업체의 경우는 프로그램 사용료, 보험료, 관리비, 취소비용까지 받는 실정입니다. 또한, 술 취한 고객님들과 소통이 안 돼서 한 건의 운행을 완료하기까지 너무나 많은 시간이 소요되고 있는 문제점 등이 있습니다. 이러한 어려움 속에서 20%의 중개 수수료는 너무 높다고 말씀드립니다. 플랫폼 노동자라는 말이 있습니다. 노동자들이 겪고 있는 어려움에 대하여 관계 부처에서는 심각하게 생각하여 주시고 높은 중개 수수료에 대하여 확인하여 주시기를 당부드립니다. 다음은 단합행위에 대하여 문제를 제기하려고 합니다. *** 모빌리티의 경우는 대리운전 시장에 진입할 때 전국 대리운전 연합회의 의견을 따라서 20%의 수수료를 받는 것으로 알고 있습니다. 20%보다 낮게 책정할 경우 진입이 무산될 수 있어 연합회의 의견을 따라서 20%의 중개 수수료를 받고 있다고…. 제가 말씀드리고 싶은 부분이 바로 이 부분입니다. 대리운전 중개 업체들의 경우 *** 모빌리티를 포함하여 모두 다 단합행위로 수수료를 책정하였고 그것이 현행 받는 수수료 20%라고 볼 수 있고 이점이 바로 단합행위가 이루어졌다고 볼 수 있습니다. 이점 또한 조사하여 단합행위가 이루어졌다고 한다면 처벌 및 단합행위를 금지하여 주시기 바랍니다. 앞서 말씀드린 것처럼 플랫폼 노동자라는 신생어가 있습니다. 경기침체로 어려운 노동 현장에 떠밀리고 있는 국민을 위해서 형평성에 맞는 노동 행위가 이루어질 수 있도록 정부의 적극적인 관심을 부탁드립니다. [본 게시물의 일부 내용이 국민 청원 요건에 위배되어 관리자에 의해 수정되었습니다]",
  "num_agree": 1534,
  "petition_idx": "582735",
  "title": "대리운전 중개 수수료 인하 및 불법적인 단합행위 중단을 촉구합니다."
}