{
  "category": "기타",
  "begin": "2019-09-18",
  "content": "안녕하세요 마곡에 살고있는 두아이의 엄마입니다 처음 식물원이 생겨서 너무 기대되고 설레는 마음으로 기다리고 기다림 끝에 완공된걸 보았습니다 물론 식물원과 문화공간이 생긴다는 이유로 이사도 했지요 절대 투기가 아닌 살고자 하는 마음으로 구형아파트로 왔는데‥식물원이‥ 대학 캠퍼스보다 못하고요 ‥행사도 이뤄지는것도 없고 아이들 위한 수영장도 아파트 수영장 보다 못합니다 ‥강서라서 수준을 이리 만든건지 이정도면 만족할거야 라는 생각을 하신건지‥‥아님 돈은 많이 풀었으나 새는것이 있는건지 ‥‥너무너무 넓은 땅이 안 이쁘게 공간 활용을 못하시는것 같아서요 ‥ 여기가 대치동 강남이다 생각하시고 다시금 리뉴얼을 해주심 감사 하겠습니다 공항도 가깝고 외국인들도 투숙하고 있는 숙소 근처에 이런 멋있는 공원이 자랑거리가 되길 바램 또 바랍니다 ‥ 이바램이 구청장 귀에 시장귀에 안들어가는것 같아 좀더 신경써주시길 ‥ 간절하게 부탁드립니다",
  "num_agree": 274,
  "petition_idx": "582741",
  "title": "마곡서울식물원"
}