{
  "category": "보건복지",
  "begin": "2019-09-17",
  "content": "대한민국은 현재 면역항암치료제가 기존 항암제보다 훨씬 치료효과가 빠르고 부작용이 덜 함에도 불구하고 기존항암제치료후 효과가 없는 경우에만 의료보험을 지원하고 있습니다. 이는 암환자들의 고통을 최소화하고 빠른 시기에 회복할 수 있는 기회를 빼앗고 오히려 기존 치료제의 부작용과 치료과정의 체력 및 면역저하로 인한 고통과 죽음의 길로 가게 하는 잘못된 정책입니다. 또한 효과적이지 못한 기존 항암제를 의료보험자원이 낭비되는 일입니다. 이는 아래링크와 같이 OECD 국가중에서도 드문 경우에 해당됩니다. 하루 빨리 효과 빠른 면역항암치료제 우선 의료보험 급여화로 효율적인 의료비지원 및 환자들의 빠른 쾌유를 도와야합니다.",
  "num_agree": 334,
  "petition_idx": "582711",
  "title": "면역항암치료제 의료보험 급여화조치 시급"
}