{
  "category": "정치개혁",
  "begin": "2019-09-17",
  "content": "소방공무원들은 불철주야 위험을 무릎쓰고 자기몸을 희생하며 어쩔때는 식사도중에도 출동하는 힘든 직업입니다. 화마와 싸워야하며 태풍이나 강풍시에도 거리에 위험요소 물건을 다쳐가면서 치우고 그러시는데 월급이 최저임금도 안되는 8350원보다 낮은 7619원이랍니다 이게 말이됩니까 자기몸을 희생하면서 일하는데 그리고 위험수당이 월 6만원이랍니다 국회의원들은 양심이라는것이 있나요 국회의원들은 편안한 사무실에서 에어콘바람과 따뜻한바람을 맞으며 일을 안해도 더구나 구치소에 있어도 월급여 1000만원 이상을 받으며 특히 명절 상여금은 400만원이상 받습니다 차라리 일도안하고 편안히 앉아있는 국회의원 300명 월급과 명절상여금을 감봉하여 그 차액으로라도 소방공무원 임금을 인상해주실것을 청원합니다 어차피 국회의원들은 소방공무원 임금인상안 법안을 제출하면 통과까지 몇년걸릴게 뻔합니다 이건 소방공무원들의 안전을 위해서라도 임금인상을 해주시길 그리고 일도안하는 국회의원들 명절상여금과 임금을 감봉해줄것을 그리고 내년 국회의원임금 인상 반대를 간곡히 청원합니다",
  "num_agree": 1671,
  "petition_idx": "582727",
  "title": "소방공무원의 임금을 현실화 시켜주시고 국회의원 명절상여금 임금을 감봉해주세요"
}