{
  "category": "안전/환경",
  "begin": "2019-09-17",
  "content": "창원시 진해구 용원동에서 8살 남아 저희아들이 어제 9월16일 오후3시30분경 뺑소니를당했습니다 외국인노동자로보이고 키는 180가량 20대후반정도 ***또는 ***계열외국인인듯한데 차량은 대포차량에 무보험차량입니다 전국적인 외국인노동자들의 불법체류 대포차단속 시급한데 왜 이런일들을 가볍게생각하는지 너무나원망스럽습니다 외국인 불법체류자가 저희아이에게 흉기로 살인을저지른행위와 동일한행동인데 너무안일한거아닌가요 저뿐만아니라 모든국민들의 위험요소입니다 반드시개선을해야됩니다 동네 2차선도로에서 엄청난과속으로 오른쪽백미러로 아들의 머리를치고갔습니다 속도가 얼마나 빨랐는지 백미러에부딪혀서 애가 붕떠서 날라가버렸습니다 급하게 부산대학병원 외상센터로 후송후 뇌출혈과 복합두개골골절 뇌압상승으로 두개골을떼어내는수술을했습니다 현재 중환자실에서 회복중이지만 의식이돌아올지모르고 3일이 생명의 최대고비라고하네요 일어난다해도 평생안고가야할 장애가생길지도모르는일이구요 장애가있어도좋으니 저를보며 다시한번웃어주길간절히빌고있습니다 저희아들이 영영떠나버릴까봐 너무무섭고 두렵습니다 중환자실에서 하루30분 누워있는모습을 바라보며 가도하는게전부인 제자신이 너무비참하고 마음이아픕니다 현재 경찰에서 수사가 부진해서 외국인에 불법쳬류일확률이높은 대포차무보험차주를 시간이더가면 어떻게잡을수있겠습니까 경찰들은 가장유력한 사고현장cctv가찍힌 건물도확인을하지않고있습니다 제가직접 건물주분 전화번호와 건물주분이 영상이 찍혀있다는말까지 전달되었는데도 말이죠 도와주세요 용원동 뺑소니 네이버에서 한번씩만검색해주시고 주위에전파좀부탁드리겠습니다 제발도와주세요 [본 게시물의 일부 내용이 국민 청원 요건에 위배되어 관리자에 의해 수정되었습니다]",
  "num_agree": 67383,
  "petition_idx": "582728",
  "title": "뺑소니범을잡아주세요 저희아이를살려주세요"
}