{
  "category": "성장동력",
  "begin": "2019-09-16",
  "content": "공업고등학교(현, 마이스터고 포함) 3년을 졸업하고 취득할 수 있는 전기공사 기능사는 1981. 12. 18일자로 전기기기 기능사와 통합되어 전기기능사로 자격증 명칭이 변경되었습니다. 1981. 12. 18일 이전 취득한 전기공사 기능사를 포함한 전기기능사 취득자는 3년의 경력만 갖추면 신재생에너지(태양광발전설비 등) 1천킬로와트 이하의 발전설비에 대한 전기안전관리를 할 수 있으나(관련근거 : 전기사업법 시행규칙 제42조(전기안전관리자 자격의 완화)참조), 4년제 대학교를 졸업을 하고 전기공사기사를 취득한 후 경력이 아무리 많다하더라도 전기설비 및 신재생에너지 발전설비의 전기안전관리를 할 수 없습니다. 아울러 신재생에너지발전설비에 대한 기획, 설계, 시공, 감리, 운영, 유지 및 보수하는 업무할 수 있도록 직무범위를 정하여 정부가 만든 신재생에너지발전설비기사(태양광) 자격증 취득자는 정작 태양광발전소의 전기안전관리업무를 할 수 없습니다. 또한 신재생에너지발전설비기사(태양광)자격증을 취득한 사람은 태양광발전설비에 대한 설계, 감리업무를 할 수 없고, 전기설비를 설계, 감리할 수 있는 전기기사가 이 업무를 수행하고 있습니다. 이로 인한 태양광발전소의 산사태, 신재생에너지설비 중 전력저장 설비의 화재가 발생되어 사회적 이슈를 만들고 있으나, 관련부처인 산업통상자원부(재생에너지산업과)는 수수방관하고 있는 실정입니다. 정부가 2013년부터 시행한 신재생에너지발전설비(태양광) 기사, 산업기사, 기능사를 취득한 1만 여명의 신재생에너지발전설비 기술인은 정부의 대국민 사기에 속았다는 생각을 많이 하고 있습니다. 정부는 정부가 만든 자격증을 취득한 사람들이 본연의 업무에 충실할 수 있도록 조치하여 주십시오. 그래야 정부가 추진하는 “신재생에너지 3020”정책도 안전하고 올바르게 추진할 수 있다고 생각합니다. [참고자료 1] 국가기술자격증 출제기준에 제시된 직무내용 1. 신재생에너지발전설비기사(태양광) 직무내용 신재생에너지설비에 대한 공학적 기초이론 및 숙련기능, 응용기술 등을 가지고 태양광발전설비를 기획, 설계, 시공, 감리, 운영, 유지 및 보수하는 업무 등을 수행하는 직무이다 2. 전기기사 직무내용 전기설비에 관한 이론을 기반으로 전기기계․기구의 선정, 전기설비의 계획, 에너지 절약기술 적용, 용량산정, 재료선정 등 설계도서 작성, 감리, 유지관리 및 운용 등 시설관리 등의 업무를 수행 [참고자료 2] 신재생에너지설비와 전기설비에 대한 법적 정의 1. 신재생에너지설비의 정의 : 신에너지 및 재생에너지 개발ㆍ이용ㆍ보급 촉진법 시행규칙 제2조 「신에너지 및 재생에너지 개발ㆍ이용ㆍ보급 촉진법」(이하 \"법\"이라 한다) 제2조제3호에서 \"산업통상자원부령으로 정하는 것\"이란 다음 각 호의 설비 및 그 부대설비(이하 \"신ㆍ재생에너지 설비\"라 한다) 를 말한다. 4. 태양에너지 설비 가. 태양열 설비: 태양의 열에너지를 변환시켜 전기를 생산하거나 에너지원으로 이용하는 설비 나. 태양광 설비: 태양의 빛에너지를 변환시켜 전기를 생산하거나 채광(採光)에 이용하는 설비 12. 전력저장 설비: 신에너지 및 재생에너지(이하 \"신ㆍ재생에너지\"라 한다)를 이용하여 전기를 생산하는 설비와 연계된 전력저장 설비 2. 전기설비의 정의 16. \"전기설비\"란 발전ㆍ송전ㆍ변전ㆍ배전ㆍ전기공급 또는 전기사용을 위하여 설치하는 기계ㆍ기구ㆍ댐ㆍ수로ㆍ저수지ㆍ전선로ㆍ보안통신선로 및 그 밖의 설비(「댐건설 및 주변지역지원 등에 관한 법률」에 따라 건설되는 댐ㆍ저수지와 선박ㆍ차량 또는 항공기에 설치되는 것과 그 밖에 대통령령으로 정하는 것은 제외한다)로서 다음 각 목의 것을 말한다. 가. 전기사업용전기설비 나. 일반용전기설비 다. 자가용전기설비 . 끝.",
  "num_agree": 531,
  "petition_idx": "582706",
  "title": "정부가 발행한 신재생에너지발전설비(태양광) 국가기술자격증 무용지물"
}