{
  "category": "기타",
  "begin": "2019-09-18",
  "content": "최근 출시한 몇몇 휴대전화는 물리 sim과 더불어 e-sim 기능이 있습니다. 하지만 이동통신사에서는 e-sim을 판매할수 있음에도 제한을 걸고 판매하지 않습니다 아마도 고객들이 2nd sim으로 알뜰 휴대폰 데이터 요금을 사용하여 자신들의 수익성을 해친다고 보는 모양입니다. 하지만 현재도 이동통신사에서는 스마트워치의 경우 e-sim을 열어주고 요금제또한 판매하고 있습니다 기술적으로 불가능 할 이유가 없는데도 자신들의 수익성을 위해 국민들의 저렴한 데이터 통신 사용에 제한을 두고 있습니다. 이러한 제한을 풀도록 강제하여 국민들의 합리적인 이동통신 서비스 사용에 도움을 주세요",
  "num_agree": 231,
  "petition_idx": "582734",
  "title": "이동통신사의 e-sim 정책을 바꿔주세요!!!"
}