{
  "category": "기타",
  "begin": "2019-09-18",
  "content": "너무 억울합니다, 선량한 서민을 살려주세요!! 재건축 시행사인 **건설이 상가 임차인에 대한 보증금 반환도 하지 않고 강제퇴거를 할려고 합니다, 저희 세탁소를 길거리로 내쫓으려고 합니다, **건설을 처벌해주세요. 서울시 영등포구 **로 ***필지에 2013년 12월 부터 합법적으로 계약을 체결하여 세탁소를 운영하는 자영업자 입니다. 저희는 정상적으로 사업자등록증내고 세금도 잘 내고 모든것을 정상적으로 진행하고 있습니다, 그런데 **건설이 재개발 하겠다고 임차인을 맨몸으로 내쫓으려하는 **건설 횡포를 고발 하고자 합니다. 그리고 명도확약서에 저희는 공증 서준 사실이 없고 공증 위임한 사실도 없습니다, 그런데 **건설사에서는 명도확약서에 공증을 섰다고 하네요 ??? 재발 선량한 서민을 살려주세요!! **건설은 임차인에게 보증금 반환을 실시하고 생계를 유지할 수 있도록 조치해 주시길 바랍니다, 원만하게 처리가 안될 시에는 저희 두 늙은이는 여기서 죽을 수 밖에 없습니다, 더 이상 억울한 상가 임차인이 생활 터전을 잃고 생계를 걱정하며 눈물을 흘리는 일이 없도록 해 주세요. 정부당국은 대기업 갑질횡포 하는 **건설을 감사하고 영세 임차인을 보호 할 수 있는 대책을 마련 해 주시길 바랍니다, [본 게시물의 일부 내용이 국민 청원 요건에 위배되어 관리자에 의해 수정되었습니다]",
  "num_agree": 251,
  "petition_idx": "582743",
  "title": "임차보증금 반환도 없이 강제퇴거 시키려고 합니다, 도와주세요."
}