{
  "category": "안전/환경",
  "begin": "2019-09-23",
  "content": "존경하는 대통령님, 헌법 아래 모든 국민은 국가로부터 생명과 안전을 보호받을 권리가 있다고 배웠습니다. 그러나 이번 태풍 ' 타파 ' 에 대한 지상파 방송사의 태풍보도는 국민들의 안전과 권리를 지키기에는 턱없이 부족했습니다. 만약 지상파 방송에서 경각심을 지니고 이번 태풍에 대해 보도했다면, 태풍이 오는 지역의 사람들은 며칠 전부터 태풍을 대비하고 일정을 취소했을 것입니다. 그랬다면 뒤늦게 태풍으로부터 배를 옮기려다 선주분께서 사망하는 안타까운 사고도 일어나지 않았을겁니다. 낙후된 지역일수록, 전자매체가 익숙치 않은 연령층일수록 대중매체와 정보로부터 소외되기 쉽습니다. 특히 산간지역의 어르신들에게 지상파 삼사의 라디오 • 뉴스는 세상의 소식을 듣는 유일한 통로가 되기도 합니다. 뉴스의 보도 수준과 양은 곧 그 자연재해를 인식하는 척도가 됩니다. 공영방송인 지상파가 자연재해에 대해 어떻게 보도하고 다루는지에 따라 사람들은 그 재해에 대한 심각성을 체감합니다. 다가오는 자연재해 설명하고 예방책을 알려주는 것을 반복하는 것만으로도 우리는 충분히 인명과 재산피해를 줄일 수 있습니다. 안전에 대해서만큼은 넘치는 것이 부족한 것보다는 백 배 천 배 낫다고 생각합니다. 부디 국민들의 안전을 위해 최소한의 가이드라인을 만들어주시길 부탁드립니다. 항상 국민의 안녕을 위해 노력해주시는 대통령님과 행정부의 모든 분들에게 진심으로 감사드립니다. 읽어주셔서 감사합니다.",
  "num_agree": 449,
  "petition_idx": "582795",
  "title": "재해보도에 대한 가이드라인을 만들어주십시오."
}