{
  "category": "교통/건축/국토",
  "begin": "2019-09-19",
  "content": "안녕하세요. 신차 차량 인수 시 소비자 피해보상에 대한 기준이 제대로 마련되었으면 합니다. 제가 신차 차량을 인수받은 날 미션 쪽에 충격과 차가 밀리는 현상이 발생하고 아울러 변속기 불량으로 차량가속페달을 밟아도 나가지가 않고 도로에 서있는 아찔한 상황을 맞이하였습니다. 그 후 더이상 차량을 운행할 수가 없어서 당일날로 사업소에 견인되어 입고가 되었습니다. 주재원께서 연락을 주지는 않은 상태이나 해당 사업소의 수리 매니저께서 변속기불량이라고만 하고 대처가 있지 않습니다. 아마도 차량을 법상으로 아래와 같이 수리를 해서 타야 하는 상황이어서 사업소에서 상황을 지켜보는 거 같습니다. 우선, 현행법을 살펴보자면 다음과 같습니다. 공정거래위원회 고시 소비자분쟁해결기준상 자동차 관련 보상기준은 다음과 같습니다. 품질보증기간 이내의 경우 - 재질이나 제조상의 결함으로 고장 발생 시 : 무상수리(부품교환 또는 기능 장치교환) - 차량인도일로부터 1개월 이내에 주행 및 안전도 등과 관련한 중대한 결함이 2회 이상 발생하였을 경우 : 차량교환 또는 필수제비용을 포함한 구입가 환급 - 차량 인도일로부터 12개월 이내 아래의 경우 : 차량교환 또는 필수제비용을 포함한 구입가 환급 ` 동일하자에 대해 3회까지 수리하였으나 재발하였을 경우 ` 주행 및 안전도 등과 관련한 중대한 결함이 발생하여 동일 하자에 대해 2회까지 수리하였으나 재발하였을 경우 ` 하자에 대한 수리기간이 누계 30일(작업일수 기준)을 초과할 경우 *하자란 기계적·기능적 결함으로 인한 차량의 사용·가치·안전을 실질적으로 손상시키는 하자로서 외관 및 내장재 마감 등의 단순하자가 아닌 수리가 필요한 하자를 말함 *중대결함이란 원동기(엔진) 및 동력전달장치, 제동장치, 조향장치, 기타 이에 준하는 주행·안전도와 관련된 결함을 말함 또한 자동차관리법 제47조의2에 의거 국내 판매한 신차를 구매후 1년이내(주행거리 2만km 이내)에 동일한 하자가 반복되는 경우 교환,환불이 가능하며, 교환,환불 요건은 다음과 같습니다. (아래요건이 모두 충족된 경우에만 교환,환불신청가능) ① 신차로의 교환·환불 보장 등이 포함된 서면계약에 따라 판매될 것 ② 하자로 인해 안전우려, 경제적 가치 훼손 또는 사용이 곤란할 것 ③ 자동차가 인도된 날로부터 1년 이내에, 중대한 하자는 2회 수리, 일반 하자는 3회 수리하고도 결함의 시정에 실패하거나 총 수리기간이 30일 초과할 것 ④ 하자차량 소유자는 중대한 하자는 1회, 일반 하자는 2회 수리 후 하자가 발생한 사실을 자동차제작사 등에게 통보할 것 차량 하자로 인한 구입가 환급에 따른 제비용 관련은 임의비용(종합보험료, 할부부대비용, 공증료 등)을 제외한 제비용(필수비용:등록세, 취득세, 교육세, 번호판대 등)을 사업자가 부담함이 원칙입니다. 상기 법령을 살펴보면 저같은 경우에도 신차교환이나 환불이 쉽게 되지않는 구조입니다. 몇십만원짜리도 제품에 하자가 있으면 교환을 해주는데 몇천만원짜리를 구매했는데 이렇게 최소 몇 회이상 발생해야 교환 또는 환불을 해준다는 부분은 저로서는 이해를 할 수가 없습니다. 상기 조건 중에 다른 건 그렇다치더라도 - 차량인도일로부터 1개월 이내에 주행 및 안전도 등과 관련한 중대한 결함이 2회 이상 발생하였을 경우 : 차량교환 또는 필수제비용을 포함한 구입가 환급 ← 본 항목에서 중대결함이 최소 1회 발생하여도 교환이 되어야한다는 법령 개선이 필요해 보입니다. 중대한 결함이 발생했는데 목숨을 걸고 다시 타야 된다는 것은 도무지 이해가 안될 뿐더러 이 부분은 개선이 시급해보입니다. 감사합니다.",
  "num_agree": 181,
  "petition_idx": "582747",
  "title": "신차 인수시 차량 보상에 대한 소비자 보상 기준 변경 필요"
}