{
  "category": "정치개혁",
  "begin": "2019-09-17",
  "content": "윤석열 검찰총장의 해임을 청원합니다!! 어제 있었던 국회 인사 청문회는 질문은 하고 답변은 막는 기괴한 청문회였습니다. 여상규위원장의 신박한 사회는 물위에 앉아 치명적인 척 하고 있는 오리를 연상케 하였습니다. 야당은 조국후보자의 능력 검증이 아니라 조**양의 학력검증을 하고 있었습니다. 국회 청문회 시작부터 자정 12시까지 쓸데없는 조**양의 출생신고까지 검증하려 들더군요. 김진태의원은 자신이 말한 서류를 떼다 주었는데 화를 내며 서류를 찢는 퍼포먼스를, 김도읍 의원은 옆에서 끽끽 거리고, 자한당 의원들은 회의 중에 사회자와 귓속말로 속닥거리고 국민을 우롱해도 정도는 있어야겠지요. 제가 어제 본 게 개그 프로그램인지 국회 청문회인지. 어제 청문회 결과물은 정** 동양대 교수의 불기소였죠. 에효, 이 한심아 인간들아. 윤석열 검찰 총장은 지난 청문회에서 가족의 문제를 자신과 연관시키지 말라는 취지의 발언을 하였습니다. 저는 그 말에 동의 했고 도덕성 검증은 후보자에 국한되어야 함을 인식 하였습니다. 최근 ‘조국 죽이기’에 나선 검찰이 그의 가족을 도마 위에 올려놓고 가족의 문제를 조국의 문제로 망신주기식 수사를 하고 있습니다. 저는 청문회 당시 윤석열 검찰 총장의 발언이 떠올라 헛웃음이 나왔습니다. 저는 윤석열 검창 총장을 다음과 같은 이유로 해임을 청원합니다. 첫째 범죄 혐의가 입증 되지 않은 상태에서 피의자 인권이 짓밟히고 있습니다. 조**양의 학생부는 본인과 수사기관 외는 열람이 안 된다고 합니다. 그럼에도 불구하고 조**양의 학생부는 전 국민이 다 알고 보는 게시물이 되어 버렸습니다. 누가 유출한 것입니까. 검찰을 의심하는 건 합리적인 의심입니다. 주광덕 의원이 학생부 입수과정을 밝히기 전까지는 그렇습니다. 또한 우리나라는 피의자에 대해 ‘무죄추정의 원칙’을 적용, 수사를 합니다. 그런데 정** 동양대교수에게 소환 수사도 하지 않은 채 ‘사문서 위조’ 혐의만으로 기소부터 하는 초유의 사태가 벌어졌습니다. 이는 검찰이 ‘유죄추정의 원칙’ 으로 최** 동양대 총장의 주장만으로 기소를 해버린 것입니다. 둘째 검찰이 정치에 개입하는 것은 월권행위입니다. 현재 검찰이 시간이 여유로운 상태인가요? 그럼 검사 조직도 구조 조정을 해야 한다고 생각합니다. 시간적 여유가 많아 검찰이 정치까지 개입하는 것은 주제파악을 심하게 못하는 월권행위이며 이는 바로 잡아야 할 중대한 일이라고 생각합니다. 시간이 너무 한가한 검찰은 야당의원에게 청문회에서 사용하라고 수사 자료까지 넘겨 조국 후보자 압박카드로 활용케 했습니다. 그동안 검찰은 언론에 과자 서너 개를 던져 주었고 열심히 일하는 개미기자들은 과자를 쪼개고 또 쪼개어 100만개가 넘는 부스러기를 생산해 냈습니다. 셋째 하극상은 있을 수 없는 일입니다. 최근 청와대는 자체 검증시스템으로 후보자에 대한 잘못된 기사를 바로 잡았습니다. 그러자 검찰이 수사에 청와대는 개입하지 말라며 엄포를 놓았습니다. 이 뉴스를 접한 국민들은 이는 하극상으로 검찰이 청와대까지 자신들의 권력을 행사하는 것으로 인식하고 있습니다. 오늘 오전 10시경 서울특별시청으로부터 태풍이 근접하고 있다는 문자를 받았습니다. 저는 각 방 창문에 잠금 장치를 하고 , 옥상에 올라가 이곳저곳을 살펴보고 왔습니다. 이와 같이 위험을 막기 위해서는 예방이 선행되어야 합니다. 동물 다큐에서 하이에나가 조직력으로 사자를 이기는 걸 보았습니다. 검찰을 이대로 두면 문재인 정부의 사법개혁은 물거품이 될 것입니다. 저는 현재 시점에서 윤석열 검찰 총장의 해임이 불가피함을 말씀드리고 싶어 청원을 하게 되었습니다. 그의 존재가 위험을 가지고 있다고 판단했습니다. 언론과 야당을 이용하여 비도덕적인 방법으로 정치에 개입한 검찰, 조직의 수장 윤석열 검찰 총장의 해임은 정당하다고 생각합니다. [본 게시물의 일부 내용이 국민 청원 요건에 위배되어 관리자에 의해 수정되었습니다]",
  "num_agree": 6716,
  "petition_idx": "582722",
  "title": "윤석열 검찰 총장의 해임을 청원합니다!"
}