{
  "category": "인권/성평등",
  "begin": "2019-09-17",
  "content": "안녕하십니까 저는 경기도 지역에서 유치원 근무를 8년간 이어온 사립 유치원 교사입니다. 저는 지난 8년동안 유치원 교사로써 한 단계 한 단계 유치원 운영을 위한 자격연수를 위해 현장에서 근무하고 있으며 지난 2016년 1정 승급 연수 때도 지금과 마찬가지의 문제를 겪으며 사립유치원 교사의 복지가 보다 더 나아졌으면 하고 소망했던 적이 있었습니다. 그 후 현장에서 교사로 지내 오며 같은 일이 발생되지 않기를 간절해 바래 오며 현장에서의 일을 다시 이어 오고 있었습니다. 지난 2016년 에는 승급교육으로 인한 대체교사를 교사가 직접 구하고 대체교사를 직접 구하지 못 할 경우 교육을 받지 못하게 되는 일이 일어날 수 도 있는 상황이 있어 그 당시 국민신문고에 청원하여 무사히 교육에 임할 수 있었지만, 국민으로써 마땅히 교육을 받아야 하는 교육의 의무를 대체교사를 직접 구해야 하는 번거로움으로 인해 놓칠뻔한 적이 있었습니다. 이런 경우는 저뿐 아닌 여러 곳에서 근무하는 1정승급을 앞둔 선생님이라면 한번쯤 경험해 볼 듯한 일일 것 입니다. 그 외에도 사립 유치원에 근무하는 교사들의 경우 건강상 문제로 인한 병원 외출 및 은행 업무는 근무시간내에 자유롭게 오가지 못하는 현실이며, 이번의 경우에는 다른 질병으로 인한 수술(자궁원추절제술)을 받아야 하는 상황에도 불구하고 교육청에 문의시 교사의 병가는 교사 스스로가 대체인원을 구해야 하며, 지원금 또한 정해져 있지 않다는 답변받아야 했습니다. 미혼 여성의 경우 자궁 수술은 앞으로의 임신,출산과 관련하게 중요시 되는 수술로 본인은 자궁이형성증 3단계 판정으로 인한 전암단계이며 수술이 급히 필요한 수술이였음에도 불구하고 교사를 수소문하여 겨우 구해 놓고 수술을 받을 수 있었습니다. 또한 수술수 에도 교사가 자주 자리를 비워 유아들의 정서가 불안정 하다는 이유로 받아야하는 추후 병원 진료등도 제대로 받을 수 없을 만큼 외출 또한 자유롭지 않았으며 결국 유치원에서는 유아들의 심리 상태 등을 거론하며 권고사직을 권유 하기도 하였습니다. 본인의 병원 스케쥴과 수술 스케쥴에 유치원 일정이 좌지우지 될 수 없다는 이유로 상기 본인은 2차 수술이 있음에도 불구하고 대체 인원을 구할 수 없어 사직 결심하고 다가오는 9월 26일 사직을 앞두고 있습니다. 수술을 요하는 중요한 질병임에도 불구하고 환자 본인이 본인이 자리를 대체 할 수 있는 대체교사를 뽑아 두고 수술이나 치료등을 받아야 함은. 국민 모두가 평등하고 행복한 권리를 침해 받지 않나 싶은 마음에 국민 청원을 올려 봅니다. 저 처럼 사립 유치원 교사로 근무하는 교사들의 복지와 지원이 부단히 지원금으로 보상받기 보다 현실적으로 활용한 후 있는 대체 방안이 제시 되었음 하는 바람입니다. 전국 모든 사립 유치원 교사들의 보다 나은 앞날을 위해 응원하겠습니다. 도움 주십시요.",
  "num_agree": 245,
  "petition_idx": "582709",
  "title": "사립 유치원 교사의 복지"
}