{
  "category": "안전/환경",
  "begin": "2019-09-23",
  "content": "저는 과도한 플라스틱 포장재 사용을 늘 안타깝게 생각하고 있었습니다. 환경부에 국민제안 했지만, 원론적인 답변만 돌아왔고, 아무것도 개선되지 않았습니다. 그러던 중 2019. 8.31 다음에 대형마트에서 종이박스를 없앨 테니 장바구니를 사용하라는 기사가 떳습니다. 대부분의 네티즌은 박스는 물건 입고 될 때 함께 들어오는 거고, 고객이 가져간 후에도 재활용 되며, 테이프나 플라스틱 끈이 문제가 된다면 종이끈이나 종이테이프로 바꾸도록 해야한다는 의견이 주류였습니다. 그리고 하나같이 환경부의 현실과는 동떨어진 탁상행정에 혀를 내둘렀습니다. 그 글을 읽으면서 진짜 급한 일은 따로 있는데, 정부가 집어내지를 못하는 것 같아 청원합니다. 입안한 정책을 보면 환경부 공무원들은 실제 국민생활은 잘 모르는 것 같습니다. 대형마트에서 장을 보는 사람들도 많지만, 중소형 마트를 이용하는 국민들의 숫자도 엄청납니다. 종이박스가 문제가 아니라 중소 마트에 가면 사과2개, 청경채 4포기, 아보카도2개, 포도1송이 등등을 담아서 랩으로 싸서 진열해 놓은 흰색 플라스틱 트레이가 너무 많이 사용됩니다. 포장 자체를 줄이는 것이 최선이지만, 가구당 인원수 감소와 1인가구의 증가등으로 소포장을 해야 한다면 저는 이 트레이를 계란 싸는 종이재질로 바꿔야 한다고 봅니다. 흰색 플라스틱 트레이는 환경정책 때문에 대형마트에선 잘 사용 안되는데, 중소 마트에서도 생선, 육류포장 등 꼭 필요한 부분에서만 사용하고 그렇지 않은 경우에는 포장을 간소화 하던지, 종이재질로 바꾸게 해주시길 바랍니다. 이번에 환경부가 규제에 나선 박스를 포함한 종이재질은 많은 부분 재활용 되며, 재활용 안되더라도 분해가 플라스틱보다 빠릅니다. 하지만, 흰색 트레이는 재활용 된다 해도 그 과정에서 발생하는 오염이 어마어마할 것입니다. 종이가 아니라 플라스틱 포장재를 없애는 것이 먼저라는 것은 플라스틱 쓰레기 발생량 1위 국가에 사는 국민이라면 누구나 알고 있습니다. 위에서는 농산품의 예를 들었지만, 공산품도 쓸데없이 플라스틱 2중 포장이 너무 심합니다. 또 이탈리아, 미국, 독일, 일본 같은 선진국들은 과자나 다른 공산품 중 박스포장이 필요한 것들은 종이 박스를 재활용이 가능한 재질로 만듭니다. 우리나라는 패키지 고급화 전략 때문인지 오히려 국제적인 시류와 반대로 비닐 코팅된 제품이 대부분입니다. 이런 것들은 우리 공산품 전반에 나타나고 재활용되기 어렵습니다. 전 세계가 리사이클링을 넘어 프리사이클링으로 가는 중인데, 우리만 너무 시대에 역행하는 것 같습니다. 국민에게는 과도한 쓰레기 처리의 부담을, 미래 세대에겐 척박한 환경을 줄 과도한 플라스틱 포장을 누구도 환영하지 않습니다. 아울러 공무원들이 정말 제대로 된 쓰레기에 관련된 정책을 만들려면 대형마트, 중소형마트, 재래시장, 백화점 식품매장 등을 직접 조사하며 실태 파악할 필요가 있다는 생각이 듭니다. 직접 눈으로 보면 지금 당장 바꿀 수 있는 부분들이 너무 많습니다. 지금 바로 할 수 있는 일에 행동을 취하지 않는다면, 중국에서 밀려온 미세먼지가 아니라 우리나라안에서 생산된 오염물질 때문에 숨 쉬기 힘든 나라가 될 것입니다. p.s. 올해 3월에 제가 올렸던 국민제안과 이번에 나온 다음 기사를 함께 링크합니다. 정부의 이번 정책을 국민들이 어떻게 생각하는지 참고하시길 바랍니다.",
  "num_agree": 337,
  "petition_idx": "582789",
  "title": "마트 박스포장이 아니라, 플라스틱 흰색 트레이를 없애주세요."
}