{
  "category": "인권/성평등",
  "begin": "2019-09-20",
  "content": "박근혜의 어깨수술후 조속한 재수감을 청원합니다. 국민에 의해 선출되고 국민에 의해 탄핵 파면된 박근혜는 더 이상 이 나라의 전직 대통령이 아닙니다. 헌법재판소의 중대한 결정에 의해 파면된 전직 대통령은 민간인 신분입니다. 그는 민간인 신분일뿐더러 엄밀히 따지면 남편을 살해하고 바다에 유기한 고유정보다 더 많은 어린 생명들을 바다에 유기한 악독한 일개 범죄자인 것입니다. 그런 크나큰 범죄자가 어깨 수술을 이유로 하루 병실료가 1-2백만원을 호가하는 강남 성모병원 21층 VIP 병실에 3개월간에 걸쳐 입원 한다는게 도무지 이해할수 없는 일입니다. 물론 병실료는 환자 자비로 부담한다고 하니 엄청난 병실료에 대해서는 왈가왈부 할 생각이 없습니다. 허나 21층 전층을 출입 통제 한다고 하니 21층 전실에 대한 병실료도 함께 부담 하여야 할 것입니다. 강남 성모병원 21층은 아랍의 부호들이 주로 애용하는 병실입니다. 그들만의 기도실이 갖추어져 있을정도로 호화로는 병실입니다. 우리나라 법원이 언제부터 범법자에게 이런 특혜를 베풀었는지 의문입니다..대답해 주십시오. 또한 제가 아는 상식으로 어깨질환은 크게 세가지가 있는데 그중 수술을 요하는 질환은 회전근개 파열(어깨 뼈사이 힘줄이 찢어지거나 끊어짐)이고 오십견이나 석회건염등은 재활치료로도 가능한걸로 알고 있습니다. 또한 회전근개 파열의 경우, 수술후 2-3일 정도면 병원에서 퇴원을 요구받고 이후는 통원치료나 약물치료..재활 등을 통해 치료하는 것으로 알고 있습니다. 저도 이 수술을 받고 이틀후 퇴원하였으며, 미국 메이저 야구선수로 활동하는 류현진 선수 의 경우도 이 수술을 받고 재활훈련을 통해 현재 좋은 활동을 보이고 있습니다. 이는 제가 아는 상식선에서 기술한 내용이므로 만약 제가 아는 범위를 벗어나는 수술이고 3개월간을 입원하며 호텔 생활을 해야 하는 수술이라면 정부에서 그에 대한 사유를 밝혀 주시길 바랍니다. 다시한번 말씀드립니다. 강남 성모병원의 VIP 1일 병실 입원료는 열심히 일해야 받을수 있는 우리 국민들의 한달 최저임금 수준입니다. 누구보다 더한 죄를 지은 범법자가 호텔같은 병실에서 3개월간 입원을 하며 호사를 누려야 하는 이유를 국민들이 납득할 만큼 소상히 설명해 주실 것을 청원합니다.",
  "num_agree": 2299,
  "petition_idx": "582781",
  "title": "박근혜의 어깨 수술후 조속한 재 수감을 청원합니다."
}