{
  "category": "기타",
  "begin": "2019-09-17",
  "content": "대통령의 개별기록관 건립이라는 기사를 보고 많은 국민들이 사실과 다른 가짜뉴스에 선동당했습니다. 대통령 재임 기간동안 이와 같은 일이 여러 번 발생한 것으로 기억합니다. 대통령 지시없이 독단적으로 일을 진행시켜서 국민들에게 오해를 사는 일이 앞으로는 절대 없어야 할 것입니다. 짜고 친다는 보수 쪽의 일갈에도 속수무책인 실정입니다. 부디 이번 일의 본보기로 국가기록원의 담당공무원을 강력처벌하셔서 온 국민이 대통령님의 진의를 의심하지 않기를 바랍니다.",
  "num_agree": 197,
  "petition_idx": "582716",
  "title": "개별기록관에 대하여 청원드립니다."
}