{
  "category": "기타",
  "begin": "2019-09-20",
  "content": "근생빌라 피해사례가 여러번 올라왔었는데도 많은 동의를 못얻어 그냥 청원종료되고 말았네요. 안될줄알면서도 답답한 마음에 글을 올립니다. 2017년 3월부터 신축 근생빌라에 전세로 살고있는 사람입니다. 근생이지만 주거용으로 허가도 났고 주거적합이라 아무런 문제없다. 임대차보호법도 적용되고, 2년후에는 본인이 책임지고 전세 빼주겠다라는 부동산중개업자말에 속아서 계약을 하게 되었습니다. 지금 그 중개인은 전화번호도 바꿨고 중개업도 그만 둔 상태라 연락도 안됩니다. 임대인은 갭투자 한사람이라 한건물에 근생빌라만 4채을 소유하고 있으며, 지금은 연락도 잘 안되고 종적을 감춰버린상태입니다. 현재 빌라4채가 다 경매진행중에 있는데, 설상가상으로 근생을 주거용으로 사용한다고 누군가 민원신고까지 했나봅니다. 제 개인적인 생각이지만, 경매진행과정에서 임대인(집주인)과 세입자간 마찰로 인해 집주인이 앙심을 품고 신고한듯 합니다. 전에는 카톡으로 연락을 주고 받았었는데 9월 2일 이후로는 아예 연락도 두절된 상태 입니다. 경매진행중이니 본인과는 무관하다고 생각했겠지만, 인근 법무사에 알아본결과 빌라 2채는 경매취하될가능성이 높다고 하네요 **2채는 소유주가 동일하다는 이유로 옆집 세입자가 본인집 포함. 3채을 한꺼번에 공동경매신청한 상태임(혹시 잉여금이 있을까 해서~) 어쨋든 이렇게 되면 피해자가 계속 속출 할텐데 걱정입니다. 경매입찰자는 바로 강제이행금 납부부담도 안고 가야하구요. 부당이득은 건축주가 다 챙겼는데, 피해는 왜 힘없는 세입자몫일까요? 건축주 속샘을 알면서도 허가를 내준 담당공무원은 과연 책임이 없을까요? 대한민국에 근생빌라가 넘쳐나서 사실적으로 단속도 어렵다고 하던데, 운좋아 단속에 안걸리면 그냥 사는거고 재수없으면 길거리로 쫒겨나는건가요? 주택이라면 이번기회에 내집 마련한다 생각하고 매입할수도 있겠지만 근생이라 그럴수도 없고... 이것은 서민을 위한 정치가 절대 아니라고 생각합니다. 약자는 계속 당하고만 살아야 한다는 현실이 참 슬프네요.. **단속도 좋지만 근본적인 해결방법을 찾아주세요** 지금 이시간에도 대한민국 여기저기서 저 같은 많은 피해자가 고통을 받고 있을겁니다. (궁지에 몰리면 쥐도 고양이를 문다고 저도 혼자는 안당할겁니다)",
  "num_agree": 214,
  "petition_idx": "582769",
  "title": "근생빌라 세입자 갭투자자에게 당해 궁지에 몰리다"
}