{
  "category": "정치개혁",
  "begin": "2019-09-19",
  "content": "* 공보준칙 현재의 공보 준칙은 \"공보의 적정과 수사의 원활을 기하고 사건 관계인의 명예를 보호함을 목적으로 한다\"고 명시되어 있지만 실질적으로는 전혀 지켜지지 않을 뿐더러 오히려 검찰에 의해 악용되어 왔습니다. 공보 준칙을 위반할 경우 이로 인해 심각한 피해를 입는 사람들이 있음에도 불구하고, 위반시 처벌 조항은 \"관계법령에 의하여 문책한다\"와 \"위반 내용을 검찰총장에 보고한다\"라는 두리뭉실한 조항 2개가 전부입니다 * 검찰의 악용 검찰은 지난 수십년간 불법적인 피의사실 유포와 수사기밀 누설을 통해 정치에 개입하고 자신들 조직의 권력을 키워 왔음에도 제대로 처벌을 받은 적이 없습니다. 대표적으로 노무현 대통령께서 검찰의 악랄한 가짜 피의사실 유포로 인해 돌아가셨으며, 현재는 조국 장관과 그 가족들이 똑같은 형태로 고통당하고 있습니다. * 개정안의 내용 법무부는 박상기 법무부 장관 재임기간에 공보 준칙의 개정안을 마련하였습니다. 이 개정안은 형사사건의 공개를 원천적으로 금지하고, 공개할 필요가 있다고 판단되는 사안에 대해서는 공개심의위원회에서 결정하도록 하고 있습니다. 개정안을 적용할 경우, 검찰의 정치적 표적 수사가 줄어들 것이며, 나중에 무죄를 선고를 받더라도 수사 시점이 이미 신상이 밝혀져서 돌이킬 수 없는 명예 훼손을 당하는 억울한 피해자가 줄어들 것입니다. * 왜 지금, 즉시인가? 검찰 개혁을 위해 임명된 조국 장관과 그 가족들에 대한 검찰의 표적 수사가 도를 넘었습니다. 이와 동시에 피의사실 유포와 수사기밀 누설이 자행되고 있습니다. 언론은 기본적인 사실 관계 확인도 없이 무책임하게 기사를 쓰고 있고 이로 인해 조국 장관과 그 가족의 인권은 무참히 짓밟히고 있습니다. 검찰은 자신들이 쥐고 있는 무소불위의 권력을 잃지 않기 위해, 검찰을 개혁할 법무부 장관을 표적수사로 압박하여 개혁을 저지하려 하고 있습니다. 이 상황에서 공보 준칙을 조국 장관 가족 수사 이후에 시행한다는 것은 불합리한 결정입니다. 그 이유는 다음과 같습니다. 1. 조국 장관은 가족에 대한 수사를 지휘하지 않겠다고 했습니다. 그렇다면 조국 가족 수사를 언제 끝낼지는 검찰총장의 결정에 달려있습니다. 이는 검찰 개혁의 시기를 검찰총장에게 맡기는 꼴입니다. 2. 검찰이 조국 장관을 표적 수사한 이유가 개혁의 발목 잡기를 위해서인데, 공보 준칙 시행의 연기는 검찰의 의도대로 발목을 잡히는 꼴입니다. 이후의 모든 개혁 시도들은 똑같은 이유로 발목을 잡힐 수 있습니다. 3. 오해를 피하기 위해서라는 이유는 개인적인 것입니다. 검찰 개혁은 조국 장관을 위한 것이 아니라 국민을 위한 것입니다. 바로 잡아야 할 적폐를 미룰 아무런 이유가 없습니다. 이상의 이유로 공보 준칙 개정안을 즉시 시행하기를 청원합니다.",
  "num_agree": 10038,
  "petition_idx": "582764",
  "title": "법무부의 수사사건공보에 관한 준칙 개선안을 지금 즉시 시행해 주십시오."
}