{
  "category": "정치개혁",
  "begin": "2019-09-16",
  "content": "의원님 당신은 청렴하십니까? 국민을 대표하는 의원님께 묻고 싶습니다. 의원님 당신의 자녀는 아무 혜택 없이 성장하였다 공개하실 수 있습니까? 국민을 대표하는 의원님께 묻고 싶습니다. 의원님 당신은 재산을 깨끗하게 축척하셨다 검증 받으실 수 있습니까? 국민을 대표하는 의원님께 묻고 싶습니다. 의원님 당신의 가족과 당신의 인생은 언제든 압수수색을 받아도 추측성 보도 조차 할 수 없을 정도로 사셨다 공개 하실 수 있습니까? 국민을 대표하는 의원님께 묻고 싶습니다. 국민의 정치적 무관심을 이용하여 (선거, 감사..)필요할 때만 국민을 찾고 국민의 알 권리를 외치시는 당신을 검증 받고 싶습니다. 어디까지 검증을 받아야 하는지요? 어디까지가 정책 실무에 합당한 사람인지의 판단 여부를 정할 수 있는 법적인 구체적 라인이 있는 것 입니까? 의원님 당신은 어느 선까지 검증을 받으시고 합당하시다 하시겠습니까? 국민을 의한 국민에 위한... 늘 고성으로 외치시는 의원님들을 믿어도 된다 보여 주시길 원합니다. 누구는 권력 뒤에 숨어서 조사와 검증 조차도 피해가며 만무한 혜택을 받고 있습니다. 국민의 알 권리를 위하여 애써 주시는 전 언론사의 보도 조차도 피해가며 권력의 뒤에 숨어서 편협한 세상을 당신들의 권리인 것처럼 누리며 살고 있습니다. 현재 국민들은 권력이 보여주고 들려주고자 하는 정보의 혼돈 속에서 살고 있습니다. 누구는 권력이 없어서 또는 권력 뒤에 숨지 않기 위해서 각 추측성 보도 및 조사와 허위사실 정보 조차도 피해 갈 수 없는 것이 현실 입니다. 이것이 공정한 것인지 저는 묻고 싶습니다. 저만 이것이 궁금한 것인지 국민 여러분들은 어떻게 생각하시는지 또한 궁금합니다. 국회의원은 국민을 대표하는 사람 입니다. 평등한 국민의 알 권리를 충족시켜 주시길 당부 드립니다. 전 국회의원들의 본인을 포함한 5촌조카를 포함한 가족들과 사회적 청렴도를 검증 받으신 후 국회에서의 정책을 논하길 당부 드립니다. 본인의 이익 앞에서는 권력 뒤에 숨고 본인의 이익 앞에서 국민 뒤에 숨는 국회의원들이 아니길 희망합니다. 직접 검증 받으시고 사의표명 하실 분들과 정책을 논할 자격이 있으신 분들로 개편되는 기회가 되길 희망합니다. 그리하시면 여야를 떠나 국민들 또한 국회에 대한 믿음이 다시 한번 정립되는 기회가 되리라 굳게 믿습니다. 국민들은 보여주고자 하는 정보만 듣고 퇴색되는 바보가 아닙니다. 국민들은 지금 나를 대신하는 의원들을 눈 뜨고 지금 지켜 보고 있습니다. 감사합니다.",
  "num_agree": 3150,
  "petition_idx": "582704",
  "title": "의원님 당신은 청렴하십니까? 전 국회의원의 청렴도 검증을 요청합니다."
}