{
  "category": "경제민주화",
  "begin": "2019-09-23",
  "content": "문재인대통령과(사)한국편의점산업협회와국민들과의 지난해 상생안으로 자율게약(편의점간 거리제한)을 체결해놓고 각5개사는 꼼수을 사용해 무분별한 점포수을 계속적으로 늘리고있으니 이렇게해서 어떻게 경제가사회가 바로설수있겠습니까? 정부와각5개사는 약속을 하루빨리 이행하고 법제도 또한 족속히 제정하여주십시요. 이신창업이라 서로간에 신용이 요즘시기에 가장필요하다고 생각합니다. 최소한의 생존권을 시행하라~",
  "num_agree": 198,
  "petition_idx": "582791",
  "title": "문재인대통령과(사)한국편의점산업협회와국민들과의 약속불이행~"
}