{
  "category": "정치개혁",
  "begin": "2019-09-20",
  "content": "우리나라는 현재 큰 위기를 맞고있습니다.. 짐 국회에서 처리해야할 법안은 싼더미인걸로 알고있습니다..그러나 국회의원들은 오로지 지들 권력만되찾으려하고 국회일은 무시하고있습니다..국민대표아닙니까? 국회의원들은 지들 권력을앞세워 온갖비리들을 저지르고도 뻔뻔히 살고있는데 왜국민만당해야합니까?현직 국회으원모두특검실시하여 비리없는정치를해주십시요..이제는 국민을위한정치를해야할때입니다..제발특검을해 함갈아엎어주세요",
  "num_agree": 2195,
  "petition_idx": "582779",
  "title": "현 국회의원모두 특검요청합니다"
}