{
  "category": "기타",
  "begin": "2019-09-19",
  "content": "화성 연쇄 살인 사건 용의자가 나왔다는데 공소시효가 지나서 법적으로 처벌할수없다는건 민주주의를 말살하는 행위이다! 신상공개하고. 공소시효 무효화 하라!! 지금 까지 피해자들은 피눈물을 흘리고 있고, 이를 잡기 위하여 수많은 경찰들의 노력이 물거품이된다! 이 사건을 공소시효라는 단어로 처벌을 못 한다면 경찰.검찰.국과수 사건에 해당되는 행정부서는 우리의 혈세낭비 한 결과다!! 국민의 혈세로 무슨일을 벌인것이냐!! 요구한다! 청원한다!! 화성 연쇄살인 사건 공소시효 무효화하라!",
  "num_agree": 3138,
  "petition_idx": "582748",
  "title": "화성 연쇄 살인 범인 공소시효 무효화!!청원 신청합니다"
}