{
  "category": "인권/성평등",
  "begin": "2019-09-17",
  "content": "조국 딸 ***님의 성실한 삶의 인생에 대하여, 인격적으로 부정하고 폄하했던 대한민국 언론 및 기성세대를 대신하여 진심으로 부끄럽고 미안합니다. 부디 이 큰고난을 견디고 아름답고 행복한 삶을 살아가시기를 기원합니다. https://www.youtube.com/watch?v=9Hc-wtqPAvY https://www.youtube.com/watch?v=dycyMkmXTQo https://www.youtube.com/watch?v=U-yHo1HLmpA https://www.youtube.com/watch?v=d0Lq2I5l6r8 https://www.youtube.com/watch?v=h3iarI2ujdw https://www.nocutnews.co.kr/news/5208474 [본 게시물의 일부 내용이 국민 청원 요건에 위배되어 관리자에 의해 수정되었습니다]",
  "num_agree": 1164,
  "petition_idx": "582723",
  "title": "조국 딸 ***님, 진심으로 미안합니다."
}