{
  "category": "안전/환경",
  "begin": "2019-09-20",
  "content": "<한빛 핵발전소 1호기 재가동 반대, 3·4호기 폐쇄를 위한 국민청원> 국민여러분! 한빛 핵발전소 1·3·4호기가 위험합니다. 핵발전소 사고는 인근 지역 주민들뿐만 아니라 온 국민의 생명과 안전에 직결된 문제입니다. 건설부터, 운영, 관리·감독, 규제 전반에 걸쳐 총체적 부실 덩어리인 한빛 1, 3, 4호기의 가동을 막아주십시요! 지금 막지 않으면 체르노빌과 후쿠시마, 다음은 한국이 될지 모릅니다.  한빛 1호기 재가동을 반대하고, 3, 4호기 폐쇄를 청원합니다  1. 확실하고 핵심적인 원인 규명, 안전 대책 이행, 주민 동의 없는 한빛 핵발전소 1호기 재가동 결정 철회를 촉구합니다. 2. 원자력안전위원회를 배제한 법적 기구로서 독립된 조사위원회를 구성하여 한빛 1· 3·4호기를 진상조사하고, 주민과 국민이 납득할 수 있는 안전성을 입증하지 못하면 폐쇄하기를 촉구합니다. 3. 규제기관으로서의 신뢰성을 상실한 원자력안전위원회를 해체하고, 한국수력원자력을 규제할 수 있는 주민·전문가·시민사회로 구성된 민주적 규제기관 설립을 촉구합니다. 지금 당장 한빛 핵발전소에서 체르노빌과 후쿠시마와 같은 중대사고가 발생한다 하더라도 전혀 이상하지 않을 만큼 한빛 1·3·4호기는 위험한 상태입니다. 여기에 핵발전소의 안전을 관리·감독해야하는 규제기관인 원자력안전위원회(이하 원안위)의 무능과 직무 유기는 핵발전소 중대사고의 위험을 더욱 증폭시키고 있습니다. 지난 5월 발생한 한빛 핵발전소 1호기 열출력 급증 사건은 가장 중요한 안전보다 경제성을 중시한 한국수력원자력(이하 한수원)의 위험천만한 운영실태를 여실히 보여주었습니다. 그리고 수동정지까지 무려 12시간 가까이 지체됨으로써 중대사고에 대비한 한수원과 원안위의 초기대응 체계가 완전히 무너져있음을 보여주었습니다. 그러나 원안위는 지난 8월 9일, 인근 주민과의 충분한 논의 및 합의뿐만 아니라 주민설명회 한 번도 없이 납득할 수 없는 조사결과 및 26개 재발방지대책을 졸속으로 심의·의결하였고, 주제어실에 CCTV 설치확인 완료 후 한빛 1호기 재가동을 허용하겠다고 발표하였습니다. 원안위는 조사결과에서 몇몇 직원들의 인적오류를 이번 사건의 주요 원인으로 규정하면서 설비상의 결함은 없는 것으로 발표하였습니다. 그러나 이번 사건의 발단이 되었던 제어봉 문제에 대해서 명확한 원인규명이 되지 않았는데도 설비상의 결함이 없다고 결론내린 것입니다. 우리가 한빛 1호기 열출력 급증 사건을 체르노빌 사고와 비교했던 이유는 두 사건 모두 저출력 상태의 제어봉 조작과정에서 발생한 사건이기 때문입니다. 제어봉은 핵반응의 폭주를 막아주는 중요한 안전장치이기 때문에, 제어봉 문제에 대한 철저한 원인 규명과 방지대책 및 이행은 무엇보다 중요합니다. 이번 1호기 출력 급증 사건에서는 핵발전소에서 절대로 일어나서는 안 될 주요한 잘못 세 가지가 있었습니다. 핵반응도 값을 잘못 계산한 것과 열출력 제한치 5%를 넘겼다는 것 그리고 즉각 정지 명령이 이루어지지 않은 것입니다. 그런데 원안위의 조사는 이런 어처구니없는 잘못이 발생하게 된 근본 원인을 밝히지도 않았고, 불충분한 재발방지대책 마저도 이행은 뒤로 미뤄둔 채 서둘러 CCTV 설치 후 1호기 재가동 허용을 결정한 것입니다. CCTV는 이번 사건의 원인도 아닐뿐더러 핵심적인 사고 재발방지대책이 아니라는 것은 자명합니다. 또한 이번 결정은 무엇보다 핵발전소 사고로부터 직접적인 영향을 받을 인근 지역 주민들과의 충분한 논의와 동의는 물론 주민설명회 조차 없이 일방적으로 발표되었습니다. 한빛 3·4호기 또한 가동되어서는 안 될 문제들이 너무도 많습니다. 167cm 두께여야 할 콘크리트 격납건물이 157cm나 채워지지 않고 20년 이상 방치되고 있었습니다. 격납건물은 중대사고시 방사성 물질의 외부 유출을 막아주는 최후의 보호막이기 때문에 가장 중요한 안전시설입니다. 이러한 격납건물에서 지금까지 발견된 공극만 200개입니다. 현재 기술로는 20cm 이상 내부의 공극을 탐지할 수 있는 기술이 없기에 200개 이외에도 얼마나 더 많은 공극이 있는지 알 수 없습니다. 발견된 공극을 다시 채운다하더라도 소용이 없습니다. 사고 시 공극의 경계부분부터 파열된다는 것은 외국의 실험 통해 밝혀져 있습니다. 또한 격납건물의 인장강도를 높이기 위해 매설한 쇠줄 구리스(윤활유)의 누출이 곳곳에서 발견되었습니다(3호기 29곳, 4호기 8곳). 이는 격납건물 자체의 구조적 균열이 발생되었을 가능성을 보여주는 것입니다. 부실공사로 인한 수많은 구멍과 균열이 있는 격납건물은 결코 최후의 보호막이 될 수 없습니다. 방사성 물질의 누출을 막아줄 제대로 된 보호막이 없는 핵발전소는 결코 가동되어서도 안 됩니다. 격납건물에만 치명적인 문제가 발견된 것이 아닙니다. 핵발전소의 핵심 설비인 증기발생기에서 이물질이 발견되었고, 격납건물 철판은 부식되었습니다. 또한 모든 발전체계가 배관으로 이어진 핵발전소에서 43개 지점의 배관용접이 불법으로 부실하게 시공되었습니다. 이런 문제들은 일일이 나열할 수도 없이 많습니다. 건설 당시 지역 주민들은 이러한 부실 시공에 대해 수없이 제보하고, 반대를 했음에도 불구하고 한수원과 원안위는 이를 계속 무시하고 건설과 운영허가를 강행하였습니다. 더욱 심각한 것은 이렇게 부실하게 지어진 핵발전소가 20년 이상 운영되도록 방치한 규제기관인 원안위의 무능과 직무유기입니다. 한빛 1·3·4호기의 재가동 여부는 단지 한빛 핵발전소만의 문제가 아니라, 우리나라 핵발전소 전체에 해당하는 문제임을 명심해야 합니다. 만일 이대로 안전의 불확실성과 운영·관리·감독·규제·평가 등의 근본적인 문제를 해결하지 않고 다시 가동하게 된다면, 우리나라 어느 핵발전소에서라도 체르노빌과 후쿠시마와 같은 중대사고가 발생할 가능성은 더욱더 커질 것입니다. 이대로 온 국민과 말 못하는 생명들의 목숨을 무책임하고 무능한 한수원과 원안위에 맡길 수 없습니다. 핵발전소 주변에 수많은 사람들이 밀집되어 있고, 방사능방재 대책 또한 허술하기 짝이 없는 우리나라에서 만에 하나 이러한 참극이 발생하게 된다면 책임질 수도, 복구할 수도 없는 심각한 희생과 혼란으로 온 나라가 걷잡을 수 없이 무너지게 될 것입니다. 이러한 참극을 막기 위하여 한빛 1호기 재가동을 반대하고, 3, 4호기 폐쇄를 청원합니다.",
  "num_agree": 2704,
  "petition_idx": "582778",
  "title": "한빛 1호기 재가동을 반대하고, 3, 4호기 폐쇄를 청원합니다"
}