{
  "category": "문화/예술/체육/언론",
  "begin": "2019-09-18",
  "content": "대통령님, 2019년 12월 예정인 지상파방송사업자 재허가와 2020년 예정된 종합편성채널 재승인을 정당한 원칙과 국민여론에 따라 공정하고 정의롭게 처리해 주십시오. 바야흐로 가짜뉴스가 판을치고, 언론은 자본과 정치논리에 뿌리채 흔들리고 있음을 누구도 부정하지 못할 것입니다. 생업에 바쁘거나, 뉴미디어에 익숙치 않은 대다수의 국민들은 자칫 언론이 보도하는 자료의 진위를 선별적으로 받아들이기 어려울 정도로 대한민국 언론은 지금 곪아 있습니다. 옆에서 보는 대중으로서는 그저 조금 불편한 부분일 수 있습니다. 그러나 사회의 건전성과 개인의 인격 측면에서 보았을 때, 과장에 기반한 자극적인 의혹 제기 또는 가짜뉴스들은 그 도를 넘어 검찰의 무소불위 권력만큼이나 무서운 광기로 Propaganda를 형성하며, 사회 전반의 의식을 타락하게 함은 물론, 한 인격을 살인으로 몰고가기도 합니다. 다시 떠올리기 싫지만, 우리는 2009년 이미 한차례 이러한 폐해로 우리의 소중한 대통령을 떠나보냈습니다. 민주주의 3권분립과 그사이의 견제가 중요하듯, 국민이 습득하는 정보를 좌지우지 할 수 있는 언론도 견제가 필요합니다. 그리고 우리는 이미 재허가와 재승인 절차라는 적절한 법에 근거한 견제수단을 만들어 놓았습니다. 다만, 이러한 견제가 실행되기 전, 언론의 자유라는 큰 명제하에 언론이 스스로 자정할 수 있도록 아래와 같은 저널리즘의 정신과 보도윤리를 한번쯤은 지적해 줄 필요도 있겠습니다. ㅇ 인간의 인격을 존중한다. ㅇ 헌법과 법률을 준수한다. ㅇ 부정한 청탁을 거부한다. ㅇ 진실을 찾아 끊임없이 노력한다. 법의 힘은 그 법에 따른 처분이 실제로 집행될 때 나타난다고 생각합니다. 그러나 지금까지 지상파와 종편은 그들의 심각한 타락에도 불구하고, 한차례도 그에 상응하는 처분을 받은적이 없습니다. 결국 그들에게 법은 그들만의 리그의 합법적 존재를 위한, 서류 근거에 불과한 것입니다. 대통령님께서 최고로 여기시는 정치적 가치인 원칙과 정의에 기반하여, 실제 시민들의 여론수렴을 \"충분히\" 진행하고 심사에 반영해주십시오. 또한 방송통신위원회에서 공명정대한 결정을 내리고, 실제로 집행까지 할 수 있도록 절차를 재검토하고 힘을 실어 주시기 바랍니다. 특정 정치세력을 지지하거나, 특정 언론의 탈락을 바라보며 하는 청원이 아닙니다. 다만 우리 사회의 의식을 끌고가는 언론이 좀 더 맑아지기를, 좀 더 믿고 따라갈 수 있는 나침반이 되어주기를 바라는 마음입니다. ㅇ 법은 가치를 증명해야 계속 존재하는 의미가 있다고 생각합니다. 그렇기 때문에 법을 어긴 자는 원칙에 따라 처분하여 존재 가치를 증명하는 것이고요. ㅇ 법에 따라 만들어진 기관의 규칙 등도 그 가치를 증명하기 위해서는 실효성이 있게 적절한 시스템을 갖추고, 충분히 공보가 되어야 하겠지요. - 이미 2019년 지상파 재허가관련 1차 시청자 의견수렴기간(~8/31)이 있었음에도 저는 알지 못했고, 시청자 의견수렴과 지상파 재허가 계획관련 시민들에 적절하게 공보가 되지 않고 있다고 느껴집니다. - 시청자의 의견이 어떤식으로 방송사의 평가에 반영되는 지, 배점기준에도 전혀 포함이 되어있지 않습니다. 만일 현재의 체계가 방통위가 선정한 심사위원들만의 내부 심사라면, 정권이 바뀌고나면 이에 영향 받은 결과가 나올 수 밖에 없다는 우려가 듭니다. 국가는 시스템이고, 시민사회에서 가장 좋은 시스템은 의사결정에 가능한 많은 국민의 의견이 직접적으로 반영되는 것이겠지요. 현재의 정부를 생각하면 가장먼저 떠오르는 단어는 \"원칙\"입니다. 촛불혁명의 대의명분으로 시작한 이 정부의 올바른 \"원칙\"을 통해, 부디 힘없는 자도 국가의 품안에서 걱정없이 살 수 있는 나라를 만들어 주시기 바랍니다.",
  "num_agree": 2266,
  "petition_idx": "582729",
  "title": "\"2019 지상파방송 재허가\"와 \"2020 종편 재승인\" 절차개선 및 원칙에 따른 집행 청원"
}