{
  "category": "정치개혁",
  "begin": "2019-09-16",
  "content": "존경하는 대통령님 안녕하십니까 **거리에 건설중인 북한의 주점을 막아주십시요 저희는 자유를 찾아 대한민국에 왔지만 북한의 주점이 한국에 생기게 되면 불안에 떠는 저의 탈북민들은 안보이십니까? 먼저 대한민국 국민의 안전이 우선이라고 합니다 대통령님께서는 선거시절 하신말씀을 저희는 분명히 기억합니다 ;사람이 먼저입니다; 그들이 안전하게 구해주세요 라고 세월호 아품을 보셨다면 이젠 저의 탈북민의 안전을 부탁드립니다 숨이막혀오고 가슴이 답답하여 미칠것 같습니다 이게 사람이 사는 세상이라 말할수 있습니까? 물론 정치도 좋지만 대통령님께서는 탈북민들의 안전은 안중에도 없으신겝니까 **거리 주점 막아주십시요 있을수도 없는 것입니다 대한민국에 북한의 식당과 주점이 생게도면 우리 탈북민은 어딜가라고 이러십니까? 말씀좀 해주세요 이번에 탈북모자 아싸죽음또한 들어으리라 봅니다 탈북민들은 이러지도 저러지도 못하고 대한민국에서의 인권또한 받지 못하고 사는저희들입니다 이번에 탈북민들또한 현정부에 느낀것또한 많습니다 탈북모자 아사사건때도 정부는 아무것도 해준게 없습니다 세월호사건은 대통령님께서는 그렇게 가슴아파하시면서 탈북민모자의 죽음앞에서 정부는 해준게 아무도 없다는것입니다 지금도 광화문에서는 24시간 주야로 고생하는 탈북민들에게 대통령님께서는 위로의 말씀이라도 해주신적 있으십니까 저희는 큰것을 바라지 않습니다 현정부의 관심과 대한국민로써의 차별없는 세상에서 떳떳하게 살고 싶을뿐입니다 이나라가 한때 왜 초불시위가 있었는지 모르십니까 그것은 바로 국민들의 원치않은 정치를 하였기 때문입니다 제2의 초불시위가 일어나지 않기를 바랍니다 **거리 북한주점은 말이 안되지만 이나라에 있어서는 안되는 것입니다 대한민국에 거주하는 3만4000명의 탈북자들의 안전을 지켜주시고 그들로 하여금 현정부에 불만없게 해주세요 바쁘신와중에도 이글을 봐주셔서 감사합니다 대통령님의 현명하신 판단과 자비로운신 맘으로 저희들을 굽어살펴주세요 [본 게시물의 일부 내용이 국민 청원 요건에 위배되어 관리자에 의해 수정되었습니다]",
  "num_agree": 569,
  "petition_idx": "582702",
  "title": "대한민국에  김부자사진 웬말이냐"
}