{
  "category": "교통/건축/국토",
  "begin": "2019-09-19",
  "content": "안녕하세요 저는 2013년 11월부터 연약지반 PBD장비를 운전하기 시작하였습니다. 전국을 다니며 연약지반 공사를 시공하였습니다. 인천,태안,당진,신안,광양,밀양,부산,울진등을 다니며 시공하였고 특히 부산같은 대규모 현장에서 근무 하면서 설계심도대로 시공하지 않는 걸 목격하였습니다. 허나 당시엔 나만 안하면 되겠지 란 생각으로 일을 하였습니다. 그러나 2018년 6월경 부산 현장을 가게되었고 그 현장에서 부실시공을 또 목격하였습니다. 잠시겠지 했던 부실시공이 이후에도 진행이 되었고 심하다는 생각이 들어 동영상 촬영을 하였습니다 올해 4월경 뉴스에서 '하늘이 보이는 학교'라는 것을 보게 되었고 아이를 키우는 입장에서 이미 늦었을수도 있겠지만 지금이라도 바로 잡자는 생각이 들었고 자료수집및 제가 아는 사실을 정리하기시작하여 5월15일 공익제보를 하였습니다. 현재는 경찰청과 환경부로 이첩되었습니다. 잘못된 지반개량으로 현재 피해가 발생되고 있다는 뉴스를 자주 접합니다. 땅속에 하는 공사라 확인이 어려운부분 있습니다. 허나 이부분을 이용하여 맞지도 않고 또는 조작된 기록지를 내세우며 으름장피우듯이 확인할수 있으면 확인해보라는 식의 태도로 일관하고 있습니다. 그로인해 다른 피해자가 생기는 것이구요. 제대로 조사하여 더 큰 피해가 생기기전에 조치를 취해야할것입니다. 현재 부산 명지, 웅동배후단지, 부산 신항 등 피해가 확산되고 있습니다. 만약 우리나라에 진짜 큰 지진이 온다면 이곳이 버텨낼까요? 첨부 뉴스는 연약지반 피해에 관한 뉴스입니다 검색창에 연약지반이라고 검색해보신다면 이외에도 많은곳이 피해를보고 있다는걸 아실수 있을겁니다",
  "num_agree": 280,
  "petition_idx": "582755",
  "title": "연약지반 부실공사로 인한 피해"
}