{
  "category": "보건복지",
  "begin": "2019-09-19",
  "content": "안녕하세요. 저는 홀로 아이 3명을 키우는 20대 엄마입니다. 맞벌이로도 왠만한 수입으로는 만족할수있는 생활이 되기 힘든 게 현실입니다. 우리 한부모가정들은 어린자녀들 보육하며 제대로된 직장.안정된직장 들어가긴 너무 힘든현실이고요. 기초생활생계비. 정말 턱없이 적습니다. 저.그리고 7살5살생후50일된 아이 셋. 이렇게 총4인가족 생계비가 140도 안됩니다. 사치를 부리며 사는것도 아니고. 월세.가스비.전기세.핸드폰비.보험비내면 남는돈 얼마없습니다. 아이들 생필품값이며 식비까지 충당하기힘들어요. 기초수급생계비는 말그대로 최소 생계유지할수있는 비용입니다. 그러므로 한부모가정 수당도 중복해서 받을수 있도록 하는게 맞다고 생각합니다. 그 돈이 한부모가장에게는 얼마나 큰 힘이되고 아이들도 몇번이나 웃을수있게 해줄수 있는 돈이라고 생각됩니다. 부부가 함께 벌며 아이 한명두명 양육해도 힘들어하는세상입니다. 홀로 양육하며 제대로된직장도 못다녀서 시간제알바 하며 그렇게 살아도 모을돈이 없이 한달한달 빠듯합니다 좋은옷을 사입히는것도. 비싼음식들 사주며 키우는것도 아닌데. 이 마음 꼭 알아주시길 바라는 마음에서 기초생활수급자인 한부모가정도 한부모가정수당도 중복지원됬으면 하는 바람입니다. 감사합니다.",
  "num_agree": 282,
  "petition_idx": "582746",
  "title": "기초수급자혜택과 한부모가정수당 중복으로 받게해주셔야합니다."
}