{
  "category": "문화/예술/체육/언론",
  "begin": "2019-09-20",
  "content": "인터넷상에서 불법 웹툰(만화) 사이트들이 활개를 쳐서 쓰게 된 청원입니다. 우선 제일 큰 문제는 불법사이트 운영자 및 이 관계자들이 정식 연재지에서 불법으로 카피를 따서 불법사이트에 올리고 그 사이트가 신고 되면 다시 주소를 바꾸는 방식으로 불법사이트들이 운영이 되는 것입니다. 특히 불법운영자들이 그 웹툰(만화)들에 주인인 마냥 웹툰 광고를 하고 트위터, 페이스북, 인스타그램 등 SNS에서 어떤 웹툰을 원하는지 문의도 받습니다. 이러한 것들로 인하여 많은 작가님들이 힘들어 하시는 게 아닙니다. 그래서 불법으로 본다는 것 은 작가님들을 무시하는 것 뿐만 아니라 작가라는 직업을 가진 분들의 인생을 망치는 것과 같습니다. 그리고 불법사이트에서 보면서 자신이 팬이라고 주장을 하고 웹툰을 합당한 대가를 지불하고 보는 것이 비정상적이라고 생각하는 사람이 많은데 그것 또한 작가님들을 능욕하는 행동임과 동시에 웹툰(만화)을 정식사이트에서 돈 주고 보는 독자들을 우습게 보는 행동입니다. 그래서 이 문제점들을 보완하기 위해서는 사람들의 인식을 바꿔야하는 것 뿐 만 아니라 활개를 치게 놔두어서는 안 됩니다!!! 먼저 단속을 강화하기 위해서는 사이버 경찰 측에서 이런 불법사이트 단속을 강화하도록 행정부 위 측 분들이 이런 문제뿐만 아니라 이 관련 문제의 심각성을 알고 자진해서 추진하는 것이 중요하다 생각합니다. 그리고 단속을 하기 전에 우리나라는 저작권법부터 강화해야 합니다. 개인적으로 우리나라의 법이 징역 등 처벌이 약하다고 생각합니다. 그래서 처벌하는 징역은 시대의 따라 증가한 평균수명의 따라 기간을 늘려야하고 벌금은 정해진 틀에서 내야하는 것이 아니라 저작권침해로 인해 벌어들인 돈의 맞게 걷고 불법사이트 운영자들에게는 저작권자에게 피해기간동안 만큼 그의 마땅한 피해 보상금을 지불하게 해야 하고 또 불법사이트 이용자들도 가해자이기 때문에 벌금을 물게 해야 합니다. 국내 사이트 말고도 외국사이트에서도 불법으로 연재되는 경우가 많은데 그러한 경우에는 외국인 불법사이트 운영자에게도 그 나라에서 그에 마땅한 처벌을 받을 수 있도록 대처해야합니다. 물론 국내에서도 처벌을 받기 전에 아예 그런 행동을 하지 않도록 인식을 바꾸는 게 중요하기 때문에 저작권에 관련된 공익광고 등을 언론매체, SNS 등에서 저작권문제를 다뤄주는 것도 사전에 어린아이나 청소년 등이 불법사이트의 인식을 바꿔서 접속수를 줄일 수 있고 가해자를 줄이는 것에도 도움이 될 거라고 생각합니다. 따라서 언론에서는 저작권문제의 심각성을 알려주고 나라에서 저작권 관련 법안을 강화해줌으로서 보다 건장한 문화생활을 할 수 있고 웹툰 및 만화 작가 분들 뿐만 아니라 창작분야에서 종사하시는 분들에게는 작은 실천이 보다 좋은 환경과 마음으로 일을 하실 수 있을 것입니다.",
  "num_agree": 11006,
  "petition_idx": "582775",
  "title": "불법 웹툰(만화) 사이트 단속을 강화해 주세요!!!"
}