{
  "category": "육아/교육",
  "begin": "2019-09-23",
  "content": "저는 지방에서 예술고를 준비하는 학생의 학부모입니다. 저희 아이는 어렸을 때부터 지방에서 예술계통 진학을 꿈꾸며 꿈을 키워 왔습니다. 하지만 지방에서 예술계통 진학을 위해서는 보통 힘든 일이 아니었습니다. 첫 난관은 예술중학교였지요. 예술중학교 진학을 위해선 실기력을 키워야 했지만 지방에서는 예술중학교 진학을 위해 실기력을 키워줄만한 학원이 없었습니다. 아이는 서운해 했지만 어린 나이에 먼 곳까지 보내 실기공부를 시키기엔 너무 걱정되는 부분이 많아 결국 예술중학교는 포기했습니다. 그리고 아이를 다독이며 고등학교는 예술고등학교를 가자고 위로했습니다. 그리고 이제 내년이면 예술고등학교를 진학하려고 합니다. 하지만 또 난관에 부딪히게 되었습니다. 역시나 예술고 진학을 지도해 줄 시스템이 이 지역엔 없기 때문입니다. 아이가 다니던 학원 원장님께 부탁드렸더니 난색을 표하고 가장 가까이 지도를 받을 수 있는 지역도 2시간을 차를 타고 이동해야 했습니다. 현실이 이런 것이야 어쩌겠습니까. 그래도 부모된 마음에 최선을 다해 길을 열어주고 싶었습니다. 그리고 가능한 방법을 찾아보려고 노력했습니다. 우선, 실기교육을 받을 수 있는 도시지역으로 전학을 시켜보려 했습니다. 헌데 모든 가족이 이사가지 않는 이상 전학은 힘들다고 했습니다. 최소한 친권을 가진 부모가 한명이라고 이사를 가서 같이 실 거주까지 해야 한다고 했습니다. 이 방법은 저희 가정에 현실적으로도 불가능한 일이라 포기하게 되었습니다. 그럼 전학가지 않고 실기를 공부할 수 있는 교환학생 제도라도 없냐고 문의했습니다. 그런 제도도 없다는 답변을 받았습니다. 그럼 우리 아이는 다른 아이들이 다 실기지도를 받고 있을 때 넋놓고 지켜보기만 해야하냐고 물었습니다. 결국 국민신문고에 문의해 보라는 답변을 받았습니다. 그런데 이리 저리 방법을 알아보다 기가 막힌 사실을 알게 됐습니다. 지인이 아이를 장기병결 처리해서 도시로 보내 실기지도를 하고 있더군요. 차라리 출석점수를 포기하고 무단결석을 시킬까도 생각했다고 합니다. 하지만 치열한 예술고 경쟁에서 출석점수는 쉽게 포기할 수 있는 점수가 아닙니다. 이런 경우도 있습니다. 예술고에서 요구하는 건 내신성적+실기력인데 내신은 보통 3학년 1학기나 3학년 2학기 중간고사에 마무리 하고 실기를 중점적으로 준비합니다. 헌데 아이들이 실기를 준비하려고 해도 결석을 하면 무단 결석이 되기 때문에 병결을 내든 서류를 조작하든 수를 내지 않으면 학교에서 인정을 해주지 않습니다. 결국은 떳떳하지 못한 방법으로 실기를 준비해야 하는 것이죠. 그럼 평소 실력대로 시험을 치면 안되냐고 묻는 이도 있겠지요? 그게 가능한 이야기일까요? 실력은 연습에서 나오고 연습량에 따라 실력이 달라지는 건 당연한 거 아닌가요? 예술고 입시 문제는 어제 오늘 이야기가 아닙니다. 내신준비를 끝내고 관련없는 수업들을 계속 들으며 맘 졸이는 당사자들은 말할것도 없고 지방에서 힘들게 준비하는 학생들에 대한 배려없음은 더하죠. 이런 탁상행정의 현실이 우리나라 예술계의 발전을 저해하고 아이들의 꿈을 짓밟을 수 있다는 것도 교육계에서 고민해 주셨으면 합니다. 제발, 지방이든 도시든 맘껏 실력을 키울 수 있도록 도와주세요. 그리고 예술계 학생들이 자기 꿈을 위해 죄짓지 않고 공부할 수 있도록 도와주세요.",
  "num_agree": 288,
  "petition_idx": "582796",
  "title": "제발 예술계 진학 학생들이 죄짓지 않고 공부하도록 도와주세요."
}