{
  "category": "육아/교육",
  "begin": "2019-09-17",
  "content": "일반 서민들도 서울대를 비롯한 대부분의 대학교 연구실을 자유롭게 사용할 수 있도록 개방해 주시기 바랍니다. 그렇게 되면 정치적인 이슈를 떠나 모든 국민들이 평등하게 교육의 기회를 갖고 논문이 됐건 포스터가 됐건 연구를 해서 제1저자도 되고 경험도 쌓아 외국의 유수한 대학교를 갈 수 있는 기회를 갖을 수 있습니다.",
  "num_agree": 566,
  "petition_idx": "582714",
  "title": "서울대 연구실을 국민이 사용할 수 있도록 개방해 주세요"
}