{
  "category": "기타",
  "begin": "2019-09-20",
  "content": "**농협 조합장의 아집과 독선을 고발합니다. ‘**농협 직원의 배당금 부당 수령에 장부 조작까지 개인의 일탈을 넘어 은폐 의혹 제기’(9월 3일 포천 매일 뉴스 보도)에 조합장의 아집과 독선, 해당 직원과 유착 의혹 등이 더해져 청와대 국민청원에 올립니다. 조합장은 주유소 관리직원의 비리( 횡령 등. )를 올 2월에 인지하고도, 6월 중앙회 정기감사 지적사항에 직원 순환배치에 대한 감사의견을 무시했으며 8월 특별감사까지 직무를 유지시킨 것은 명백한 은폐라고 생각합니다. 이는 3월에 실시된 조합장선거를 유리하게 이끌려는 목적과 해당직원과의 유착의혹 말고는 다른 것을 생각할 수가없다. 또한 직원의 비리사실을 적발하지 못한 중앙회의 지난 6월 감사역시 부실한 감사였다고 생각합니다. 이에 참다못한 직원이 중앙회 조합 감사처에 고발로 중앙회의 특감을 받는 초유의 사태에 이르게 되었습니다. 이과정에서 2월경부터 사고사실을 인지하고 있었으면서도 그 비리직원을 특진까지 시키려했던 사실이 직원들을 더욱 분노케했으며 조합장은 한술더떠서 농협*** 사업부에서 주관하는 해외(태국)여행에 이번사고 피의자에대해 출장처리하는 결제를 그대로 진행하여 많은 직원들의 공분을 일으켰습니다. 직원의 비리사실을 이미 인지하고도 그에 상응하는 벌은커녕 특진을 한다느니 해외여행을 아무렇지 않게 결제하는 조합장이 과연 잘 한건지 잘못된것인지 현명한 판단 부탁 드립니다. 조합장과 비리직원이 어떤 관계로 얽혀 있기에 이런 심각한 범죄가 은폐되고 축소되고 있는지 명백히 밝혀주시기 바랍니다. 또한 현제 **농협에서 추진중인 장례사업역시 강한 의혹을 제기합니다. **농협에서 현재 운영중인 장례식장은 적자상태로 장례식장의 확충은 불필요 하다는 것이 직원들의 의견임에도 불구하고 조합장은 이사회통과를 이유로 추가 확장을 강행하고 있습니다. 하물며 조합장 본인은 “내 사업이면 절대로 못한다”면서도 “조합원의 편익을 위한다”는 명분을 내세워 적자를 감수하면서 시비1억을 보조받고 자비 3~4억을 들여서 공사를 추진중에 있습니다. 이는 “농협이 망해도 조합장 본인은 아무런 손해가 없으니 문제가 되지 않는다는 것으로 사실상 직원들과 농민조합원은 안중에도 없는 조합장의 아집과 독선”이라고 생각합니다. 또한 “적자가 불 보듯 한데도 조합장의 권위를 내세워 무리한 추진을 하는 것은 순수한 의도로보기에는 어렵다”고 생각하며 “조합장이 진정 조합원의 편익을 위한다면 건실한 경영을 통해 조합원의 소득 증진과 더 많은 배당금지급에 힘써야 할 것”이라고 생각합니다. 조합원과 지역주민을 위한사업이라면 직원의 비리사실이 인지되었을 때 빠른조치로 피해를 최소화하고 그 사실을 알려야 했지만 그러지못한 조합장의 책임이 크다고 생각합니다. 특감이 1주만에 돌아가고 직원이 자체감사를 통해 비위금액을 전부 밝혀내기는 사실상 조합장등의 압력이 있을수있어서 현실적으로 모든 것을 밝힐수가 없다는 판단이 섭니다. 이에 경찰 또는 검찰의 수사 개입이 절실히 필요합니다. 하루빨리 **농협이 정상화 될수 있도록 도와주십시오. 그리고 비리는 철저하게 찾아주시기 바랍니다. [본 게시물의 일부 내용이 국민 청원 요건에 위배되어 관리자에 의해 수정되었습니다]",
  "num_agree": 532,
  "petition_idx": "582784",
  "title": "**농협 비리직원과 조합장의 유착의혹 고발"
}