{
  "category": "기타",
  "begin": "2019-09-20",
  "content": "축구 팬 여러분께 호소드립니다. 9월 21일 토 저녁 7시에 수원월드컵경기장에서 홈팀 수원삼성과 상무경기가 예정되어 있습니다. 그런데 9월 17(화)-18일(수) 밤 9시 까지 *** 종교단체에서 무단점거하고 불법으로 사용했습니다. 수원 월드컵경기장 측은 축구경기를 앞두고 있는 시점에서 선수들을 보호하고 안전을 위해 경기장을 관리해야 하는데 *** 종교집단에서 17일 날 무단점거해서 행사준비를 하고 18일에 경기장을 불법사용한 사실에 대해 관망하고 방치했다는 의혹을 받습니다. 만약 공단직원들이 적극적으로 했다면 *** 신도들이 수원월드컵경기장을 무단점령하는 사태, 방송음향장비, 무대설치, 전기지원차량 등을 포함한 사무실, 대기실, 시설들을 무단으로 사용할수 없었을 겁니다. 홈팀 경기를 앞두고 있고 국민세금으로 운영되는 수원월드컵경기장을 *** 사이비 종교집단이 강제점령하고 자기 종교집단 행사를 위해 무단으로 사용해도 공권력이 동원이 이루어지지 않는 이 황당한 사태를 고발합니다. 그리고 대통령, 국무총리, 행안부 장관, 국회의원에게 요청드립니다! 다시는 이런 불법사태가 발생하지 않도록 현재 고발되어 있는 사태에 대해 철저하게 조사 후 불법 점령한 *** 관계자들 거기에 협조한 공무원에 대해서는 처벌해주시고 단순히 행정조치가 아닌 공권력이 발동되도록 법 개정을 요청합니다. 아래는 스포츠 OSEN 기사입니다 *** 홈팀 경기 앞두고 수원월드컵 경기장을 불법으로 점거한 사실을 고발하고 있습니다 https://m.sports.naver.com/kfootball/news/read.nhn?oid=109&aid=0004086637 [본 게시물의 일부 내용이 국민 청원 요건에 위배되어 관리자에 의해 수정되었습니다]",
  "num_agree": 607,
  "petition_idx": "582774",
  "title": "축구 팬 여러분께 호소합니댜"
}