{
  "category": "기타",
  "begin": "2019-09-18",
  "content": "***씨 **공 ** 장군 15대 종손 ***은 단독으로 상속할 권리가 있는 막대한 재산을 방치하고 1970.11.22. 캐나다로 이민을 가서, 친동생이 특별조치법으로 개인 명의나 종중 명의로 등기했는데, 친동생이 개인 명의로 등기한 토지는 은행에 담보로 제공하였다가 경매로 다 날리고, 종중 명의로 등기해 둔 토지만 남았습니다. 그런데 친동생이 종중 명의로 등기해 둔 토지를 직접 관리하지 않고 있는 것을 기화로, 종손 ***과 촌수로 19촌 이상 되는 사람들이 1995.11.05. 유사종중을 결성하여, 친동생이 종중 명의로 등기한 토지들을 강점하고서는 종손 ***은 종중재산에 손도 대지 못하게 하였습니다. 종손 ***은 빼앗긴 재산을 되찾기 위하여 2011.04.19. 대한민국 국적을 회복하고, 2011.09.23.에 ***씨**공파종중 및 ***씨**공파종중 창립총회를 개최하여 대표자로 선출되었습니다. 종손 ***은 유사종중 대표자 ***을 상대로 적법한종중회대표자아님의 확인 소송를 제기하여 2014.06.26.에 대법원 승소 판결을 받았습니다. 그런데 ***은 종중자금을 종중 명의로 계좌를 개설하여 관리하지 않고 공동명의로 계좌를 개설하여 관리하여, 종손 ***은 소송에서 승소하고도 종중자금을 ***으로부터 회수하지 못했습니다. 그래서 종손 ***은 ***씨**공파종중 산하 ***씨**군종중 소유 토지를 2016.12.21. 매도하여 조달한 자금으로 ***씨**공파종중 산하 종중들을 정상화시키는 일을 하지 않을 수 없었습니다. 그런데 종손 ***과 종중활동을 같이 한 적이 한 번도 없었던 ***이 ***씨**군종중 대표자 자격을 모용하여, 종손 ***으로부터 토지를 매수한 공유자들과 종손 ***을 사문서위조 등으로 고소했을 뿐만 아니라 공유자들을 상대로 소유권말소등기 소송을 2017.02.17. 제기하였습니다. 그런데 종손 ***을 도와주는 일을 한다고 2017.04.16. 처음으로 등장한 ***이 종손 ***을 배반하고 ***과 결탁하여 유사종중을 결성하고 2017년 12월에 ***,***,*** 공동명의로 우리은행에 예금되어 있던 ***씨**공파종중 자금 5억8천여만원을 편취하였습니다. ***은 ***과 ***과 함께 2018.05.05. 캐나다로 가서 종손 ***에게 총액 6억5천만원을 준다고 약속하고 계약금으로 현금 6천만원을 주고 2018.05.07. 허위 사실확인서를 받아 ***이 법원에 서증으로 접수하여, ***이 제기한 소유권말소등기 소송 제1심에서 2018.11.22. 승소 판결을 받았습니다. ***은 ***과 ***과 함께 2018년 12월에 재차 캐나다로 가서 종손 ***을 만나 현금 1억5천만원을 더 주고, 종손 ***이 대한민국에 입국하는 것을 완전히 포기하게 하였습니다. 그래서 ***과 ***과 ***이 결탁하여 2017년에 결성한 유사종중이 종손 ***이 2011.09.23. 창립한 ***씨**공파종중이 소유하는 시가 300억원 이상 되는 재산을 송두리째 편취하게 되었고, 종손 ***을 믿고 거래한 사람들은 막대한 재산상의 피해를 입게 되었습니다. 우리나라는 특별조치법이 시행된 이래 유사종중을 결성하여 종손이 상속할 권리가 있는 토지를 특별조치법을 악용하여 유사종중 명의로 소유권이전 등기하거나 종중 명의로 이미 등기되어 있는 토지들을 강점하여 차지하는 범죄가 전국적으로 유행하여, 종손의 권리를 억울하게 빼앗기고 고통을 받는 종손들이 아주 많습니다. ***씨 **공 ** 장군 15대 종손 ***과 관련된 범죄를 철저하게 수사하여, 유사종중을 결성하여 막대한 종중재산을 편취한 자들을 엄벌에 처하여 주실 것을 청원합니다. [본 게시물의 일부 내용이 국민 청원 요건에 위배되어 관리자에 의해 수정되었습니다]",
  "num_agree": 177,
  "petition_idx": "582739",
  "title": "유사종중을 결성하여 막대한 재산을 편취한 자들을 엄벌에 차하여 주십시오!"
}