{
  "category": "외교/통일/국방",
  "begin": "2019-09-16",
  "content": "운전병 아들 사고 소식의 비보에 모든 운전병 보모님들의 가슴이 먹먹하고 슬퍼지는 것은 우리의 아들들이기 때문 입니다. 사망한 병사에게 삼가 고인의 명복을 빕니다. 슬픈 현실은 현실이고 근본적인 대책이 국회에서 아직 통과하지 못하고 잠을 자고 있다는 현실이 화가 나네요.ㅠ 얼마전 국민청원까지 해 가며 청와대의 답변및 국방부에 시정 해 줄것을 요구 했었습니다. 국민청원은 대부분 내 자식이 운전병이 아니니 무관심에 정족수를 못 채웠고 국방부의 답변은 원론적인 수준 이였습니다. 물론 조심해서 안전운전을 해야 함은 운전병 뿐아니라 모든 운전자의 의무 입니다. 하지만 기계가 아닌 사람이 조작을 하는 운전은 불의의 사고가 날수도 있습니다. 다만 사고가 났을때 처리 상황인데 군인이 운전하고 군인이 상해나 사망한 사고는 사고 처리에서 미흡해서 인지 사회에 전역을 해서도 민,형사 소송에까지 휘말리는 경우가 얼마 전까지 되풀이 되고 있습니다. 군인이 운전하고 군인이 상해나 사망시 군인 본인과 군인 가족들이 개인 합의를 해야 처벌을 받지 않는 이 불합리한 제도가 있다는 것을 미리 알았으면 그 어떤 부모가 운전병으로 군대를 보내겠습니까? 나만아니면 된다는 이기적인 생각이 작금의 현실을 만들었네요. 다시 한번 대한민국 국민 여러분께 호소 합니다. 나라를 위해 국방의 의무를 다하는 운전병 청년들이 마음 편하게 군생활을 할수 있도록 빠른 시일 안에 법제도가 개정 될수 있도록 시정 해 주세요.",
  "num_agree": 2255,
  "petition_idx": "582700",
  "title": "국군 운전병 사고 시 불합리한 처리"
}