{
  "category": "정치개혁",
  "begin": "2019-09-19",
  "content": "검찰총장 윤석열 가족친척 범죄 특검수사 요구하고 부적격자로써 윤석열 검찰총장 사퇴 요구합니다. 국민들의 검찰개혁의 기수로 지지 인기를 받은 윤석열은 명예욕을 챙기고 나서 국민을 배신하고 역적이 되었다. 국민들 지지를 받은 “조국 법무부 장관 내정자 관련 사전 진술도 듣지않고 전격수사”는 기본상식을 넘어서 강도와 범위 시기에 있어서 민주적 사법절차에 따른 합리적 상식을 벗어났다. 대한민국에서 국정농단 수많은 범죄자 박근혜 범죄자보다 더 가장 심각한 의혹의 대상이 되었다. 그 배후 의도와 목표에 대해 매우 중대한 의구심을 가질 수밖에 없다. 검찰은 공정한 수사행위를 하는 것이 아니라 제1 야당 자유왜구당의 악의적이라고 여겨지는 정치행위를 앞잡이 노릇 하고 있다. 이건 공정 정의로운 검찰이 아니다! 장관 후보자에 청문회 절차를 통한 국민적 검증을 하기전에 상식이하 고강도의 압수수색과 수사와 내용 유출을 통해서 “검증 이전의 결론” 까지 정해 놓고 온갖 권력남용 협박하고 조국에게 사퇴 요구하지 않는가? 검찰총장 윤석열은 검찰개혁에 반대하는 적폐 본색을 드러냈다. 윤석열은 적폐검찰의 편을 지지하는 뼈속까지 안 변하는 검찰개혁 반대 적폐세력의 표본이다. 조국에 대한 피의사실을 유포하고 또한 근거없는 허위사실을 언론에 유포하고 개인정보법 위반하여 언론에 유출 방조 하여 악의적인 언론플레이를 하는 등 검찰총장의 자격 부적격자로 국민들은 판단하였다. 검찰은 박근혜 국정농단때 보다 더 많은 특수부 검사 30명이상 검사로 특수부 구성하고 기습 압수수색하고 피의자 진술없이 증거 없이 억지기소 청구 하고 한달 동안 온통 근거없는 허위사실을 유포하고 방조하고 가짜 어용 언론을 처벌조차 않는 등 매우 편파적이고 자유왜구사기당의 배후조종을 받는듯 꼭두각시 수사를 하고 야당의 지지속에 공동음모 가능성이 충분한 이상한 권한남용을 과도하게 직권남용하여 처신했다! 국민들은 윤석열 검찰총장의 아래 범죄혐의 의혹에 대하여 특검실시 요구합니다. 1수사내용의 친일파 언론 유출에 대하여 수사과정에 중요하고 민감한 자료 관리 않고 방치하여 개인정보를 유출하여 TV**이 악용하여 언론에 유출되고 기사화된 명백한 범죄에 대한 검찰의 관련자 수사와 처벌 요구합니다. 조국 딸의 생활기록부 유출과 공개는 중범죄인데 이에 대해 일체의 대응이 없다는 것도 우리의 의심을 날로 깊게 하고 있다. 더 큰 의심은 그간 조국 내정자 딸 관련 내용의 구체적인 사안들을 자한당만 전부 알고 있는것이다.이에 대해 명명백백히 밝혀내야 한다. 2 검찰 개혁 거부에 대하여 검찰 내부의 반개혁적 움직임에 대한 검찰총장으로써 관리 감독 통제가 전혀 이루어지지 않고 있다는 점에서 그 책임을 묻지 않을 수 없다. 임** 고등찰청 부장검사 이라는 자가 올린 글은 검찰개혁 반발 역모 행위가 아니고 무엇인가? 조직적 의지를 대변한 것인지도 밝혀내길 바란다. 검찰개혁을 반대하는 “검찰 쿠데타”의 양상을 드러내고 임명이 확실한 장관 내정자를 피의자 신분으로 만들어놓고 검찰개혁의 의지와 수단을 마비시키는 결과를 만들려다 검찰 권력남용 쿠테타 범죄 미수에 그쳤다 3윤석열 검찰총장 본인 가족친인척 범죄에 대하여. 윤석열의 본인 및 가족 친인척에 대하여 특히 부인의 재산세체납과 주거지 3차레 압류와 주식투자 비리의혹 장모의 부동산 사기사건의 가짜 300억 통장계좌 잔고증명서 허위사문서 위조 등 사기사건에 수사 관여한 의혹 혐의 등 본인 직권남용 혐의에 진실규명 밝혀야 합니다. 이 모든 의혹에 대하여 검찰총장 윤석열은 특검수사 처벌 받거나 총장에서 사퇴하길 국민들은 요구합니다. 국민들은 유석열총장에 혐의에 대하여 아래와 같이 범죄혐의로 특검수사를 강력히 요구합니다. 1. 윤석열 가족과 부인의 주식 투자 재산관련 범죄 의혹과 장모부동산 관련 사기사건 수사관여 불기소 처분 등 특검수사 요구한다 2 조국 법무부 장관 내정자 딸의 생활기록부 등 불법적으로 공개한 자한당 의원 주광덕을 즉시 수사 처벌 요구한다 3 검찰의 수사내용 유출사실이고 민감한 자료 유출이 가능하도록 한 검사가 누구인지 밝히고 엄중하게 수사처벌 요구한다 4 국회 선진화법 위반하고 의회를 폭력으로 파행시켜 고발된 자한당 의원들에 대한 압수수색 등 강제수사 처벌 요구한다 5 검찰개혁에 저항하는 적폐 임** 부장검사와 검찰개혁에 반대자들 막론하고 수사 처벌 요구한다 결 론 검찰총장 윤석열을 “검찰 쿠데타 모의 혐의”로 구속처벌 수사를 법무부와 입법부 행정부에 강력하게 요청합니다. 촛불 시민혁명의 열망으로 세워진 현정부는 국민의 뜻과 숙명입니다 권력기관의 개혁 없이 적폐를 주도해온 기득권의 공권력은 조폭보다 무서운 권력으로 특권의식을 가진 적폐세력으로 개혁도 불가능하다. 검찰개혁에 저항하고 반발하는 모든 정치검사들의 무소불위 권한남용이 더이상 위력적인 공포가 되지 못하도록 만들어야 합니다. 국민들은 이중인격 위선자 적폐검찰총장 윤석열 가족친척의 수많은 가짜 뉴스 언론에 공개된 의혹 비리 범죄와 편파적인 보복수사와 직권남용 위반과 피의사실 유포혐의 위반과 공무상 취득한 비밀보호법 위반 및 개인정보법위반 등 범죄혐의에 대하여 대통령과 법무부와 입법부가 나서서 공정하지 못한 검찰총장에 대한 준엄하게 특검을 실시하여 명확하게 해명해주길 바랍니다. 2019년9월12일 적폐청산 \"정의 심판\" 국민대표 . [본 게시물의 일부 내용이 국민 청원 요건에 위배되어 관리자에 의해 수정되었습니다]",
  "num_agree": 8865,
  "petition_idx": "582750",
  "title": "윤석열 검찰총장 부적격자 혐의 특검수사 요구합니다"
}