{
  "category": "행정",
  "begin": "2019-09-20",
  "content": "화성연쇄살인사건의 진범을 특정에 결정적인 역할을 했던 DNA 신원확인정보의 이용 및 보호에 관한 법률 (이하 DNA법)이 지난해 헌법불합치 판정을 받아 법 개정이 필요하다고 합니다. 하지만 현재 국회에서 해당 법의 개정에 대해 논의되고 있지 않다고 합니다. 해당 법의 개정이 이루어지지 않는다면 당장 다가오는 2020년부터는 강력범죄자의 DNA 정보를 확보하기 어렵다고 합니다. 해당 법을 유지하기 위해서는 올해 12월 31일까지 개정안을 마련해야 문제가 해결되는 부분인데, 현재 국회는 일을 하지 않고 있습니다. 국민들의 치안을 위해서라도, 이번 경우와 같이 향후에도 장기미제사건 수사에 대한 실마리를 찾을 수 있도록 DNA 신원확인정보의 이용 및 보호에 관한 법률의 개정안 입법을 조속히 요청드립니다. 3권분립에 의해 입법권은 국회에 있기에 이 청원을 청와대에 올리는 것이 맞지 않지만, 국민의 목소리를 국회에 들려줄 수 있는 곳이라 판단되어 청와대 국민 청원을 작성하게 되었습니다. 이에 대한 너른 양해 부탁드립니다. 국회에 요청합니다. 국민들을 위해 일하는 국회를 보여주십시오. 국민들을 위해 뛰는 국회를 보여주십시오. 국민들을 위해 노력하는 국회를 보여주십시오. 이상입니다. (위 청원 내용은 https://www.hankookilbo.com/News/Npath/201909191705769161 해당 기사를 토대로 작성되었습니다.)",
  "num_agree": 2918,
  "petition_idx": "582767",
  "title": "강력범죄자의 DNA가 유지될 수 있도록 해 주세요."
}