{
  "category": "행정",
  "begin": "2019-09-19",
  "content": "독도는 한국땅(DOKDO, THE LAND OF KOREA)영문이 새겨진 독도 기념주화를 탄자니아 국가가에서 발행을 했습니다. 독도 기념주화는 앞서 2004년 북한에 이어 2005년 우간다에서 발행한 바 있습니다. 그런데 왜 한국은 아직 독도기념주화를 발행못하나요? 만약 일본이 먼저 독도 기념주화를 발행할 경우 국제적 선점 효과가 우려되는 부분이 있습니다. 우리가 독도 기념주화 발행을 적극 검토할 필요가 있다고 생각합니다. 2020년 도쿄올림픽 지도에 독도표기를 한 일본이 우리보다 먼저 기념주화를 만들고도 남을 나라라고 생각합니다. 정부는 한국은행과 긴밀히 협의하여 꼭 독도기념주화를 발행하길 권의합니다. ​ ​ ​ ​ ​",
  "num_agree": 463,
  "petition_idx": "582749",
  "title": "대한민국도 독도 기념주화를 만들어 주세요."
}