{
  "category": "일자리",
  "begin": "2019-09-17",
  "content": "문재인 대통령께 풍요로운 한가위를 맞아 조국을 지키시니 행복하십니까? “기회는 평등하고 과정은 공정하고 결과는 정의로워야 합니다.” 아직도 귀에 생생한 대통령의 말씀을 믿고 따른 많은 사람들은 여전히 생존의 기본권을 빼앗긴 채 고공철탑에서 찬바람을 맞고 있습니다. 한국도로공사 톨게이트 노동자들은 대법원 복직판결이 내려졌는데도 제 자리로 돌아가지 못하고 있습니다. 노동자들의 한가위는 대통령의 바람처럼 행복한 명절이 아닙니다. 지금 이 시간, 대통령의 말씀은 공허합니다. 기회는 평등하지 않고 과정은 공정하지 않으며 결과는 정의롭지 않습니다. 대통령이 임명한 공직자가 엄정한 법의 판결을 무시하고 노동자를 탄압하고 있습니다. “기회는 평등하고 과정은 공정하고 결과는 정의로워야 합니다.” 공허해진 대통령의 말씀을 되살려주십시오. 무법자 한국도로공사 이강래 사장의 해임을 청원합니다. 정의로운 대법원의 판결이 제대로 이행돼 노동자들이 약속된 제 자리로 돌아갈 수 있게 해주십시오. 대통령의 굳은 다짐, 검찰개혁과 적폐청산은 그 뒤에 있습니다. 국민과 함께 하는 대통령이돼주십시오",
  "num_agree": 518,
  "petition_idx": "582720",
  "title": "기회는 평등^^"
}