{
  "category": "기타",
  "begin": "2019-09-17",
  "content": "사건 당시 또 그 이후 현재까지도 검찰내부에서 검찰내 성폭력 사건에 대한 조사가 제대로 이루어지지 않고 있다는 의혹이 있습니다. 일반 시민에 대한 검찰의 날카로운 칼이 검찰내부에는 어찌 다르게 적용되고 있지 않나 의심을 받는 것이 국민의 한 사람으로서 참담한 감정을 갖지 않을 수 없습니다. 매일 고달픈 직장생활로 매달 적지 않은 세금을 꼬박꼬박 내면서도 수긍할 수 밖에 없는 이유는 우리 사회에 제 역할을 해주는 많은 공직자들에 대한 신뢰 때문이고 더욱이 현직 법무부 장관에 대한 의혹에도 전에 없는 검찰 인력을 동원해 수사를 하고 있는 지금, 현직 국회의원에 대한 수사도 공명정대하게 하겠다는 검찰의 공표된 의지를 확인 한 지금, 검찰내 비위와 검찰총장에 대한 수사도 권력을 가진 다른 공직자들과 같은 기준으로 수사될 것이라는 기대가 그 어느때 보다도 높습니다. 설마, 검찰총장이라 검사들의 선배이고 상사이고 검찰내 조사라 달리 기준을 만들기야 하겠습니까. 지금까지 검찰내에서 보고되고 수사 의뢰된 사건들이 검사들의 인간관계에 영향을 받아 제대로 수사도 되지 않았으며 조치 결과도 부당하다는 의혹이 있습니다. 이 사실과 의혹 자체로 검사들의 명예에 큰 상처를 내는 것이며 검찰의 수사와 결과에 대한 국민들의 신뢰를 스스로 낮추는 일이라 생각합니다. 더욱이, 윤석렬 검찰총장은 2015년 발생한 검찰내 성폭력 사건을 인지하고 있으면서도 국민들이 알 수 없는 이유로 무마되는데 역할을 한게 아닌지 의혹을 받고 있습니다. 각종 포털에 한XX 검사의 그 처남으로 알려진 진XX 전 검사의 관계 및 한XX 검사와 윤석렬 검찰총장의 관계가 적나라하게 올라와 시민들의 의혹과 실망감을 유발하고 있습니다. 검사로 재직 중인 부인이 다른 검사로부터 성폭행(강간이라고도 말하는 사람이 있습니다.)을 당했음에도 제대로 문제 제기를 할 수 없었던 부부의 심정과 그러한 혐의를 받음에도 부친의 검사경력과 현직의 매형이 검사라는 막강한 배경으로 터무니없는 형을 받아 국내 굴지의 대기업에서 여전히 승승장구하며 살고 있었다고 합니다. 상상할 수 없는 추잡한 언행과 범죄혐의가 있음에도 징계없이 검찰에 사표를 내고 퇴사하였고, 대기업의 임원으로 생활을 누리던 중 검찰 성추행 사건 진상조사단에서 수사를 받았다는데..진상조사, 수사에 대한 석연치 않은 의혹을 낳았습니다. 검찰내부에서도 검찰이 검찰내에서 발생한 감찰과 수사에 문제가 있었다고 고발한 건도 있습니다. 그 건은, 검찰내 성폭력 사건을 조사하고도 형사입건하지 않고 범죄를 덮었다는 의혹을 제기했습니다. 똥 묻은 개가 겨 묻은 개 나무란다는 우리 속담이 검찰을 향해 나오는 상황을 만들어서야 되겠습니까. 사실이 아니라면 하루라도 빨리 진상에 대한 조사와 수사로 의혹을 벗는 것이 검찰의 명예와 국가의 명예를 위해서라도 필요합니다. 검찰은 검사들이 양심과 법으로 직무를 성심성의껏 할 수 있도록 검찰내 보고되고 인지된 성폭력 사건에 대한 내부감찰과 진상조사 및 형사처벌을 다른 어떤 권력형 수사보다 철저히 해 주기를 바랍니다. 특히, 이런 의혹과 범죄가 검찰에 대한 총 관리책임을 가진 검찰총장에 의해 덮혀져 있는 것이라면 더더욱 엄격하게 조사하고 수사해야 합니다. 어떤 권력도 달리 대접받기를 기대할 수 없는 수사를 기대 합니다.",
  "num_agree": 2717,
  "petition_idx": "582719",
  "title": "윤석렬 검찰총장의 검찰내 성폭력 건에 대한 진상조사-수사 무마 의혹 진상조사 촉구"
}