{
  "category": "정치개혁",
  "begin": "2019-09-23",
  "content": "정부가 언론사를 먹여살리고 있다는 말이 있다. 2013-2018 정부 광고비 지출내역이란 자료다. •** 513억 •** 460억 •** 449억 **뉴스 매년 300억 이상. 확인 후 위 통계가 사실이라면 즉각 중단하라. 굶어주는 국민도 있다. 당장 중단 하라. 국민의 준엄한 명령이다. 여론조사라도 해보라. [본 게시물의 일부 내용이 국민 청원 요건에 위배되어 관리자에 의해 수정되었습니다]",
  "num_agree": 1804,
  "petition_idx": "582788",
  "title": "언론사에 국가예산 투입하지 말라. 무의미 무익하다."
}