{
  "category": "외교/통일/국방",
  "begin": "2019-09-23",
  "content": "대한민국 국민은 경제적으로 선진국 대열에 진입은 하였으나 세계에서 유일하게 남과 북이 적대적으로 대치하는 상황에서 자주국방 능력이 없는 약소국가로서 주변 강대국으로부터 이런 저런 이유로 경제보복을 당하고 억압당해도 주권국가로서 정당한 권리 주장을 제대로 하지 못하고 통분을 삭이며 긴 한숨으로 살아가고 있습니다. 일본의 아베는 독도가 일본 영토라는 억지 주장과 함께 일제 강제노역 배상 판결에 대한 경제보복과 함께 우리나라를 백색 국가에서 제외하였고, 중국의 시진핑은 한국 내 사드 배치를 이유로 무한 경제보복을 가하고 있으며, 미국의 트럼프는 미국의 이익을 위한다는 명분으로 강압적이고 무자비한 경제적 억압(일방적인 FTA 재 체결)과 터무니없는 방위비 분담금의 인상(6조원)요구, 그리고 일본과의 지소미아 종료 철회주장 등 대한민국이 늘 불이익을 감수해야 하는 정책을 요구하고 있고, 국내에서 반환되고 있는 미군기지의 토양 정화와 쓰레기 수거에 1조 원 이상 비용이 드는데도 미국은 그 책임소재에 이렇다 할 입장정리를 해주지 않고 무책임한 태도로 일관하고 있습니다. 이런 주변 강대국들의 끝없는 횡포를 지켜볼 뿐 힘없는 대한민국은 어디에 하소연 하며 의지할 대상이 없습니다. 언제까지 미국과 일본, 중국에 대한민국의 안보를 위탁해야 합니까? 이제는 대한민국도 자위권 행사로 핵을 보유해야 할 때라고 생각합니다. 북한과의 전쟁 가능성, 미군 철수로 인한 불안감, 주변 강대국들의 경제보복에 대한 우려로 그들이 요구하는 대로 따르면서 많은 것들을 빼앗기는 약소국가의 설움을 10년 후, 20년 후에도 아니 영원히 우리 아들, 딸들이 똑같이 당하도록 물려줘야 합니까? 만약, 대한민국이 핵을 보유하고 있다면, 주변 강대국들이 지금처럼 우리에게 무시하며 일방적으로 억압할 수는 없을 것입니다. 핵을 가진 대한민국!!! 이는 대한민국의 자주국방을 위해서이며 우리 후손들에게 지금처럼 강대국에 받는 굴욕을 더 이상 대물림하지 않도록 하기 위해서입니다. 이 평범한 바람이 울분과 통분으로 가득찬 저 혼자만의 생각일까요? 우리 국민 모두는 같은 꿈을 꾸고 같은 생각을 하고 있다고 생각합니다. 북한은 표면적으로는 비핵화를 하겠다고 하나 그동안의 행태를 보았을 때 핵을 포기할 가능성은 낮습니다. 북한의 내심이 그러하다면, 또 주변 강대국들로부터 주권국가로서의 우리 위상를 지키려면, 대한민국도 이제는 핵을 보유해야 할 것입니다. 국민 여러분, 여러분은 어떻게 생각하십니까? (참고로, 저는 15년 동안 사교육 현장에서 어린 꿈나무들을 가르치는 학원 원장으로 일하고 있습니다.) 2019년 9월 19일 서울 **수학학원 ㅇㅇ아카데미 학원장 노 ㅇ ㅇ",
  "num_agree": 302,
  "petition_idx": "582794",
  "title": "﻿우리도, 핵을 가져야 합니다!!!"
}