{
  "category": "육아/교육",
  "begin": "2019-09-17",
  "content": "안녕하세요 대통령님 제 둘째 아이는 초등학교 6학년 여자아이입니다. 초등 3학년때 부터 지속적으로 왕따 은따를 당하다가 6학년 때 학교 등교거부가 시작되어 너무 힘든 시기를 보내고, 학폭위 같은 것을 전혀 해보지 못하고 전학까지 시켰으나 여전히 등교거부가 반복되어 힘든시기를 보내고 있습니다. 개인병원 및 청소년 상담복지센테 상담 및 치료를 시작하여 도움을 받고자 했으나 거부하고 있다가 종합병원 소아정신과에서 입원치료를 권유를 받았습니다. 이제 아이가 입원치료를 할 의지가 생계 시작하려고 했는데, 장기간 입원은 초등학교 출석인정이 되지 않더라구요. 치료를 시작하면 학년 졸업이 안되고 유급이 되는 상황입니다. 제가 이런 상황으로 출석인정이 되는 소어정신과 위탁학교를 알아보았지만 중고생이 아니면 출석인정 되는 위탁학교가 없더군요. 제가 알기론 초등학생이 학교폭력과 왕따로 인한 부적응 케이스가 예전보다 많아지는 것으로 알고 있는데 왜 피해자 아이들이 학교를 떠나게끔 하는 정책이 계속되는지 궁금합니다. 초등학교 아이들에게도 출석인정 되는 위탁학교가 간절히 필요합니다. 대롱령님~초등생은 아직 어리고 혼돈의 시기입니다. 또한 자기결정권이 힘든 아이들입니다. 제발 이 어린 아이들이 다시 바로 설 수 있게 위탁학교를 만들어 주세요~간절하게 부탁드립니다.",
  "num_agree": 246,
  "petition_idx": "582708",
  "title": "초등학교도 위탁학교 만들어주세요"
}