{
  "category": "인권/성평등",
  "begin": "2019-09-19",
  "content": "저는 1년 전인 지난 2018년 6월 29일 집안의 가구를 재배치하고 아이 책상을 버리는 일을 하기 위해 네이버에서 원룸 이사 및 가구 배치, 아동 책상 버리는 일을 도와주는 서비스가 없나 검색했습니다. 가정에서 혼자서 옮길 수 없는 일이기에 금액을 지불하고 서비스를 받고자 했습니다. 네이버 검색에 바로 뜨는 “***” 이라는 앱사이트가 있다는 것을 알게 되었고, 집안 내 가구 이동 서비스를 의뢰했습니다. *** 측은 “*** 헬퍼는 안전하다!”는 슬로건을 헤드라인에 두고 일하는 업체였고 저는 핼퍼를 일정 금액을 주고 고용했습니다. 그런데 그 핼퍼는 결과부터 말씀드리면 전자발찌를 착용 중인 성폭행범이었습니다. 이미 동종범죄로 수차례 전과가 있고 성폭행으로 15년이나 복역하고 막 나온 전자발찌 착용자였습니다. 이런 범죄자를 어떻게 개인의 집으로 심부름업체에서 보낼 수 있을까요? 전과자가 일을 하는 것이 나쁘다는 것이 아닙니다. 이건 성범죄자입니다. 이미 수많은 여인들을 강고, 강간을 하여 지금 전자발찌를 부착한 사람을 개인 가정집으로 심부름을 보낼 수 있는 것은 말이 안됩니다. 그 성폭행범은 가구를 옮겨주겠다며 저희 집으로 들어와 갑자기 돌변하여 저를 강간하려 했습니다. 집안에는 어린 아들도 감기로 아파 결석을 하고 자고 있었던 상황이었습니다. 한밤중도 아니고 아침 출근 시간인 10시에 저는 제 집에서 믿고 서비스를 맡긴 업체에서 보낸 강간범에게 몹쓸 짓을 당할 뻔한 것입니다. 천만 다행으로 범죄는 피할 수 있었지만 칼로 위협 당한 일, 아이를 협박하며 몸을 비비던 그 모든 기억이 하나도 잊혀지지 않습니다. 신경쇠약에 미칠 지경입니다. 그 범죄자는 바로 체포되었고 지금 판결이 끝나지 않은 상태로 어느덧 사건이 일어난 지 1년이 넘어가고 있습니다. 곧 선고기일이 다가올수록 초조하고 두려운 마음을 감출 길이 없습니다. 어떻게 그럴 수가 있을까요? 사건 범죄자를 전혀 검증하지고 않고 가장 기본적인 성범죄확인도 하지 않고 어떻게 가정 집으로 사람을 보내는 용역 서비스에서 성폭행범을 일하게 하는 걸까요? 사건이 발생하고 지난 2018년 9월 26일 추석 연휴에 모든 방송사에서 제 사건을 기사화하였습니다. 가만히 있을 수 없었습니다. 저 이외에 수많은 가정에 성폭행범을 보내는 앱을 모르고 이용해 당할 수 있다는 생각에 JTBC, SBS, KBS에 제보를 하여 뉴스에 다루었습니다. 그런데 사건 당일부터 1년이 훨씬 지난 지금까지 “***‘은 저에게 전화는커녕 미안하다는 말 한마디 없었습니다. 저는 너무도 무섭고 떨려 제 지인이 ***측에 수차례 전화하여 단 한 번 간신히 통화되어 말했더니 ”우린 책임없다. 우리가 성폭행하라고 시킨 것도 아닌데 왜 우리더러 잘못이라고 하냐.“ ”주민등록증만 보여주면 우린 누구나 핼퍼로 쓸 수 있다. 성범죄자인지 우리가 어떻게 아냐?“며 오히려 화를 냈습니다. 저는 사건 이후 정신과 치료를 받고 수면제 없인 잠을 잘 수 없으며 계속 주변을 의식하고 두리번거리면서 숨어지내듯 살고 있습니다. 어린 아들은 이런 저를 보면서 힘들어하고 있습니다. 저는 분명히 기억합니다. 성폭행 전과자가 제게 무슨 협박을 했는지, 제게 어떤 행동을 했는지를... 사건 당일 일을 하러 왔을 때 “너는 이런 거(성폭행)당하게 생겼다. 전에도 이런 일 당하지 않았느냐? 오늘 꼭 너랑 할거댜.”라는 그 끈적하고 거친 말을 제 귀에 해댔건 것을 잊을 수 없습니다. “이렇게 힘쓰며 버텨봤자 소용없다. 난 너랑 하려고 왔다. 계속 반항하면 아들 얼굴을 칼로 그어버리겠다.”, “난 너 전화번호, 집주소, 애 얼굴도 다 안다.”는 말을 듣고 어느 여자가 맥없이 무너지지 않을 수 있을까요? 버티고 또 버텼습니다. 이를 악 물었습니다. 차라리 제가 강간을 당하는게 낫지 어린 아들을 다치게 하고 싶지 않았습니다. 울며 매달리고 붙잡았습니다. 안방에서 아무것도 모르고 잠든 제 아들에게만은 피해가 가지 말아야한다는 생각뿐이었습니다. 계속해서 빌었습니다. “제발.. 제발 신고하지 않을테니 그냥 돌아가주세요. 제발 아들은 건드리지 말아주세요. 제발,, 신고하지 않을게요. 저 그냥 놔주세요.” 수십 번도 더 빌었습니다. 울며 빌었습니다. “아직 아무 것도 안했는데 왜 이렇게 떨어.” 라는 피식 웃으며 말하는 범죄자의 목소리가 아직도 귀에 울립니다. 이 글을 읽는 여러분. 첫 조사에서 경찰분이 제게 정말 잘했다고, 잘 버텼다고 성폭행 당하지 않고 잘 대처했다며 말씀해주시는데 터지는 눈물을 주체할 수 없었습니다. 여자로서, 엄마로서 저는 버텼습니다. 무기력한 제가 할 수 있는 것이 없었습니다. 강압적 상황과 협박에서 어떻게 시간이 지나갔는지 모릅니다. 그런 제가 지금도 어린 아들과 살아보겠다고 다시 한번 버티고 있습니다. 지금 무엇이 옳고, 정의가 무엇인지 드러나야 합니다. 제발 두 손 모아 부탁드립니다. 전 범죄의 피해에서 간신히 살아난 피해자입니다. 더이상 저와같은 피해 여성이 생기면 안됩니다. “애내맨”에게 대한민국의 법이 지엄하다는 것을 제발 보여주십시오. 간단한 성범죄경력 조회도 하지 않고 아무나 특히 성폭행 전자발찌를 차고 있는 사람조차 걸러내지 않고 돈벌이가 된다면 아무나 고용하는 ***이 죄값을 받고 시정해야 한다고 봅니다. 내가 성폭행하라고 시키지 않았으니 내 죄가 아니라는 말도 안되는 이야기를 하는 ***에게 강한 처벌을 원합니다. 수수료를 받고 서비스를 이행하는 사람을 연결해주는 용역이라면 책임을 져야한다고 봅니다. 제발 여러분의 강한 관심과 응원 부탁드립니다. [본 게시물의 일부 내용이 국민 청원 요건에 위배되어 관리자에 의해 수정되었습니다]",
  "num_agree": 22201,
  "petition_idx": "582751",
  "title": "전자발찌 착용 성폭행범을 집으로 보내는 서비스"
}