{
  "category": "외교/통일/국방",
  "begin": "2019-09-20",
  "content": "문재인 대통령님께서 이룩한 9월 평양공동선언을 하루빨리 실현해주세요. 작년 오늘! 남과 북의 두 정상의 대승적인 만남에 전 국민이 열광하고 환호했던 감동이 다시 살아납니다. 문재인 대통령님께서 이룩한 새로운 시대의 역사적인 9월 평양공동선언 전문을 다시 보면 - 군사 대결이 없는 평화로운 한반도 - 교류 협력 경제 발전, 환경보호, 질병 대책 - 이산가족 만남 - 예술 공연, 스포츠 교류, 역사적 기념일 공동행사 등 우리민족의 긍지를 고취 - 한반도의 완전한 비핵화로 안전한 세상 - 북한 최고지도자의 우리나라 방문 우리나라가 평화와 번영의 새 시대로 살아갈 길이 다 적혀 있다는 생각이 듭니다. 14개월 된 딸아이를 키우면서 작은 마트에서 일하는 저 같은 사람도 이런 마음이 드는데 지혜롭고 현명한 더 많은 국민들도 마찬가지로 생각할 것 같습니다. 이렇게 좋은 남북의 선언을 하루 빨리 실현시켜 주세요~! 참고로 ****당이 9월 평양공동선언을 파기하고 폄훼하려 발광하는 것을 보니 반드시 실현해야할 좋은 선언이라는 확신이 생깁니다. <9월 평양공동선언 내용 요약> 양 정상은 민족자주와 민족자결의 원칙을 재확인하고, 남북관계를 민족적 화해와 협력, 확고한 평화와 공동번영을 위해 일관되고 지속적으로 발전시켜 나가기로 하였으며, 현재의 남북관계 발전을 통일로 이어갈 것을 바라는 온 겨레의 지향과 여망을 정책적으로 실현하기 위하여 노력해 나가기로 하였다. 1. 남과 북은 비무장지대를 비롯한 대치지역에서의 군사적 적대관계 종식을 한반도 전 지역에서의 실질적인 전쟁위험 제거와 근본적인 적대관계 해소로 이어나가기로 하였다. 2. 남과 북은 상호호혜와 공리공영의 바탕위에서 교류와 협력을 더욱 증대시키고, 민족경제를 균형적으로 발전시키기 위한 실질적인 대책들을 강구해나가기로 하였다. 3. 남과 북은 이산가족 문제를 근본적으로 해결하기 위한 인도적 협력을 더욱 강화해나가기로 하였다. 4. 남과 북은 화해와 단합의 분위기를 고조시키고 우리 민족의 기개를 내외에 과시하기 위해 다양한 분야의 협력과 교류를 적극 추진하기로 하였다. 5. 남과 북은 한반도를 핵무기와 핵위협이 없는 평화의 터전으로 만들어나가야 하며 이를 위해 필요한 실질적인 진전을 조속히 이루어나가야 한다는 데 인식을 같이 하였다. 6. 김정은 국무위원장은 문재인 대통령의 초청에 따라 가까운 시일 내로 서울을 방문하기로 하였다. 2018년 9월 19일 대한민국 대통령 문재인 조선민주주의인민공화국 국무위원장 김정은 [본 게시물의 일부 내용이 국민 청원 요건에 위배되어 관리자에 의해 수정되었습니다]",
  "num_agree": 510,
  "petition_idx": "582773",
  "title": "문재인 대통령님께서 이룩한 9월 평양공동선언을 하루빨리 실현해주세요."
}