{
  "category": "외교/통일/국방",
  "begin": "2019-09-19",
  "content": "09.17자 pd수첩에서 고 지**씨가 필리핀 현지경찰에 의해 납치, 고문, 살해된 내용과 필리핀에 있는 우리 대한민국 대사관 및 한국인대상 범죄 전담수사반의 대응을 방송하였습니다. 이 방송을 본 대한민국 국민이라면 1. 필리핀에서 '한국인 마사랍' 이라고 생각한다는 점 2. 그렇게 생각할 수 밖에 없는 우리나라의 법제도와 대응 에 대하여 굉장히 화가 났을 것입니다. 이 사건은 개인 대 개인의 문제가 아닙니다. 우리나라 국민이 외국에서 자신의 잘못이 없음에도 불구하고 외국경찰들에 의해 살해를 당한 국가 대 국가의 문제입니다. 그래서 청원합니다. 1. 고 지**씨 납치,살인사건에 대하여 문재인 정부에서 관심과 책임을 가지고 필리핀 정부로부터 사과와 배상을 받아주세요. 2. 유력용의자는 현재 보석허가되어 필리핀 거리를 활보중입니다. 필리핀 현지에 있는 고 지**씨의 가족분들의 철저한 신상보호를 요청합니다. ( 가족이 죽게되면 필리핀에서 현재 진행되고 있는 재판은 모두 끝이라고 합니다.) 3. 해당사건에서 법상으로 대사관 영사가 할 일로 변호사와 통역관 리스트를 뽑아주는 것 밖에 할 수 없다는데 방송에도 나왔듯이 그렇게 추천해주는 일은 교민끼리도 충분히 해결할 수 있는 것입니다. 이런 사건 재발생시 더 실질적으로 우리국민을 도울 수 있도록 개정해 주세요. 최소한 이러한 범죄사건에서 통역과 변호사는 직접 연결해 가족들이 말이 안통해 사건해결에 어려움을 겪는 일은 없어야합니다. 4. 현재 필리핀에서는 한국인대상 범죄가 심각합니다. 이에대해 필리핀 정부가 해결할 일이라는 생각을 버리고 우리정부에서도 여행제한조치 등 나서서 해결하고자 해주세요. [본 게시물의 일부 내용이 국민 청원 요건에 위배되어 관리자에 의해 수정되었습니다]",
  "num_agree": 373,
  "petition_idx": "582758",
  "title": "pd수첩 고 지**씨 사건에 관심을 가져주세요."
}