{
  "category": "기타",
  "begin": "2019-09-23",
  "content": "저는 경남 창원에서 가맹점을 운영하는 사람입니다. 이제는 여기만이 문제를 해결할 곳이라는 생각에 다시 글을 올립니다. 저는 얼마전 본사의 영업시간(정오12시부터 밤12시까지) 강제와 월 2일 휴무 강제를 문제로 청원을 올렸었습니다. 그러니, 본사 직원(****과장과 **부장)이 와서 저의 청원에 대하여 본사에서는 내용증명과 법적조치, 본사가 할 수 있는 모든 조치를 취하겠다고 하고 갔습니다. 청원을 넣는다고 본사가 이래도 됩니까? 먼저, 본사의 12시간 영업시간 강제는 가게를 정리하는 시간, 준비하는 시간을 합하여 15시간 이상을 일하라는 것입니다. 15시간 이상을 일하고 나면, 잠자는 시간도 부족합니다. 그리고, 밥은 늘 영업하는 중에 먹어야 합니다. 잠도 제대로 못 자고, 밥도 편히 먹지 못 하는 삶이 인간적인 삶이라 할 수 있나요? 본사는 무슨 권리로 저희가 인간적인 삶을 살 권리를 빼앗는 것인가요? 본사는 무슨 권리로 저희의 여가생활로 인한 행복을 추구할 권리를 빼앗는 건가요? 잠을 못 자고, 밥을 편히 먹지 못 하면 건강한 삶도 살지 못 합니다. 본사는 무슨 권리로 저희가 건강한 삶을 살 권리를 빼앗는 건가요? 저는 8월에 오픈시간을 11번 못 지켜 본사로 보수교육을 문서로 통보받았습니다. 그 문서에는 본사의 지시를 따르지 않으면 일방적인 계약해지를 당한다는 내용도 있었습니다. 그러나, 저는 보수교육을 안 가겠다고 했습니다. 창원에서 서울로 교육을 갔다 오는 것은 힘들고, 영업도 못 하고, 가장 중요한 것은 본사의 영업시간 강제는 부당하기 때문이라고 했습니다. 저는 본사의 보수교육입소 문서를 받고, 이런 이유로 본사와 대화를 하고자 했습니다. 그러나, 본사로 전화 통화를 했지만, 본사 직원은 문서를 보낸 담당자도 모른다. 그러니, 책임자도 모르고, 책임자와 통화할 수 없다고 하면서 ****과장과 통화하라고 했습니다. 저는 본사의 부당함을 신고하겠다고 하니, 본사 직원이 그렇게 하라고 했습니다. ****과장과의 통화도 마찬가지였습니다. 대화는 되지않고, 신고할려면 하라고 했습니다. 본사는 가맹점주의 불만이나 어려움을 들으려고도 하지 않았습니다. 그래서, 이렇게 글을 올리게 되었습니다. 저는 가게를 하기 위해 권리금을 내었고, 본사가 내라는 가맹점비도 내었습니다. 교육비도 내었고, 본사의 비싼 물건 값도 지불하고 씁니다. 그런데, 왜, 본사에 영업시간을 지키지 않는 이유를 보고해야하고, 왜, 쉬는 이유를 보고해야 하나요?그리고, 본사가 수긍하지 못하면 쉬지 못하고, 본사를 따르지 않으면 보수교육을 받아야하고, 가맹해지를 당해야 하나요? 그리고, 양도양수 시에는 본사의 허락이 있어야 한답니다. 지금 본사는 많은 가맹점에 불필요한 린나이(일본제품)후라이어기를 여러가지 이유(ex.후라이어기를 넣지 않으면 본사가 양도양수시 허락을 하지 않는다.)로 강매하고 있습니다. 본사는 이런 모든 일이 옳은 일이라고 합니다. 가맹점들이 모두 볼 수 있는 PRM 공지사항에 그런 뜻의 글을 올렸습니다. 본사는 가맹점과 대화로 해결할 생각이 전혀 없습니다. 본사는 가맹점에게 통일성을 요구하면서 가맹점주의 인권을 빼앗고, 자유를 빼앗고 있습니다. 본사가 가맹점들과 진심으로 대화하고, 가맹점의 불만과 어려움을 해결해 주는 본사로 변할 수 있도록 제발 도와주세요! 본사가 원하는 것이 있으면, 본사가 지원해서 해야 하는게 아닐까요? 본사가 가맹점이 영업하기 힘든 시간에 영업을 하길 원하면, 그 시간에 일할 직원을 본사에서 뽑아 파견하가나, 큰 매장의 가맹점을 원하면 큰 매장을 지원하거나, 2개의 후라이어기가 있는 매장에 3개의 후라이어기가 있길 원하면 1개를 지원하든 해야 하는게 아닐까요? 그것도 가맹점과 상의 후에 말입니다. 본사가 원하는 모든 것을 가맹점에 책임 지우고, 본사가 팔고자 하는 물품을 강매하는 일도 변화되어야 합니다. 본사의 영업시간 강제, 월2일휴무 강제, 양도양수시 본사의 허락, 가맹점에 불필요한 물품 강매, 이런 본사의 부당한 내용을 공정거래위원회에 신고했지만, 불법으로 볼 수 없어 도울 수가 없다는 답변을 들었습니다. 그래서, 이제는 부당한 본사를 바꿀 수 있는 곳이 여기밖에 없다고 여겨집니다. 가맹점주도 대한민국 국민입니다. 대한민국 국민은 좋아하는 일을 즐길 시간, 가족을 돌볼 시간, 친구들과 어울릴 시간, 건강한 삶을 살 수 있는 시간을 누릴 권리, 자유를 누릴 권리, 행복을 추구할 권리가 있다고 배웠습니다. 이런 권리를 부당하게 뺏어가는 본사를 꼭 변화 시켜주십시요! 가맹점주도 인간답게 살고, 행복하게 살고, 건강하게 살 수 있는 권리를 보살펴 주시고, 본사가 가맹점의 이런 권리 뺏어가지 못 하게 제발 도와주세요! 본사를 변화 시켜 주세요! [본 게시물의 일부 내용이 국민 청원 요건에 위배되어 관리자에 의해 수정되었습니다]",
  "num_agree": 636,
  "petition_idx": "582798",
  "title": "가맹점의 현실!"
}