{
  "category": "정치개혁",
  "begin": "2019-09-23",
  "content": "ㅇ해방 후 여러 사정으로 미쳐 친일파 청산을 못한 게 오늘날 나라가 혼란하고 위기에 봉착한 원인이다. 그런데도 그들은 여전히 무반성에 종일행위와 발언으로 기승을 부리고 있으니 적반하장이다. ㅇ이에 때마침 아베의 짓으로 인해 친일파가 노출돼 천만다행이다. ㅇ물실호기. ㅇ지금이 친일/종일파를 엄벌하고 제거할 기회다. 필이 그렇게 해야만 국본이 바로서고 백년대계다. ㅇ국회에서 종일자 처벌특별법을 제정하라.",
  "num_agree": 1230,
  "petition_idx": "582787",
  "title": "'무반성 친일자 및 후손'과 '종일자' 처벌 특별법 제정해 주세요."
}