{
  "category": "미래",
  "begin": "2019-09-23",
  "content": "여러분! 저는 심사숙고하며 글을 올립니다. 대한민국은 과거 일제의 식민 지배를 받은 슬픈 역사가 있습니다. 지금의 아베정권은 과거의 잘못을 사과하지 않고 있습니다. 오히려 과거의 화려했던 일본 제국주의를 꿈꾸고 있습니다. 아베정권은 역사의 진실을 숨기고 있습니다. 역사의 진실을 숨기면, 과거의 아픈 역사는 되풀이 됩니다. 저의 소망은 한국의 가장 가까운 이웃나라인 일본과 정말 사이좋게 지내는 것입니다. 그런데 안타깝게도 지금의 일본 아베정권은 전쟁가능국가를 꿈꾸며 군국주의를 부활하고 있습니다. 강한일본을 만들고 있습니다. 일본은 과거 1945년8월15일 해방이 되었을 때, 일본으로 되돌아가면서, 100년안에 반드시 다시 한국을 침략한다고 말하고 떠났습니다. 지금이 그런 위험한 시기입니다. 저는 교사입장에서 학생들이 대한민국에서 행복하게 살게 하고 싶은게 저의 작은 소망입니다. 대한민국의 아픈역사의 슬픔에 공감하면 좋겠습니다.",
  "num_agree": 3423,
  "petition_idx": "582790",
  "title": "친일파 청산 부탁드립니다."
}