{
  "category": "정치개혁",
  "begin": "2019-09-20",
  "content": "조국장관이 '검찰공보준칙 개정'을 장관님 가족수사 마무리와 관계없이 지금 즉시 시행해 주길 대한민국 국민의 일원이자 주권자로서 청원합니다. 지금 검찰은 검찰의 개혁을 단행하려는 문정부의 발목을 잡으려고 조국장관이 임명되기 전부터 전방위적으로 없는 죄를 만들어 내려고 갖은 술수를 다 쓰며 조국장관과 그 가족들을 괴롭히고 있습니다. 이것은 지난 노무현대통령 때 검찰이 없는 논두렁시계를 만들어내 그걸 수사한다고 하며 언론에 흘리고 언론은 그것을 대서특필해 한 훌륭한 인격체를 모독, 모욕하고 그 주변인들을 끝임없이 괴롭혀 죽음의 경지로 몰고간 경우와 크게 다르지 않습니다. 검찰조직은 객관적 수사가 아닌 주관적이고 정치적 성격을 띄고 자신들의 입맛에 맞는 정치인들, 언론과 결탁해 이익을 도모하고 마치 깡패조직처럼 운용하려는 검찰 내에 악의적인 검사들에 의해 쥐락펴락되고 있습니다. 이를 좌시하지 않고 조국장관은 자신의 죄없는 가족을 수사하는 검찰의 눈치 따위 보지말고 즉시 국민이 원하는 바대로 검찰개혁의 핵심인 \"검찰공보준칙 개정\"을 시행해 주시기 바랍니다. 대한민국의 주권자인 국민으로 청원합니다.",
  "num_agree": 4950,
  "petition_idx": "582782",
  "title": "조국장관이 '검찰공보준칙 개정'을 지금즉시 시행해 주시길 청원합니다."
}