{
  "category": "일자리",
  "begin": "2019-09-19",
  "content": "국토부 근무하는 직원입니다. 현대판 음서제로 전락한 국토부 특별경쟁채용시험비리에 대하여 특별감사, 국정감사, 특별수사를 촉구하고 비공무원, 비정규직에 대한 경력차별, 인사차별 철폐를 촉구합니다. 국토교통부에서 국도유지보수, 국가하천유지보수 업무를 하고 있는 도로보수원, 하천보수원 비공무원들은 수 십 년 동안 건설기계유지보수운행, 차량운행, 선박운행, 도로하천토목시설물 유지보수 업무를 하고 있으며, 그에 따른 건설기계, 정비, 운전, 토목 등 많은 자격증을 보유하고 있음에도 정작 국토부가 시행하는 경력경쟁채용시험에는 근무경력으로 인정해 주지 않아 경력경쟁특별채용시험에 응시조차 못하게 하는 경력상 불이익과 인사상 불이익을 받고 있는 현실인 반면, 사기업 또는 군에서 건설기계를 운행한 경력은 정확한 조사와 검증도 없이 경력으로 인정하고 운전직류 공무원으로 채용을 하여 국도관리용 건설기계를 운행시키고 있고, 건설기계나 대형차량 운전을 못하는 신규 채용자를 국도상에서 운전연습까지 시키고 있는 상황으로 함께 차량을 타고 근무하는 도로보수원들의 안전이 가장 우려되고, 국도를 운행하는 국민의 안전과 생명을 보호하기 위해 국도를 유지보수하는 국토부가 국민의 안전을 진정 생각하고 벌이는 일인지 의심 스럽고 이를 국민들과 관계기관에 고발하고자 하며, 국토부 특별채용에 대하여 전수조사해서 유독 공무원의 친인척 지인들이 많이 합격하는 무시험 공무원 채용시험인 현대한 음서제의 채용비리를 밝히고 공정한 채용이 되기를 희망합니다. 근거로 국토교통부는 2019년 5월 31일 공업서기보(운전직류)경력경쟁채용시험을 시행하여(국토교통부 공고 제 2019-746호) 국토부 산하 5개 지방국토관리청에서 총 67명을 채용하였으나, 채용된 공업(운전직류)직 공무원들 중 경력이 허위 또는 조작 또는 **담당공무원과 공모한 정황과 2019년 이전 운전서기보 경쟁채용시험은 1차 서류전형에서 월등한 자격증과 국토부 근무경력을 가진 사람도 떨어졌는데, 1차 서류전형도 통과하지 못할 자격과 경력을 가진 국토부공무원의 친인척, 지인들이 합격자가 많은 정황과 2019년 **지방국토관리청에서 채용한 공업직(운전직류) 신규 채용자 중 최소한의 채용조건인 건설기계 실무경력이 2년이 안 되는 사람을 **청 **담당자와 공모하여 경력을 억지로 맞춰서 제출하고 합격한 경우와 사기업에서 전혀 관련 없는 부서에서 근무하였으나 건설기계 실무경력을 허위로 발급받아 제출하고 합격한 경우 대형차량 운전면허도 없거나, 스틱차량 운전경험도 없는 신규 채용자를 현장 국도유지보수업무용 건설기계나 15톤 덤프차량으로 운전연습을 시키는 경우 등이 있어 사문서 위조 또는 공무 방해 또는 업무상 유착비리 등의 위법한 정황을 면밀하게 조사할 필요성을 제기합니다. [본 게시물의 일부 내용이 국민 청원 요건에 위배되어 관리자에 의해 수정되었습니다]",
  "num_agree": 378,
  "petition_idx": "582759",
  "title": "채용비리 현대판 음서제 존재합니다. 국토부 운전직류 공무원 경쟁채용시험 (무시험 서류전형)전수조사 해주세요"
}