{
  "category": "육아/교육",
  "begin": "2019-09-18",
  "content": "얼마 전 대한민국 교사는 OECD 회원국 교사들보다 월급을 훨씬 많이 받고 수업시간은 훨씬 적다는 기사를 보았습니다. 이를 증명하듯이 평일에도 수업 끝나고 애들 집에 가면 교사들 조퇴러쉬가 이어집니다. 게다가 방학 때는 41조 연수라는 명목하에 '인근도서관' 이라고 떡하니 적어놓고 집에서 놀거나 여행을 가거나 합니다. (방학 무급 아닙니다. 유급으로 월급 다 받으면서 노는 겁니다.) 심지어 해외여행을 갈 때도 본인들 연가를 안 쓰고 41조 연수 쓰고 다닙니다. 연가는 학기중에 조퇴할 때 써야 되거든요. 게다가 교사들은 툭하면 과도한 행정업무를 한다고 언론플레이하며 고작 3명밖에 없는 행정실로 본인들 업무를 이관하지 못해 안달입니다. 그렇게 행정업무가 많고 일 많다는 분들이 평일에 조퇴는 어떻게 그렇게 자주 하시는지요? 행정업무가 그렇게 많으면 방학 때 학교에 나와 업무처리를 좀 하시지요. 방학이 당신들 놀라고 있는 거 아니잖습니까. 월급 받으면서 대체 뭘하는 건지요? 이번 명절 전날에는 조퇴도 안 달고 그냥 집에 일찍 간 교사들 많다더군요. 교장이 재량으로 보내준 모양인데 엄연히 공무원 복무규정 위반입니다. 교사들 복무위반 실태 점검, 41조 연수 1년에 대체 며칠이나 쓰며 월급 받고 노는 건지 전수조사 해주시기 바랍니다.",
  "num_agree": 490,
  "petition_idx": "582730",
  "title": "교사들 41조 연수 전수조사 해주세요."
}