{
  "category": "기타",
  "begin": "2019-09-17",
  "content": "안녕하십니까. 저는 요즘 조국 법무부장관 때문에 상대적 박탈감을 느낍니다. 조국 법무부장관은 후보자 시절 검찰개혁은 국민의 열망이다 라고 말했습니다. 말을 잘못하시거 같습니다. 조국의 사퇴는 국민의 명령이자 시대적 사명이라고 생각합니다. 그런데도 불구하고 문재인 대통령을 조국후보자를 임명했습니다. 그리고 조국이 임명된지 얼마 않지나 법무부에서 조국 수사에 윤석열 총장은 빠지라고 압박을 하였습니다. 저는 이에 대하여 윤석열 총장도 신변보호를 받을 권리가 있다고 생갑합니다. 윤석열총장님 힘내십시오!! 여기서 지면 안됩니다.",
  "num_agree": 890,
  "petition_idx": "582718",
  "title": "조국 딸 신변보호도 중요하지만 윤석열검찰총장에 대한 신변보호도 요청드립니다!!"
}