{
  "category": "교통/건축/국토",
  "begin": "2019-09-19",
  "content": "저희는 6호선지하철에서 **와2년8개월계약으로 2017년2월 계약을 체결하였습니다 살아볼려고 많은 빛을 내어 빵집을 하게되었습니다. 투자금은 2억정도 되네요 2년8개월정도하니까 이제는 생활도 안정되어가고 이제조금씩 모아 빛도 갚을수 있겠다 싶었습니다 새벽5시에 나가서 지하철이끝나는 한시까지 일하면서도 힘든지 몰랐습니다 그런데 청천병력같은 일이 일어났네요 **와 지하철이 재계약을 하지않으므로 계약기간이 끝나기때문에 우리같이 **와 계약한사람은 모두 나가야한한는겁니다 어느누가2년8개월가계하겠다고 8평남짓한빵집에 2억씩 투자해서장사하겠습니까 2년8개월하고나오면 손해볼께 뻔한데요 지하철에 전화해보니 무조건 나가야한다네요 지하철은 **와 계약을 하면 당연히 재임대할것을 알고 계약을 하였을텐테 지하철도 도의적인 책임이 있는건 아닌지..... 지금까지 있는노하우 없는 노하우 동원해 단골도잡고 빵집자리잡는데 흘린땀이 얼만데..... 지하철에 공실도 많고 장사도 안되서 아우성이라는데 그정도 일궈논 일터를 계약기간이 끝났으니 그냥 원상복구하고 나가라합니다 세달전 서울시에 민원을 넣었을때는 지하철담당자가 공정성을 위해 입찰을 해서 다시 받으시면된다고 입찰방법도 알려드리겠다고 하여 입찰받고자 온비드도 가입하고 온비드입찰전용공인인증도 준비하였습니다 그런대 한달남짓 남은 이시점에서 개별입찰은 할수없다하네요 **와 계약했던 409점포를 다른 기업에 통째로 넘긴다는거네요 현재장사하는사람도 지하철에 승인을 득해서 장사를 하고있는데 입찰할 기회도 주지않는다니.... 그리고 더큰문제는 일단 만기일에 원상복구(모든시설철거)를하고 다시임차를할경우 다시 시설투자를 하라는겁니다 처음에 1억6천정도 들여 시설투자한거를 철거비 1천오백만원 들여 원상복구하고 다시 그비용들여 시설투자하고 다시들어오라는겁니다 어이없고 비상식적인 일이 대한민국 그것도 공기업인 교통공사에서 일어나고있네요. 입찰할수있는기회와 아님 다음임대인이 들어오면 다시임차해서 장사할수 있는 기회는 주어야하는거안니지.... 또 그기간동안은 계속적인 장사와 원상복구 유예를 해주어야 되는건아닌지 ..... 입찰이나 다음임대인과 조건이 맞지안아 점포임차를 못할경우 그때른 당연히 깨끗이 원상복구를 해야지요 교통공사 직원도 비합리적이고 비상식적인것은 인정을하지만 어쩔수없다고만 합니다 임대를 줄때 재임대를 줄것을 알고 또 최종임차인도 지하철공사의 허가를 득하는 만큼 도의적인 책임과 공기업으로써 상생할수있는 방법을 모색해주어야 하지않을까요 제발 저희는 생존의 문제가 걸려있네요 저희뿐만이 아니라 6.7호선 임차인들이 모두 그런상황에 처해있습니다. 409개 점포중에 임대중인 상가는 모두 포함대는 상황입니다 무조건 해달라는게 아닙니다 교통공사와 계약한 임차인은 만기가되면 3개월 동안 장사를 하면서 재임차할수있도록 원상복구 유예 또는 명도 유예를 해준다고합니다. 저희도 그것을 원합니다. 원상복구유예 또는 명도유예를요 저희를 도와주세요. [본 게시물의 일부 내용이 국민 청원 요건에 위배되어 관리자에 의해 수정되었습니다]",
  "num_agree": 339,
  "petition_idx": "582757",
  "title": "지하철상가 임차인의 피눈물"
}