{
  "category": "정치개혁",
  "begin": "2019-09-17",
  "content": "논두렁 시계법안을 만들어 주세요. 검찰의 횡포는 도를 넘었습니다. 논두렁시계라는 검찰측의 허위사실공표로 우리 국민은 노무현대통령을 잃었습니다. 지금도 우리 국민들은 이사건을 잊지 않고 있습니다. 또한, 우리국민은 이번 조국법무부장관 임명과정을 똑똑히 지켜 봤습니다. 검찰은 지난 과정을 뉘우치기는 커녕, 검증되지 않은 피의사실을 언론에 유포시켜 또다른 노두렁시계 사건을 만들려고 하였습니다. 이로 인해 우리 국민들은 혼란속에 빠져들어 서로가 서로를 믿지 못하는 지경까지 이르렀습니다. 조속히 논두렁시계법안을 만들어 선의의 피해자가 더이상 나오지 않기를 바라는 마음에서 제의 하는 것입니다",
  "num_agree": 899,
  "petition_idx": "582717",
  "title": "논두렁 시계법안"
}