{
  "category": "정치개혁",
  "begin": "2019-09-17",
  "content": "조국의 <재산 비례형 벌금 제도>를 환영합니다. 허경영의 나머지 33 공약들도 시행해 주시기 바랍니다. 특히 가장 시급한 <국민 배당제> 을 <패스트 트랙>에 올려주시길 바랍니다. 아래 제 유튜브 링크를 추가하오니 참고 하시어 <국민 배당제>의 중요성을 인식하시길 바랍니다.",
  "num_agree": 297,
  "petition_idx": "582712",
  "title": "국민 배당제 조기 시행"
}