{
  "category": "성장동력",
  "begin": "2019-09-18",
  "content": "신문기사를 읽다가 7광구에 대해 알게 되었습니다. 신문기사 발췌 https://m.wikitree.co.kr/main/news_view.php?id=463612#_enliple https://m.terms.naver.com/entry.nhn?docId=938171&cid=43667&categoryId=43667 곧 2028년되면 7광구를 눈뜨고 일본에게 빼앗긴다고 하네요. 그리고 중국은 벌써 7광구 옆에서 석유를 뽑아가고 있다는데 ... 이거 국가적 중요 사안으로 반드시 되찾아 올 방법을 강구해주세요",
  "num_agree": 1994,
  "petition_idx": "582731",
  "title": "사우디 매장량 10배 달하는 한국의 석유 7광구 되찾기"
}