{
  "category": "교통/건축/국토",
  "begin": "2019-09-20",
  "content": "유치원과 초,중,고,특수 학교에서 발생하는 교통사고는 스쿨존이 아니라는 이유로 합의만 보면 형사처벌을 받지 않아도 된다고 합니다. 8월23일 충주 **초등학교 정문 입구내에서 발생한 사고입니다. 아침 8시 35분 학교 교문을 통과하여 등교를 하던 중 운동화 끈이 풀려 끈을 묶고있는 6학년 남학생을 출근을 하던 교내 선생님이 SUV차량으로 학생을 깔아버려 중상을 입힌 사고입니다. 학생을 보호해야하는 교내에서 그것도 선생님의 부주의로 사고가 발생했으며, 안전시설 조차도 되어있지 않았습니다. 학생은 중상을 입고 병원에서 치료중이며 가해자는 도로가 아니라는 이유로 아무런 처벌도 받지 않고 있으며, 교문 300미터 이내 도로는 스쿨존이라서 교통사고 발생시 형사처벌 대상이며, 교문을 통과한 학교내에서는 아무런 처벌도 내릴 수 없다는 법이 이상할 따름입니다. 도대체 어디가 스쿨존인가요? 미래의 주역인 아이들이 다니는 학교가 스쿨존 아닌가요? 지금도 아이들 등교길에 출근하는 차량과 뒤엉켜 아슬아슬한 상황이 생기고 있어 하루빨리 스쿨존이 학교내에서도 확대되어야 운전자들의 경각심을 일깨울 것 같습니다. 2012년 4월 학교 운동장에서 일어난 교통사고, 이른바 운동장 김여사 사고가 인터넷을 뜨겁게 달군적이 있는데, 운동장 교통사고가 형사처벌 대상이 아니어서 더 큰 논란이 있었는데도 불구하고 정부는 교내 교통사고도 형사처벌을 받을 수 있도록 법을 개정한다고 해놓고 아직도 안하고 있습니다. 12대중과실 사고에 어린이보호구역(school zone)교통사고가 언급되어 있지만 학교밖보다 더 중요한 교내에 스쿨존이 아니라는 이유로 가해자들은 형사처벌을 받지 않습니다. 학생들의 안전한 통행권을 위한 대책으로 법을 개정해 주세요. [본 게시물의 일부 내용이 국민 청원 요건에 위배되어 관리자에 의해 수정되었습니다]",
  "num_agree": 2736,
  "petition_idx": "582766",
  "title": "학교 내 교통사고는 어린이보호구역(school zone)에 포함되지않아 형사처벌이 안된답니다."
}