{
  "category": "교통/건축/국토",
  "begin": "2019-09-19",
  "content": "금번 창원시 용원 초등생의 대포차 뺑소니 사고를 접하고 너무도 가슴 아픈 국민중 1인입니다. 다수의 대포차들이 각종 강력 범죄 및 뺑소니 사고등으로 많은 피해자들을 양산하고 있고 또 , 사회적으로 큰 물의를 일으키고 있음에도 정부에서는 단속의 손을 놓고 있는건지 묻고 싶습니다. 지금 현재도 도로를 주행하고 있는 수많은 대포차들로 인한 제 2의 용원 뺑소니 사건을 방지하기 위해서라도 정부와 지자체의 보다 강력한 단속 및 운행 금지를 촉구하는 바입니다. 두번 다시 대포차로 인해 선량한 국민들이 피해를 입는 일이 없도록 해주세요.",
  "num_agree": 423,
  "petition_idx": "582756",
  "title": "대포차의 운행을 원천적으로 막아 주세요!"
}