{
  "category": "육아/교육",
  "begin": "2019-09-30",
  "content": "초등학교 4학년 아이의 학교폭력 가해자가 된 초등교사를 고발합니다. 초등학교 4학년 아이의 인권을 무시하고 정서적 학대를 행사한 초등 교사를 고발합니다. 사건의 개요는 이렇습니다. 저의 4학년 딸아이가 수학 숙제를 많이 틀린 날, 선생님께서 “이럴 거면 학원을 왜 다니느냐?며 교실 아이들이 있는 곳에서 훈계를 했다고 하여 선생님께 전화를 드렸습니다. 학교를 통해, 수업 끝나고 연락 부탁드린다며 메모를 남겼고 얼마 후 선생님으로부터 연락이 왔습니다. “선생님 ○○이 아빠인데요. ○○이가 숙제를 해갔는데 많이 틀려서, 선생님께서 애들 앞에서 이럴 거면 학원을 왜 다니느냐고 훈계를 하셨다고 들었습니다.” 그때부터 선생님은 “제가 ○○이에게만 그렇게 말한 게 아니고 애들 전부 다한테……” 라는 식의 일방적인 변명과 해명에 급급했으며 제 말은 도통 듣지 않으셨고, 제가 “선생님 잠시만요!”를 몇 번 하고서야 대화를 할 수 있었습니다. “친구들이 평소 선생님께서 ○○이만 미워하는 것 같다는 말을 여러 번 전해주어 (걱정이 되어) 그런다”하니 계속 일방적인 이야기만 하셨고, 대화 말미에는 얼굴을 보고 상담을 하자고 말씀하셔서 오후 2시 반에 약속을 잡고 통화는 그렇게 끝났습니다. 이 전화가 끝난 후 선생님께서는 저희 아이에게 마녀사냥과 인민재판에 가까운 폭력적 행동을 하셨습니다. 2교시와 3교시 사이의 쉬는 시간에 저랑 전화를 끝낸 뒤, 3교시 수업을 시작하자마자 학급 친구들 모두가 있는 곳에서 제 딸아이에게 “너네 아버지 이상한 놈이다. 상담도 오지 않으면서 이런 전화는 왜 해?” 하고 모독적인 발언을 서슴지 않으셨습니다. 제 아내와 저는 현재 맞벌이부부로, 아이의 학교생활과 공부에 다른 부모님만큼 신경을 쓰지 못하는 것은 맞지만 그렇다 해서 아이의 학교생활 및 교우관계를 소홀히 여기거나 방치한 적은 한 번도 없습니다. 전국의 모든 맞벌이 학부모님들이시라면 공감할 수 있을 것입니다. 그런 부모의 사정은 전혀 고려하지 않은 채, “상담도 오지 않으면서 이런 전화는 왜 해?” 라는 발언을 서슴지 않고 학급 아이들 앞에서 아이를 공개처형한 뒤, 심지어는 “부모님께 뭐라고 했느냐?” “빠짐없이 적으라”고 혼을 냈습니다. 시대착오적인 이러한 훈계는 학부모로서 상상할 수 없는 일입니다. 가장 충격적인 일은, 칠판에 ○○이의 학교생활과 친구관계, 수업태도 등 ○○이 단점에 대해 빠짐없이 작성하라고 아이들에게 시킨 것입니다. 또 제 딸아이에게도 너 자신에 대해 똑같이 적어보라고 했답니다. 피가 거꾸로 솟는 기분입니다. 그렇게 수업을 마치고 제 딸아이에게는 “아버지 오시니까 끝나고 남아있으라”고 말했고, 겁을 잔뜩 먹은 딸아이는 엄마에게로 도망왔습니다. 딸의 상처받은 마음에 대한 걱정과 선생님에 대한 분노로 눈물 흘리고 있는 아내에게, 저는 자초지종을 다 전해듣고 곧장 교장실로 찾아갔습니다. 교장선생님께 이 이야기를 전달했고, 교장선생님은 곧 담임을 교장실로 호출했습니다. 그러니 담임선생님은 저보고 교실로 오라고 하더군요. 교장선생님이 “그런 상황이 아닙니다. 내려오세요!”하니 그제야 모습을 드러내셨습니다. 그리고 두 손에는 아이들이 적은 종이를 잔뜩 들고 오셔서는, 그걸 보여주면서 “○○이가 학교에서 수업시간에 이렇다고 애들이 적은…” 하는 겁니다. 쪽지에는 빨간 밑줄이 잔뜩 그여있었습니다. 저는 “애들한테 이런 걸 시키는 게 가능한 교육절차입니까?” 물었고, 선생님 답은 “이것은 교육과정 중 일환으로 애들의 교우관계를 조사하는 겁니다. 당연히 가능합니다.”라고 했습니다. 저는 “그걸 수업시간에 했습니까?” 재차 물었고, 선생님 답은 ”네 국어수업이라, 생각을 글로 적는 활동으로 했습니다.“고 답했습니다. 그러더니 ”애들은 내일이면 다 잊어요.“ 하고 안일한 답변을 내놓았습니다. 설령 학급 아이들이 내일이면 다 잊을지 몰라도, 제 딸아이는 자신의 단점에 대해 아이들이 난도질하고 평가해놓은 그 빨간 쪽지들을 어떻게 잊겠습니까. 이것은 정서적 학대, 담임 주도 하에 다수가 소수를 비난하고 따돌리는 학교 폭력이라는 생각밖에 들지 않습니다. 그날 끝까지 선생님은 잘못을 인정 안하시고 저희는 아무런 사과도 받지 못한 채 집으로 돌아왔습니다. 저는 저녁에 교육청에 신고를 했고, 저녁 6시 30분경에 선생님께 연락이 왔습니다. 저희 딸 이야기가 아닌 형식적인 사과에 불과했고, 저는 “선생님, ○○이는 어떻습니까 하고 아이의 상태에 대해 먼저 물어봐야 하는 것 아닌가요?” 하니 그에 대한 답변으로 “애들 문제는 빼고 이야기하시죠.”라는 뻔뻔한 말이 돌아왔습니다. 제 딸아이 문제가 아니라면 제가 이렇게까지 할 이유가 뭐가 있겠습니까? 다음날 장학사님과 함께 면담을 진행하는데도 선생님은 계속해서 자기방어에 변명 뿐이었습니다. 결론은 딸아이가 상담을 받은 뒤 계속 담임선생님께 학업을 받을 수 있는지 고민해보자고 하셨습니다. 그렇게 하루가 더 흘렀고, 저는 제 딸에 대한 학우들의 2차 피해와 담임선생님의 폭력적 행위를 우려해 학교를 보내지 않았습니다. 그러자 담임은 같은 반 학우를 시켜 “학교를 이렇게 결근하면 4학년을 한번 더 다녀야 한다고 선생님이 전하라 하신다”고 또 한번 저희 아이에게 고압적이고 위협적인 행동을 자행했습니다. 아이에게 저에 대한 폭력적 언사 및 모욕적인 언사를 자행한 것은 차치하고라도, 초등 고학년의 예민한 감수성과 자존감을 전혀 고려하지 않은 이 교사의 자질이 의심됩니다. 반 아이들에게 제 아이의 단점에 대해 빠짐없이 작성하라고 “수업시간”에 명령한 것은 학생의 학습권 침해 및 수업, 교육활동에 방해합니다. 뿐만 아니라 학교폭력 가해행위에 해당하고 위계질서에 의한 괴롭힘으로 간주할 수 있습니다. 학생 인권 조례 및 아동복지법 위반, 아동학대 등 처벌에 관한 특례법 위반 행위에 해당하는 중대한 사안입니다. 학생의 인권을 침해하고 제 아이 가슴에 씻을 수 없는 상처를 받게 한 초등 교사를 파면을 바랍니다.",
  "num_agree": 1471,
  "petition_idx": "582888",
  "title": "초등학교 4학년 아이의 학교폭력 가해자가 된 초등교사를 고발합니다."
}