{
  "category": "문화/예술/체육/언론",
  "begin": "2019-09-25",
  "content": "포털사이트의 뉴스에 관한 이야기입니다. 과거와 달리 국민들중 상당수가 신문보다는 포털사이트 상단에 실시간으로 노출되는 뉴스를 통해 그날그날의 소식을 확인하고 있습니다. 그만큼 포털사이트는 나날이 발전하는 스마트폰 환경으로 그어떤 수단보다 정보의 운송매체로 높은 편익을 제공하고 있습니다. 그러나 그 유익과 함께 최근 갈수록 늘어나는 개개인의 SNS와 유튜버 환경으로 가짜뉴스가 무분별하게 경쟁 및 재생산되고, 확대 파급 피해가 마치 공공연한 사실처럼 고스란히 전국민에게 보도되는 아이러니도 함께 내재되었음을 알수있습니다. 특히 그 모든 매체들 중에서도 포털사이트가 단연 중심이 되어 가장 많은 접속자를 유도하고 있음은 누구나 예상할 수 있는 사실일것입니다. 그만큼 포털사이트의 범사회적 위치와 역할론적 책임의 무게 또한 남다르리라 생각됩니다. 물론 포털사이트 경영진들도 자체 필터링을 통해 팩트체크와 자정의 기능을 높이려고 애쓰실것이라 믿습니다. 그렇지만 최근 조국장관 사태만 보더라도 각 신문사 기자들의 단독보도들이 속도경쟁이라도 하듯 지르고보자는 식의 성의없고 무책임한 내용으로 마구 쏘아올리는데, 과연 포털사이트가 제대로 필터링의 역할을 하고 있는지 상당한 의심을 일으키게 만드는것도 사실입니다. 국민의 알 권리도 상당히 중요하지만, 못지않게 무책임한 ~카더라 통신의 기사 범람과 단순 의혹만으로 국민호도하는 식의 기사들로만 국민생활 전반이 덮여진다면 얼마나 사회가 이분법적으로 국론분열에 취약해지겠습니까. 건강한 사회를 위해서는 다양한 목소리가 나와 각계 분야의 다양성을 넓혀야합니다. 그런데 지금은 언론이 앞장서서 사실팩트는 뒷전으로 하고 단순무식하게 언론방향을 일방향으로만 치닫고 있으니 공산주의나 독재주의와 다를게 뭔가요? 그리고 오보를 냈던 언론사나 기자들이 생산한 기사들은 문제는 있되 책임은 지지않는식으로 얼렁뚱땅 넘어가기만 한다면 이런 문제가 생길때마다 사회전반에 어른이 없는 사회, 사과하지않는 사회, 성숙하지못한 사회, 광란의 사회로 치닫고 말것입니다. 선진국으로 향하는 이 시점에 정치,경제,사회,문화 전반이 품격을 갖고 함께 발전하는 미래의 강국을 꿈꾼다면 이번 기회에 반드시 균형잡힌 언론, 불의와 타협하지않는 정의로운 언론으로 새롭게 변화되어야 할것입니다. 이에 다음과 같은 작은 아이디어를 제안합니다. 정책만드실때 조금이나마 참고가 되었으면 합니다. 1. 팩트체크 전담반 설치 언론중재위와 별개로, 각언론사들 중에서 기자들을 차출하여 마치 국민참여재판 배심원을 뽑듯이 일정 서류 면접 절차를 거친 팩트체크 전담반을 의무적으로 설치하여 오로지 진실만을 목적으로 발로 뛰면서 이미 노출된 각언론의 기사들을 후행 팩트체크하는 것입니다. 이는 언론사들 자구책으로 해야하는 팩트체크가 현실적으로 무딜수밖에 없다는 한계때문에 설치되는 측면이 있으므로 의무적으로 각언론사는 상당한 의무 부담금을 출현해야하고, 이 돈으로 이 조직의 운영비와 기자 급여 (국내 언론사들 급여체계중에 가장 높은 수준으로) 보장 및 충분한 취재비를 보장을 해야합니다. 2. 포털 메인항목에 [오보코너] 노출의무화 팩트체크로 인해 오보나 정정기사들로 밝혀진 기사들만 따로 모아서 포탈 사이트 메인화면 한부분에 노출시키는걸 의무화하는 조항이 필요해 보입니다. 3. 기자 평가판 포털 노출 기자는 기자협회에 등재된 기자에게 정식 기자증을 발급하는것으로 알고 있습니다. 그렇다면 국민의 알권리를 매일 취재하고 보도하는 그들의 공익적인 직업적 특성상 국민들에게 자신들의 기본적인 정보를 알려야할 책임도 있다 할것입니다. 한마디로 공인의 성격이 있으므로 흔히 운동선수들처럼 스킬, 체력, 승점 등등의 기자들만의 평가항목을 두어 평가판을 만들어서 포털에 공유하도록 하는 것입니다. 각언론사 사이트에 백날 올려봐야 노출도 안되고 공정한 평가가 안될것이 불보듯 뻔하기때문에 포털사이트의 공익성 측면에서 책임있는 언론 문화를 만드는데 큰 도움이 되리라 생각합니다. 물론 오보를 많이 냈던 기자들은 불명예를 얻겠지만, 저널리스트로서 양심을 지키고 기자들의 모범이 된 기자들에 대해서는 언론인상과 상금 등을 수상한다면 언론환경이 분명코 개선될 뿐아니라 선진국 대한민국의 밑거름이 될것이라 생각됩니다. 제가 미처 고려하지 않았다거나 많은 분들의 더좋은 아이디어도 있겠지만, 중요한것은 언론사들과 포털사이트들의 의지인 만큼 취지는 대략 전달되었으리라 믿고 이만 줄이겠습니다. 감사합니다.",
  "num_agree": 390,
  "petition_idx": "582836",
  "title": "오보 생산하는 언론과 포털사이트 개혁을 위한 아이디어 제안"
}