{
  "category": "안전/환경",
  "begin": "2019-09-23",
  "content": "문경시 신기, 창동에 걸쳐있는 산에 전국 산업폐기물처리장 설립계획이 논의중입니다. 지난9월20일 대구시 환경부에서 다녀갔습니다. 다가오는 24일에 판정이난다고합니다. 이 곳은 시내 학교와 2키로도 안 떨어진 곳으로 문경에서 청정지역입니다. 서민들의 삶을 위해 애쓰시는 정부가 많은 정책을 펼치고있지만, 실상 사람이 살고있는 인근지역에 산업폐기물처리장이 건설된다면 많은 국민들의 삶은 위험합니다. 진정 국민을 위하신다면 이 환경부의 산업폐기물처리장 설립 계획을 사람이 살고 있는 인근지역에서 멀리 떨어진 다른 지역으로 이전 설치될 수 있도록 취소하여주십시오. 진정 국민을 위한 정부의 마음을 행동으로 보여주십시오.",
  "num_agree": 3479,
  "petition_idx": "582804",
  "title": "문경시 신기 산업폐기물 처리장 건립 계획 철회하라"
}