{
  "category": "육아/교육",
  "begin": "2019-09-25",
  "content": "9월11일날 방송에 나온 청주ㅇㅇ초등학교에서 선생님에게 학대를 당한 1학년 피해자 학부모입니다. 현재 한아이는 정서적 학대로 검찰에 기소되어 있고 한아이는 검찰에 넘겨져 경찰청에서 조사 중에 있습니다.나머지 여러 아이들은 드러나면 선생님에게 보복 당할까 두려워 말도 못하고 싫어도 학교에 가고 있습니다. 아이들이 산만하거나 글씨를 늦게 쓰고 안쓴다는 이유로 빈교실로 보내는데 다쓸데까지는 나오지 말라고 합니다.아이들이 빈교실로 보내지는게 무서워 빈교실을 지옥탕 이라고 부릅니다. 글씨를 안쓴다는 이유로 연필로 코.머리.손등을 찔렀으며 성기까지 잡아당겨 성적 학대까지 해놓고도 목격자가 없다는 이유로 아이가 거짓말을 한다면서 지금까지 부인하고 있습니다.아이는 잘 있다가도 갑자기 소리를 지르거나 분노를 표출하는등 누가봐도 이상한 행동을 하는 이아이가 이렇게 어마어마한 단순 거짓말을 할수있을까요? 선생님은 엄마들에게 계속 협박성의 문자를 보내면서 훈육하는 부분을 약점으로 잡아 말도 안되는 소리로 협박성 문자를 계속 보내고 있습니다. 피해당한 아이들은 선생님 뿐만 아니라 학교자체가 무서운 곳이라고 등교 거부를 하고 있습니다. 선생님의 진정성 있는 사과와 개선의 여지가 있었더라면 피해자 엄마들이 이렇게 까지 하지 않았을 껍니다. 교육청에 도움을 요청해봐도 경찰에 도움을 요청해봐도 엄마들 입장에서 도움을 주지 않고 있습니다. 지푸라기라도 잡는 심정으로 이렇게 청원을 해 봅니다.",
  "num_agree": 1014,
  "petition_idx": "582838",
  "title": "글씨가 느리고 산만하다고 빈교실에 아이를 방치해놓고도 반성하나 없는 교사를 처벌해주세요."
}