{
  "category": "교통/건축/국토",
  "begin": "2019-09-25",
  "content": "2019 건축사 자격시험을 치룬 수험생 입니다. 이번 건축사 자격시험 1교시 문제(대지분석) 에서는 명백한 법규 오류가 있는 문제가 출제되어 수많은 수험생이 혼란에 빠지고 문제를 풀수도 없고 안풀수도 없는 상황에서 시험을 치루었습니다. 시험중간에도 서울의 어느 시험장에서 같은문제로 수험생의 민원이 있었지만 문제가 없다는 답변이 돌아왔고 시험은 그대로 진행되었습니다. 시험후에도 국민신문고를 통해 수많은 민원이 접수된걸로 알지만 국토교통부 건축사 시험담당자는 구체적인 답변없이 이의신청기간에 이의를 신청하라고 동일 한 답변을 복사하여 회신하고 있습니다. 전화 통화로 문의를 하여도 공무원의 답변이라고 하기에는 너무 불친절하고 출제위원에게 책임을 전가하는듯한 말투로 대응을 하고 있습니다. 제 전화에 통화 자동녹음이 되어서 법적인 문제가 없다면 공무원과의 통화내용을 공개할수도 있습니다. 건축사 시험은 국토교통부에서 주관하고 대한건축사협회에서 시행하는것으로 알고있습니다. 그렇다면 국토교통부는 당연히 책임자의 입장에서 민원을 들어야하며 적절한 조치가 이루어져야 함에도 불구하고 본인들은 아무것도 모르고 채점 위원이 평가한다는 원론적인 답변만 내세우며 감정적으로 대응하고 있는 상태입니다. 그동안의 전례로 볼때 답안이 공개되지 않으므로 채점이 끝난뒤 이의신청을 하면 \"확인결과 이상없다\"는 회신이 올것이 분명하기에 채점전에 건축사 시험 담당부서인 국토교통부에서 사전에 법리 검토를 하셔서 수험생에 불이익이 없기를 바랍니다. 2019년도 건축사자격시험 1교시(대지분석)의 오류는 이렇습니다. 1교시 시험은 건축법을 근간으로하여 최대 건축가능 영역을 구하는 문제로 출제 되었고 법규를 적용받는 구간에 대해서는 개인의 주관이나 사견이 들어갈수없습니다. 즉 법을 알고 있는 사람이라면 누구나 동일하게 적용되어야 하고 이견이 생기면 안되는 부분입니다. 건축법에는 일반주거지역이나 전용주거지역에서 정북방향에 있는 인접대지로부터 일정거리 이상을 이격하여 건축을 하게 되어있습니다. 이를 적용하기위해서는 인접대지와 내대지의 평균레벨을 알아야 합니다. 건축법시행령 및 그동안 국토교통부의 일관된 질의 회신에 따르면 대지가 경사지일 경우는 건물주변의 레벨을 가중평균하여 하나의 레벨을 특정하여 적용레벨을 산정합니다. 대지에 건물이 없을경우에는 대지전체의 레벨을 가중평균하여 적용 레벨을 산정하여야하고요. 즉. 내땅이나 정북방향 인접대지가 경사지일 경우에는 건물 둘레의 레벨값을 알거나 건물이 없을 경우 대지전체의 경계선 및 레벨이 주어져야 적용레벨을 산정할수 있는것입니다. 그러나 이번 시험문제에서는 정북방향 인접대지의 경계가 절단된 상태로 문제가 출제 되었고 이상태에서 내땅과 정북방향 인접대지가만나는 부분에만 인접대지의 레벨이 주어졌습니다. 이 주어진 인접대지의 레벨은 +1 +2 +3으로 경사지로 주어졌기 때문에 분명히 가중평균을 구하여 적용레벨을 산정하지 않으면 문제를 풀수 없는 상황 이였습니다. 오히려 법규를 정확히모르는 사람의 중간레벨인 2를 평균레벨로 쉽게 적용하였고 법규를 아는사람은 고민하다 상당시간이 소요된 뒤에 어쩔수없이 2레벨로 적용하거나 다른 레벨로 적용할수뿐이 없었습니다. 출제위원또한 단순히 2레벨로 적용하면 된다고 판단했을것 입니다. 그러나 이것은 명백히 잘못된 부분입니다. 1년동안 준비하여 1분1초를 다투는 시험장에서 이런 오류는 치명적입니다. 더군다나 1교시에서 문제가 생기면 2교시,3교시에도 영향을 미쳐 막대한 피해를 보게 됩니다. 즉 경사지임은 분명하여 가중평균을 해야하는데 정북방향 인접대지 전체의 정보가 없어서 정상적인 방법으로 레벨을 구할수 없는 상황이라는 것입니다. 시험중간에 이의 제기가 받아들여지지 않은 이유는 출제위원과 국토교통부가 법규를 정확히 모르고 문제를 냈기 때문 입니다. 현장에서 이의신청이 들어왔는데도 문제없다는 답변을 내놓는것을보면 알수있는 부분입니다. 이것은 국토부 담당자와 통화시에 대화 내용을 보고도 충분히 알수있습니다. 국토부와의 통화에서 시험담당자는 법규에대한 지식이 전혀없고 교수님들이 법규에 문제없게 출제했을겁니다 라고 합니다. 그리고 국토부담당자는 출제위원이 그정도면 충분히 평균을 구할수 있다라고 했다고합니다. 진짜 오랜기간 설계 실무를 한사람으로써 법젝으로 구할수있는 조건이 안갖추어져 있는데 이정도면 구할수 있다라는게 납득이 가지않습니다. 수험생보다 법규 지식이 없는 사람들이 법규 문제를 출제하고 채점한다는것도 납득이 가지 않습니다. 민원 제기를 해도 국토부에서는 답변을 드릴수 없다고 합니다. 건축사 시험은 4년제졸업자의경우 건축과를 졸업하고 5년의 실무 경력을 거쳐 예비서험을 통과 한사람 만 볼수있고 짧게는 1~2 년 길게는 20년이상 시험을 봐야 합격하는 시험입니다. 문제의 오류를 대수롭게 넘겨서는 안되는 부분이며 정확한 법리검토를 통해 답변이 이루어지고 2015년도 소송후에 가산점부여의 사례처럼 적절한 조치가 채점전에 이루어져야 한다고 생각합니다. 부디 국토교통부의 철저한 조사를 통해 채점전에 수험생들의 의견이 반영되기를 바랍니다. 감사합니다.",
  "num_agree": 433,
  "petition_idx": "582830",
  "title": "2019 건축사 자격시험 1교시(대지분석)문제에 명백한 오류가 있습니다."
}