{
  "category": "정치개혁",
  "begin": "2019-09-23",
  "content": "대통령님 탈북민도 이나라에 대한민국 국민임을 잊지 마십시요! 자유를 찾아 목숨을 걸고 넘어온 우리 탈북민들의 하나같이 웨치고 있습니다 우리는 대한민국 국민이라고 말입니다 근데 왜 우리를 외면하십니까 왜 탈북민들의 아픔과 슬품을 모른체 냉정하십니까? 이러구도 과연 우리가 이나라에 국민이 맞습니까 우리들은 삼국을 걸쳐올때 이미 우리는 목숨을 내걸고 왔습니다 그렇게 찿아온 대한민국에서 아사죽음은 웬말입니까 ? 북한도 아니고 쌀이 남아도는 대한민국에서 아사라니요 있을수도 있어서도 안되는 일이 일어나고 말았습니다 우리 탈북민들은 고 한** 모자 죽음에 서로가 많이 안타까워 하고 있습니다 지켜주지 못해서 우리가 미안합니다 또 태여나 꿈도 못이른채 이나라와 이별해야 했던 동진군도 얼마나 고통스럽게 죽었겠습니까? 먹을것 없어 자식과 굶어 죽을수 밖에 없던 엄마의 마음에는 얼마나 찢어지고 죽어서도 눈도 제대로 감지 못했을겁니다 존경하는 대통령님! 대통령님께서는 이런아픔을 목격해 보셨습니까? 이런 쓰리고 미안한맘과 지켜주지 못해 정부로부터 외면 받았던 이들의 아픔을 아십니까? 관악구청장 통일부 현정부도 이런아픈 느낌 아십니까? 아신다고 애기하지 마십시요! 아신다면 이렇게 손놓고 보고만 있을수 없습니다 왜 저희들은 외면당해야 합니까? 왜 차별받는세상에서 대한민국 국민으로 살아야 합니까? 왜 우리탈북민들은 이나라 정부로부터 관심을 받을수가 없습니까? 저희가 탈북민 이라서요? 그래서 이러시는겁니까? 사인도 제대로 밝히지 않은채 오늘 탈북모자를 떠나 보내야 하는 저희들의 아픈심정은 대통령님께서는 무엇으로 답해주실겁니까? 탈북민들의 오늘의 혈서를 잊지 마십시요 오늘의 탈북민들의 행진을 외면하지 말아 주십시요 저희는 죽어도 잃을것 하나 없는 사람들입니다 그러니 죽어서 탈북민들의 생활개션이 된다면 이한몸 불사르겠습니다 탈북민들이여! 단결하자 우리의 힘으로 탈북민들이여! 오늘의 아픔을 잊지말자 달북민들이여! 하나같이 뭉쳐 우리의 손으로 우리의 자유를 찿자 탈북민도 이나라에 대한민국 국민임을 잊지 마십시요 2019년 9월 21일 탈북모자 고 한** 김*씨의 억울한 한을 풀기 위하여",
  "num_agree": 510,
  "petition_idx": "582803",
  "title": "탈북민도  대한민국 국민입니다!"
}