{
  "category": "농산어촌",
  "begin": "2019-09-24",
  "content": "장수 사과 어찌하오리까? 추석 사과로 유명한 장수사과가 일부 경매장에서 10kg 한 박스에 1,000원에 경매되고 있다. 예년보다 추석이 빠르고 가을장마로 인해 사과가 익지 않아 대부분 농가들이 추석 전에 수확하지 못하고 추석 이후에 본격적으로 출하를 시작 했다. 그러나 9월 21일 현재 가락시장에서 10kg 한 박스에 3,000원 일부 지방 경매장에서는 1,000원에 경매되고 있다. 비교적 규모 있는 경매장도 마찬가지다. **청과는 P박스 20kg에 4,000원에서 7,000원, **청과 10kg에 3천원에 경매 되고 있다. 사과 농가는 운임과 인건비는커녕 박스 값도 못 건지면서 애지 중지 키운 사과를 버릴 수 없어 손해를 보면서 출하를 하고 있다. 이에 지자체 및 정부의 대책이 절실한 형편이지만 눈길하나 주는 사람 없어 청와대 청원 글을 올린다. 농가들이 대책위를 구성하고 군청 앞에 사과 5,000여 박스를 적재 시위하고 있지만 군수가 자리에 없는 중이라 그런지 장수군 공무원들도 시원한 대답을 내놓지 못하고 있다. 대통령님과 농수산식품부 장관님 그리고 관계자 여러분이 시름에 처한 농민들의 처지를 살펴서 이 문제를 해결해 주시길 바란다. 과수 농가 특성상 한 해 농경비가 어마어마하게 들므로 한해 휘청거리면 다시 일어설 수 없게 되므로 특별한 관심이 필요하다. *청원 내용* 1. 현지 농산물 폐기 자금 긴급 지원 2. 창업농 등 농가 부채에 대해 상환 연기 3) 유통구조 및 경매제도 개선 4) 농산물 최저가 보장 3) 농산물 보험제도 개선(자부담 20%-30%에서 5%로 축소) [본 게시물의 일부 내용이 국민 청원 요건에 위배되어 관리자에 의해 수정되었습니다]",
  "num_agree": 540,
  "petition_idx": "582821",
  "title": "장수사과 어찌하오리까?"
}