{
  "category": "안전/환경",
  "begin": "2019-09-30",
  "content": "안녕하세요. 저는 서울과 경기도에서 40년 가량 살다가 충남 공주 부모님 곁으로 귀촌하였습니다. 공기도 좋고 마음도 따뜻하나 최근 도시에서는 생각지도 못한 어려움에 봉착하였습니다. 1년 전에 **에 인터넷 설치하고 싶다고 하였더니 지점의 담당자가 비용을 많이 내야 한다며 5집을 모아 오면 설치가능하다 하여 올해 7집이 인터넷 개통을 정식으로 신청하였습니다. 하지만 **담당자는 기둥과 케이블 비용1400 만원이 든다며 지불하지 않으면 설치가 불가하다고 하였습니다. 여러날 고민하다가 과연 모든 인터넷을 사용하는 사람들이 인터넷 설치를 위하여 전신주와 케이블비를 모두 내고 있는지 의문이 들었습니다. 새로 증설을 하여 비용을 내야 한다면 지방에 산다고 시골에 산다고 차별하는 처사가 아닌지 생각이 듭니다. 서민들이 부담하기에는 너무 큰 비용이 듭니다. 과연 이런식의 통신사의 횡포를 정부에서는 알고 있는지요. 택시도 승차거부하며 고발할 수 있다고 들었습니다. 한편 전기를 공급받기 위한 전봇대 및 전선은 한국전력에서 아주 신속하게 설치해주었습니다. 인터넷ebs 교육 강의도 보기 힘들고, 부모님들의 안전을 확인할 가정용 cctv도 달 수가 없습니다. 정부의 농촌 인터넷 기반시설 확충을 위한 실질적인 계획 및 예산 확보를 촉구하며 공익성이 있는 통신 사업자에 대한 인터넷 설치 불이행에 대해 정부에서 규제방안을 마련해 주십시요. [본 게시물의 일부 내용이 국민 청원 요건에 위배되어 관리자에 의해 수정되었습니다]",
  "num_agree": 132,
  "petition_idx": "582890",
  "title": "인터넷 선로 증설 불가는 엄연히 차별입니다."
}