{
  "category": "안전/환경",
  "begin": "2019-09-27",
  "content": "남양주시 그린벨트 안에서 농장을 하고 있습니다. 그린벨트라는것 자체가 1998년 위헌이고 헌법 불합치 판결을 받았는데 20년이 지나온 지금까지도 유지되고 있고 소유자들은 심한 재산권침해를 받고 있고 정부는 그린벨트 땅 싸게 수용해서 신도시 만들고 (그린벨트땅 1000평에서 농장하시는분들이 보상금으로 주택용지 분양받고 주택 하나 짓지 못합니다).... 이러는것이 현실입니다. 지금의 그린벨트라는 것이 임야를 빼면 녹지가 없는 우리나라 그린벨트는 말만 그린벨트라는것을 다들 아실겁니다. 참고로 그린벨트가 있는나라가 영국인데 국유지입니다. 저는 그린벨트에서 40년전에 태어나서 부모님 농장을 이어서 자식셋에 부모님까지 부양을 하며 살고 있습니다. 그린벨트 농가들의 현실을 말씀드리면 그린벨트에서 축사를 지으려면 그린벨트 안에 주택이 있다는 조건에 150평 정도가 허가가 나옵니다. 저는 젖소 목장을 하고 있는데 착유실 착유대기실 기계실 우유 냉각실 관리사 부대시설 다하면 100평정도가 들어가고 나머지에 소를 키워야하는데 퇴비사 까지 하면 소키울곳이 없습니다. (동물 복지법에 젖소 1마리당 10평의 공간이 필요하다고 써있더군요) 그래서 저희들은(부모님대부터) 비늴 하우스라던가 가설 건축물을 만들어서 소를 키우고 생계를 이어 가고 있습니다. (그린벨트가 아닌지역도 보통 이렇게 했습니다. 소몇마리 더키울려고 비늴하우스 축사 짖는데 일일이 측량하고 허가내기가 쉬운게 아닙니다) 하우스나 가설건축물이라고 해서 환경적으로는 문제 없이 하고 있습니다. 참고로 저는 6년째 목장haccp를 취득하여 유지중이고 환경공무원이 와도 환경적으로 문제될것이 하나도 없다 하십니다. 그리고 다른 농장들도 다 환경적으로 문제가 없습니다. 그런데 몇년전에 환경부에서 가축분뇨 관리법을 만들었습니다. 법 자체가 너무 엄격한법리라서 계정이 몇번 된것것으로 알고 있습니다. 그리고 이법에 따라 다른지역 농가들은 농가 전체를 건폐율에따라 합법화하고 진행중인 곳이 많이 있습니다. 하지만 저희 그린벨트 지역안에 있는 농가들은 그린벨트법(개특법)이라는 강력한 법안에 있어서 살아날 기회도 없습니다. 담당 공무원들에게 질의를 해봐도 그린벨트는 답이 없다라는 말씀만 하십니다. 지역 농축협도 두손들었습니다. 그린벨트내에서도 누구는 몇년전에 그린벨트가 풀려서 합법화를 할 수 있고 누구는 벨트 안에 있어서 아무것도 할 수 없습니다. 누구는 운이 좋아 넘어가고 누구는 운이 없어서 문닫아야하고 이런게 어디있습니까? 저희도 축산법으로 축산업 허가증 다가지고 있고 축산법에서는 목장을 할 수 있게 허가 받아온 사람들입니다. 큰애가 내년에 중학교를 올라가고 나머지둘은 초등학생입니다. 부모님도 모셔야 합니다. 그런데 생업을 못하게 되었습니다. 도와주세요...",
  "num_agree": 1506,
  "petition_idx": "582875",
  "title": "그린벨트 농가 가축분뇨의 관리 및 이용에 관한 법률 때문에 목장을 못하게 되었습니다."
}