{
  "category": "일자리",
  "begin": "2019-09-27",
  "content": "**카드 매각하여 전범기업 ***캐미칼 인수하는 이 상황을 중지시켜 주세요 그래서 금융위의 **카드 매각에 대한 대주주 적격성 심사 승인을 보류해 주세요. ​ **지주에서는 금산법에 따라 **지주에서 금융계열사인 **카드, **손해보험, **캐피탈을 10월까지 보유 지분을 정리해야 합니다. 그렇지 않으면 2천억원의 과징금을 내야 한다고 하네요. ​ 이러한 상황은 처음에 상속과정에서 일어났습니다. ***과 ***의 밥그릇 싸움에서 한국 ** ***의 드러난 각종 혐의로 재판대에 섰으며, 스스로 반성하고 일본과의 관계를 끊는다는 명분으로 지주사를 만든다고 했습니다. 그 과정에서 위와 같은 금융계열사 지분을 청산해야 하는 상황입니다. ​ 그래서 **카드와 **손해보험은 국내의 은행계와 보험사등이 있음에도 불구하고, 한푼이라도 더 받으려고 사모펀드에 매각을 진행하고 금융위의 승인을 기다리고 있습니다. 지속적으로 천 몇백억 이상의 흑자를 내주는 **카드와 그 직원을 '5년 고용보장 단 희망퇴직은 예외'라는 조건으로 실업자 양산에 노력하고 있습니다.그리고 금융계열사를 매각한 대금으로 일본기업 ***캐미칼을 인수한다네요. ***는 어떤 회사입니까? 일제때 전범기업 *** 조선이 우리나라 사람을 강제징용으로 끌고가서 처참하게 만들었고, 또한 최근 강제징용 배상판결에도 불구하고 배상은 커녕 대한민국과 우리국민을 우롱하고 있습니다. 그런 기업을 인수하기 위해 **카드와 **손해보험을 매각한답니다. 10월 2일 금융위의 대주주적격 심사 승인이 나면 매각이 완료 된답니다. 즉 금융위 승인은 국가기관이 공식적으로 전범 강제징용 기업 인수에 앞장서는 겁니다. **카드,손해보험 매각하여 국내 실업자 양산하고, 일본 ***캐미칼 인수하여 일본 경제 살리고 일본 고용시장 일자리 창출하는 이 상황을 온 국민이 분노하고, 청와대와 금융위는 승인 절차를 중단 할것을 거듭거듭 강하게 촉구합니다. [본 게시물의 일부 내용이 국민 청원 요건에 위배되어 관리자에 의해 수정되었습니다]",
  "num_agree": 1113,
  "petition_idx": "582865",
  "title": "**카드 매각 막아주세요.  그 돈으로 전범기업 ***인수한대요"
}