{
  "category": "외교/통일/국방",
  "begin": "2019-09-23",
  "content": "대통령님 ** 난민 수용소( IDC )어 갇혀있는 *** 북한 청년을 구해주세요 ***군은 1994년 중국 화교이신 아버지와 북한인 어머니 사이에서 태어났습니다 . ***군은 태어날때부터 중국 여권과 북한 여권을 두개 가지고 태어난 것입니다 . 2005년 까지 북한 생활을 마치고 2006년부터는 중국에서 학교를 다니며 생활을 했답니다. 북한엔 일년에 한두번 정도 방학을 이용해 다녀왔구요 중국에서 대학을 다니던 **군에게 **군어머님은 남한 으로가겠다고 말씀을 하셨고 중국 여권을 가지고 있던 **은 바로 한국으로 와서 어머니를 기다려도됐지만 너무나 엄청 나고 먼길 험난한길을 가시는 어머님을 혼자보내지 못해서 2019년 어머니와같이 남행을 시작했답니다 2/18 중국출발 - 3/18중국 안산 - 3/19중국 정주 - 3/20 중국 난닝 - 3/21베트남 -3/22라오스 - 3/23 ** **** ( ** ) 인지 지역 을 구분 못함 이렇게 힘든 여정을 마치고 방콕으로 왔지만 어머님만 북한 분이시라 현재 한국 *** 이라는 곳에서 교육 중이시고 **군은 현재. 중국 국적을 가진 북한사람이라해서 수용소에서 언제 나갈지도 모르는 상황입니다 ***에선 면담 한번 와선 그냥 중국으로 돌아가라는 말만 했답니다 . 그리고 6개월째 방치중입니다 . 그리고 ** 에선 북한사람이라해서 그 누구도 면회가되지 않는 싱황입니다 ( 부모님 조차도 ) 전세계 난민들이 쓰던 언제 빨았는지도 모르는 때에찌든 모포한장을 덮고 페트 병을 베게삼아 타일바닥 에서 잠을 자며 한국으로 돌아갈날만 기다리는 **이를 구해주세요 왜 반쪽짜리 한국인 이라해서 우리나라에서 이리 방치를 하는지요? 지금 중국으로 돌아가면 **이는 북한사람 (어머니)를 틸출시켰다해서 인신 매매 범으로 몰려 참담한 형을 받게 된다고 합니다 제발 **군이 따뜻한 남한에서 어머니와 행복하게 살아갈수있도록 국민 여러분과 대통령님께. 간곡히 부탁 드립니다 * 이글은 실제 사실에 의한 글이며 저도 **에 사업을 진행하던중 건물주와 인테리어 도중에 싸움이 벌어졌고 경찰이 출동을했습니다 . 경찰서 유치장에 2일 있었고 건물주의 일방적인 계약 해지 였는데도 제가 손해배상 처리를 해주었습니다 . 그리고나서 ** 난민 수용소에 갇혔습니다 . 이유는 건물주가 제가 보복할것 같다며 강제 추방을 요구했다는 거였습니다 . ** 한국 대사관에서 빠른 대처로 그곳에서 2주 동안 생활을 했습니다 대처가 늦으면 3개월동안 있어야 합니다 그곳에서 *** 청년을 만났고 저의 억울함 보다는 **군이 빨리 자유를 찾아서 어머님과 같이 행복 해졌슴 하는 생각에 지금 한국으로 돌아오자마자 글을 남깁니다 . * 대통령님 그리고 국민여러분 이렇게 힘들게 생활을 하고있는 *** 청년을 도와 주십시요 부탁 드립니다 [본 게시물의 일부 내용이 국민 청원 요건에 위배되어 관리자에 의해 수정되었습니다]",
  "num_agree": 353,
  "petition_idx": "582812",
  "title": "대통령님 ** 난민수용소(ICD) 에 갇혀있는 *** 북한 청년을 살려주세요"
}