{
  "category": "정치개혁",
  "begin": "2019-09-27",
  "content": "윤석열 검찰총장은 국민의 질문에 답하라. 도대체 일기장 압수수색 시도의 이유가 무엇인가? 법무부장관 딸의 어린 시절 일기장이 장관 자격 검증에 필요하다는 판단을 검찰 수장이 하였다는 말인가? 그게 아니라면 국헌문란이 당신의 목적인가? 국가혼란과 국론분열이 당신의 목적인가? 국민의 80%가 찬성하는 공수처 설치와 검찰개혁을 막는 것이 목적인가? 막을 수 있다면 국론 분열이 일어나 국가가 혼란에 빠져도 상관 없다는 것이 당신의 생각인가? 당신은 사리분별을 못하는 것인가? 무능한것인가? 공권력을 사적으로 사용하라고 국민이 검찰총장에 그 힘을 위임했다고 생각하는가? 당신은 지금 국민의 뜻을 거역하고 반역을 꿈꾸고 있는 것인가? 일반 국민들은 법무부장관의 자격 검증에 불필요 하다고 생각하는 장관 딸의 봉사 상장 위조 여부를 감별하기 위하여 대한민국 역사상 최대의 검찰 인력을 투입하는 것이 합리적인 판단이라 생각하는가? 문서의 원본이 없는 상태로는 위조 여부를 판별할 수 없다는 것은 중학생 이상 사리분별이 가능한 인간이라면 모두 알고 있을 상식인데 아직도 위조 여부를 판별하겠다고 매달려 있는 당신을 보고 무능하고 사리분별을 못하는 사람이라고 생각하는 국민은 매우 합리적이고 이성적인 것 아닌가? 기소 이후 압수수색은 재판 시 아무런 증거 능력이 없다는 걸 일반 국민도 알고 있는데 봉사상장 원본 찾겠다고 통상 2시간이면 충분하다는 압수수색을 11시간 동안 진행한 이유가 무엇인가? 봉사상을 직접 추천했다는 사람이 있고 봉사하는 것을 본사람도 있는 상황에서, 본인 학력을 위조하고 하루에도 두세번씩 말이 바뀌는 사람 말만 믿고 무리한 기소 및 수사를 진행하여 나라를 혼란에 빠뜨린 당신의 무능함과 무책임함이 검찰총장의 자리에 어울린다고 생각하는가? 당신이 무능하고 무책임하지 않다고 생각한다면 국헌을 문란하게 하려는 의도가 당신에게 있는 것인가? 배우자의 투자행위는 공직자윤리법 위반 혐의 적용을 할 수 없다는 것을 일반 국민도 알고 있는데, 공직자윤리법 위반 여부를 언론에 흘리는 목적은 무엇인가? 국가를 혼란에 빠뜨리고 싶은 것인가? 운용사를 처벌하는 게 그 취지인 자본시장법은 배우자에 적용할 수 없는 것임을 국민들도 알고 있는데 시간만 질질 끌고 있는 목적이 당신 사익을 위해 따로 있는 것인가? 인턴증명서 위조 역시 센터장이 직접 찍었다고 하는데 뭘 조사하고 있다는 것인가? 당신은 분별력이 그렇게 없는가? 이런 당신이 검찰총장의 자격이 있다고 생각하는가? 국민의 눈에 당신이 그 자리에 있을 자격이 있어 보인다고 생각하는가? 만약 그렇게 생각했다면 당신은 진정으로 무능력하고 사리분별력이 없는 사람이니 당장 법무부장관 관련 조사를 전면 중단하고 검찰총장으로써의 모든 업무도 중단하고 그 자리에서 내려올 준비를 하라. 조국 법무부장관은 법무부장관이라는 자리가 사적인 것이 아닌 공적인 자리임을 명심하시라. 당신의 개인적인 처지를 이유로 검찰 개혁을 늦추는 것 또한 국민의 뜻에 반하는 것임을 알라. 공보 준칙 훈령 개정을 즉시 시행하고, 사리 분별 못하고 나라 분열을 유도하는 검찰총장과 특수부를 당장 감찰하라. 완전한 공수처를 당장 설치하고 현 검찰을 첫 수사 대상으로 삼을 것을 국민의 이름으로 명한다. 완전한 공수처라 함은 대한민국 신뢰도 꼴찌 그룹인 국회의원을 조사 대상에 당연히 포함하여야 한다. 완전한 공수처라 함은 자유도 세계 1위면서 신뢰도 꼴찌인 인론사를 조사 대상에 포함하여야 한다. 그리고 혹시라도 윤석열총장이 왜국과 경제 전쟁이 발발한 상황에서 국헌을 문란케 하여 대한민국이 전쟁에서 패배하기를 바라는 마음을 가지고 있지 않은지 대한민국을 왜국의 속국으로 바치려는 매국노는 아닌지 철저지 조사하시길 명한다. 만약 국헌문란을 목적으로한 매국노라면 일벌백계하여 그 본보기를 보이라. 법무부장관은 국헌문란죄를 지은 검찰의 반란을 신속히 진압하고 국가의 적폐를 개혁하여, 국가의 모든 힘이 왜국과의 경제 전쟁에 집중될 수 있도록 모든 조치를 취할 것을 국민이 명한다.",
  "num_agree": 3457,
  "petition_idx": "582874",
  "title": "윤석열 총장은 답하라. 법무부장관 딸의 중학생 시절 일기장 압수수색 시도의 이유가 무엇인가? 국헌문란이 목적인가?"
}