{
  "category": "기타",
  "begin": "2019-09-23",
  "content": "백령도 인터넷이 사용자 과다로 인하여 인터넷이 계속 끊기고 불안정하며 특히나 사용자가 집중이 되는 평일 저녁시간 및 휴일은 인터넷 끊김이 심하여 많은 사람들이 불편을 겪고 있습니다. ** 백령지구 에서도 이미 백령도 인터넷이 포화상태라고 이야기를 해주었으며 증설 관련하여 수차례 문의를 해보았으나 증설 자체가 나라에서 주파수를 구매하는 것이며, 나라에서 살수 있는 주파수 또한 없어서 어쩔수 없다고만 이야기를 하고 있습니다. 백령도에만 수천명의 사람들이 있으며 백령도와 인터넷으로 연결된 서측도서에는 대청도, 소청도, 연평도, 덕적도등 수천, 수만의 사람들이 이러한 불편을 겪고 있습니다. 인터넷 관 연결된 TV 뿐만 아니라 휴대폰 통신또한 불안정합니다. 개인뿐 만아니라 각종 자영업에 종사하는 사람들, 인터넷과 연관된 사업을 하는 사람들등 정말 너무 열악한 환경에서 생활을 하고 있습니다. 격오지에 사는 사람들이 육지같은 복지나 문화 혜택을 받지 못한다면 기본적으로 생활과 연계된 인터넷이라도 불편없이 사용하도록 조치좀 부탁드립니다. [본 게시물의 일부 내용이 국민 청원 요건에 위배되어 관리자에 의해 수정되었습니다]",
  "num_agree": 191,
  "petition_idx": "582801",
  "title": "서측도서(백령도) **인터넷 증설 요청"
}