{
  "category": "교통/건축/국토",
  "begin": "2019-09-23",
  "content": "부락산의 위치는 경기도 평택시 송탄 일대, 경기도 남부에 있는 작은 동네입니다. 이전에는 '송탄시'라고 불리며 작았지만 그래도 '시'의 지명을 갖고 있었지만. 1995년 평택과 함께 평택시로 통합되며 현재는 송탄출장소만 남아있는 상태입니다. 고덕에 신도시가 생기며 여러 대기업들의 공장이 들어서고 있습니다. 그에 따른 화물 운반을 위한 평택동부화고속화도로 민간추진사업이 추진되었습니다. 이 평택동부화고속화도로는 송탄에 있는 산인 부락산을 없애고 만드는 도로입니다. 고속화 도로 주변 주민들의 정신적 고통과 재산 침해, 환경 파괴, 자연 경관 파괴의 심각성을 알리고자 합니다. 평택 시청은 매일 부락산을 이용하는 송탄에 살고있는 평택 시민들에게 일언반구도 하지 않고 고속화 도로 착공을 승인했다고 합니다. 이 부락산은 평택 시청의 것이 아니라, 평택 시민의 것입니다. 고속화 도로가 생기며 생기는 부정적인 영향에 대한 피해는 온전히 송탄에 살고 있는 시민들이 떠 안을 텐데, 어찌 알리지도 않은 채, 마음대로 승인을 할 수 있을까요? 화물차와 승용차 때문에 생성되는 먼지와 분진 때문에 정상적으로 생활을 이어 갈 수 있을까요? 이 고속화 도로와 관련된 건설사는 2년 전 부터 최대한 피해가 가지 않도록 검토하겠다고 했지만, 시간이 지났음에도 불구하고 업체 측과 주민들이 협의하기 위하여 검토하는 자리에서는 항상 같은 말만 되풀이 하며 시민들에게 피해가 감에도 불구하고, 터널을 생성하지 않고. 본인들이 책정한 예산 안에서 진행하려합니다. 평택 동부고속화도로 건설을 위해 나온 환경 영향 평가서에 따르면, 상수리 나무 군락, 산빛나무군락, 아까시나무 식재림, 소나무 식재림 등등의 산림식생 파괴는 불가피하며 따라서 살고 있던 동물들도 서식지가 파괴되어 모두 죽을 것 이라고 합니다. 훼손이 예상되는 산림식생지역의 면적은 총 165.974m², 평수로 환산하면 총 50,208평입니다. 또한, 공사시 배출되는 온실가스 배출량은 113,756tCO₂입니다. 공사가 지속되는 동안 중국에서 미세먼지가 날리지 않아도 강제로 마스크를 써야겠네요. 폐 토사, 공사인부들이 사용하는 생활 폐기물, 분뇨, 임목폐기물, 폐유, 폐수 등등 엄청난 환경 오염이 일어날 것 이라고 합니다. 도로를 만들지 말자는 것이 아닙니다. 도로를 만들면 교통이 편해지는 것도 당연히 알고 있습니다. 산을 없앤다고 하니 그냥 별거 아닌 것 처럼, 민가 쪽으로 한다고 하니 별로 가늠이 안될 수 있습니다. 그냥 쉽게 말해서, 부락산이 있는 곳이 다 고속도로가 된다고 생각하시면 됩니다. 그냥 승용차가 지나다녀도 공기 안좋은데, 화물차가 다닌다면 먼지와 소음이 더욱 장난 아닐 것 입니다. 산을 없애려면 돌 깨트리고 폭약 설치하고, 터뜨리고 땅파고. 얼마나 많은 먼지와 소음이 휘날릴지 상상도 할 수 없습니다. 부락산 입산 금지 시키는 것은 물론이요, 입산 금지 끝나면? 그냥 산이 사라지는 것입니다. 또 어떤 분들은 고속도로가 생겨야 발전한다고 하시더라구요. 부락산 안 건들이고 충분히 도로 만들 수 있는데 건설회사의 예산안에서 진행하려고. 멀쩡한 산을 없애려고 하기 때문에 바로 잡으려고 하는 것 입니다. 우리의 터전이 망가지는 것이 안타까워 이렇게 알리려고 하는 것 입니다. 그렇게 하지 않아도 충분히 고속화도로를 만들 수 있는 방법은 수십가지인데 말이죠. 통탄스러울 따름입니다. 내년 6월 부터 공사가 시작된다고 합니다. 더는 지체할 수 없는 마음에 마지막 희망을 걸며, 부족한 글 솜씨로나마 이렇게 국민 청원 올려봅니다. 국민 여러분의 많은 동의 부탁드립니다. 감사합니다.",
  "num_agree": 3748,
  "petition_idx": "582809",
  "title": "경기도 평택시에 있는 우리 산, 우리 부락산을 살려주세요."
}