{
  "category": "농산어촌",
  "begin": "2019-09-26",
  "content": "최근에 고추값이 생산비에도 미치지 못하게 폭락을 하여 농가의 어려움이 많습니다 올해 양파와 마늘에 이어 고추까지 폭락하게 되어 농가의 원성이 하늘을 찌르고 빚에 허덕이다 못해 농촌을 등지고 떠나는 사람이 한둘이 아닙니다 올해 전남지역 노지 고추는 바이러스와 탄저로 인해 조기에 폐농하는 농가가 많아 그나마 가격은 높게 형성 될것으로 예측하였으나 오히려 유례없이 폭락을 했습니다 병으로 수확량이 준것도 서러운데 가격까지 폭락하여 생산비도 건지지 못하고 일년 내내 고생해서 빚지는 미친짓을 한 것입니다 이는 선거철과 맞물려 물가잡기에 정신이 나가 농업을 죽이는 것을 대수롭게 여기지 않고 수입물량을 무분별하게 조절한 것이 근본원인이기에 정부에서 책임을 지고 합리적인 가격으로 수매를 해서 시장과 격리하여 주시기를 청합니다",
  "num_agree": 145,
  "petition_idx": "582850",
  "title": "고추정부수매를 해 주세요"
}