{
  "category": "안전/환경",
  "begin": "2019-09-26",
  "content": "저희 학교 옆에서는 현재 재개발로 인한 아파트 공사가 시작되었습니다. 공사의 시작과 함께 가설 울타리가 설치되었지만, 가설 울타리가 설치되었음에도 불구하고 이 공사로 인해 주변에서 큰 피해를 보고 있습니다. 먼저, 미관상 보기에 좋지 않습니다. 아파트 신축 현장 주변으로 평소 통학을 하면서 이 공사장 주위를 자주 지나가게 되는데, 가설 울타리를 보면서 공간 단절과 답답한 느낌을 자주 받고 있습니다. 또한, 가설 울타리가 설치되었음에도 분진과 소음을 잘 막지 못합니다. 현재의 가설 울타리는 얇은 하나의 울타리로 되어 있기 때문에 소음방지에 취약하며, 공사장 내에서 발생하는 분진을 전혀 방지할 수 없는 구조로 되어있습니다. 이러한 피해는 우리 학교 앞의 공사장뿐 아니라 전국에 있는 많은 공사장에서 쉽게 찾을 수 있는 문제일 것입니다. 따라서 현재 설치되어있는 가설 울타리의 자리에 수직 정원을 설치해야 한다고 생각합니다. 해외에서 Vertical garden(버티컬 가든)이라고도 불리는 수직 정원은 도시화가 진행됨에 따라 상대적으로 부족해진 토지자원에 생태적인 환경을 효율적으로 조성하기 위해 설치되기 시작한 일종의 '식물 벽'입니다. 수직 정원에는 정화, 미관 유지, 소음 방지 등의 효과가 있다고 알려져 있습니다. 수직 정원에 사용되는 식물은 이산화황과 질소산화물 등 일상에서 먼지로 떠다니는 물질들을 흡수하며, 광합성 과정에서 산소를 내뿜어 주변 공기를 정화하는 역할을 합니다. 농촌진흥청의 연구 결과에 따르면 화분 식물보다 수직 정원의 미세먼지 저감 효과가 7배 정도 뛰어나다고 합니다. 또한, 식물은 소리의 반사 시간을 줄여주기 때문에 소리의 크기를 작게 해주며, 식물의 잎이 소음을 분산시키는 역할을 하므로 일상에서 소음을 방지하는 역할을 할 수 있습니다. 연구 결과에 따르면 평균 7.8dB의 감소 효과가 있었으며, 이는 전체 소음의 13%가 감소한 효과를 보여줍니다. 그리고, 가설 울타리에 수직 정원이 설치된다면 공사장의 표면을 녹색 공간으로 만들어 자연 친화적인 공간으로 만들 수 있고 도시 속에서 시야에 녹색이 들어오는 양인 녹시율을 높여주는 효과가 있어 시민들의 눈의 피로도를 줄여주고 정서적 안정감을 주기도 합니다. 한국임업진흥원은 수직 정원은 녹시율을 높여주어 사람들이 정서적 안정감을 얻을 수 있는 효과가 있다고 발표했습니다. 오늘날에는 이러한 수직 정원의 효과를 알고 건물에 수직 정원을 설치하는 사례가 늘어나고 있습니다. 서울시청 신청사, 제2 롯데월드 등의 건물에도 수직 정원이 설치되면서 이러한 곳을 방문하는 사람들의 미관상 만족도 역시 높아지고 있습니다.",
  "num_agree": 117,
  "petition_idx": "582849",
  "title": "공사장 가설 울타리를 수직 정원으로 바꿔주세요"
}