{
  "category": "행정",
  "begin": "2019-09-26",
  "content": "빙판 길에서 오토바이 운전 중 미끄러져 다친 다리로 절뚝거리며 배달 업무를 하시던 집배원을 뵈었을 때도, 같은 이유로 넘어져서 팔꿈치가 돌에 찍혀 구멍이 나고 무거운 짐이 떨어져 발톱이 빠졌지만 치료도 제대로 받지 못하고 계속 일해야 했다는 분의 이야기를 들었을 때도 저는 안타깝다는 생각만 했을 뿐 아무것도 하지 않았습니다. 그런데 TV에서 집배원분들의 사망소식이 계속 나오고 얼마 전엔 지인의 30년 지기 집배원 친구 분이 과로사 하셨다는 말을 전해 들었고, 뒤이어 과도한 추석배달물량을 소화하다 교통사고로 또 한 분이 사망하셨다는 소식을 뉴스에서 보게 되었습니다. 뭘까. 도대체 집배원의 업무가 어떠하기에 다쳐도 일해야 하고 계속해서 돌아가시는 분이 나오는 걸까. 저는 찾아보기 시작했습니다. 신문기사, 다큐프로그램, 인터넷 동영상 등 여러 자료들에는 열악한 근무환경 뿐만 아니라 10년간 250여명이 과로사 및 교통사고 등의 이유로 사망하였고 올해만 벌써 12명이 목숨을 잃었다는 등의 충격적인 사실들이 넘쳐나고 있었습니다. 인권유린의 현장이었습니다. 우편물 1통당 2초· 등기 28초· 택배 30초 등 기계적으로 계산하는 집배부하량 측정방법으로 할당된 수천통 이상의 우편·등기·소포·택배물량과 집배구역(하루 평균 이동거리 120Km 서울~청주까지의 거리)은 한계를 넘어선 과도한 업무량이었고 이는 매일 수당으로 인정되지도 않는 4~5시간의 초과근무로 이어졌으며, 점심은 사치였고, 명절 연휴 등 물량이 폭발적으로 증가하는 시기와 장마·태풍·폭설 등 자연재해 시에도 장비도 없이 오토바이 한 대에 의지하며 위험에 그대로 노출된 상태로 업무를 지속하고 계셨습니다. 게다가 사고·병가 등으로 인한 결원 시에는 한발자국도 움직일 수 없는 업무량과 업무구역을 소화 하고 있는데도 불구하고 나머지 분들이 구역을 분배하여 처리하셔야했습니다. 왜 이렇게 집배원 한분이 감당해야하는 일이 많아진 것일까. 그것은 이상한 인력충원방식에 있었습니다. 우편사업은 특별회계로 운영되고 있었고, 적자라는 이유로 그것을 보전하기위해 살인적인 물량은 받으면서 인력충원을 제대로 하지 않았던 것입니다. 인력충원은 대부분 사망자 발생 시 충원 이라는 끔찍한 방법으로 이뤄지고 있었습니다. 국가의 일을 대신하고 국민들에게 편의를 제공하는 분들에게 왜 이런 희생을 강요하는 것입니까? 왜 인권을 착취하십니까? 집배원분들도 국민입니다. 그분들의 인권은 곧 저의 인권입니다. 저는 더 이상 방관자·가해자로서 저의 인권을 포기하고 싶지 않습니다. 이런 방식으로 인력충원을 하는 곳은 어디에도 없을 것입니다. 인력충원이 필요합니다. 너무나도 절실합니다. 합리적인 업무량측정과 구역산정이 필요합니다. 근무환경개선이 필요합니다. 더 이상 방관하지 말아주세요. 제발 부탁드립니다.",
  "num_agree": 541,
  "petition_idx": "582859",
  "title": "집배원분들의 죽음을 더 이상 방치하지 말아주세요. 집배원분들에 대한 인권유린을 멈춰주세요."
}