{
  "category": "경제민주화",
  "begin": "2019-09-25",
  "content": "1.가맹점 소리는 비판과 정의로는 말은 검열후 게재 를 판단후 삭제 또는 제3자가 볼수없는 가림막 이용 가맹점들의 소통을 차단 하며 2.슈퍼바이져 제도는 가맹점들의 영업 애로사항 등 협의해소가 주업무인데도 본사 가맹사업,영업방침의 강제조항 지시전달 역활 주업무 3.e쿠폰 판매에 대해 본사는 프랜차이즈 사업은 통일성이라는 명목으로 과다한 수수료를 무조건 강제적으로 할 수밖에 없는 영업규칙에 독소조항을 삽입해 시행하므로서 점주들의 불만토로 소비자가격은 묶어놓고 할인판매정책을 하게하고 원부재료는 인상!이런 가맹점주 이익을 빼가는 불편한 진실을 아십니까? 4.어느 때부터 그들만의 매출 극대화를 워한 그리고 보이지 않는 가맹점 협의회 활동을 저지하기위한 전략으로 .영업시간 12시~24시 로 변경.,휴무일2일 이내 가맹점 오픈시간 감시, 등 점주협의회와 협의하지 않고 일방적 규칙을 만들어 강제하게 하고 있음 5. [본 게시물의 일부 내용이 국민 청원 요건에 위배되어 관리자에 의해 수정되었습니다]",
  "num_agree": 166,
  "petition_idx": "582828",
  "title": "***본사의 가맹점입장에서 상생하는 경영을 바란다"
}