{
  "category": "보건복지",
  "begin": "2019-09-26",
  "content": "너무 억울합니다. 도와주세요. 꼭 한번씩 읽고 공유 부탁드립니다. ( 저희 할아버지가 욕창4기랍니다. 근육과 뼈가 썩어 들어가고 피부가 괴사되어가고 있었습니다. 하지만 요양원측은 이 지경까지 연락 한번 없다가 수술을 해야 하자 연락이 왔습니다. ) 지난 9월 12일 (목요일) 추석 전날 요양원에서 할머니께 연락이 왔습니다. 저희 할아버지께서 욕창이 생기신 것 같다며 병원을 가셔야 할 것 같다며 연락이 왔습니다. 그리고는 다시 9월 16일 (월요일)에 할머니께 다시 연락이 와 12일에 병원 진료를 못 봤다고 오늘에서야 병원을 간다고 하시더랍니다. 그래서 저희 아버지께서 일로 인해 나와 계셔서 바로 병원으로 모시고 가달라고 일을 일찍 끝내고 따라 가겠다고 하고 이야기를 하고 전화를 끊었습니다. 다행히도 요양원 측에서 치료받고 요양원에서 치료가 가능하다고 크게 문제가 될게 없다며 연락이 닿아서 안심하고 있었습니다. 22일 (일요일) 에 저희 할머니와 아버지께서 할아버지를 찾아 뵈러 요양원을 갔습니다. 하지만 할아버지께서 전에 있던 요양원과 달리 더욱 마르셨고 힘이 없어 보였습니다. 할아버지께서는 아프다는 말씀도 못하시고 계속 졸립기만하고 눈이 감긴다고 자신의 몸 좀 때려 나 좀 깨워달라며 말씀하셨습니다. 하지만 걱정 끝에 음식들을 사서 가져다 드려도 계속 잠이 오시는지 눈을 감고 계셨습니다. 이때까지도 요양원측에선 아무 말이 없었습니다. 이날은 담당 간호조무사가 쉬는날이라 보고 설명도 들을수 없었습니다. 저희는 그저 마지막까지도 요양원 측을 믿어보며 할아버지가 조금이라도 빨리 좋아지시길 기도하며 아픈 마음으로 돌아왔습니다. 23일 (월요일) 어제 아침 요양원측에서 갑자기 욕창이 심해서 수술을 해야한다며 연락이 왔습니다. 연락을 받고 바로 요양원으로 가는 도중 또 연락이 왔습니다. 빨리 병원으로 오셔야할 것 같다며 수술 도중 돌아가실 수 있을 것 같다며 그렇게 다들 놀란 마음으로 급하게 갔습니다. 병원에 도착하니 혈압이 낮아져서 수술을 멈췄다고 합니다. 할아버지께서는 상태가 너무나도 안 좋았습니다. 욕창 4기였고 손바닥 두뺨 이상정도의 뼈와 근육들이 썩어 들어가고 주변 피부들이 괴사가 되어가고 있었습니다. 병원에서는 너무 심각하니 보호자인 저희 아버지께 한번 상태를 확인 해보셔야 할 것 같다며 불렀습니다. 요양원측에선 이 지경이 될 때까지 욕창에 대해 이야기와 연락 한번 없었습니다. 더 어이 없는건 요양원 간호조무사는 사과는 커녕 자신들은 최선을 다했다며 변명을 하기 시작했습니다. 또한 더 어처구니가 없었던 건 저번에 치료받았을 땐 괜찮다고 하지 않았냐고 묻자 그때는 담당의사가 없어서 치료만 받고 와서 오늘 담당의사가 와서 오늘 병원을 다시 온 거 아니냐며 말도 안되는 말을 늘어놓았습니다. 12일을 넘기고 16일 진료를 봤다고 상태가 그만하다고 했는데 23일 어제까지 그 일주일동안 어떻게 케어를 했길래 이 지경까지 된 건지, 또 안성병원도 아닌 자신들의 오산에 있는 협력 병원인 그 의사만이 이 치료를 할 수 있었던 걸까요? 도무지 말이 않되는 상황입니다. 요양보호사들은 침대에 누워 있는 사람들의 자세를 2시간마다 바꿔 욕창이 생기지 않게 해야합니다. 체위변경이라고 합니다. 거동이 불편하신 분들이 2시간 동안 한 자세로 있을 경우 혈액순환이 안되어 욕창이 생길 수 있으므로 자세를 변경해 주는 일이라고 합니다. 체위변경 기록지도 작성하게 되어 있다고 하구요. 체위변경은 요양보호사가 국가고시를 보고 자격증을 받고 교육을 받고 업무에 종사하게 되는 그들의 본업 중 하나입니다. 요양보호사 자격증을 갖지 못하면 요양원에서 요양보호사로 근무할 수가 없습니다. 우리는 그러한 분들을 믿어야죠. 마지막 면회날까지도 요양보호사와 관계자들을 믿었습니다. 괜찮다고 했으니까요. 그러한 믿음에 참으로 어처구니가 없는 결과입니다. 그리고 수술할 정도인데 가까운 의료원을 두고 1시간 이상이 걸리는 협력 병원이라는 곳에 와서 치료를 받게 하며 욕창 4기이면 저희 할아버지께서 고통을 호소 하셨을 텐데 16일, 23일 수술당일 딱 두 번 병원에 왔다는 게 이해가 도무지도 안됩니다. 간호사도 아닌 간호조무사(손모씨)가 병원치료 없이 자신이 요양원에서 치료를 했다고 하네요. 이해가 되나요? 저희 할아버지께서 너무 뼈만 남을 정도로 마르셔서 식사하는 모습을 cctv 확인을 요청했지만 인권침해로 cctv는 설치가 안되어 있다며 거절당하여 그럼 보호자인 저희는 확인을 어떻게 하냐 라는 질문에 아무런 대답이나 조치가 돌아오지 않았습니다. 또한 이야기 도중 계속되는 비아냥거리는 모습 또한 너무나도 화가 치밀어 오릅니다. 콧방귀를 뀌고 오히려 자신들이 한숨을 쉬고 말 같지 않은 변명들만 늘어 놓고 있습니다. 경기도 안성시 공도 한 요양원측 이사장, 사무장, 간호조무사(손모씨)등 아직도 사과한마디도 없고 저희 할아버지는 말 한마디 못하시고 아파하고 계십니다. 요양원측 이사장과 사무장등 책임자들은 저희 할아버지가 이 정도의 상태인지를 아무도 모르고 있었으며 욕창정도에 대해서도 전혀 모르고 있었습니다. 요양원 이사장은 오산에 어린이집도 운영한다고 하는데 그곳도 이렇게 또 일처리 하실까봐 너무나도 걱정이 되네요. 정말 너무나 속상합니다. 저희 할아버지 상태를 보면 눈물 밖에 안 나옵니다. 저희 할머니께서도 너무나 속상해서 밥한술 못 뜨고 걱정만 하고 계십니다. 여러분 또한 요양원에 부모님을 모시는 경우들이 있을 겁니다. 저희와 같은 일들이 또 일어나지 않길 바라며 진상조사가 하루빨리 정확하게 이루어져 지금그요양원에 계시는분들과 다른분들이 우리 할아버지와 같은 일이 일어나지 않길 바라며 이렇게 방치한 요양원과 간호조무사,책임자들이 또다른 희생자를 만들지 않길 바라는 심정으로 이 글을 올립니다. 빠른 진상규명이 시급하며 노인방치,방조에 의한 학대입니다. 꼭 알아주세요.",
  "num_agree": 3243,
  "petition_idx": "582853",
  "title": "저희 할아버지를 욕창 4기가 될 지경으로 방치 해둔 요양원을 고발합니다."
}