{
  "category": "육아/교육",
  "begin": "2019-09-27",
  "content": "수능 50일 남겨놓고 학종 전수조사를 실시하면 대학에게 자사고 특목고 뽑지말고 학종에서 비교과 평가하지말고 교과로 뽑으라는 압력을 넣는겁니다. 성실히 3년동안 학종 준비한 애들이 무슨 죄에요. 어느 나라가 입시중에 입시제도 감사를 합니까! 수시끝날때까지 이딴 짓 하지 마세요! 정부가 학종권고해서 여태 준비했는데 입시앞두고 이게 무슨 못된 짓입니까! 조국딸이 문제면 조국을 해임하세요.엉뚱한 수험생 사지로 몰지말고! 더불어민주당 교육부 다들 국민이 무섭지도 않습니까! 교육정책 혼란만 가중시키는 교육부 해산을 청원합니다.",
  "num_agree": 3755,
  "petition_idx": "582867",
  "title": "50만 수험생을 기만한 교육부를 해체시켜주세요!"
}