{
  "category": "육아/교육",
  "begin": "2019-09-26",
  "content": "정말 어처구니가 없는 상황입니다. 지자체 및 교육청에서.. 어린이 차량 안전을 위해 각 원으로 지급된 지원금이 어린이집은 약 65,000원이고 유치원은 약 70,000원으로 알고 있습니다. 하지만 실제 원에서 구매한 카시트는 3만원 짜리부터 4~5만원 짜리까지 정말 이게 우리아이를 보호 할 수 있을까? 할 정도로 허접한 제품들이 설치 되어 있는 것을 확인 했습니다. 그래서 원장님께 왜 이런 제품을 설치 하셨냐.. 좋은 제품도 그정도 가격이면 살 수 있을텐데.. 도데체 왜 이런 제품을 구매하셨는지 물어 보니…. 유치원 연합회… 어린이집 연합회에서.. 공동구매 했다고 하더군요… 그래서.. 연합회 관계자를 수소문 끝에.. 겨우 겨우 만나서.. 물어보니.. 참 어이가 없더군요… 관계자 답은… 거래하는 교구재 업체에서 이 제품을 소개해 줬다는 겁니다. 그래서.. 아니.. 인터넷에서 검색만 해 봐도.. 다 검색이 되고.. 금액도 다 나와 있는데.. 왜.. 도대체 왜 이렇게 저렴한 제품을 그렇게 비싸게 주고 사셨는지… 카시트는 카시트 업체에서 사야지 왜 교재를 파는 업체에서 구매를 했냐고 물었더니.. 얼버무리 시더군요… 저는 더욱더 의심이 가기 시작했습니다. 분명히 뭔가가 있구나.. 정말 말로만 듯던 뒷돈이 정말 존재하는 구나..라고 생각하고 아이 학부모 님들과 많은 대화를 했습니다. 학부모님 중 교재 업체를 운영하고 계신 분이 계셔서.. 왜 이런지 자세한 이야기를 들을 수 있었습니다. 교재 업체를 운영하시는 분이 이러더군요.. “우리도 유치원 어린이집에 좋은 제품을 공급하려고 해도, 연합회에 뒷돈을 주지 않으면, 소개도 시켜주지 않으며,, 운동회 뒷풀이, 연합회 모임, 연말 행사, 연합회장 및 간부 생일 등 각가지 연합회를 명목으로 개인적인 일까지 그때 그때 마나 뒷돈을 주면서 연합회와 커넥션이 있는 업체가 별도로 존재 한다고 하던군요.. 그런 업체가 아니면.. 절대 연합회에서 공동구매를 진행 할 수 없다고요..” 저는 이렇게 생각 합니다. 이번 기회에 정말 철저한 조사가 필요할 거 같습니다. 물론 선의의 목적으로 연합회를 운영하는 지역도 분명히 많을 거라고 생각 합니다. 하지만.. 제가 살고 있는 또.. 이번 조사를 하면서 알게된.. 경기도 파주, 김포, 부천, 남양주 유치원/어린이집 연합회는 철저한 조사를 해야 한다고 생각합니다. 이게 다가 아닙니다…… 또 이번에 조사를 하면서 어린이안전벨트(카시트)에 대해서도 많이 알게 되었습니다. 2점식용 어린이보호장구안전벨트.. 3점식용 어린이보호장구안전벨트.. ISOFIX용 어린이보호장구안전벨트 등… 종류가 있다고 하더군요.. 더 알아보니…. 2점식용 어린이보호장구안전벨트는 기존 차량에 2점식안전벨트(허리만 감싸는 벨트, ○예고속버스 좌석 안전벨트)가 설치 되어 있는 곳에 설치할 수 있는 어린이보호장구안전벨트이고… 3점식용 어린이보호장구안전벨트는 기존 차량에 3점식안전벨트(어깨와 허리를 감싸는 벨트, ○예승용차 앞좌석 안전벨트)가 설치 되어 있는 곳에 설치할 수 있는 어린이보호장구안전벨트하고 합니다. 그런데, 우리아이가 다니고 있는 어린이집과 유치원에 가서 보니… 차량에 달려있는 안전벨트는 모두 2점식인데… 3점식용 어린이보호장구안전벨트가 설치되어 있더군요.. 그래서 또 원장님께 물어보니… 연합회에서.. 사라고 해서 샀다고…. 에휴 정말.. 문제가 심각합니다. 자기들의 이익을 위해 아이들의 안전은 뒷전이라고 밖에 생각이 안드네요.. 시댁이 있는 부천과 친정이 있는 김포 까지.. 주말마다 다니면서. 유치원 어린이집 주차장에 세워져 있는 차량을 100여대는 확인 했을 겁니다…70%는 3점식 빨강색, 파랑색 제품(우리아이 원과 똑 같은 제품)을 의자에서 꽁 꽁 묶어 놨더군요. 보기에도 정말 불안해 보였습니다. 물론 보기에도 좋은 제품을 설치한 개념있으신 원도 많았습니다. 정말 철저한 조사가 필요합니다. 아니 우리 엄마, 아빠들이 나서서라도..우리 아이 원에 설치 되어 있는 제품을 확인하고 조사해야 합니다. 3점식용 제품은 3점식용이라고 써져 있습니다. 절대 3점식용 제품이 설치 되어 있으면 안됩니다. 이건 우리 아이의 안전에 대한 문제 입니다. 물론 정확한 물증과 팩트만 가지고 이런 글을 써야 하겠지만.. 정황상 너무 맞아 떨어지기에 이렇게 용기를 내어 제보 하오니.. 철저한 조사 부탁드립니다.",
  "num_agree": 261,
  "petition_idx": "582852",
  "title": "유치원과 어린이집의 어린이 카시트의 문제점을 고발합니다."
}