{
  "category": "교통/건축/국토",
  "begin": "2019-09-27",
  "content": "고양시민입니다. 자다가 너무 속상하고 답답해서 새벽에 글을 쓰네요. 오늘은 고양시 덕양구 토당동에 '대곡 두산위브' 아파트의 모델하우스가 오픈하기로 당초계획된 날입니다. 그쪽지역에 정말 오랜만에 분양하는 아파트라 오늘 연차휴가가까지 부부가 함께내고 가볼 예정이었습니다. 그런데 어제 밤에 고양시에서 허가를 돌연 취소해서 오픈이 무기한 연기된걸 알게되었습니다. 정말 화가납니다. 그걸 기다리고 저처럼 휴가까지 내신분들 꽤 많으실텐데... 비단 이번일 뿐만이 아닙니다. 도시재생사업을 하기위해 고양시내에 모든 뉴타운사업성을 재검토 한다고 엉터리 용역을 발주해서 세금을 낭비하지 않나. 이미 40년된 노후주택이 정비한다고 새집이 됩니까? 대부분 고양시민들(집있는사람들이라고 해야될까요?)은 이재준시장이 청와대에 잘보여서 국회의원 한자리하려는 거라고 100%믿고 있습니다. 고양시민 중엔 세입자 비중이 높아서 이렇게 법위에 군림하듯 정치해도 된다고 혹자는 얘기하더군요. 처음엔 저도 안믿었는데 이러나 저러나 더불어민주당이 당선될거같다고 생각되니 그말이 맞구나하고 느끼게 되네요. 저 문대통님 지지자고 평생 민주당지지자입니다. 그런데 저런 말도 안되는 행정가 한명때문에 자한당을 지지해야겠다는 사람들이 생겨나는걸 두고 보시겠습니까? 제가 이런글 쓴다고 시장이 퇴진할일은 없겠죠. 하지만 청와대계신 분들께서 이글보시면 제발 민주당 표깍아먹는 일좀 하지말라고 이재준시장에게 전달좀 해주세요. 그리고 본인이 뭔데 법에 의거 진행되는 사업들을 멋대로 타당한 사유도 없이 지연 및 취소시킵니까. 감사합니다.",
  "num_agree": 1559,
  "petition_idx": "582872",
  "title": "이재준 고양시장 퇴진요구"
}