{
  "category": "경제민주화",
  "begin": "2019-09-26",
  "content": "나는 소규모 통닭가게를 운영하는 자영업자로 대표적 배달앱전문업체 ***** 및 ***의 광고수수수료 및 광고방식에 대하여 강한 불만을 가지고 시정을 요구하며 국민청원을 제기하고자 합니다 1. 광고수수수료 현실태 -***의 광고수수료는 일반가입자는 배달앱터치주문금액의 16.5%(결재수수료3.3% 포함) 프랜차이즈본사를 통한 프랜차이즈가입자는 배달앱터치주문금액의 12.1%(결재수수료3.3% 포함) 정액제가입자 1개동(카테고리)당 월회비 79,000원(부가세별도)부가되며 별도로 배달앱결재수수료3.3%가 부가되며 배달앱상단에 광고해 주는 조건으로 공개입찰자에 대하여 별도의 입찰금액을 부가함 -*****의 광고수수료는 광고중심지역(깃발꽂는 곳이라 함) 깃발 1개당 월회비 88,000원(부가세포함) 부가되며 배달앱결재수수료는 배달앱터치주문금액의 3.3%가 별도로 부가됩니다 통닭가게의 경우 워낙 경쟁업체가 많아 깃발 1개만 신청하면 광고지역에서 거리가 조금만 멀어져도 밑으로 링크되어 광고효과가 없어 보통 2~3개의 깃발을 꽂고 있으며 동일광고지역에 15개 깃발(광고) 꽂는 업체도***** 앱사이트로 확인 한 바 있었으며 시간대별로 배달앱 상단에 광고해주는 방식으로 오픈리스트 광고주문자는 배달앱터치주문금액의 10.78% (결재수수료 및 부가세포함) 별도로 부가됩니다 2. 배달앱 광고운영 방식의 문제점 및 개선사항 대표적 배달앱전문업체 ***와***** 광고수수료가 너무 과다하여 배달전문업체의 가게운영에 어려움이 많음 가령 통닭가게의 경우 통닭한마리 배달 판매 해봤자 배달앱 광고수수료(주문금액 2만원기준 *** 광고수수료 3,300원) 와 배달대행수수료(3천원~6천원 가량) 내고 나면 사실상 남는게 없음 *****의 경우 동일 광고지역에 동일업체에 무제한으로 광고(깃발수 무제한)할 수 있도록 되어있어 경쟁적으로 광고할수 밖에 없어 광고료 많이 지출되므로 동일지역내 동일업체 광고금지 요구함 ***** 깃발수가 천만개가 넘었다고 방송으로 들었적이 있고 월매출이 2조가 넘는다고 회사 사장이 강연회등에 자랑하고 다닌다는 애기도 들었습니다 불쌍한 배달업자영업자 피눈물나는 돈을 광고수수료로 명목으로 너무 폭리를 취하는 배달앱전문업체(*** *****) 광고수수료 80%이상 인하와 광고지역 운영방식 개선 및 오픈리스트등 특별광고 금지하도록 개선을 강력 요구합니다 [본 게시물의 일부 내용이 국민 청원 요건에 위배되어 관리자에 의해 수정되었습니다]",
  "num_agree": 212,
  "petition_idx": "582854",
  "title": "배달앱전문업체 광고수수료 인하 및 광고지역 운영방식 개선 요구"
}