{
  "category": "안전/환경",
  "begin": "2019-09-30",
  "content": "<진도군 가계 해수욕장 쓰레기 불법 투기 규탄 성명서> 국제적 망신 대국민 사기극, 이동진 군수 퇴진하라! 지난 20일, 진도군 고군면 가계 해수욕장에서 개최된 '국제 연안정화의 날' 행사는 유엔환경계획 후원 하에 매년 약 100여 개 국가, 50만명 이상이 참여하는 세계에서 가장 큰 규모의 국제 해양환경 보존 행사다. 국제적 망신을 자초한 전말은 “장관님 정화행사 빛나게..바다 쓰레기 미리 투척\" MBC뉴스 등으로 잘 알려진 바와 같이 국제 연안 정화의 날 행사 하루 전인 19일 오후, 진도군 공무원 지시하에 이미 수거한 해양 쓰레기 6톤을 행사장 앞 가계 해수욕장에 불법 투기한 사건으로 60~70년대 군사 독재 시대에나 있을 법한, 감히 누구도 상상할 수 없는 낯부끄러운 기만행위가 아닐 수 없다. 이 소식을 접한 수많은 향우와 국민들이 충격과 분노에 휩싸였다. 특히, 이날 행사에는 봉사활동 점수를 핑계로 어린 초등학생들까지 동원됐는데, 고사리 같은 손으로 바닷가 쓰레기를 치우며 국제적 행사에 참여하고 정화 활동한 보람도 없이 보여주기식 조작 쓰레기를 미리 뿌려 놓았다는 뉴스를 보고 느꼈을 그 참담함과 허탈감 그리고, 어른들의 거짓과 위선으로 상처받은 마음을 무엇으로 위로할 수 있겠는가? 국제적 행사인 만큼 외국 대사와 사절단, 지역구 국회의원, 해양수산부 장관 등 고위공직자, 언론사 기자와 시민사회단체, 학생 등 600여 명의 참석자들에게 오물을 뒤집어씌운 격이다. 쓰레기 투기쇼로 해양수산부 장관이 사과하는 등 초유의 사태 앞에서도 진도군은 보도자료를 통해 행사용으로 뿌려진 쓰레기는 1톤에 불과하고 100% 수거해 문제가 없다는 식으로 변명하고 해양수산부에서 시켰다며 책임을 회피하는 등 무책임함으로 일관하고 있다. 쓰레기를 투기한 주체는 진도군 공무원이고 수거한 주체는 정화 행사에 참여한 학생 등이니 행위 주체가 서로 다른 진도군의 쓰레기 투기 행위는 환경범죄임이 명백하다. 하나를 보면 열을 안다고 목적을 위해서라면 물불 가리지 않는 파렴치한 행태가 더는 없었는지 진도군이 야심차게 추진했던 환경클린운동과 작년의 두 배가 넘는 해양쓰레기 수거 실적으로 해양수산부로부터 ‘해양쓰레기 관리 최우수 지자체’로 선정된 배경 등 전수조사를 통해 다시는 이 같은 기만적 행태가 반복되지 않기를 소망한다. 끝으로, 전남환경운동연합과 팽목항 석탄재 폐기물 매립 저지 진도군 대책위원회는 쓰레기 불법 투기 기만행위로 인해 상처받았을 참가자들을 비롯한 모든 분들께 진심으로 사과의 말씀을 드리며, 이 참담한 사건의 중심에 서 있는 진도군수와 진도군의회, 그리고, 정부부처와 사정당국에 다음과 같이 요구한다. - 우리의 요구 - 1. 검찰과 감사원 등 사정당국은 진도군의 불법 행위를 전수조사하여 관련자를 엄벌하라! 1. 해양수산부는 환경정화 실태를 점검하여 불법행위를 엄단하고 사업비를 추징하라! 1. 환경부는 해양환경 오염이 우려되는 연안 석탄재 폐기물 매립을 전면 금지하라! 1. 집행부를 견제하지 못한 진도군의회는 군민들께 사과하고 시민사회단체와 정보공유를 위한 월례회의를 추진하라! 1. 이동진 진도군수는 상처입은 참가자와 국민들께 사과하고 군수직에서 당장 물러나라! 2019년 9월 27일 전남환경운동연합 / 팽목항 석탄재 폐기물 매립 저지 진도군 대책위원회",
  "num_agree": 281,
  "petition_idx": "582896",
  "title": "UN 세계연안정화의날 행사 국제적 망신 대국민 사기극 쓰레기 투척, 이동진 진도군수 엄벌조치하라!!"
}