{
  "category": "육아/교육",
  "begin": "2019-09-30",
  "content": "어머님들 혹시 아시나요. 내아이가 누구의 지도아래 교육받고 케어를 받는지 혹은 원장님께서 등하원으로 맞아주시니 믿으실까요? 낮내내 별로 돌보지 않다가 활짝 웃으며 마치 다 아는양 맞아주시니 헷갈리시지요? 원장님께서 반을 맡았다고 하는 경우 이름만 그렇게 되어 있고 분산되어 있던지 아예 보조교사가 점심 퇴근때까지 돌보고 보조샘 퇴근 후엔 남은 투담임 보육교사 독박일것입니다. 원장님들 자기반 청소 하시나요? 일지 투담임인 다른샘이 다하시죠? 관찰일지 서류들은요? 제발 행복한 교육합시다. 교사가 행복해야 아이들이 행복하다고 말하시면서 다 시켜놓고 매번 밖으로만 도시고 제발 이런것들 좀 CCTV로 보여주고 확인 좀 하십시요. 보건복지부에서 나가는 이런 세금 누구겁니까? 세지 않도록 관리하십시요. 애들 여기저기 떼어서 보내놓고 추가수당 기껏 명당 3만원 5만원 주는곳 아직도 많습니다. 눈먼돈이 아니라 피같은 돈인지 알고 쓰게 하십시요. 왜 원장들이 그런걸로 갑질합니까? 보조선생님 존재이유 뭔지 아시나요? 휴게시간 왜 못 지키나요. 보조샘이 반을 맡았으니 그런거죠 다분히 알 수 있는 증거들이 많음에도 왜 눈을 감으셨는지 모르겠습니다. 물론 양심 적인 원장님들 계실겁니다. 그분들께 죄송하다고 생각합니다. 그러나 지금까지 보아온 10명중 9은 전자에 어울립니다. 보건복지부. 대통령님 제발 어린이집 원장의 담임겸직을 금하여 주십시요.",
  "num_agree": 3571,
  "petition_idx": "582891",
  "title": "일부어린이집의 원장 담임 겸직 폐지해주세요. 보조교사가 담임으로 둔갑합니다"
}