{
  "category": "안전/환경",
  "begin": "2019-09-25",
  "content": "명지 쓰레기 소각장은 내구연한인 15년을 경과하여 현재까지 운영 되고 있는 시설로 다이옥신 배출 주범인 플라스틱까지 무분별하게 소각하여 주민들에게 치명적인 위해를 끼치고 있습니다. 명지 1,2동은 인구 수가 6만명을 넘어서고 있으며, 부산 강서구는 출산율이 2명에 육박하는 부산에서 다산구로 불리고 있습니다. 또한 영유아의 인구비율이 가장 높은 동네입니다. 깨끗한 환경에서 자라야 하는 아이들을 위해서라도 하루라도 빨리 명지쓰레기 소각장을 폐쇄를 요청하는 바입니다.",
  "num_agree": 1683,
  "petition_idx": "582842",
  "title": "명지소각장 폐쇄 되어야 합니다."
}