{
  "category": "저출산/고령화대책",
  "begin": "2019-09-24",
  "content": "9월 18일 기재부에서 발표했다는 저출산 대책을 보았습니다. 하지만 그 안 어디에도 자국민이 왜 아이를 낳지 못하는지에 대한 진지한 고민은 찾아볼 수 없었고 “외국인의, 외국인에 의한, 외국인을 위한 정책”으로 도배되어 있는 것을 보고 충격을 받은 1인입니다. 해당 제도 하에서 자국민의 출산율이 0.5명 이하로 곤두박질칠 가능성이 농후하며 외국인에 의한 내국인 일터 잠식은 더욱 심화될 것입니다. 이는 단순한 기우가 아닌 아닌 현재 우리 주위에서 벌어지고 있는 비극이며 주권침탈 문제와 맞닿아 있습니다. 저출산 대책이라는 그럴듯한 타이틀을 걸고 있지만 장차 자국민 출산율을 치명적으로 폭락시키는 내용들로만 채워져 있으니 문제이고 외국인에 대한 자국민 대체가 저출산 대책으로 포장되는 일이 있어서도 안됩니다. 적지않은 국민이 기재부의 대책에 상식적 의문을 제기하고 분노를 표출하고 있다는 점을 알아 주셨으면 합니다. 금번 발표된 내용은 보면 기재부도 인정하였듯이 패키지 형태의 소-이민법으로서, 이 나라를 수 년도 지나지 않아 저개발국 편향 외국인으로 넘실거리기에 충분한 사항들로 주를 이루고 있습니다. 각 개설/변경 사항은 이를 뒷받침하는 독소조항 뿐이며 해당 사항을 간략히 짚어보면 다음과 같습니다. 1> 기존에는 외국인이 법을 위반하면 체류 연장 허가를 내주지 않는 것이 원칙이었습니다. 하지만 국내에 생활기반이 있고 가족이 있는 외국인이라면 인도적인 사유에 따라 체류를 허가하겠다는 변경 조항을 보고 난민법이 오버랩되는 것이 비단 저 뿐일까요? 2> 외국인인의 취업업종 확대 및 사업장 이동 보장 및 역시 마찬가지입니다. 기존에는 단순노무 분야 34개 업종으로 외국인 취업을 제한했지만 이 기본 경계선조차 허물고 업종을 대폭 확대하기 위해 허용제한 업종을 명시하는 형태로 바꾸겠답니다. 쉽게 말해 내국인 근로자를 보호하는 최소한의 안전망을 걷어 내겠다는 소리인데 일자리 국경은 무너지는 것은 시간문제입니다. 이는 자국민이 설 자리를 더욱 좁아지게 만들며 내국인 이탈 및 일자리 양극화는 피할 수 없게 됩니다. 3> 근속 외국인이 재입국할 경우 기존에는 재입국 제한 기간을 3개월 두었고, 입국하더라도 동일사업장에 근무하도록 하였습니다. 하지만 이 역시 재입국에 필요한 기간을 대폭 단축하고 동종업체/직종으로 사업장 이동을 보장하겠답니다. 이렇게 되면 더 이상 외노자라고 말할 수도 없게 되고 사실상 우리 내국인 근로자와 동일한 신분으로 올라서게 됩니다. 이러한 개정 하에서 가장 큰 피해자는 불공정 경쟁으로 내몰리는 불쌍한 국민이며, 자국민을 보호하지 않는 나라는 나라라고 말할 수도 없습니다. 무엇보다 이는 근로주권 침탈의 문제로 다뤄져야 합니다. 4> 자꾸 우수인재, 우수인재 하는데 단순 유학생, 학사 졸업생을 고학력 인재로 둔갑시키는데 세계 그 어느 나라도 학사 취득자에게 인재 운운하며 영주권 부여를 남발하지 않습니다. 이를 악용한 브로커가 국내외에 너무나 많으며 이들의 안내를 받아 국내에 일하러 들어온 가짜 유학생 문제가 언론을 통해 숱하게 보도된 바 있습니다. 출입국관리가 총체적으로 형해화된 상황에서 그동안 외국인 수의 폭증을 조절하고 사돈에 팔촌까지 무차별적으로 유입되는 것을 방지하도록 필터 역할을 해왔던 것이 바로 가족동반 불허라는 기본 원칙이었습니다. 하지만 발표된 내용을 보면 없던 비자 또다시 새로 만들어 이 기본 문턱조차 무너뜨리겠답니다. 그들에게 구직부터 의료, 자녀 교육에 이르기까지 다양한 혜택을 제공하고 맞춤형 서비스를 제공하겠답니다. 하지만 정작 혜택을 받고 서비스를 받아야 할 국민은 더욱 변방으로 내몰리며 들러리로 전락하고 있습니다. 이 나라는 누구의 나라입니까? 5> 자격증 등 일정 요건을 충족한다면 장기체류할 수 있는 외국인을 대폭 확대하고 그들의 기술교육을 국민 혈세로 지원하겠다는 발상 앞에서 할 말을 잃어버릴 정도입니다. 당신들은 국내에 지천인 단순노무 외노자들로 인해 이들과 경쟁하는 우리 서민들이 얼마나 힘든 줄을 정녕 모른단 말입니까? 어찌하여 자국민이 산업현장에서 일할 수 있는 풍토는 조성하지 않고 매번 고용주, 외국인 위주의 정책을 수립하나요? 왜 우리 근로자들을 숙련시키고 자국민이 중기업종에서 일할 수 있도록 붙드는 단 한줌의 정책보다 외국인 위주의 정책을 우선시 하는 것인가요? 이 나라의 우리 국민은 역차별 당하고 있습니다. 무분별한 외노자의 대량 유입... 이 잘못된 근로 문화, 관행과 정책이 지난 20년 동안 누적되어 저개발 외국인에 의한 내국인 일자리 잠식, 산업현장에서의 자국민 이탈을 촉발시켰고 종국에는 저출산 위기를 불러온 주범입니다. 하지만 기재부 발표 내용 그 어디에도 이에 대한 언급이 없으니 문제이고 그러하니 당연히 대책이랄 것도 없습니다. 오직 외국인에 의한 자국민 대체만이 전부인 안도 저출산 대책으로 받아들여야 하는 것입니까? 더욱 더 많은 저개발국 외국인이 대한민국의 전방위 일터에 진출하고, 전국 구석구석에 스며들어 뿌리를 내릴 수 있도록 촉진하는 내용들로 도배를 이루고 있는 기재부 안에 강력히 이의를 제기합니다. 우리 청년들이 중소기업에 가기를 꺼려한다면 이에 대한 해결책은 자국민이 일할 수 있는 일터로 바꾸려는 노력과 제도 개선이지 저개발국 외국인 왕창 데려다 쓰는 임기응변 따위가 아닙니다. 하지만 기재부의 정책대로라면 대한민국 일터에서 우리 국민이 설 자리는 더욱 더 좁아지게 되고 내국인의 생존권은 벼랑 끝으로 내몰릴 수 밖에 없습니다. 고용주 논리에 따라 저개발국 외국인로 자국민을 대체하는 상황에서 근로조건은 절대 개선될 리 없고, 하향평준화 속의 일자리 양극화 극단 속에 이 나라는 세계 초유의 저출산으로 100년도 지나지 않아 한국인은 소수 민족으로 전락해 있을 것입니다. 이는 명실상부 대한민국의 주권과 우리 국민의 생존권, 그리고 우리 후손의 행복과도 직결되는 국가 위기사안입니다. 이에 기재부의 저출산 대책을 강력 성토하며 폐기를 요청하는 바입니다.",
  "num_agree": 288,
  "petition_idx": "582820",
  "title": "기재부의 저출산 대책.. 이는 대책이 아닌 재앙입니다. 강력 폐기요청합니다."
}