{
  "category": "문화/예술/체육/언론",
  "begin": "2019-09-26",
  "content": "현재 대한민국 게임산업은 세계 선두를 달리고 있을 정도로 크게 발달하였고, 이로 인해 대한민국 IT계열의 위상도 높아졌습니다. 과거 PC게임이 우리나라 게임산업을 주도 했다면, 오늘날은 모바일 게임이 그 시장의 큰 부분을 차지 했다고 해도 과언은 아닐 것입니다. 그러면서 대한민국 산업에 큰 흐름이 생긴 것은, 게임을 만드는 회사들이 급성장 했다는 것입니다. 대한민국의 3N사를 비롯해, 크고 작은 게임회사들이 IT대기업 행보에 편승하고 있습니다. 게임은 크게 두가지로 나뉩니다. 유료게임과 무료게임입니다. 오늘 제가 청원드리고자 하는 것은 '유료게임'에 관한 것인데, 이 유료게임은 또 두가지로 나눌 수 있습니다. 바로, 사전결제와 소위 인앱결제라고 불리우는 게임상에서 결제하는 것입니다. 과거 PC게임 세대에서는 CD를 한 장 사면 그 안의 내용을 전부 다 이용 가능했고, 추가적인 서비스가 나오면 확장팩 CD를 출시하고, 소비자가 구입하여 사용하는 방식이었습니다. 그러다가 N사에서 L이라는 게임이 출시 되면서, 한 달 이용요금을 부과해 서비스 하기 시작했고, 이는 곧 대성공을 거두었습니다. 그렇게 게임 시장에서 회사가 유료로 서비스 하는 것을 소비자가 구매해 이용하는 문화는 정착이 되었고, 현재 모바일 시장에서는 그 문화가 곧 게임 회사의 성패를 좌우하는 하나의 지표가 되었습니다. 그런데 문제가 발생합니다. 소비자가 게임을 이용하기 위해서 돈을 쓰는 모양이 하나의 문화로 자리 잡고 접근성도 좋아지다보니, 그리고 위에 언급 했듯, 소비자가 얼마나 해당 게임에 돈을 쓰느냐에 따라 게임 회사의 성패가 달려있다 보니, 무분별한 결제 유도가 성행하기 시작했다는 것입니다. 이러한 점은 모바일게임 문화가 발달하면서 크게 대두되기 시작했습니다. 예를 들어, 과거 PC 온라인 게임의 한 획을 그었던 N사의 L게임의 경우, 게임회사에서 제공하는 월별 이용료가 있었고, 게임에 도움을 주는 아이템들을 돈을 받고 팔기는 했지만, 절대로 회사가 개입하지 않았던 것이 바로 게임 상에서 사용할 수 있는 '재화'였습니다. 그 게임의 '재화'는 충분히 노력해서 얻을 수 있었으며, 그 재화를 통해 게임 내 대부분을 만족스럽게 이용할 수 있었습니다. 또한, 유저 스스로가 얻은 재화를, 유저들끼리 교환하며 사고파는 일종의 '자유시장경제'가 활성화 되었습니다. 물론 사기 등 문제점도 있긴 했지만, 그것은 유저와 유저간의 문제일 뿐, 게임 회사와 연관 되는 문제는 아니었습니다. 그러나 오늘날 모바일게임 시장은, '사행성'이라는 명목을 앞세워, 유저들간의 자유시장행동을 부여하지 않았고, 모든 재화를 해당 게임 회사가 제공하는 유료 아이템을 통해 구입할 수 있는 시스템을 만들었습니다. 물론 모바일 게임 안에 '재화'가 존재 하고, 그 재화를 통해 많은 컨텐츠를 즐길 수는 있지만, 유저들이 게임을 즐기면서 지향하는 궁극적인 목적을 달성하기 위해서는, 해당 재화로는 불가능하며, 반드시 게임회사가 제공하는 아이템을 '구입'해야만 그 목적을 달성 할 수 있도록 만들었습니다. 가령, 이런 것입니다. 1. 게임을 런칭할 때, '유저간의 전쟁에 특화된 게임'이라는 홍보 문구를 앞세웁니다. 2. '전쟁'이라는 컨텐츠에 매료된 유저들은, 해당 게임에 유입이 됩니다. 3. 게임 안에 '전투력'이라는 객관적인 지표를 등장시켜, 현재 내 전투력이 어느 정도인지 수치화 해서 확인 할 수 있게 만듭니다. 자, 여기서 문제가 생깁니다. 이 '전투력'을 소유하기 위해서는, 반드시 게임회사에서 제공하는 아이템을 구입 해야만 한다는 것입니다. 과거 PC게임인 L게임의 경우, 비슷한 지표가 있었지만, 그것을 소유하기 위해서 접근할 수 있는 경로가 상당히 다양했습니다. 예를 들어, 게임 내에서 획득할 수 있는 아이템을 자율시장경제에 따라 형성된 시세에 맞게 사고 팔면서 원하는 지표에 다가가거나 하는 것인데, 이러 경우, 유저들간 흥정이 가능했고, 노력하면 충분히 재화를 얻을 수 있는 시스템이었습니다. 그러나 모바일 게임의 경우, 유저간의 자유시장경제 진입을 막아놨기 때문에, 게임 회사가 임의로 제공하는 경제에 따라갈 수 밖에 없습니다. 마치, 과거 로마제국 시대에 이스라엘이라는 나라에서, 종교인들이 자신들 임의로, 국법에 정해져 있는 절기 문화를 무시하고 세금을 거둬들인 모습과 동일합니다. 가령, 이러한 차이입니다. 게임 내에서 '노력'하여 아이템 획득 -> 형성돼있는 시세에 따라 다른 유저에게 매매 -> 매매로 얻은 재화를 통해 원하는 컨텐츠 이용. => 유저들간 시장이 활성화 됨 vs 게임 회사에서 정해놓은 시세 유료료 재화 판매 -> 유저들이 구입하여 컨텐츠 이용 => 유저들은 소비만, 게임 회사는 배부르게만. ---- 오늘, NM사에서 L 모바일 게임의 업데이트 방향에 대한 공지가 있었습니다. 이제껏 그래왔듯, 앞서 말했던 문제들이 여실히 돋보이는 업데이트 공지였습니다. 그들이 앞세운 '전쟁'이라는 컨텐츠를 더 잘 즐기기 위해서는 객관적 지표인 '전투력'을 올려야 하고, 그 전투력을 올리기 위해서는 재화, 또는 아이템을 통해 컨텐츠를 즐겨야 하는데, 그 재화와 아이템을, 게임회사가 일방적으로 '돈을 받고' 제공하도록 장치해 놓은 것입니다. 만약, 새로운 컨텐츠가 나왔고, 그 컨텐츠를 즐기기 위해 아이템이 새로이 등장했다면, 유저들이 게임상에서 사냥 등, 노력으로 그 아이템을 획득하고, 그 획득한 아이템을 자유시장경제를 따라 상호간 거래할 수 있는 시스템을 만들어 주었다면, 유저들의 불만은 이처럼 극에 달하지 않았을 것입니다. 그 아이템을, 게임회사가 일방적으로 돈을 받고 팔고 있기 때문에 유저들이 이토록 아우성인 것입니다. \"돈을 쓰고 마는건 너희들 자유이지 않느냐?\"라는 반문이 있을지 모르겠습니다. 그러나, 무엇이 됐든, 어떤 한 쪽이, 누가 봤을 때에도 도에 지나치는 행동을 하고 있다면, 그것은 목소리를 내어 제재하는게 맞다고 생각합니다. 해당 게임사인 NM사의 소위 '과금유도'에 대해서 제재를 가해주실 것을 촉구하는 바입니다. 대한민국 게임산업이 이토록 성장할 수 있었던 것은 결국 그 게임을 이용하는 유저들 때문이라는 것을, 게임산업계열에서도 잊지 말아주시기를 바랍니다.",
  "num_agree": 257,
  "petition_idx": "582851",
  "title": "모바일게임 사행성 유도에 관해 청원드립니다."
}