{
  "category": "문화/예술/체육/언론",
  "begin": "2019-09-25",
  "content": "대한민국 최초로 해외에서 대통령 후보로 출마한 정치현 후보는 대한민국의 국위를 선양시킨 훌륭한 본보기이며 해외동포 및 해외진출을 꿈꾸는 젊은 세대들에게 큰 희망이 되고 있습니다. 볼리비아 대통령으로 당선되어 볼리비아와 대한민국의 경제 발전과 민주화 교육발전에 크게 기여하기를 바라는 마음에 청원합니다 정부나. K-POP스타들이 간단한 응원메시지라도 보내서 힘을 싫어 주시면 좋겠습니다.",
  "num_agree": 397,
  "petition_idx": "582835",
  "title": "한국인 최초 해외에서 대선에 출마한 정치현후보 지지를 부탁드립니다"
}