{
  "category": "정치개혁",
  "begin": "2019-09-30",
  "content": "정치는 잘 모르고 아는건 대한민국 국민인 제가 대한민국이 이상해지고 있다고 생각해서 아래 내용을 청원 합니다. 우리나라 민생은 저리가라 한것 같습니다. 맨날 메스컴에 조국..조국 펑펑 터트리고 좀 메스컴도 아무리 특보다 해도 므슨 사립탐정이나 수사기관같습디다. 돼지문제로 좀 덜 조용하지만 그래도 맨날 조국장관 가정 파탄내는 내용만 줄기차게 보도 됩니다. 무슨 마녀사냥 하는 건지..나머진 검찰이 알아서 하는거 아닌가요? 메스컴이 검찰보다 더 적극적이니~~ 기왕 마녀사냥 시작한거 조국 청문회 나와서 나냥하시던 의원님들 자녀들도 이참에 하나하나 조사하고 재산도 어떻게 불렸는지 궁금하기도 하니 .. 메스컴 죠와라 할거 아닌가요? 장머시기 아들님도 청문회때 별짓 다하니 그들 뿐만이겠나요? 안 뒤집어 까서 조용한거지 안그렇 습니까? 국민청원에 같이 힘써주셔서 이참에 이해찬의원 말대로 다 조사해서 청렴한 국회의원만 얼굴들고 나와서 민생좀 신경 쓰면 정말 좋겠습니다. 뒤가 간지러우시면 알아서 안나오시겠죠? 이참에 우리나라 정치하시는 분들 재산을 어쩜 잘 늘리시는지 노하우도 배울겸 어느 누가 아!!!이사람은 정말 청렴한 국회위원이구나 라고 일 수 있는 기회도 만들고 좋을거 같습니다. 학생들 조국 조국 사퇴 집회하는 것도 좋다고 칩시다 . 민생은 조국장관 사퇴하면 조와진답니까? 차라리 개혁한다는데 개혁하라고 놔두고 이참에 국회의원 전수조사 해서 바른 대한민국을 만들 국회의원을 찾아보구 앞으로 대한민국은 조국장관 같은사람 안뽑기 위해서라도 준비하는 것도 나쁘지 읺다고 생각합니다. 그래서 !!! 대한민국 국회의원 자녀들과 재산공개 전수조사를 청원합니다.",
  "num_agree": 707,
  "petition_idx": "582895",
  "title": "고위공직자 입시및 재산 전수조사 해주세요."
}