{
  "category": "인권/성평등",
  "begin": "2019-09-27",
  "content": "무고한 시민의 인권을 무시하는 xx경찰서 조xx 형사님과, xxx팀장님 두 분의 잘못된 수사 방식에 대한 검토를 강력하게 요청합니다. 분실 사건을 절도죄로 둔갑시킴으로써, 저희 어머니가 당하신 부당한 대우에 대하여 내용을 적습니다. 저희 어머니는 xx은행에서 청소를 하십니다. 지난 특정 일에 해당 은행 365코너를 이용한 후 , 쇼핑백을 365코너에 놓고 사라진 A가 있습니다. 다음 날 어머니는 출근하시자마자 365코너 쓰레기통 옆에 놓아진 쇼핑백을 쓰레기봉투에 넣어서 버리셨습니다. A는 쇼핑백 관련하여 경찰에 사건을 접수하였고 한 형사님은 수사를 진행 하는 중 어머님이 그 쇼핑백을 챙겼을거란 생각을 하고 19/09/24(화) 어머님을 xx경찰서로 소환하였습니다. 정확한 근거 하나, 소환장 한 장 조차 없이 xx경찰서로 소환하여 쇼핑백의 내용물을 습득한 범인으로 몰아갔습니다. 어머니와 동행하신 아버지를 떨어뜨려놓고 어머니만 특정 공간에서 무작정 범인으로 몰아가는 언행을 행사하였습니다. 무리한 소환에도 불구하고 경찰서를 방문한 무고한 시민에게 '협박'과 '고함', '윽박'과 '반말'이 섞인 언행으로 쇼핑백의 행방을 묻는 것이 아니라, 쇼핑백의 내용물을 남몰래 습득한 죄를 물었습니다. 형사님은 CCTV를 통해 쓰레기봉투에 쇼핑백을 넣는 어머님의 모습을 확인한 것만으로, 쓰레기봉투를 들고 CCTV 사각지대로 이동하여 쇼핑백의 내용물을 습득한 것으로 단정지었습니다. 쓰레기봉투에서 쇼핑백을 꺼내고, 쇼핑백의 내용물을 습득하는 장면은 어디에도 없었습니다. 저희 어머니는 쇼핑백의 내용물이 카메라인것을 수사 과정에서 아실 정도로 쓰레기통 옆에 있던 쇼핑백의 내용물에 대한 관심은 추호도 없었습니다. \"객관적이고 정확한 증거 하나 없이, 형사님의 주관적인 추측만으로 어머니를 용의자로 단정 짓고 무리한 취조를 강행하였습니다.\" 무리한 취조를 당함에도 불구하고 당연히 절도에 대한 혐의가 없었기에 부모님은 귀가를 하시는 중 xx경찰서 xxx팀장님으로부터 연락을 받았습니다. A가 합의를 원하는데 할 의향이 있느냐고 물었고, 어머니는 카메라를 불법으로 취한적이 없으므로 합의를 하지 않겠다고 하셨습니다. xxx팀장님은 카메라를 분실한 A가 어머니를 만나기를 원한다고 했고 일이 끝나는 시간에 보자고 했습니다. 19/09/25(수)에 A는 오지 않았습니다. 19/09/26(목)에 A가 은행으로 찾아왔습니다. 당행 임직원분들과 고객분들 그 많은 사람 앞에서 어머니를 향해 무작정 카메라를 내놓으라고 고함을 질렀습니다. 어머니는 A가 합의를 원한다고 xx4팀장님께 말씀드린 적이 있냐고 물어봤으나, A는 그런 얘기를 한적이 없다고 했습니다. \"09/24(화)에 xxx팀장님은 수사를 제대로 진행하지 않고 빨리 마무리 하기 위하여 어머니께 합의를 종용하였습니다.\" 어머니는 2일 전 xx경찰서에서 협박과 취조를 받은 기억이 되살아 났고 A와 대면하여 이야기를 하기 어려울 정도로 정신적인 충격을 받으셨습니다. 은행 내에서 고함을 지르고 난동을 피운 A와, 출동한 경찰관, 은행 직원분은 회의실로 들어갔고 충격으로 몸도 제대로 가누지 못하는 어머님을 모시고 집으로 왔습니다. 찬물로 속을 진정시키고 A와의 대화를 되새겨보니 무리한 취조를 강행한 조xx 형사님과 A의 쇼핑백 내용물에 대한 발언이 달랐음을 알게되었습니다. 조xx 형사님 - 쇼핑백 내부에 은색 카메라가 있었다. A - 쇼핑백에는 카메라가 들어있는 카메라케이스, 그 위에 포도 또는 한과가 있다. \"조xx 형사님이 신고자와 일치하지 않는 내용을 말함으로써, 수사를 제대로 진행하지 않고 있다.\"는 것을 알게 되었습니다. 형사님이 조xx 형사님인 것도 취조 당시에는 몰랐으며 A와 대면 할 때 알게 될 정도로 수사에 대한 절차는 지켜진 것이 없었습니다. A의 부주의로 인해 발생한 분실 사건은 시간이 지남에 따라 A, 조xx 형사님, xx4팀장님의 합작으로 절도 사건으로 둔갑되어 있었습니다. xx경찰서 조xx 형사님과 xxx 팀장님의 절차를 무시한 수사 방식을 정리하면 아래와 같습니다. 1. 객관적이고 정확한 증거 없이, 형사님의 주관적인 추측만으로 어머니를 용의자로 단정 짓고 무리하게 취조하였습니다. 2. xxx팀장님은 수사를 제대로 진행하지 않고 빨리 마무리 하기 위하여 어머니께 합의를 종용하였습니다. 3. 조xx 형사님이 신고자와 일치하지 않는 내용을 말함으로써, 수사를 제대로 진행하지 않았습니다. 어머니는 지난 20년 이상 CCTV가 설치되어 있는 한 직장에서 신뢰를 바탕으로 성실하고 거짓없이 일해오셨습니다. 정신적으로 힘든 상황에서도 어머니는 내일도 출근하십니다. 또한, 수사가 끝날 때까지 경찰서를 다니실 것입니다. 위 사실을 기반으로 '(1) 절차 없는 수사, (2) 증거 없는 수사, (3) 무고한 시민을 용의자로 단정지음으로써 피해자를 만든 수사' 이 잘못된 수사 방식이 바로잡히고 공정한 수사가 이루어지도록 모든 과정을 검토해주시기를 강력하게 요청합니다. 또한, 지금까지의 잘못된 수사 방식으로 인하여 큰 충격과 상처를 받게된 어머니에게 A, 조xx 형사님, xxx 팀장님의 진심어린 사과도 강력하게 요청할 것입니다.",
  "num_agree": 523,
  "petition_idx": "582869",
  "title": "분실 사건을 절도죄로 둔갑시킨 형사님의 잘못된 수사 방식에 대한  검토를 강력하게 요청합니다."
}