{
  "category": "인권/성평등",
  "begin": "2019-09-25",
  "content": "상기 본인은 **해양경찰서에서 순경으로 근무하고 있는 아들을 두고 있는 이**이라고 합니다. 아들은 지금 방제 *호정에서 근무하다가 직장내 갑질 피해로 인해서 기획운영과 대기발령중에 있습니다. 이렇게 국민청원에 글을 올리는 이유는 직상상사가 자신의 지위를 이용해 부하직원에게 욕설 폭행 사적 심부름 인격 모독을 수시로 행한 경우 자체적으로 감찰조사를 요구하였으나 제대로 된 처벌이 되지 않아서입니다 제가 제소하고자하는 직장내 괴롭힘의 가해자는 **해양경찰서 소속 방제*호정에서 기관장으로 근무하고 있는 박ㅇㅇ경위 입니다 아들은 올해 1월달부터 발령나기전까지 박ㅇㅇ경위와같이 방제*호정에서 근무한 이래 정말 입에 담기도 힘든 욕설 및 폭행 사적심부름 인격모독등 온갖 갑질에 시달려야만 했습니다.같이 근무하면서 먼가 맘에 들지 않는 부분이 있으면 **새끼 *새끼 **놈 **** *만한새끼 이런 입에 담기도 힘든 욕을 직원들앞에서 수시로 해서 수치심 및 모욕감을 유발하였다고 하였으며 황천해제후 **살면서 서산사는 직원들보다 훨씬 빨리 오지 않았다는 이유로 구둣발로 조인트를 세게 까인적도 있다고 했습니다.아들이 거의 매일 전화와서 직장 상사때문에 너무 힘들다고 하였으나 첨엔 그냥 내막을 모른채 단순히 업무를 잘해라는 직장상사의 가벼운 질책정도로만 생각을 하고는 밥도 사주고 아양도 떨면서 열심히 배우겠다고 해라면서 대수롭지 않게 넘겼으나 감찰조사가 본격적으로 시작되면서 자세한 내막을 알게되었고 최근들어 아들이 직장상사에게 구둣발로 쪼인트 맞어서 생긴 흉터를 보여주는데 정말 가슴이 미어집니다 그리고 3월달 방제정 인수 갔을시에는 점심시간에 샤워를 한번 더했다는 이유로 욕설과 함께 모텔안 단단한 물건을 집어던지려 한적도 있었다고 했고 또 정말 말도 안돼는 사소한 이유로 침대위에 엎어놓고 배 가슴 옆구리 다리 부위를 가해자발에 수차례 폭행당하는 피해를 입었다고도 했습니다. 내기를 강요하여 5만원치 로또를 사오라고 한 적도 있었으며 현재 직책에 맞게끔 업무를 하지 못한다고 100만원을 직원들에게 상납해라며 100만원을 강요에 의해 직원계좌에 입금시켜서 유흥주점에 가자고 한적도 있다고 했습니다. 평소 출동 나가있을때도 가해자 본인은 조타실에 가만히 앉아서 커피나 자기가 먹을 약을 본인으로 하여금 가져오도록 수회 반복 지시하였으며 방제정 인수 갔을때에는 수회에 걸쳐 자신의 개인 골프채를 스크린 골프장으로 실어 나르게 하는 갑질을 자행했다고 하였습니다. 죽을병 아니면 몸이 아파도 평일 출근날 절대 병원도 가지말라며 욕설 폭언을 퍼부으며 병원가는것도 압박을 주었으며 다른 직원들이 머 하나 실수하면 본인 닮아서 그러냐며 인격 비하 및 모독도 서슴지 않았다고 했습니다.평소에도 입버릇처럼 자기밑에서 못버티고 나간 순경만 3명이라고 위협하면서 아들보고 빨리 사표써라면서 사직 종용을 한적도 있다고 했습니다.가해자도 집에 가면 한가정의 가장이고 아들 딸의 아버지일껀데 정말 똑같이 자식키우는 입장에서 가해자가 정말 사람인가 싶습니다 물론 직상상사 입장에서 부하직원이 일이 서투르거나 미숙하면 질책할수도 있고 안 좋은 소리 할수도 있습니다.하지만 그렇다고 직원들앞에서 **새끼 *새끼 **놈 **** *만한 새끼라며 상습적으로 욕설 폭언을 하며 사적인 부분까지 간섭하며 모욕감을 주고 맘에 안든다고 구둣발로 쪼인트까고 폭력을 행사하고 온갖 잡심부름에 갑질하는건 도저히 용서가 안됍니다. 이 논리라면 길가에 있는 노숙자나 거지보고 넌 왜 이렇게 사냐면서 함부로 쌍욕하고 폭행해도 괜찮다는거랑 머가 다를까요? 거지든 부자든 일잘하는 사람이든 못하는사람이든 기본적으로 헌법에서 규정한 누구나 인간다운 기본권을 누리고 살 권리가 있습니다.분명히 명백한 인권침해를 했음에도 불구하고 가해자는 목격자들과 다들 입을 맞춰서 시종일관 감찰조사에서 갑질사실을 부인하고 업무를 가르치기 위한 방편이었다고 오리발 내밀기에 급급하네요.내부 **청 감찰에서도 갑질사실을 밝혀내기보다는 오히려 아들이 갑질유발한 원인제공자가 아니냐는 식으로 몰고가서 결국 아들도 경고 가해자도 경고를 주더군요.아들은 지금 가해자와 비슷한 용모의 사람이나 가해자가 타고 다니는 흰색 그랜저만 봐도 심장이 떨린다고 하고 우울증 불면증까지 겹쳐서 요새 정신과 치료를 받고있다고 합니다.예전 부장검사의 욕설 폭행 갑질을 견디다 못해 자살한 김** 검사의 일이 아들의 일과 관련해서 자꾸 데자뷰현장으로 느껴집니다. 최근 직장내 괴롭힘 법안도 통과되었고 이런 사안은 정말 엄중히 처벌하여 사회에 경종을 울릴필요가 있다고 생각힙니다. [본 게시물의 일부 내용이 국민 청원 요건에 위배되어 관리자에 의해 수정되었습니다]",
  "num_agree": 841,
  "petition_idx": "582844",
  "title": "직장내 괴롭힘을 자행한 상사를 강력히 처벌해 주시기 바랍니다"
}