{
  "category": "정치개혁",
  "begin": "2019-09-25",
  "content": "뉴스타파에서 방송한 \"죄수와검사\" 를 시청한 국민들은 이번 기회에 반드시 검찰개혁을 이루어 내야 한다는 컨센서스를 가지고 있습니다. 이러한 시기에 지금 윤석열은 검찰개혁을 저지 하기 위해서..즉 과거의 기득권력으로 돈, 여자, 주가조작등을 통한 부를 축척하기 위해서 검찰개혁을 반대하고 있습니다. 이유는 바로 이것입니다. 국민은 세금을 내고, 그 세금으로 모든 행정,입법, 사법이 공정하고 옳바르게 운영되도록 감시할 권리가 있습니다. 그런데 지금 윤석열은 두달 넘게 우리 세금 수십억원을 사용하여 고작 표창장이나. 인턴, 대학생의 자소서, 이명박 관련인의 익성펀드나 수사하고 있습니다. 두달넘게 수십억을 들이고 검찰인력의 대다수를 사용하고 고작 나온것이 표창장, 인턴, 익성펀드의 조무래기 위법사항을 국민앞에 제시하고 있습니다. 지금 우리나라 국민중에서 자기 세금 수십억원으로 저런 수사나 하는 것에 찬성하는 사람은 극소수일 것입니다. 지금 전현직검사가 주가조작으로 수십억을 벌었다고 하는 뉴스타파의 고발이 있었음에도 불구하고 윤석열은 개미의 고혈을 빨아 사익을 챙긴 전현직 검사에 대한 수사는 하지 않고 있습니다. 이게 형평성에 맞는 일입니까? 국민의 피해를 구제할 검찰이 윤석열의 개인적인 싸움에 우리 세금 수십억원을 사용하는 것이 타당한가요? 이에 반하여 전현직검사가 주가조작으로 개미의 수십억원 재산을 빼앗아간 사건이 더 위중한 국가적 사안이 아닌가요? 세금은 일반 국민의 피해를 방지하고 보전하는 데에 사용되어져야만 합니다 윤석열의 개인적인 싸움에 나의 세금이 사용되어져서는 아니됩니다. 검찰의 인건비, 직간접비용. 경비 등등은 모두 국민의 재산입니다. 그 재산을 윤석열이 자의적으로 그리고 개인적 사익을 위하셔 사용되고 있는 오늘날의 현실을 보면서...이 것은 대통령의 책임이기도 한 것입니다. 그러므로 저는 납세자의 한 사람으로서 다음과 같이 요구합니다. 윤석열이 두달간 사용한 검찰관련 모든 국민세금을 공개하십시요. 국민세금에 관한 한 국민은 그 세금의 가성비 및 사용내역을 알 권리가 있습니다. 국가비밀도 아니고, 법적으로 비밀이 보장되는 비용도 아니니 조속한 시일내에 그 내역을 공개하여 주십시요 그리고 검찰재산의 소유자는 국민입니다. 검찰재산을 사익을 위하여 사용한 윤석열은 파면이 정당합니다. 또한 한달전 부터 전현직검사의 주가조작사건에 관한 고발이 있었음에도 불구하고 이를 수사하지 아니한 윤석열은 직무유기죄에 해당합니다. 그리고 두달간 조국장관을 털어서 고작 표창장, 인턴, 익성펀드 따위의 조잡스러운 편린으로 국민을 우롱한 윤석열은 공무상비밀누설죄로 피의자 신분이라 봅니다. 징계위원회를 열든, 대통령 직권으로 파면을 하시든, 더이상 국민의 세금을 사사로이 악용하는 검사가 더이상 방치되는 일이 없도록 빠른 조치를 취하여 주시기를 청원합니다.",
  "num_agree": 2607,
  "petition_idx": "582847",
  "title": "윤석열의 개인적 싸움에 국민세금 사용중지 청원합니다."
}