{
  "category": "기타",
  "begin": "2019-09-27",
  "content": "패륜아 김** 전직 **대령을 국민의 이름으로 규탄 합니다 (사관학교 및 군대내 \"효사상 강화 특별법\" 제정을 건의 합니다) 김**은 올해 89세 이신 김**의 둘째아들로서 **사관학교를 졸업하고 **대령으로 근무하다 제대 후 현재 *******에 근무하고 있읍니다 김**은 2007년 5월 8일 부친 김** 이 돌아가신 후 영관장교로 근무 시 부터 지금까지 모친인 김** 과 모든 연락을 단절 하고 방문도, 병문안도, 안부전화도 하지 않은, 자식으로서는 인륜을 저버리고, 군인으로서 는 기본품위 유지의무를 망각하고 12년 동안 패륜유지를 하며 살아가는 괴물과 같은 사람입니다 모친은 지난 12년동안 ****병원 ,*병원, ** 병원등 수없이 많이 입퇴원을 했음에도 김** 은 단 한번도 모친을 병문안은 커녕 찾아 뵙지도 않았읍니다 김**은 2016년 모친이 ** 병원 중환자실에서 입원하고 계실때 병원측이 \"혹시 모르니까 가족들이 모친얼굴을 한번 뵈는 것 이 좋겠다\" 하여 이때 지인을 통해 어머님 상태를 이야기하고 한번 찾아뵈라 고 하였는데도 김**은 \" 연을 끊었다\" 하며 찾아 뵙지않은 악덕한 인간입니다 더군다나 김**은 약간의 치매 증상이 있는 노모를 오래전부터 중증 알츠하이머 치매환자라고 하며 자기를 나아주신 노모를 폄훼하기 까지 하였읍니다 노모 김**은 김**에 대해 \"원통하고 억울하다\" 고 평상시 늘 말씀 하셨읍니다 급기야 수년전 어느날 요양보호사가 오전중 다녀 가신후 모친은 정신적 공황 상태에서 모친이 거주하는 아파트 안방 침대 위에서 긴 때밀이 타월로 목을 졸라 자살을 시도 하셨읍니다 다행히 큰아들 김** 에게 일찍 발견되어 비극은 피하였지만 그 당시 얼마나 세게 졸라 매셨는지 목욕타월을 가위로 잘라야만 했읍니다 현재 요양병원 에서 입원하고 계시는 노모 김**은 \"어찌해 사관학교 나오고 **대령으로 제대한 둘째아들이 나에게 이런 극악무도 한 못된 행동을 하는지 죽기 전에 이유라도 알고 갔으면 좋겠다\" 고 통탄해 하십니다 김**의 지난 12년간 어머니에게 행한 패륜행위를 서술한다면 끝도 한도 없을 것 입니다 자기를 낳아주신 어머니의 마음을 수십번 갈기갈기 찢어 놓은 인간이 국가, 국민 의 **** 운운하며 근무한다는 것 은 도저히 납득 할 수 없는 어불성설입니다 김**의 큰아들 김**은 부친 돌아가신 후 부인과 딸과 함께 노모를 돌보고 있읍니다 김**은 전적으로 노모부양을 위해 2010년 다니던 회사를 그만 두어야만 했읍니다 그래 지금까지 수많은 병원 입퇴원, 병간호를 가족 셋이 담당하고 있읍니다 김**은 이러한 사실을 알면서도 단한번도 노모 를 모시고 있는 식구들에게 위로의 말 한마디 없고 지금까지 벙어리로 살고 있읍니다 김**은 노모 병원비 지원을 돈이 없다고 이런 이유, 저런 이유를 들이대며 거짓말하며 거부하고 있었으나 최근 군인출신으로서 도저히 생각 할수 없는 많은 재산을 보유한 것으로 재산사실조회를 통해 밝혀 졌 읍니다 무슨 연유로 재산을 숨길려고 했는지 김**의 재산 취득과정에 대한 엄정한 조사 및 소명이 있어야 할 것 입니다 그나마 20만원을 급여에서 매달 이체해 모친 통장으로 입금하고 있읍니다 이렇게 함으로 자식 된 도리를 하고 있다는 것을 그럴싸하게 위장하고 있읍니다 사관학교를 졸업한 영관 장교가 12년간 자기를 나아주신, 살아계신 어머니에 대한 최소한의 자식된 도리를 거부하며 병원비 일부 지원하는 것 조차 거부하는 전직영관 장교는 전 세계 적으로 김** 이 유일할 것입니다 기네스북에 등재 신청해도 어렵지 않을 것 같다는 생각 이 듭니다 군인의 기본법에는 \"국군은 국민의 생명과 재산을 보호하는 것을 사명으로 하고 있다\" 고 적시하고 있읍니다 **사관학교를 졸업하고 영관장교로서 수십년간 근무한 군인으로서 이러한 것을 듣지도, 보지도, 생각 해 보지도, 않은 것 같읍니다 김**은 국민은 둘째치고 자기를 나아주신 어머니의 생명을 보호하기는 커녕 지금까지 모친의 생명을 단축시키고 있는 것 입니다 \"지난 12년간 멀리 계시지도 않는 노모를 만나 손 한번 잡아드리는 것도, 휠체어를 한번 끄는 것도, 수저로 잡수실 것을 입에 넣어드리는 것도 한번도 하지 않고 살아온 김**의 패악한 행위에 정상인이 아니다, 짐승도 저렇게 살지 않는다, 하며 친척및 지인들은 마음에 커다란 상처를 입으신 노모를 생각 만 하면 눈물만 난다고 이구동성으로 말씀 하십니다 공자님께 서는 \"효는 모든 덕행의 근본\"이라고 하셨 읍니다 도덕성이 타락한 요즘 사회에서 이를 극복하기 위한 핵심으로 \"인\"을 주장하고 있으며 \"인\" 이란 사랑하는 마음 으로 귀결 된다고 합니다 이는 나 자신을 수양하고 다른 사람까지 사랑하는 것이라합니다 인을 실천하는 방법의 근본은 \"효\"라고 합니다 나와 가장 가까운 내부모를 섬기는 마음으로 다른 사람을 섬기면 더 이상의 규범 과 도덕이 필요하지 않다고 공자님은 말씀 하셨읍니다 자식 되기를 포기한 김** 은 먼저 공자님의 말씀을 잘 새겨들어야 할 것 입니다 지금 우리주위에 국가를 위해 목숨을 걸고 충성하고 부모님께는 지극정성의 효를 다하시는 많은 군인들이 엄연히 계시다는 것을 알아야 할 것 입니다 그러기에 노모에게 무릎 끓고 지난 12년간의 불효를 사죄해야 할 것 입니다 또한 전 **장교로서 **의 명예를 실추시킨 장본인이기에 나라와 군대와 국민에게 석고대죄 해야 합니다 왜냐하면 지금의 김** 을 있게 해준 것은 국민이기 때문입니다 국민의 세금으로 사관학교에서 교육받았고 군대에서 녹을 받았고, 많은 혜택을 보았고, 더군다나 해외유학 까지 국민의 세금으로 시켜 주었읍니다 그래서 김**의 노모에 대한 패륜행위는 한사람에 대한 가정의 불행이기도 하지만 군대와 국가, 국민의 불행이기도 합니다 우리 가족은 지난 12년간의 이런 아픔과 슬픔이 다른 가족에게는 일어나지 않기를 기원하고 있습니다 지금 우리사회에서 발생하는 모든 불행한 사건들의 원인은 \"효의부재\" 에서 일어 났다고 해도 과언 이 아닐 것입니다 이 때문에 엄청난 나라의 재정 손실 및 인명 피해로 이어지고 있음을 우리는 목격하고 있지 않는지요? 궁극적으로 김**이 사관학교에서, 군대에서 제대로 효사상 교육을 받았다면 이런 불행한 일은 발생하지 않았을 것입니다 이제 또 다른 김**과 같은 패륜아가 나타나지 않기 위해 우선적으로 사관학교 및 군대내 \"효사상 강화 특별법\"을 제정을 촉구 하는 바입니다 사관학교에서, 군대에서 인성교육 및 효사상 강화 교육을 더욱 체계적으로 실시 해야 합니다 군대에서 제식훈련과 같이 효사상 을 몸에 체질화 하여야 합니다 부모에 대한 효심이 바로 나라에 대한 충성으로 연결되고 무형의 효의 경제적 가치 는 무한하다 고 학자들에 의해 밝혀지고 있읍니다 그래 효는 나라를 바로 세울 수 있는 근본사상이 될 수 있는 것입니다 리더는 \"재덕을 겸비해야 한다\"는 말이 있듯이 효로 무장한 우리 군인들을 양성 해야 할 것 입니다 이로 무장된 사람들이 사회에 나와서도 \"효 리더쉽\"을 발휘하여 국가 경쟁력 향상에 큰 도움이 될것 이라 확신 합니다 이제 끝까지 반성 안하는 김** 같은 사람이 다시는 군대조직 내에서 존재하지 않기를 국민들과 같이 기원 합니다 사관학교에서 부터 초급장교, 영관 장교 까지 이르는 과정에서 효사상을 통해서 국가 안보력이 더욱 튼튼해 지기를 바라는 간절한 마음에서, 병상에 계시는 노모를 생각하며 이 청원서를 제출합니다 청원인 김** 박** [본 게시물의 일부 내용이 국민 청원 요건에 위배되어 관리자에 의해 수정되었습니다]",
  "num_agree": 228,
  "petition_idx": "582877",
  "title": "패륜아  김** 전직 **대령을  국민의 이름으로 규탄 합니다 "
}