{
  "category": "안전/환경",
  "begin": "2019-09-27",
  "content": "안녕하세요. 문재인 대통령님. 저는 한국의 평범한 17살 학생입니다. 저는 도저히 참지 못하겠습니다. 앞으로 다가올 미래가 정말 겁이 납니다...... 9월 23일, 세계정상들은 기후행동 정상회의에 모여 기후위기에 대응하기 위한 방안들을 모색했습니다. 문재인 대통령은 1. 한국형 지속가능 발전 목표를 수립하겠다. 2. 녹색기후기금 공여액을 두 배로 늘리겠다. 3. ‘제 2회 P4G 정상회의’를 한국에서 개최하겠다. 라고 약속했고, ‘세계 푸른 하늘의 날’을 지정할 것을 제안 했습니다. 하지만 우리에게는 앞으로 다가올 기후위기를 위한 실질적인 대응방안이 필요합니다. 바다에는 거대한 쓰레기 섬이 만들어졌고 아마존은 불에 타고 있습니다. 남태평양의 키리바시 국과 인도양의 몰디브는 가라앉고 북극곰은 사라지고 있습니다. 또 미세먼지는 하늘을 뒤덮고 있습니다. 섬유유연제, 화장품, 물 등 우리가 일상생활에서 매일 사용하는 것들에는 미세 플라스틱이 들어있습니다. 우리나라의 환경 실태를 살펴면, 박근혜 정부 때 2030년까지 이산화탄소 배출량을 37% 줄이겠다는 목표를 설정했고 문재인 정부에서도 이 목표는 변하지 않았습니다. 세계 탄소 배출량 7위를 기록하는 고탄소배출 국가, 기후악당국가로 지목된 나라 치고는 목표도 너무 느슨하고, 그 목표를 이루기 위한 정책 수단도 구체적이지 않습니다. 유럽 플라스틱, 고무 협회(EUROMAP)에 따르면, 한국의 1인당 연간 플라스틱 소비량은 132.7KG 으로 세계 1위입니다. 호주 뉴캐슬 대학 연구팀은 ‘1인당 매주 신용카드 한 장의 무게인 약 5g의 미세플라스틱을 섭취한다’고 했고, 해양동물들의 배에서 수십kg의 플라스틱이 발견되는 일은 이제 드문일도 아닙니다. 정말 화가 납니다. 왜 당신들이 만든 이 세상에서 우리가 살아가야 합니까.. 제발 책임감을 가지고 기후위기를 직면해주세요.. 문재인 대통령님, 국회의원님들, 어른들 에게 부탁할것이 있어서 이렇게 글을 쓰게 됬습니다. ‘플라스틱 금지’ 법을 제정할 것을 청원합니다. 지금 국회가 장외투쟁, 패스트트랙 우리가 앞에 직면한 가장 심각한 문제를 먼저 해결하려고 노력조차 안하는 것을 보면서 정말 실망스럽습니다. EU를 시작으로 캐나다 등 여러나라에서 ‘일회용 플라스틱 금지법’ 이 제정되고 있습니다. 1인당 플라스틱 소비량 1 위 국가로서 앞장서서 죄의식을 갖고 이 법을 제정해야한다고 생각합니다. EU 는 2021년까지 아래의 플라스틱들을 금지할 것을 약속했습니다: • 일회용 플라스틱 식기구 (포크, 칼, 숟가락, 젓가락) • 일회용 플라스틱 접시 • 플라스틱 빨대 • 플라스틱 면봉 • 플라스틱 풍석막대 • 산화 분해성 플라스틱과 음식 용기 그리고 발포 폴리스타이렌 컵 플라스틱 제조기업들은 플라스틱을 제조하여 환경을 오염시킨 것에 죄의식을 갖고 이 법을 지지해주셨으면 좋겠습니다. 다른 기준들은 EU에서 만든 플라스틱법을 참고하여 제정해주셨으면 좋겠습니다.",
  "num_agree": 1110,
  "petition_idx": "582862",
  "title": "플라스틱 금지법 제정"
}