{
  "category": "안전/환경",
  "begin": "2019-09-25",
  "content": "울산에 일몰법으로 도시내에 있는 산림들이 개간될 처지에 놓여 있습니다. 그 중 야음근린공원도 개발대상에 속하는데 이곳은 공단과 주거지 사이에 있는 산으로 많은 나무가 숲을 이뤄 공장의 매연 차단과 공기정화 뿐 아니라 도시속 자연을 느끼고 숨쉴 수 있는 방패막 역할을 해 주는 공간입니다. 그 외에 여러 산림도 마찬가지로 꼭 필요한 더군다나 공장 많은 울산에서는 없어서는 안되는 그런 숨통과 같은 자연환경입니다. 그러나 과거 난개발로 산 곳곳에 개발을 해 많은 녹지를 잃어 지금 울산에는 거의 몇 안되는 녹지만 남았습니다. 그런데 또 개발계획을 하고 있으니 이젠 울산에는 환경의 밝은 미래가 없게 되었습니다. 그 곳에는 개발계획으로 수많은 아파트단지를 짓겠다는데 앞으로 인구가 줄어들 것으로 예상되는 것에도 불구하고 많은 아파트를 짓게 되면 빈집만 초래할 것이며 거기에 입주자가 살아도 매연과 악취로 살기 힘들겁니다. 시민들에게는 피해만 생길뿐 도움이 될 수 없는 난개발을 이제는 막고 자연을 잘 보존해야 한다는 절실한 마음으로 글을 남깁니다. 울산시민뿐 아니라 국민여러분의 많은 동의 부탁드립니다.",
  "num_agree": 240,
  "petition_idx": "582831",
  "title": "울산의 마지막 남은 공단매연 방패막 도심속 숲을 살려주세요."
}