{
  "category": "기타",
  "begin": "2019-09-27",
  "content": "아시다싶이 이미 공매도 관련 국민청원이 1000건을 육박한다고 하지만, 코스닥 2위 기업이 이렇게 추락하는데도 안하무인으로 보는 KRX정책에 대해 , 국민청원이나 다른쪽으로 법률 개정이 필요하다고 생각하여 글을 쓰게 되었습니다. 23일 *****의 3-1상 중단 공시전 ****, **그룹, ***** 공매도 잔고가 지난달초보다 2배가량 증가 했다고 합니다. (성공가능성이 높은데도 이렇게 위험한 투자를 왜 했을까요?) http://www.mediasr.co.kr/news/articleView.html?idxno=******* 그래서인지 미리 외국인은 알고 있었다라는 뉴스까지 보도되었지요. https://news.mt.co.kr/mtview.php?no=********************* 주가가 큰하락이 되어야 큰수익을 얻는 공매도는 코스닥에 상장된 한국 벤처회사의 사업을 망하게 하는 요인중 하나입니다. 아래 기사와 같이 , 경영진도 모르는 일급비밀의 임상결과를 병원브로커를 통해 사전에 빼내던가, 외국의 경우 공장에 불을 지르기도 한다고 합니다.,, https://www.edaily.co.kr/news/read?newsId=******************************** 대기업만 살라고 벤처기업을 죽이는 정책으로 인해, 올해 \"일본 수출규제\"가 있고 난뒤 그제서야 당/정/청이 허겁지겁 대책을 마련한것과 공매도로 인해 벤처기업을 망하게 하는것,, 이 두개가 뭐가 다르겠습니까? 공매도의 순기능이 자정기능이다 ?? 아니죠,, 그럴꺼면 KRX는 K 글자 빼야 한다고 생각합니다. 3상에 실패한 *****는 남아있는 자본금 2400억으로 다시 3상을 진행해야하는데 , 공매도로 인해 2000억이상의 돈을 벌었다지요? 이게 과연 자정인가요? 기업을 망하게하는건가요? 제 생각엔 공매도는 순전히 투자목적으로 하는 한국개인 투자자를 위한게 아니고 외국인을 배불리 하는것 밖에 되질 않다고 봅니다. 이렇게 , 미래의 우리나라의 성장동력인 바이오주를 외국인에게 휘둘리도록 보고만 있어야 합니까? 코스닥 2위 *****라는 기업이 아무런 정부의 보호도 받지 못한채 이렇게 추락하도록 내버려둔다니 정말 분통이 터집니다. 부디 공매도가 폐지될수 있도록 검토 부탁드립니다. [본 게시물의 일부 내용이 국민 청원 요건에 위배되어 관리자에 의해 수정되었습니다]",
  "num_agree": 549,
  "petition_idx": "582868",
  "title": "코스닥 2위기업 *****의 추락과  공매도 폐지의 필요성"
}