{
  "category": "인권/성평등",
  "begin": "2019-09-25",
  "content": "안녕하세요.. 경기도교육청 소속 시설직 직원입니다. 여기에 글을 올리는 것은 조희 조직이 소속 직원에 대하여 타기관으로의 일방전입을 일방적으로 막는 불합리한 제도을 운영하고 있어 개선이 필요하다고 생각되었고, 특히 이러한 제도의 개선이 저희청 소속 직원의 인권 과 밀접한 관계가 있다고 생각되어 글을 올리게 되었습니다. 참고로 공공기관 직원이 타부처로 근무처를 옮기는 방법은 크게 \"기관간의 1대1교류\"와 특정기관에서 타부처 직원을 대상으로 근무인력을 선발하여 근무지를 옮기는 \"일방전입방식\" 이 있으며, 대부분 인사혁신처에서 운영하는 \"나라일터\" 사이트를 통하여 전입절차가 진행됩니다. 경기도교육청의 경우 \"기관간 1:1교류\"는 인정하고 있으나 \"일방전입\"의 경우 타기관으로의 전입을 할 수 없도록 내부적으로 제도화 하여 운영중 입니다. 이는 소속직렬중 시설직렬의 경우 과도한 업무량으로 이직을 원하는 직원이 늘어나다 보니, 이러한 인력들의 타기관으로의 유출을 막기위하여 제도화 한 것입니다. 그러나 이러한 제도는 경기도교육청이라는 조직을 위한 명분으로 직원 개개인의 인권을 철저히 무시하고 책임감만 강요하는 강압적인 제도가 아닌가 생각됩니다. 저는 이러한 불합리한 제도가 개선되어 \"정당한사유가 없다면 전입을 원하는 소속직원의 요청을 승인해 주도록\" 하는 절차가 마련되어 소속 직원들의 권익이 조금이라도 보장받을 수 있기를 기대하며 글을 올립니다.. 참고로 이곳에 청원을 올리기 전에 국민권익위원회에도 같은 내용으로 건의를 올렸으나.. 국민권익위원회에서는.. 「부패방지 및 국민권익위원회의 설치와 운영에 관한 법률」 제43조 제1항 제8호에 따른 ‘행정기관 등의 직원에 대한 인사행정상의 행위에 관한 사항’에 해당된다는 사유로 '각하' 처리된 사항 입니다 그러나... 공무원도 국민의 일원이며, 공무원 개개인의 인권개선과 관련 된 내용이기에 올리는 것임을 말씀드리며... 대통령님께서.. 청년일자리 개선 방안으로 최근 공무원 선발인원을 높여 많은 수험생들에게 혜택을 주셨었는데요.. 현직에 일하는 공무원에게도... 내부의 불합리한 제도는 개선이 될 수 있도록 .. 관심을 가져 주셨으면 하는 간절한 마음으로 글을 올립니다.....",
  "num_agree": 231,
  "petition_idx": "582839",
  "title": "경기도교육청 소속 직원입니다. 조직내 불합리한 제도를 개선하고 싶습니다."
}