{
  "category": "육아/교육",
  "begin": "2019-09-30",
  "content": "올해도 여전히 엄청난 경쟁률을 기록하는 서울대 **대학은 과연 무엇을 위해 저렇게 어렵게 학생들을 선발하는지 이 바닥에 수십년 종사한 저와 주변들은 도저히 이해가 되지 않습니다. 분명 자체의 방침이나 이유가 있다고 치더라도, 모든 대학이 하지 않는 상식 이하의 복잡한 의도적인 입시 방법을 선택하여 전문가들에게도 깜깜이 입시라는 소리를 듣고 있습니다. 현재의 너무나 소모적이면서 황당한 불 투명한 입시를 끌고가는 이유는 불특정한 일부를 선발하기 위한 교묘한 수준 낮은 방법으로 오해할 수 있는 소지가 충분 하다고 보입니다. 1차 전형에서 수천명의 참가자 중에서 어떤방법으로 수준 높은 심사를 하시는지 방법이라도 공개 설명해 주시고 2차전형에서 면접관의 주관적인 선발기준은 대한민국 학부모 전체가 알수있도록 최소한의 기준과 우수사례에 대한 작은 설명이라도 하시기 바랍니다. 입시는 한 개인의 인생을 바꾸기도 합니다. 그런데 서울대가 완벽한 불투명 입시로 계속하면서 숱한 의심을 받고 있는것도 모른체 완벽한 인재를 선발하고 있다는 자만에 빠져 개선의 의지는 전혀 보이지 않아 글을 올립니다. 당장이라도 피해자들을 줄이려면 투명하게 모든과정을 운영하고 공개하시기 바랍니다. 전형방법도 좀 더 연구하시고 가장 의구심을 가지게 하는 후보자 발표도 말도 안되는 논리를 펴지말고 이제는 하시기 바랍니다. 지난 10년 간.서울대 *대로 들어가 다른 학과로 전과하는 학생 수와, 정치인 고위 공직자 자녀 수, 관련교수 자녀 수, 수도권과 지방학생의 비율 등 을 공개해 주시기 바랍니 [본 게시물의 일부 내용이 국민 청원 요건에 위배되어 관리자에 의해 수정되었습니다]",
  "num_agree": 278,
  "petition_idx": "582893",
  "title": "서울대학교 **대학 불투명한 입시의 문제점과 후보합격자 미공개의 납득할 수 있는 진실을 알고 싶습니다."
}