{
  "category": "저출산/고령화대책",
  "begin": "2019-09-24",
  "content": "안녕하세요. 대중교통을 이용해 출퇴근하는 17주 임산부입니다. 현재 대중교통에는 '임산부배려석'이 마련돼있습니다. 임산부에게 따뜻한 마음으로 양보해달라는 방송도 나오고요. 하지만 현실은요? 남녀노소 불구하고 비임산부가 앉아있어 임산부석이 비워져 있는 경우도 거의 없을 뿐더러, 자리에 앉아계신 분들이 보통 휴대폰을 하시거나 주무시고 계셔 '배려'를 받기도 쉽지 않습니다. 그렇다고 일반석 앞에 서 있기라도 하면 마치 양보를 바라는 양 눈치를 보게 되는 상황에 이를 때도 있습니다. 물론, 먼저 나서서 자리를 양보해 주시는 분들도 계시지만 그 '배려'야 말로 임산부석이 임산부로 채워진 후에 받아야 하는 '배려'라고 생각합니다. 일부에서는 임산부석에 비임산부가 앉아있을 경우 먼저 나서서 얘기하고 자리를 양보해달라 요청하면 된다고도 합니다. 하지만 왜 그래야 하나요? 사람은 모두 다르고 타인에게 배려해 달라는 말을 할 수 있는 사람과 없는 사람이 있고, 배려해달라는 얘기를 들었을 때 배려해 주는 사람이 있고 아닌 사람이 있습니다. 당연한 권리를 가진 곳에 당연한 권리를 찾겠다는 행동이 오히려 임산부에게만 화살이 되어 돌아올 수도 있습니다. 따라서 국민청원을 통해 현재의 임산부배려석을 '임산부배려석'이 아닌 '임산부석' 혹은 '임산부지정석'으로 개선해주시기를 강력히 요청드립니다. 또한 지하철 내 방송 문구도 이에 걸맞게 수정해주시기를 요청드립니다. 임산부가 되어보니 비임산부였을 때보다 대중교통 이용하는 것이 훨씬 두렵습니다. 몸이 힘들기도 하지만 정신적인 힘듦이 더 크기 때문일지도 모릅니다. 저출산으로 다양한 대책을 세우느라 고생 많으십니다만, 진정으로 임산부들에게 도움이 되는 방안이 무엇인지 다시 한 번 제고해주시기를 바랍니다. 노약자석에 자리를 비워두는 것이 당연한 문화가 되었듯, 임산부석도 이와 같이 당연히 비워두는 문화가 되기를 바라봅니다.",
  "num_agree": 592,
  "petition_idx": "582825",
  "title": "임산부배려석이 아닌 임산부석으로 지정 해주세요."
}