{
  "category": "교통/건축/국토",
  "begin": "2019-09-27",
  "content": "억울한 사람이 없도록 많은 성원과 힘을 실어 주십사 간곡히 청을 드립니다. 대통령님 그리고 대한민국 국민 여러분들께 너무 황당하고 억울함을 호소합니다. 저는 대구광역시 달서구 *동에 사는 엄** 입니다. 4년 전 이곳에 40년된 총 72세대의 소형 노후 아파트를 구매하여 지금껏 살고있었습니다. 어느날 날벼락을 맞듯이 갑자기 '****'이라는 건설사에서 도시 정비구역으로 묶여있는 저희 아파트를 해제 후 소규모 주택정비법 35조 4항에 의한다며 반구 말도 없이 ***투자신탁이란곳에서 금융사에서 저를 피고라는 호칭으로 \"매도청구소송\" 통보가 법원으로부터 왔습니다. 제가 무슨 죄를 지어 피고란 말을 들어야하며 이런 죄인 취급을 받아야합니까? 저 또한 대한민국 국민의 한 사람으로 법과 의무를 다하고 살았는데 사유재산을 아무런 양해나 말 한마디 없었으며, 심지어 감정가로 매도 청구를 해오니 말이됩니까? 감정가로 금액을 환산하여 이사비 미포함 제가 실제 구매한 금액보다 더 작은 금액으로 나가라고 하니 저는 너무 억울하고 분통이 터지는데 어디에 하소연을 해야합니까??? 법이란 말로 앞세워 \"매도청구소송\"을 해오니 이게 누구를 위한 법이며 돈없어 재건축 참여 못하는 주민은 아예 죽으란 말입니까? 피와 땀흘려 제가 대한민국 국가 세금을 모두 내면서 번 돈으로 정정당당히 구매한 내집을 왜 손해를 봐야하는겁니까?? 내가 구매한 금액도 못받는 억울한 경우가 어디에 있습니까?? 대통령님과 정부 및 지방자체단체는 재개발 관련하여 저와 같은 피해자가 나오지 않도록 확인 부탁드립니다. *** 아파트 주민 엄 ** 올림( 010 **** **** ) [본 게시물의 일부 내용이 국민 청원 요건에 위배되어 관리자에 의해 수정되었습니다]",
  "num_agree": 159,
  "petition_idx": "582863",
  "title": "대구 재계발 피해자의 억울함을 풀어주세요"
}