{
  "category": "기타",
  "begin": "2019-09-30",
  "content": "아주 마음 아픈 뉴스 소식을 접하였습니다. “케이블 타이로 손발 묶고 이틀동안 각목으로 때려 5살 아들을 숨지게한 계부” 5살 그 여린 아이는 이미 한차례 학대로 인하여 보호기관에서 생활 중이였습니다. 비밀엄수 등의 의무로 자세하게 적지는 못하나 이 때 계부는 보호기관에 와 말도 안되는 난동을 부려 경찰과 대치하는 상황이 연출되는 등 극단적이고 충동적인 행동들을 보이며 불안한 상황들을 연출하였습니다. 그리고 법의 보호가 끝나 집에 가야되는 상황이 되자 모든 보육교사, 상담자, 기관과 관련된 모든 인원이 이게 정말 올바른일인건인지... 보내고 싶지않지만 법이 그렇다기에... 어쩔 수 없이 울며 겨자먹기로 보낼 수 밖에 없었습니다. 그리고 원가정으로 복귀하고 한달도 채 안된 지금 우려하던 일이 현실이 되어 믿기지 않는 슬픈 소식이 전해졌습니다. <결박당하여 각목으로 이틀동안 폭행당하던 중 숨져...> 천사와도 같은 이 아동은 한달 전까지 갖은 애교를 부리며 여느 5살과 다르지 않았습니다. 그러나 법의 보호가 끝나자마자 마땅히 사랑받아야할 아동은 또 다시 학대에 노출되었으며 그 결과는 죽음이였습니다. 이와 같이 슬픈일은 비단 이 아이에게만 처한 일이 아닙니다. 2017년 아동학대 현황(보건복지부 중앙아동보호전문기관)을 보게되면 피해아동 초기조치결과 약 81%가 원가정 복귀이며, 최종조치결과 원가정보호 약 76% 및 가정복귀 약 5.6%의 비율을 차지합니다. 또한, 재학대아동의 조치결과 약 63%가 또 다시 원가정으로 복귀하였습니다. 학대로 상처받은 무수한 아이들이 또 다시 학대에 노출되어 폭행당해 숨져도 이상하지 않은 위험한 상황에 노출되어있습니다. 그럼에도 아동학대범죄를 범한 사람이 아동을 사망에 이르게 한 때에는 무기 또는 5년 이상의 징역에 처해지며, 생명에 대한 위험을 발생하게 하거나 불구 또는 난치의 질병에 이르게 한 때에는 3년 이상의 징역밖에 받지 않습니다. 이에 청원합니다. 첫째, 법률의 강화를 고려해주셨으면 좋겠습니다. 둘째, 원가정 복귀 시 보호기관에서 충분히 안정된 상태로 오랜 시간동안 면접을 통해 원가정 복귀 프로그램이 구성되어 기관의 심사 통과 후 복귀될 수 있도록 법안이제정되길 바랍니다. 셋째, 원가정 복귀 시 보호자의 심리검사가 필수되어 안정된 심리상태를 확인하고 복귀될 수 있도록 법안에 제정되길 바랍니다. 넷째, 피해아동의보호명령기간이 총기간 4년을 초과할 수 없는 법안이 무기한으로 변경되길 바랍니다. 많은 뉴스들의 댓글만 보아도 많은 사람들이 이에 대해 분노하고 있음을 알 수 있습니다. 부디 법률을 강화하여 앞으로 학대로 고통받는 다른 아동이 생기지 않도록, 이와 같은 일이 처음이자 마지막이되길 바래봅니다.",
  "num_agree": 5030,
  "petition_idx": "582897",
  "title": "‘5살 아들 이틀간 때려 사망’ 아동학대 법률 강화 및 개정 요청합니다."
}