{
  "category": "육아/교육",
  "begin": "2019-09-27",
  "content": "안녕하세요 대한민국 덕분에 잘 살아오고 있는 시민입니다. 제가 드리고 싶은 말씀은 서울시에서 시작하신 아이존이라는 아동삼담센터를 끝까지 지켜 달라고 부탁드리는 청원내용입니다. 저는 노원 아이존을 이용하고 있는 학부모입니다. 그런데 노원 아이존이 폐쇄위기에 처해있다는 말씀을 들었습니다. 지원해 주시던 법인회사가 월세부담을 더이상 견디기 힘드셔서 아이존이 올해 12월까지만 운영을 할 수 있다고 들었습니다. 노원 아이존은 31명 가량의 아이들이 상담 치료를 받아오고 있는 곳입니다. 그동안 서울시와 법인회사의 덕분으로 이 아이들이 치료받으며 밝은 웃음을 찾아가고 있었는데 이런 뜻하지 않은 문제로 아이들이 질 좋은 치료와 상담을 받을 수 없게 되어 너무나 마음이 안타깝습니다. 서울시에서 처음 시작하신 의도대로 아이존을 지켜주시면 안될까요? 월세가 없는 공간을 마련해 주실 수는 없는지요? 지금 법인회사처럼 다음 법인회사가 월세지원을 해주시면 감사하지만 그것도 언제 중단될지 모르는 위험부담이 있기에 서울시에서 월세없이 사용할 수 있는 공간을 마련해 주시면 아이들이 걱정없이 센터를 이용할 수 있지 않을까요?... 그동안 너무나 감사하게 서울시와 법인회사 노원 아이존의 선생님들 덕분으로 치료와 상담을 받으며 많은 아이들이 회복되고 있었습니다. 고학년 아이들은 그나마 인근 다른 센터로 연계가 된다고 하지만 저학년 아이들은 이런 센터가 없어 중간에 치료가 중단될 위기에 있습니다. 대한민국의 미래인 우리 아이들이 몸과 마음이 건강하게 무엇보다 마음과 정신이 건강하게 성장할 수 있도록 도와 주시기를 간곡히 부탁드립니다.",
  "num_agree": 490,
  "petition_idx": "582870",
  "title": "서울시 아이존을 끝까지 책임져 주세요!"
}