{
  "category": "교통/건축/국토",
  "begin": "2019-09-25",
  "content": "현재 중개수수료는 상한요율을 정해놓고 그 범위안에서 매도자, 매수자, 중개업자간 \"협의\"를 통해 정하라고 되어있습니다. 집값이 2억~ 6억이면 0.4%, 6억~9억 0.5%의 상한 수수료율을 적용받고, 9억 이상의 주택 매매시에는 상한 수수료율이 0.9%로 급격히 올라갑니다. 만약 10억원짜리 주택을 매매할 경우 중개 수수료를 최대 900만원까지 내야 하고, 중개업자가 일반과세자라면 여기에 부가세 10%까지 얹어서 1,000만원에 육박하는 금액이 중개수수료로 지불됩니다. 한 건의 거래에서 보통 매도자와 매수자 각각 수수료를 지불하므로 2,000만원의 수수료가 지불되는 구조입니다. 제안사항은 과연 이게 합리적인가 입니다. 분쟁을 야기하고 부동산 업자들은 무조건 최대를 부르고 봅니다. 10억이하 상한을 0.4% 로 하고 오히려 금액이 커지면 수수료율은 줄어야 한다고 봅니다. 건당 상한을 500으로 제한 하면 적당하다고 봅니다 . 계약서써주고 1000만원 받는 이런구조는 온당치 않구요. 그렇다고 부동산거래에 문제가 생겼을때 전적으로 책임지지도 않으니 지금 구조는 문제 있어 보이고 개선이 필요하다 생각 됩니다. 아니면 지금구조를 유지하려면 많은 부분을 책임지도록 해야 합니다",
  "num_agree": 4075,
  "petition_idx": "582832",
  "title": "부동산 중개수수료 개정"
}