{
  "category": "교통/건축/국토",
  "begin": "2019-09-30",
  "content": "<LH, 당신의 땅은 안녕하십니까> 싼 값에 사서, 비싼 값에 파는 것. 경제의 법칙이다. 다만, 그것이 공공주택이란 명목으로 본래 사업을 진행하던 당신에게는 쥐꼬리 같은 감정가를 제시해 놓고선, 그 땅이 비싼 값에 거래가 된다면 과연 공공 이익에서 ‘당신’이라는 존재는 무참히 짓밟힌 결과 아닌가. 토지주가 된 LH는 감정평가사와 입을 맞추고 감정평가를 하고, 보상가를 책정한다. 단합이라는 명목으로 담합을 자행한다. LH로부터 비롯된 감정평가사들의 평가와 보상 포인트는 어디로 향하겠는가? 물어볼 것도 없이 소작농이 토지주에게 등 돌릴 수는 없다. 당신 또한 돈이 될 만한 곳에 공공지구를 건설하는 데는 이견이 없다. 문제는 그곳에서 이미 사업을 시작한 당신 땅을 내줘야 한다면? 시의적절한 보상 전에 공정한 감정평가가 진행돼야 할 터. 공정한 감정평가를 위해서는 LH를 비롯, 유관기관과 별개로 독립 기관이 필요하다. 장사하는 사람들끼리도 상도가 있다. 감정평가도, 건설 시공도, 사업 용역도 국가를 방패로 LH는 자기 집 식구 배 불리기에만 혈안이 돼 있다. 모든 일에는 시작과 끝이 있다. 마감일을 넘기면 기약 없는 끝이다. 감정평가부터 보상까지 민간과 개인의 입장에서 고려할 수 있는 기관 설립이 절실하다. 당신은 너무 오래 걷거나 견뎌왔다. 맨발이다. 발바닥이 뒤집혀 발등이 됐다는 사실도 모른 채. 국민을 우롱하는 기관은 사라져야 한다. 기억하라. 열 사람의 행복을 위해 한 사람의 죽음을 마다하지 않는 사업은 공공사업이 아니다. 이제 민간이 먼저 나서야 할 때다. 당신도, 또 다른 이름의 당신도 LH로부터 부당한 처사를 당한 대한민국의 모든 당신들, 당신의 땅은 안녕하십니까. ----------------------------------------------------- 당신은 혁신을 꿈꾸며 새로운 아이디어로 사업을 시작했다. 청년 벤처 사업을 시작한 지 얼마 지나지 않아, 당신의 사업지가 공공주택지구로 지정고시 됐다. 여기까지는 문제가 없다. 당신도 개인의 행복보다 공익을 우선시 하는 사람 중 한 명이라면 말이다. 문제는 사업(지) 변경을 하기 위해서는 돈이 필요하다. 그 자금은 어디서 나와야 하는가? 결론적으로 국가와 유관 기관 즉, LH. 민주주의 사회 헌법에 기인, 사유재산에 대한 보상은 당연한 수순. 사업을 중단하는 순간, 고정비를 비롯 리스크 부담비는 계속 지출된다. ※이 사건은 실제 대구 **지구에서 현재 진행 중인 사건입니다. 공공주택 지구 지정고시 이후, 사업지에서 사업이 전면 중단됐고 LH는 공공지구 고시라는 명목으로, 개인을 죽음으로 몰고 가는 행위를 멈추지 않고 있습니다. LH로부터 피해를 받은 사례가 있는 분들과 함께 정보를 공유하고, 함께 문제를 해결해 가기를 바랍니다. [본 게시물의 일부 내용이 국민 청원 요건에 위배되어 관리자에 의해 수정되었습니다]",
  "num_agree": 170,
  "petition_idx": "582894",
  "title": "LH, 당신의 땅은 안녕하십니까"
}