{
  "category": "기타",
  "begin": "2019-09-27",
  "content": "한국철도공사, 코레일에는 전국철도노동조합(전철노)이라는 노동조합이 있습니다. 흔히 철도공사에서 파업을 한다고 언론에 나오면 철도노조라 불리는 노조가 바로 전국철도노동조합입니다. 이 전국철도노동조합에는 한국철도공사 직원들 뿐만 아니라 한국철도공사 계열사, 코레일관광개발, 코레일네트웍스 등 자회사도 조합원으로 가입이 되어 있고, 최근에는 관광개발 승무원들이 모회사 직고용을 요구하며 추석 연휴때 국민을 볼모로 파업을 진행하였습니다. 언론에도 나왔듯이, 전철노에서 10월에 파업에 도입한다고 합니다. 파업은 노동자의 권리 중 하나이니 이걸 부정하고 싶지는 않습니다. 하지만, 최근 파업 투쟁기금을 모은다며 조합원들을 상대로 투쟁기금 채권을 모금한다고 합니다. 3급 30만원, 4급, 5급 20만원 6급과 임금피크제 조합원 10만원으로 최소 10만원씩 내라고 합니다. 이 채권은 2022년 12월 말까지 상환해준다고 합니다. 하지만 조합원들은 전철노에 매달 노조비로 기본급의 1.8%를 내고 있습니다. 6급 신입사원 기준으로 약 3만원정도 되는 금액이고, 호봉이나 급수가 높을수록 이 액수는 커지게 됩니다. 특히 신입사원들의 경우, 한국철도공사에 입사하게 되면 전국철도노동조합에 자동가입이라 왜 노조에 가입이 되는지, 노조비가 어디에 쓰이는지도 모르는 경우가 태반입니다. 조합원들이 급여에서 조합에 매달 노조비를 내고 있긴 하지만, 전철노에서는 노조비 사용내역을 공개한적이 없는 것으로 알고 있습니다. 매달 내고 있는 노조비가 어디에 사용되는지도 모르는 채, 1년에 약 36만원 이상을 노동조합에 내고 있는 셈입니다. 전철노 조합원이 1만명이라고만 가정해도(실제로는 훨씬 많습니다) 1년에 약 3억6천만원을 노조비로 얻고 있는 셈입니다. 요즘은 대학교에서도 각 학생회에서 학생회비를 걷고, 그 사용내역을 철저하게 공개하고, 만약 학생회에서 이를 학생들을 위해 사용하지 않고 학생회에서 사적인 이유로 사용하거나 개인적인 목적으로 사용하면 처벌을 받게 됩니다. 솔직히 파업 나가기 싫습니다. 4조2교대를 위한 안전인력 충원을 명분으로, 철도공사 직원들을 전혀 챙기지 않고 자회사 직원들을 모회사 직원으로 직고용하겠다는 계획을 세운 이들에게 철도공사 직원들이 무엇을 더 바라겠습니까? 전철노는 과연 누구의 노조입니까? 전철노에서는 파업에 들어가기 전에 조합원들을 대상으로 쟁의행위 찬반투표를 실시하는데, 이 마저도 의심을 하는 사람들이 많을 정도로 전철노에 대한 불신이 심합니다. 종이에 도장하나 찍는 투표결과도 의심하는데 노조비 사용내역을 의심안할 수가 있겠습니까? 2022년 12월 말까지 돌려준다는 저 말도 믿기 힘듭니다. 이에 전국철도노동조합에서 그동안 얻은 노조비를 어디다 얼마를 썼는지, 만약 그 내용이 부실하다면 그 이유를 소명하게 해줄 것을 청원합니다.",
  "num_agree": 220,
  "petition_idx": "582871",
  "title": "전국철도노동조합 노조비 사용내역 공개"
}