{
  "category": "반려동물",
  "begin": "2019-09-30",
  "content": "애완동물판매를 금지 시켜주십시오 쉽게 사고 팔다보니 생명의 귀중함도 책임감도 쉽게 버려지고 있습니다 거리마다 유기동물로 넘쳐나고 측은지심에 유기동물에게 먹이를 주다보면 싫어하는 이웃들의 반대에 갈등이 끊이질않습니다 심지어 학대를하거나 잔혹하게 죽임을 당하는 경우까지 발행하고있는 실정입니다 부족하지만 안타까운마음에 몇가지 방법을 제안하고자합니다 근본인 해결방법은 1.동물 판매금지하거나 구입을 함부로 할 수 없게 까다롭게 절차승인을 만듬(유기시 엄벌에 처함) 2. 유기동물들을 포획하면 일정포상금을 지급하여 유기동물개체수를 줄여나감 3. 애완동물 구입은 입양방식으로 하며 시나 도에서 운영하거나 허가받은 보호소에서 입양하도록함 4. 입양시 칩을 내장하고 입양한 동물을 주기적으로 체크하여 학대나 유기를 못하도록 함 5. 지역마다 동물보건소를 만들어 군대처럼 수의사도 보건소 군수의사로 복무하게함 그러면 유기동물로인한 병원비 예산도 장기적으로 절감될것이며 아프다는이유로 동물들이 버려지는 일또한 줄어들것으로 사료됨 6.유기동물 입양자에게 각종 혜택을 주어 입양을 장려함 부디 길에서 죽어가는 작은 생명들에게 따뜻한 사랑한번 받아보고 살수있게끔 관심과 대책을 부탁드립니다.",
  "num_agree": 2439,
  "petition_idx": "582882",
  "title": "애완동물판매를 금지 부탁드립니다"
}