{
  "category": "문화/예술/체육/언론",
  "begin": "2019-09-25",
  "content": "아시아 최고의 음악상이라 자부하는 '2019 MAMA'가 12월 4일 일본 나고야 돔에서 개최된다고 **** 측은 공식 발표했습니다. ****은 '최초 돔 공연장 개최'를 강조하며 개최지를 선정했지만, 이미 K-POP이 세계에서 하나의 유일무이한 장르로 인정받으며 큰 사랑을 받는 데, 최대 규모의 시상식을 국제 정세도 좋지 않은 상황에서 굳이 해외에서 개최해야 하는지 이해할 수 없습니다. 특히, 일본에 대한 불매운동이 아직도 계속되는 등 국내의 시선이 곱지 않은 상황에서 문화와 정치 이슈는 별개로 봐야 한다는 엠넷의 주장은 전혀 설득력이 없습니다. 심지어 나고야는 지난달 평화의 소녀상을 '아이치트리엔탈레 2019'에서 철거하도록 요구한 곳이기에, 나고야에서의 MAMA 개최는 어불성설입니다. 그렇기 때문에 국내의 많은 K-POP 가수들이 '2019 MAMA'의 출연에 보이콧을 하여, 대한민국 국민의 자긍심을 지켜 나갔으면 합니다. 오로지 돈만 좇아가는 극상업주의를 추구하는 ****의 파렴치한 행태에 혀를 내두를 지경입니다. 게다가 ****은 최근 '********' 최종회 문자 투표는 물론 온라인 투표 등까지 조작 의혹에 휩싸인 상황입니다. 현재도 경찰의 조사가 계속되는 등 의혹이 명쾌하게 해소되지 않았습니다. 과연 누구를 위한 일본 나고야 돔에서의 '2019 MAMA' 개최인지, ****은 다시금 돌아봤으면 합니다. [본 게시물의 일부 내용이 국민 청원 요건에 위배되어 관리자에 의해 수정되었습니다]",
  "num_agree": 1104,
  "petition_idx": "582833",
  "title": "일본 나고야 돔에서 '2019 MAMA'를 개최하는 ****을 강력히 규탄합니다."
}