{
  "category": "교통/건축/국토",
  "begin": "2019-09-25",
  "content": "8월31일 대구시 중구 ****로***길에서 경찰차와 접촉사고 내용입니다 사고내용은 제차가 골목에서 나가서 좌회전하려고 진입하는데 왼쪽에서 우회전 방향지시등을 켜고 제가있는 골목으로 들어오려는 차가 있어서 저는 오른쪽도로 마저확인하고 진입하려는데 우회전하려는 그차량을 추월해서 가려고 중앙선을 넘은 경찰차가 저를 박게 되었습니다 저는 3개월전에 척추골절이 있어서 아직 뼈가 안붙은 상태고 5개월된 아기는 그날오후부터 구토증상이 있어서 병원을 갔더니 인사사고라면서 경찰이 경찰서에 신고를 했더라구요 문제는 여기서부터입니다 경찰서에서 조사받으러오라고해서 갔는데 그 경찰차는 우회전차는 못봤고 제차를 피하려고하다가 중앙선을 넘었다는겁니다 (제 블랙박스에는 우회전하려는 차가 안보여서 경찰차 블랙박스 확인했더니 우회전방향지시등을 켜고 움직이는것이 찍혀있었습니다 그리고 여기는 편도1차로 도로입니다) 그런데도 제가 골목에서 나왔다는 이유로 저보고 가해자이고 제가 골목에서 나온거라서 상대 차량의 중앙선침범은 해당되지 않는다고 하네요 그리고 조사받는 과정에서 경찰서 교통과에 저를 담당하시는분 말고 그외에 한 5명정도가 돌아가면서 저한테 가해자라고 법을따지면서 위협을 하더라구요 경찰서 교통과는 할일이 없는건가요? 왜 다들 저한테와서 달려드는겁니까? 그리고 경찰서 혼자가기 그래서 형부랑 같이 갔는데 다른사람 데리고왔다고도 뭐라고 하더라구요 경찰서에 아무도 데리고가면 안된다는 법이 있나요? ***변호사님한테도 의뢰했었는데 변호사님은 경찰이 100%라고 하면서 유투브에 영상올려주셨습니다 (유투브 ***tv 2288회 입니다) 그런데도 이번에는 ***변호사가 잘못얘기한거라고 경찰이 우기네요 보험회사도 경찰조사보더니 저보고 과실이 80이라고 하고있습니다 상대경찰들은 범퍼카타도 괜찮을 사람들이 한의원다니면서 약도 지어먹고있다고하네요 경찰들이 중앙선침범은 숨겨버리고 골목에서나온것만 과실을 따지는 이상황이 너무 억울해서 여기에 올립니다 [본 게시물의 일부 내용이 국민 청원 요건에 위배되어 관리자에 의해 수정되었습니다]",
  "num_agree": 611,
  "petition_idx": "582834",
  "title": "경찰이 중앙선침범해놓고 저보고 가해자라고 합니다"
}