{
  "category": "외교/통일/국방",
  "begin": "2019-09-23",
  "content": "아들을 둔 부모로서 가슴이 찢어 집니다. 2014년 6월 18일 강원도 양구 전방사단 DMZ수목제거작전간 정체불명의 폭팔물에 의한 부상으로 제아들은 장애자가 아닌 장애를 가지게 되었습니다. DMZ에서 작전간 폭팔물에 의한 부상을 당했음에도 불구하고 아군의 지뢰로 판단된다는 이유로 전상이아닌 공상으로 조치를 받았습니다. 증거물을 군에서 다없애버리고 적군의 지뢰라는 증거를 가져와야지만 전상처리를 해줄수있다고 하네요. DMZ에 있는 지뢰가 아군, 적군 지뢰로 구분되어 있나봅니다. DMZ는 우리나라땅도 북한땅도 아닌 유엔의 땅이며 전쟁의 흔적들이 고스란히 남아 있는 공간입니다. 가난해서 군에 아들을 보내야만한 부모로서 가슴이 찢어집니다. 우리나라는 전쟁이 끝난 나라가 아니라 휴전중인 나라인데 전쟁이나도 아군지뢰인지 적지뢰인지 보고 밟으라고 교육을 해야겠네요. 아들 처우 개선을 도와주지 않았던 대대장, 중대장은 자기들만 살기위해 처우개선을 위해 도와주지도 않고 자신들만 살기위해 외면하고 지금 다들 진급해서 승승장구 하고 있어 억장이 무너집니다. 부대서 눈치를 보며 병원진료 및 생활을 하고 있는 실정입니다. 우리아들은 전상이 아니라 축구를 하다 다쳐도 공상이기때문입니다. 준사관을 꿈꾸며 국가를 위해 열심히 군생활하던 아들인데 말이죠. 이제는 준사관시험조차 볼수없는 처지가 되었습니다. 2015년 8월 작전중에 다친 인원은 영웅으로 추대 받고 대통령께서 전상처리에 적극적으로 검토하라고 하시고 공평하게 조치해주셨으면 좋겠습니다. 작전수행중에 부상당한 아들의 처우 개선을 위해 도와주세요. 매일 아들만 생각하면 가슴이 찢어지고 죽고 싶습니다. 도와주세요.",
  "num_agree": 947,
  "petition_idx": "582817",
  "title": "아군지뢰인지 적지뢰인지가 아닌 작전에 최선을 다한 아들을 군대보낸 부모로서 가슴이 찢어지게 아픕니다. 도와주세요."
}