{
  "category": "보건복지",
  "begin": "2019-09-24",
  "content": "나는 최근 우측 견관절, 동결 견, 우측 견관절, 충돌 증후군, 경추부 섬유륜 파열, 경추부 디스크 변성증으로 oo 병원에 입원하여 4박 5일동안 수술 및 시술을 받았다. 쉽게 말해 오십견과 목 디스크이다. 오십견은 수술을 하고 목 디스크는 시술을 받았다. 그런데 놀라운 것은 병원 진료비 명세서다. 총진료비 6,897,353원 중 건강보험 적용된 본인부담 380,709원, 공단부담금 1,204,242원, 비급여 진료비가 5,312,402 나왔다. 결국 5,693,050원을 결재했다. 총진료비의 77%가 비급여인 것이다. 아직도???? 지인이 병원에 근무하고 있는 터라 물어보니 어떻게 저렇게 비급여가 되는 약품, 주사, 처치, 치료재료대, 비급여검사, 비급여내시경, 초음파, MRI등의 항목들만 귀신같이 찾아 처방했는지 우리 병원도 배워야 겠다고 우스게소리를 한다. 말로는 건강보험료를 높이면서 비급여 항목을 줄이겠다는 뉴스와 기사는 많은데 \" 왜 정작 우리는 혜택을 받지 못하고 있는 걸까?\" 과연 이 수술과 시술을 하면서 비급여가 되는 약품, 주사, 처치, 치료재료대, 검사등을 할 수 밖에 없었는지, 최선이었는지, 일부러 그런건 아닌지 철저한 조사가 필요해 보인다. 현재 대한민국의 건강보험체계는 병원에 가면 진료를 하고 총진료비에 의원은 30%, 병원 40%, 종합병원은 50%의 본인부담료가 적용된다. 비급여는 오로지 본인부담이다. 따라서 비급여 진료가 없는 간단한 진료의 경우 본인 부담이 적게 느껴져 병원비가 저렴하다고 오해하는 경우가 많다. 하지만, 건강보험이 적용되지 않았다면 1분의사 얼굴 보고 약 처방받고 나오면 2만짜리 진료비가 6천원이 된다. 당연히 6천은 저렴해 보인다. 하지만 2만원이라고 한다면 병원을 가는 횟수가 줄어들 것이다. 이렇게 대한민국의 건강보험체계는 의사들의 수익을 좋게 하는데 집중되고 있다. 또한 비급여 수술이나 시술 중 내가 받은 5분짜리 시술료가 200만원으로 책정되었다. 과연 정당한 것일까? 원가가 5천원짜리를 만약 50만원을 받았다면 소비자들은 가만히 있을까? 수술과 시술이라는 이름으로 원가대비 100%, 1000%를 받는 것이 과연 적절한 것일까? 지금도 의사를 되려는 사람들은 많을 것이다. 왜? 돈은 많이 벌기 때문이다. 사람의 목숨과 고통을 담보로 돈만 밝힌다면 과연 정당한 것일까? 현재 병원 수가 체계를 살펴보면 매년 수가가 아무도 모르게 매년 올라가고 있다. 물가상승률 보다 많게는 10배, 20배이상 오른다. 예를 들어 9,000원이었던 어떤 검사는 매년 10%~20%씩 올라가고 있다. 국민들은 알고 있는가? 당연히 병원에 종사하지 않는다면 모를 것이다. 그런데 왜 국민들의 건강보험료를 집행하면서 공개하지 않는 걸까? 병원은 환자수가 떨어져도 병원 수가가 매년 올라 절대 적자를 보지 않고 계속 흑자를 보고 있다. 병원과 의사들만 배불리는 이러한 대한민국의 복지정책을 뿌리 부터 바꿔야 한다. 1. 병원의 수가 이대로 올라도 되는 건가? 2. 비급여 77%가 과연 적절한 걸까? 3. 그래도 왜 건강보험료가 올라야 하는가?",
  "num_agree": 335,
  "petition_idx": "582826",
  "title": "건강보험료를 내고도 비급여 77% 본인부담, 돈 벌기 위한 병원 그만!!!"
}