{
  "category": "기타",
  "begin": "2019-09-23",
  "content": "강원도 강릉시 **동에 위치한 **** 아파트는 267세대로 신혼부부, 사회 초년생, 노인층들의 서민들이 거주하고 있는 민영임대아파트입니다. 임대보증금을 내고 거주하는 전세형 임대 아파트로 매년 5%의 인상분을 지급하여 계약을 연장하여 거주할 수 있습니다. 저희는 신혼부부로 2013년 7월 22일부터 2019년 8월 1일까지 거주하다가 만기가 되어 이사를 하였습니다. 그러나 현재까지 임대보증금을 돌려 받지 못하고 있습니다. 8월 5일에 ****에 임대보증금 반환을 요청하자 세입자가 들어오지 않고 있고, 회사 자금 부족으로 8월 말까지 기다려 달라는 말을 했습니다. 그 말을 믿고 8월 말까지 기다렸지만 임대보증금을 지급받지 못했고, 내용증명을 보내 9월 6일까지 지급 기한을 연장했습니다. 그러나 추석연휴가 지나서도 임대보증금이 반환되지 않아, **** 담당자에게 연락을 했더니 이번 주 중으로 해결을 해 주겠다고 말을 하여 더 이상 믿을 수가 없어서 2019년 9월 19일 목요일 비어있는 집의 열쇠를 돌려받기 위해 **** 관리사무소를 찾았다가 저희와 같이 임대보증금을 받지 못한 다른 세대들이 더 있다는 사실을 알 게되었습니다. 심지어 다른 세대들에게도 저희에게 했던 것과 같은 핑계를 대면서 지급 기한을 계속 미뤄왔다는 사실과 이중계약이 이뤄진 세대가 있다는 사실을 추가로 알게 되었습니다. 결국 9월 19일 목요일 임대보증금 미지급 된 세대와의 언쟁이 일어나면서 현재 거주하고 있는 세대와 임대보증금을 돌려 받지 못한 세대들이 관리사무소에 모이게 되었고, 이 날 **** 대표가 더 이상 회사의 자금 부족으로 인해 아파트 운영을 할 수 없게 되어서 다른 회사에 ****를 양도했다고 말을 했습니다. 실제로 인수 받을 회사의 본부장이 왔다갔다고 했습니다. 그러면서 9월 21일 토요일 10시에 대표가 와서 이 사태에 대한 해결방법에 대해 설명회를 해 줄 거라고 했습니다. ****를 인수받을 회사는 자본금 약 천 만원의 충청도에 빌라를 주소지로 하고 있는 법인 회사인데 이 사태를 해결 할만한 자금력이 없는 회사로 보이고, ****와 체결한 계약도 신뢰가 가지 않았습니다. 그래도 확실히 토요일에 답을 주겠다고 하여 토요일인 오늘 설명회를 다녀왔는데, ****를 인수한 대표와 본부장, 이사는 이 사태를 해결할 것이고, 미지급된 임대보증금을 지급하겠다는 말을 했고, 9월 25일 아파트에 해결방법에 대한 것을 공지하겠다고 했습니다. 그리고 이 사태를 해결하기까지 15일의 시간이 소요되니 개인적인 문의를 자제해달라고 합니다. 결국 어떤 자금으로 언제까지 미지급된 세대에게 임대보증금을 지급해주겠다는 확답을 내놓지 않은 상태여서 여전히 임대보증금을 돌려받지 못 할 것 같아 불안하기만 합니다. 이 아파트에 거주하고 있는 세대 대부분 이런 일은 처음 겪는 것이고 어떤 방법으로 일을 해결해야 하는지 법적 장치, 절차, 지식이 없는 분들이 대부분입니다. 이 사태를 어떻게 해결해야 할지 너무 막막합니다. 많은 분들이 동의 해주시고, 많은 관심 가져주세요~ 이 사태가 잘 해결 될 수 있게 도와주세요~ㅜㅜ [본 게시물의 일부 내용이 국민 청원 요건에 위배되어 관리자에 의해 수정되었습니다]",
  "num_agree": 1687,
  "petition_idx": "582805",
  "title": "강릉 **** 임대보증금 미지급 사태 도와주세요!!"
}