{
  "category": "일자리",
  "begin": "2019-09-30",
  "content": "안녕히세요. 대한민국의 국민으로서 살아가고자 취업을 준비하던 사람입니다. 대구에서 거주중으로 우연한 기회로 한 회사에 면접을 보게 되어 입사하게 되었습니다. 그 회사는 선물거래를 하여 수익을 내어 투자자에게 수익금을 지급하는 방식의 해외증권회사로 기재되어있습니다. 면접 다음날 교육목적으로 불러내어 신생회사이므로 신용등급이 낮은 관계로 개인대출을 받아 이자를 제 날짜에 이체하여 신용등급을 올린다는 목적으로 입사자들에게 1천만원~1천5백민원의 대출금을 받게 하여 대표의 통장으로 입금하게 하였습니다. 이 후 공증 및 채무계약서, 비밀유지계약서를 작성하였고, 한달 간 별탈없이 일을 하며 지냈습니다. 그리고 급여일에 급여를 주지 못한다는 내용을 통보하면서 시간은 점점 뒤로 미뤄져 이제 2개월째 급여를 받지못하고 있습니다. 사기를 치는것도 나쁜 짓이지만 사회 초년생들의 코묻은 돈도 아닌, 제2금융업, 제3금융업에서 취업을 빙자해 대출을 받게 하여 인생을 망치려고 한 사기꾼에게 엄중한 처벌을 내려주시길 간청합니다. 저 뿐만 아니라 현재 피해자는 50명이상입니다. (직원수만 50명 이상이고, 투자자들 미포함) 금액은 최소 5억 이상입니다. (인당 1천만원 이상 대출을 받아 회사계좌로 입금하였고, 그 돈과 계좌는 대표 혼자서 관리를 하였다고 합니다.) 대표라는 사람은 이전에도 많은 사기 전과가 있는 사람이였고, 인터넷에 검색하면 사기 피해자들이 작성한 글을 쉽게 찾을 수 있을 정도로 많은 전적을 가지고 있는 사람이였습니다. 인터넷 웹사이트 기록으로 확인하였고, 수법 또한 똑같은 방식이였습니다. (실명은 문제가 될 수 있을 듯 하여 미작성하였으나 문제가 없을 시 바로 기재하겠습니다.) 이제 배움의 길을 끝내고 사회로 들어서던 사회초년생들의 시작이 절망적인 순간으로 바뀌어버렸습니다. 이렇게 많은 전과가 있는 만큼 이전에도 이러한 사기 경력이 있는 저런 사람이 왜 아직까지 저러는 걸까요? 그건 처벌이 미약하기 때문이라는 생각밖에 들지않습니다. 이번에 피해를 본 사람들은 대출금을 어떻게 갚아야할지, 이자는 또 어떻게 납부해야할지 전전긍긍대며 일분일초를 보내고 있습니다. 제발 도와주세요. 그리고 알려주세요.",
  "num_agree": 362,
  "petition_idx": "582883",
  "title": "사회초년생들에게 취업대출사기를  친 상습사기꾼에게 엄중한 처벌을 내려주세요."
}