{
  "category": "교통/건축/국토",
  "begin": "2019-09-26",
  "content": "안녕하십니까. 서울시 중랑구에 20년째 사는 주민입니다. 살고 있는 주변 양원지구 공공개발 택지지구에 첫 분양되어 건설중인 민간분양 ******을 분양받아 2년뒤 새집으로 이사가게되는 희망을 안고 사는 입주예정자 이기도 합니다. 작년 다산택배대란이후 국토교통부에서 동년 6월부터 7월까지 입법예고 되어서 올 1월에 공표 시행되고 있는 주택법시행령 개정안에 의거하여 당연히 지하주차장 유효고 2.7m로 설계 시공되어 택배차가 지하층 출입이 가능한지 알고 있었는데 그게 아니라 예전 구안대로 택배차 출입이 불가한 2.3m유효고로 설계 시공되고 있음을 확인 하였습니다. 현재 양원지구에 분양된 다른 민간아파트들은 모두 지하주차장 2.7m로 건설사 자체에서 입주민의 안전과 편의를 위해 설계시공되고 공공분양인 신혼희망타운은 설계변경을 하여 주차장 충고를 2.7m를 확보 했습니다. 양원지구에 유일하게 지하주차장 유효고2.3미터로 설계시공되어 현재도 아닌 2년에 입주하게되는 ******은 지구내 타아파트 비교시에도 불이익을 당햐는 부분이 뻔히 보입니다. 입주예정자중 생계형탑차 보유세대도 꽤 있는데 이분들은 지상주차장이 없는데 도대체 어디에 주차를 해야되며 지상에 차없는 공원화 아파트라 홍보해놓고 택배가 지하층으로 배달이 안되어 지상 소방도르로 출입이 허용되면 주민들중 노약자나 어린이들의 안전도 심히 우려 됩니다. 시행시공사인 **주택은 유효고 2.7m확대 설계변경 요청을 동쪽하부주차면 골조가 완료되어 불가하다 하여 시공전인 중앙주차면 만이라도 높여달라는 요청도 불가하다하니 배관설비들을 재배치하여 최소한의 택배차 이동통로 동선확보 요구도 모두 불가하다고 합니다. 우리아파트같은 피해사례가 없도록 주택법시행령개정안 이전 승인사업도 모두 2.7m로 소급적용하여 설계시공을 하도록 해주길 바랍니다. 그리고 선분양후시공제 폐해의 힘없는 약자인 입주예정자들이 자발적인 위임장 자서로 만든 협의회가 임의단체가 아닌 법적구성요건과 효력이 있는 단체가 되게 하여서 입주예정자들의 권익을 보호하고 권리를 강화하여 주시길 부탁드립니다. 최소 2년뒤 지어지고 입주할 아파트 실물과 세부스펙도 모른채 건설사가 지어주는대로 입주할 힘없는 입주예정자가 아닌 공익을 위해 권리를 행사하며 건설사와 더 좋은 환경의 아파트를 만들어나갈 협의를 법적으로 보장을 해주시길 거듭 당부드립니다. 끝으로 한말씀 사족을 달자면 http://www.nyjnews.net/sub_read.html?uid=32885§ion=sc6§ion2= 이기사 사례처럼 남양주시는 작년8월부터 시행령개정안 입법예고를 소급적용하여 사업승인을 해준다는 주민을 위한 적극적 행정을 펼치는데 인접 우리 중랑구는 이런 부분을 알고 있으면서 소극적 나아가서 방만한 행정으로 건설사 편의만 봐주는지 정말 주민입장에서 이해가 안갑니다. [본 게시물의 일부 내용이 국민 청원 요건에 위배되어 관리자에 의해 수정되었습니다]",
  "num_agree": 1053,
  "petition_idx": "582857",
  "title": "아파트 지하주차장 유효고 2.7m 소급적용과 선분양후시공제의 약자 입주예정자 권리 보호와 강화 ."
}