{
  "category": "문화/예술/체육/언론",
  "begin": "2019-09-30",
  "content": "더 이상 연합뉴스의 밀실감사, 깜깜이 감사, 비공개 국정감사를 용인할 수 없습니다. 떳떳한 언론이라면 스스로 국민앞에 국정감사를 철저히 받으시고, 그게 싫다면 당당히 보조금을 포기하고 독립 언론의 길을 가십시오. 말도 많고 탈도 많은 국가기관통신사 연합뉴스 그런데 연합뉴스도 국정감사를 받는다는 걸 아시나요? 물론 비공개로. 대한민국에서 국가예산지원을 받는 기관 중 비공개 국정감사를 하는 곳이 어디 있을까요? '국가정보원' 그 외에 국가안보, 외교에 중대한 사안이면 비공개하겠죠. 그런데 연합뉴스가 국가정보원급의 기관인가요? 그래서 진짜인지 한번 찾아봤습니다. 우산 2018년도 국회 문화체육관광위원회 홈페이지를 가면(http://cst.na.go.kr/cst/inspect/inspect01.do) 국정감사 계획서가 있습니다. 2018년도 국정감사에서 10월 23일 오후 8시 연합뉴스 사옥에서 '연합뉴스 국정감사'를 했습니다. 그런데 업무보고가 비공개입니다. 감사 내용을 찾아봤습니다. 당일 회의록을 보니 아예 공개되어 있지 않습니다. 회의록에 기재된 안민석 위원장의 발언은 다음과 같습니다. \" 오늘 국감 종료 후 식사하시고 8시 30분에 연합뉴스에 대한 비공개 업무보고가 연합뉴스 사옥에서 있을 예정입니다. 국회에서 출발 버스가 8시에 국기게양대 앞에서 출발 예정이니 위원님들께서는 착오 없으시기를 당부드리겠습니다.\" 이게 다 입니다. 연합뉴스 국정감사에 관한 회의록이 없습니다. 세상에 다른 기관은 모두 오전 10시에 시작하는데 연합뉴스만 비공개에다가 저녁먹고 오후 8시에 시작합니다. 밤늦게 시작해서 제대로 된 감사가 되겠습니까? 즉, 연간 수백 억의 예산지원을 받지만 언론이라는 이유로 밀실감사, 비공개감사 관행을 유지해오고 있는 연합뉴스 정부는 국회에 연합뉴스 국정감사를 공개해 줄 것을 당당히 건의하십시오. 그리고 무엇보다 국회가 응답해야 합니다. \"연합뉴스 국정감사를 공개하고, 국민이 준 예산을 어떻게 써왔는지 철저히 공개하라\" 연합뉴스에 무슨 일이 있었는지에 관해서는 여기에 적는 대신 지난 2019년 4월 4일 20만명이 넘게 서명한 \"연합뉴스에 국민혈세로 지급하는 연 300억원의 재정보조금 제도의 전면 폐지를 청원합니다.\" 제하의 청원에 기재된 글을 인용하는 것으로 대신하겠습니다. https://www1.president.go.kr/petitions/579401",
  "num_agree": 424,
  "petition_idx": "582899",
  "title": "정부와 국회는 연합뉴스 국정감사를 전면 공개해주십시오."
}