{
  "category": "미래",
  "begin": "2019-09-23",
  "content": "저는 통영에서 조그만한 중국집을 하는 자영업자입니다 아시다싶이 통영거제 뿐만아니라 군산 사천 진해등 최근까지 조선업이 무너지면서 고용뿐만아니라 지역경제가 너무나 심각하게 무너졌습니다. 하지만 최근 다시 한국의 조선산업이 살아나고 있습니다 그래서 희망을 가지고 이지역에서 버티며 장사를 하고 근근히 버티고 있었습니다. 통영지역에 다른 조선소는 모르겠으나 성동조선이 무너지면서 주변 숙소를 쓰던 모텔 원룸들은 텅텅비고 지역 근로소득자들이 줄어들어 영세자영업자들도 문을 못닫아 버티고 있는 실정이며 일자리가 없어서 밥도 못먹는 분들도 너무 많아 나도 힘들지만 그분들보면 가슴이 아풉니다 국가의 세금으로 사기업을 살리는것이 옳은 일인지 아닌지 는 갑론을박이 있겠지만 다시 한국의 조선산업이 다시 기회가 왔을때 이기회를 잡아야한다고 생각합니다 그게 지역경제 뿐만아니라 국가경제를 위해 중요하다는것은 대통령님도 아실거라생각합니다 하지만 지금 이상태로 가면 결국 조선은 다시 쇠퇴할수 없을거같습니다 52시간 근로자들 때문에 예전보다 소득이 못하기때문에 전문 기술자와 생산직 근로자들이 조선쪽일을 기피하고 있습니다. 다른것은 모르겠지만 이부분만 우리나라산업근간인 조선산업을 위해 조치를 취해주시면 아마 다시 조선산업이 다시 활기를 뛰고 지역경제가 살아날수 있을거같습니다 그리고 대형조선사 보단 성동조선같은 중소형조선사들을 다시 일으킨다면 지금 당장 큰세금이 들어가더라도 엄청난 고용효과와 지역경제가 살아나고 다시 세수로 돌아올수있을거라는 생각이들어 큰맘먹고 청원을합니다 지역을 대표하는 기업이살아야 그지역이 살지않겠습니까? 통영은 성동조선이 살지못하면 더이상 희망이 없는 도시가 될거라고 생각합니다 관광도시라고 하지만 과연 관광으로인한 고용효과는 제한적일수밖에 없습니다 제발 성동조선을 살려주싶시요",
  "num_agree": 274,
  "petition_idx": "582800",
  "title": "성동조선을 살려주세요"
}