{
  "category": "문화/예술/체육/언론",
  "begin": "2019-09-23",
  "content": "인터넷의 표현의 자유는 보장되어야 합니다. 어떤 뉴스에 대해 자신의 생각이 있고 그 의견을 자유롭게 말할수 있어야 합니다. 하지만 그 정보의 옳고 그름을 판단하기에 앞서 다른 사람의 의견이나 여론은 의사결정에 큰 영향을 미칩니다. 지금 각종 검색엔진에는 수많은 업체정보,가짜뉴스가 매일 수십만건씩 배출되고 있는데, 그 내용의 여론을 조작하는것이 가짜뉴스를 퍼트리는데 가장 악영향을 미친다고 생각합니다. 일상생활에서는 시민들이 가볼만한곳, 가고 싶은곳,먹고 싶은곳을 찾고 싶으나, 온갖 가자 댓글,후기등이 판단을 어지럽게하고 있으며 정치,문화,경제에 관한 뉴스또한 글쓴이의 의도가 뻔히 보이는 가자뉴스. 혹은 사실을 왜곡,과장하여 여론을 조장하는 뉴스에 댓글을 달고 많은 추천을 하여 많은 사람들이 해당내용을 보고, 아 지금 여론이 이렇구나.. 하고 생각들게 만드는것. 이게 진정한 여론조작이 아닐까 싶습니다. 댓글알바는 무조건 대가성을 가지고 있습니다. 보수를 받지 않으면서 댓글 알바를 할 이유가 없으니까요. 바라컨데 법적으로 \"일정한 비용을 받고 인터넷에 댓글을 남기는것\"을 금지했으면 합니다. 현재 상태에서는 정보를 최종 소비자가 직접 판단을 하여만 하는 구조인데, 이를 왜곡하지 않고, 좀더 투명한 의견이나 사실을 자유롭게 주고받았으면 합니다.",
  "num_agree": 8211,
  "petition_idx": "582802",
  "title": "댓글 알바를 법으로 금지해주세요(가짜뉴스 증폭의 가장 큰 원인)"
}