{
  "category": "안전/환경",
  "begin": "2019-09-27",
  "content": "저는 천안에 살고있는 11살 학생입니다. 몇달 전 저는 말도 안되는 소리를 들었습니다. 그게 뭐냐하면 일봉산을 밀어내고 아파트를 짓는다는 것 입니다. 저는 그 소식을 듣고 너무 화가 났습니다. 왜냐하면 일봉산은 제가 살고있는 아파트의 뒷산이자 제가 다니는 학교의 뒷산이기 때문입니다. 매일 아침에 보는 일봉산이 없어지고 일봉산의 자리에는 아파트가 생긴다는 생각을 하니 너무 화가 났습니다. 그것뿐만이 아니었습니다. 일봉산 근처에 사는 시민들에게 물어보지도 않고, 아파트도 남아도는데 일봉산을 밀어내고 아파트를 짓는 다는게 말이 될까요? 그리고 일봉산에서 운동하는 사람이 많습니다. 그리고 일봉산의 자연환경과 일봉산에 사는 야생동물들 과연 다 어떻게 될까요? 저는 상상하기도 싫습니다. 일봉산의 자리에 아파트가 들어서면 일봉산의 자연환경은 물론 일봉산에 사는 야생동물들은 없어질 것 이거든요. 왜냐하면 일봉산의 나무를 베고, 아파트를 짓는것. 이것때문에 일봉산에 사는 야생동물들은 살곳을 잃어버리게 되고 결국은 먹이도 구하지 못해서 다 없어져 버릴것이니까요. 저는 일봉산에 아파트가 들어오는 것에 화가 나고, 그리고 시민들의 의견도 듣지 않는것 저는 이것에 더욱더 화가 납니다. 그리고 저는 일봉산을 사랑합니다. 그런데 일봉산을 밀어내고 아파트를 짓는게 말이 되나요? 일봉산을 밀어내지 않고, 아파트를 짓지 않으면 돼는데, 다른 곳에 아파트를 지어도 되는데, 아파트가 남아 도는데 왜 하필이면 꼭 일봉산에 일봉산을 밀어내고 아파트를 짓는 것일까요? 그리고 시민들의 의견은 왜 듣지 않고, 그냥 일봉산에 아파트를 짓는 것인가요? 그리고 조금이라고 생각하실수 있겠지만 일봉산을 밀어내면 우리 모두에게 좋지 않습니다. 왜냐하면 공기를 산이나 숲같은 곳에 있는 나무가 정화하는데 그 나무를 베니까요. 저는 일봉산을 지키고 싶고, 일봉산에 아파트를 짓지 말아주시길 청원합니다.",
  "num_agree": 565,
  "petition_idx": "582878",
  "title": "일봉산을 지키고 싶어요"
}