{
  "category": "육아/교육",
  "begin": "2019-09-30",
  "content": "지금 중.고등학생들은 의무된 봉사시간을 폐지및 대폭 축소해 주실 것을 강력하게 건의합니다. 봉사활동 신청을 위해 당사자는 물론 부모까지도 매달리른 현 상황에서 봉사활동의 질마저 지역과 인맥으로 한정되는 듯한 느낌을 지울 수가 없습니다. 또한 각 자치별 서로 다른 의무봉사지간도 문제입니다. 어떤 지역은 3년에 60시간 의무이고 어느 지역은 동일 기간 내 45시간이 의무입니다. 지자체활동이 활발한 지역의 봉사활동과 지방 소도시들의 봉사활동 건수는 그 질과 양에서도 현저한 차이를 드러냅니다. 입시에 시달리는 학생들이 없는 시간 쪼개에 봉사활동까지 감당해야하는 작금의 상황이 개탄스럽습니다. 봉사활동의 진정한 의미는 퇴색되고 시간 때우기식의 활동도 가장 큰 문제 중 하나입니다. 이에 중.고등 의무봉사활동 시간을 전면 폐지내지는 1년 5시간 이하로 대폭축소 전국에 동일하게 적용시켜주시기 바랍니다.",
  "num_agree": 936,
  "petition_idx": "582879",
  "title": "중.고생 의무봉사활동 폐지및 대폭축소 건의"
}