{
  "category": "정치개혁",
  "begin": "2019-09-27",
  "content": "국민이 뽑는 국회의원 국민이 탄핵할수 있어야 옳지 않나요 국민을 위해 일하라고 부여해준 권리를 무소불위의 권력 권리인양 앞뒤양옆 보지 않고 폭주하는 꼴이 너무 많이 보이네요 국회의원이라는 직책이 당신들의 윤택한 삶을 위해 주어진 것이 아닙니다 국회의원들이 그들만의 리그로 투표해 탄핵하는 것이 아닌 국민이 참여해 탄핵할 수 있는 권리를 돌려주세요 우리가 잘못 투표해 당선된 국회의원은 우리 손으로 잘못을 바로잡을 권리가 필요합니다 물론 법 개정이 제대로 이뤄지지 않으리란 걸 글을 쓰는 지금도 뻔히 알고 있습니다 국회의원들이 찬성할 리가 없지요 대통령 직권상정으로 처리해주시기 요청합니다 나라가 제대로 돌아가기 위해선 건강한 여야 의원이 필요합니다 지금은 글쎄요 건강한가요 수술이 필요하다고 보이네요 국민들이 현혹되어 혹은 속아서 잘못 뽑은 국회의원 국민이 탄핵할수 있는 권리를 만들어주세요",
  "num_agree": 1409,
  "petition_idx": "582866",
  "title": "국회의원 탄핵 소추권 부여 요청 건"
}