{
  "category": "기타",
  "begin": "2019-09-30",
  "content": "왜 이런 외국인 강력범죄는 쉬쉬하면서 저출산대책으로 이민정책만 강조하는 겁니까? 흉기로 배, 가슴, 등을 13차례나 찔리고 잔인하게 살해된 강양이 너무나도 불쌍합니다. 그 당시 다른 사건으로 인해 이 사건은 이슈화되지 못했고 지금도 어디선가 일어나고 있을 불체자범죄만 생각하면 소름이 끼칩니다. 4차산업혁명으로 노동력이 기계화되고 있는 이 시대에 꼭 노동력때문에 이들을 불러들여야했나요? 정부는 강양을 포함한 많은 피해자들에게 조금의 연민의 감정이라도 가진다면 이민정책을 폐기시키고 불체자를 강력단속하길 바랍니다..",
  "num_agree": 276,
  "petition_idx": "582892",
  "title": "양주 여중생 살인사건과 관련해 올립니다. 불법체류자를 강력단속해주세요."
}