{
  "category": "인권/성평등",
  "begin": "2019-09-25",
  "content": "허위 주민등록번호로 계약한 피해자를 구제 요청 \"허위 주민등록번호로 계약하면 사기죄\" 대법원 (2019.9.2.04:06 YTN뉴스보도) 나는 물품매매계약서에 피고소인 주민등록번호 및 주소를 허위기재한 사실로 경찰에 고소를 하였는데 수사경찰은 일방적 피고소인 주장을 이런저런 핑계의 이유같지 않은 이유를 들어 편파수사(기간100일)로 \"불기소 (혐의없음)\" 의견으로 검찰에 송치하였고 검찰은 고소인 조사 한번없이 송치한지 단 3일만에 경찰의 의견만으로 \"혐의없음\"(증거불충분) 처분 결과를 내렸다. 검찰은 고소인의 항고(기각) 대항고(각하)도 역시 고소인에 대한 조사 신청을 모두 일방적으로 거절하고 처분 결정 하였다. 위 대법원 판사에서 적시한바와 같이 분명한 사기죄 성 립이 된다고 본다. 본 사건은 사기 시효가 끝나지도 안했으니 반드시 재수사하여 절박하고 억울한 피해자를 구제해줄 것을 간절히 요청하며 이 글을 올립니다.",
  "num_agree": 280,
  "petition_idx": "582840",
  "title": "허위 주민등록번호로 계약한 피해자를 구제하여  주십시요"
}