{
  "category": "보건복지",
  "begin": "2019-09-25",
  "content": "안녕하세요. 저는 스물 넷, 열정이 가득한 청년입니다. 저는 희귀병 중에 하나인 '섬유성 골 이형성증'이라는 병명을 앓고 있습니다. 이 병에 대해 간단하게 설명드리자면 단단해야 할 뼈조직이 섬유조직처럼 약해져서 관절이나 뼈에 변형이 오고 약간의 충격만 있어도 쉽게 부러지는 희귀병입니다. 소아기 때부터 병원을 다녔지만 특별한 치료법이 없어서 지금까지 그냥 지내오고 있었습니다. 그러던 중 최근에 통증이 느껴져 다시 병원에 갔더니 골절이 진행되고 있는 상황입니다. 일단 병이 있으니 보험 가입도 쉽게 안 되고 지원되는 의료 혜택도 없어서 경제적으로 많은 부담과 심적 부담이 큽니다. 또한 많이 알려지지 않은 병이라 몸이 불편해도 장애등급을 받지 못 하고 있는 상황입니다. 곧, 골절되고 있는 뼈에 핀을 박고 종양적인 부분에 대해서는 종양파트 교수님과 상담 후에 수술이 들어갈 예정인데요, 꼭 제발 의료 혜택을 볼 수 있게 해주시면 감사드리겠습니다. 하고픈 것이 너무나 많은 지금입니다!! 그런데 툭하면 이곳 저곳이 아파서 병원에 다녀야하기에 알바도 쉽게 못 구하고 하고 싶은 것도 하기 힘에 부칩니다...생각보다 많은 분들께서 이 병으로 고생을 하고 계십니다. 저를 포함한 이 병을 가진 환우분들께 희망을 주세요. 꼭 좀 부탁드립니다ㅜㅜ!!",
  "num_agree": 701,
  "petition_idx": "582829",
  "title": "희귀병인 '섬유성 골 이형성증' 의료 혜택을 볼 수 있게 해주시길 부탁드립니다."
}