{
  "category": "인권/성평등",
  "begin": "2019-09-30",
  "content": "의무경찰들에게 많은 인권 침해가 일어나고 있습니다. 1. 의무경찰들은 기동대 직원들과 동일한 업무를 하고 있음이도 불구하고, 직원들이 받는 추가수당을 일절 받지 못하고 강제적으로 주 45시간 근무 제한을 수시로 넘기며 지키지 못하고 있습니다. 2. 의무경찰들은 출동을 나가 같은 시위관리를 하면서도 기동대 직원들보다 우선적으로 철조망 관리나 폴리스라인 관리등 각종 노가다 및 잡무에 동원됩니다. 의경들은 경찰들의 업무 보조를 위해 투입 되어야하는데 보조가 아닌 경찰들은 이미 퇴근하고 의경들이 남아서 뒷정리를 하는 경우가 허다합니다. 3. 같은 시위 관리를 함에도 불구하고 기동경찰은 휴대폰을 버스안에서 휴게시에 자유롭게 사용하고 심지어 근무중에도 빈번하게 사용합니다. 허나 같은 직원처럼 생각하자라는 경찰직원들의 말과는 다르게 의무경찰들을 상대로는 엄격한 휴대전화 사용제한이 있습니다. 의무경찰들이 상대적 박탈감을 느끼게됩니다. 4. 매끼 6000원이라는 돈으로 시위가 자주 일어나는 광화문 인근에서 끼니를 해결하기 너무 힘듭니다. 사먹을수있는 음식들이 극히 제한되며 그에 따른 양이나 질도 현저히 떨어지기 때문에 대원들의 건강관리에 심각한 문제가 있습니다. 서울 시내 물가를 고려하여 예산편성을 다시 고려해볼 필요가 있다고 생각합니다.",
  "num_agree": 217,
  "petition_idx": "582885",
  "title": "의무경찰 인권개선 요청"
}