{
  "category": "교통/건축/국토",
  "begin": "2019-09-25",
  "content": "(2019년 9월 25일 PD수첩 보도 내용 참고바랍니다.) 저는 강서구 양천구 일대 갭투기 전세사기 피해자입니다. 이낙연 국무총리께서 “강서구, 양천구 빌라 갭투기 전세사기 사건을 면밀히 살펴보겠다”고 하신지도 벌써 몇 개월이 흘렀습니다 그 동안 정부의 대책은 어느 것 하나 없었고, 발이 묶인 피해 세입자들은 이러지도 저러지도 못하고 오늘도 희망 없는 하루를 그저 살아갈 뿐입니다. 그래서 저는, 오늘부터, 갭투기 전세 사기를 시작하기로 마음먹었습니다. 분양업자에게 리베이트를 받아 취하며, 최대한 많은 주택을 보유해보겠습니다. 그 재미 한번 누려보지요 어차피 내 돈 하나 들이지 않고 세입자들의 돈으로 명의만 보유하게 되는 것이니 가격이 오르면 내 것이니까 좋은 것이고, 가격이 떨어지면 내 것이 아니니까 나몰라라 잠적하던지, 파산하던지 하겠습니다 세입자들의 눈에서 피눈물이 나도 모르는 척 하겠습니다. 세입자들의 청춘과 신혼의 미래가 갈기갈기 찢어져도 상관하지 않겠습니다. 난 정당한 투자를 한 것이니까요. 저도 이렇게 피해를 봤기 때문에 똑같이 피해를 보상받아야하지 않겠습니까? 어차피 세입자들은 저의 정보를 알 수도 없고, 신고해도 저를 찾을 수도 처벌할 수도 없을 것입니다. 선량한 투자자는 대한민국이 지켜줄겁니다. 대한민국에서 장려한 투자 사기. 이 방법이 아니면 무엇으로 제 피해를 보상 받을 수 있을까요 정부가 단속하지 못한 몇 명의 한 가해자를 통해 백명, 천명의 가해자가 기하급수적으로 복제될 것입니다. ………………………………………………………………………………………………………………… 대통령님… 제발 우리 피해자들이 정말 이런 생각을 하지 않도록 도와주십시오 대한민국의 사회를 이끌어갈 젊은이들의 마음이 어두워지고 있습니다.",
  "num_agree": 909,
  "petition_idx": "582841",
  "title": "갭투기 전세 사기를 시작하기로 마음먹었습니다 (PD수첩방영분 참고)"
}