{
  "category": "정치개혁",
  "begin": "2019-09-24",
  "content": "이 나라를 바로세우기 위하여 불철주야 고민하고 계시는 대통령님께 힘을 실어줍시다. 과거정권에서 못한 것을 바로세우고자하는데 배운자들, 가진자들, 기득권자들 왜 이러십니까? 요즘 방송, 언론, 인터넷을 보며 해도 너무한다 생각되어 글을 올립니다. 일제 강점기 문제에 망언을 일삼는 일부 역사학자들 에게는 말한마디 의견을 내지않는 교수들, 서울대총학,고려대총학등 현실을 바로보고 무엇이 이나라를 위한것인지 직시하시고 행동 해야하는데 여론에 편승하여 목소리를 내는 모습을보고 안타깝기 그지없내요. 교수님들 그렇게 시간 여유가 많으신가요? 공정한 목소리를 내주세요. 대학생 여러분!!! 무엇이 국익을 위한것인지 항상 생각은 신중하게 하셔서 목소리를 내주십시요. 이 나라의 주변정세가 정치적으로 군사적으로 문화적으로 복잡하게 되어가는 현실속에서 제발 신중하세요. 국회의원님들 당리당략에 집착하지마시고 제발 이나라 미래를 걱정좀 해주세요. 지금은 모든 국민이 힘을 모아도 힘들고 어려운 세상 입니다. 법무부 장관 한명을 바꾸면 모든것이 해결되고 이나라의 경제가 좋아질것 처럼 말하지 마세요. 이제 맏겨놨으니 믿고 두고 봅시다. 제발요. 언론인들 여러분!! 한 가족 의 소중함도 역지사지로 생각하시어 신중하게 전해주세요. 이제 검찰에서 알아서 결과를 발표하 때까지 우리모두 자중하시고 본업에 충실합시다. 살다가 잘못된것이 있으면 바로 고치는것이 정도라 생각됩니다. 대통령님 여론조사 결과에 흔들리지 마세요. 소신껏 하세요. 세상물정 모르고 순수하게 자라는 아이들을 가르치면서 이나라가 심히도 걱정되어 한 말씀 올립니다.",
  "num_agree": 1714,
  "petition_idx": "582819",
  "title": "국익을 위한것이 무엇이 우선인가? 문재인 대통령님께 힘을 보태줍시다 ."
}