{
  "category": "기타",
  "begin": "2019-09-23",
  "content": "안녕하세요 저는 서울의 한 소시민 입니다. 제가 드리는 청원은 현재도 시시각각 발생하는 전국적 자동차 매매 사기, 대출사기 뿐 아니라 사람을 속여 금전적 이득을 취하는 모든 사기사건 등 경제사범에 대한 처벌에 대한 엄중히 처벌되는 법률로의 개정을 촉구 드리고하 합니다., 경제사범의 법정 양형 기준과 그에 따른 벌금의 압도적 상향 노역으로 벌금을 대신하는 것에 대한 하루 공제 금액을 낮추는 등 강화된 경제사범 처벌 법 개정에 대한 촉구 입니다. 제 지인은 현재 인천의 한 중고차 매매사기꾼에게 속아 재산의 대부분을 갈취당한 상태 입니다. 중고차 대출사기 유인, 매매 사기 등 행위를 지금도 계속하고 있는 해당 사기꾼은 전국적으로 동일한 수법(중고차를 비싼값에 매수하기로하고 차와 서류를 챙긴 뒤 차값은 지불하지 않고 헐값에 해당 차를 팔아버리고 매매한 돈을 위장이혼 한 부인과 자신의 누나에게 은닉)으로 서울,부산, 인천 등 전국의 여러사람에게 피해를 입히고 지금도 거리를 활보하고 있습니다. 대놓고 '난 감옥갈 생각으로 하고 있다'고 공공연히 말하고, 나 감옥가면 너희들 돈 못 받아,이래도 신고할래? 등 뻔빤하기 짝이 없는 행태를 지속하면서도 경찰에 조사도 받고 당당히 걸어나오는 모습에 너무나도 화가납니다. 이 사람 뿐아니라 여타 경제사범들 또한 마찬가지로 오히려 안하무인으로 당당하게 살고 있습니다. 어떻게 이것이 가능할까요? 그들은 이미 알고 있습니다. 우리나라는 경제사범에 대한 처벌이 너무나도 가법기 때문에 다른사람 피눈물흘리게 하고 갈취한 돈은 위장이혼한 배우자, 친인척 등 계좌에 숨기고, 구속 될지언정 1, 2년만 감옥 갔다오면 된다는 것을 말입니다. 초범이고 금액이 적을 경우 심지어 불구속입건되거나 집행유예로 풀려나는 상황도 있습니다. 금액이 적으면 범죄를 저지른 의도와 사실이 약해지는 것인가요? 경찰 전화 잘 받고 조사받으러 가서는 피해자들에게 전화해서 ‘갚겠습니다~’ 시늉 하면 범죄가 없어지나요? 예를 들어 경제사범에 대한 벌금은 무조건 그 범죄행위로 취득한 이득 금액의 10배! 형량은 1천만원까지 무조건 2년에 초과시 1000만원당 3년! 두가지 한번에 받는 것이 법이라면 그 누가 쉽게 경제범죄를 쉽게 생각할 수 있겠습니까. 돈 줄 생각도 없으면서 돈을 빌리는 행위도 마찬가지 입니다. 유투브나 웹사이트에 중고차 매매사기 관련 피해와 예방법에 대한 영상이 수두룩 합니다. 당한사람이 바보이고, 조심하는 수 밖에 방법이 없는 이 현실이 너무 안타깝고 슬픕니다. 사람을 죽인 것만 살인 죄가 아니고, 고통속에서 스스로 목숨을 끊게 만들어버린 것도 살인 행위입니다. 가정이 몰락하고 온가족을 불행에 빠뜨리는 경제사범에 대한 무겁고도 무거운 벌금과 양형법 개정을 촉구합니다.",
  "num_agree": 428,
  "petition_idx": "582815",
  "title": "대출사기, 매매사기, 금전대차 등 각종 경제사범 처벌 강화 법 개정 촉구"
}