{
  "category": "경제민주화",
  "begin": "2019-09-24",
  "content": "호소문 대한민국 국민여러분 제발 저를 도와 주실 수 있도록 한번만 도와주십시오. 저는 한때 **전자2차벤더를 운영하였습니다. 그러나 **전자1차벤더의 사찰로 인해 우리 회사(**전자2차벤더)는 결국 회생하지 못하고 부도가 나고 말았고 소중했던 가정의 행복도 송두리째 날아가고 알았습니다. 그러니 **전자 1차벤더의 만행을 아래와 같이 호소하오니 제발 좀 도와 주시시오. 저는 경북 경산에서 **전자 2차벤더로 2014. 11월부터 2016. 1월까지 약 14개월간 제조업을 하였습니다. (회사명 : 주식회사 **) 당시 저희 회사가 맡은 제조 공정은 **전자 휴대폰케이스 옆면에 구멍을 뚫는 cnc가공 업 이였습니다. 발주처는 **, 원청은 **전자 1차벤더 주식회사 ㅇㅇ 대표이사 김ㅇㅇ입니다. 이렇게 저희 회사는 **1차사인 ㅇㅇ과 하도급 거래를 하던 중, 이해하기 힘든 원청에게 부당한 많은 불공정한 하도급거래를 강요당하였고 이런 과정에 그 적자폭이 10억을 넘어가면서 참다 참다 못해 원청에 현재 거래하고 있는 하도급거래가 부당하다는 것을 말하다 결국 2016. 1월 사실상 부당한 하도급거래계약해지까지 당했습니다. (거래해지통보 없었고 **은 2016.1부터 매출 0원) 이렇게 2016. 1월 원청인 **전자 1차벤더 ㅇㅇ으로부터 느닷없이 계약해지를 당한이후(사실상) 당장은 이것이 괘심죄에 의한 부당한계약해지인지도 모르고 ㅇㅇ에서 일을 줄때까지 2016. 9월까지 약 8개월간 빈공장을 지켰습니다. 공장을 지키는 매달 소유 비용은 7000 만원에 달했습니다. 당시 저희 업체는 전속거래업체로 즉, **전자1차벤더의 요구로 이 회사만의 일만 하기위해 특별히 설립된 회사입니다. 다시말해 이 회사(1차벤더)가 우리에게 일을 주지 않으면 회사가 바로 죽는 것입니다. 다른 거래처가 없어서입니다. 매출액 100%를 의존하고 있었습니다. 빈공장을 지킨 이유는 ㅇㅇ에서 “**에서 물량을 주지 않으니 줄 물량이 없다”라는 말만 믿고 **전자가 원청에 물량을 줄때까지 기다린 것인데 나중에 알고보니 저희들이 ㅇㅇ에 불공정 거래행위에 대해 말을 한 것이 화근이 되어 괘심죄에 의한 계약해지를 당하였다는 것을 알았습니다. 이 사실을 안 시기는 2017. 4월 경으로 2016. 1월 ㅇㅇ은 저희에게 물량을 끊은 이후 물량이 없어서 주지 못한 것이 아니라 저희가 귀찮고 괘심하여(뭐가 괘심한지는 모르지만) 다른 업체 “**”(가명)라는 업체에 저희 **의 물량을 준 것이였고 이 사실은 **업체 사장 김**(가명)에게 직접 들었습니다. 충격을 받고 2017. 4월경 이 사실을 **전자 ***센타에 직접 민원을 올릴려고도 하였으나 ㅇㅇ이 너무 힘들어 할거 같아 ㅇㅇ에 직접 민원을 제기하였습니다. (1차사들의 부당한 행위가 적발되면 **은 해당1차사에 대해서 6개월~1년정도 물량 조절등의 패널티를 가동합니다.) 그러자 ㅇㅇ이 **에 알리지 않아 고맙다며 합의를 보자고 하였고... 이에 저희 회사의 피해가 곧 회복 되리라고 기다리고 있었는데(거래가 있었던 시기 불공정 마감공제금액과 빈공장으로 있었던 8개월간의 지출금액 등) 한달뒤인 2017. 5월경 느닷없이 저를 부르더니 “너희 회사 지금 베트남에서 **전자 2차벤더 설립해서 크게 운영하고 있다며? 우리에게 올린 이 민원 철회하지 않으면 내가 다른 1차사들에게 물량 주지 마라고 압력 넣겠다”고 하여... 아무말도 하지 못하고 그냥 ㅇㅇ에서 나왔습니다. (카톡내용 참조) 부당한 협박이였지만 그래도 베트남 공장이라도 지켜야겠다고 생각하고 나왔습니다. 그런데 문제는 ㅇㅇ이 더 이상 우리 회사를 괴롭히지 않았으면 되었는데 그 이후에도 베트남을 돌아다니며 “저 회사 우리회사 협박하러 왔고 문제 되면 **전자 ***센타에도 민원 넣을 수 있는 회사니 조심해라”고 소문을 내고 다녀 결국 베트남 회사도 잘못 되었습니다. (카톡내용 참조) 그렇게 돌아온 후 2017년 12월 말경에 그 동안에 모든 일들을 소상히 적어 **전자 ***센타에 민원을 올렸습니다. (**전자가 운영하는 신문고로 해결률은 100%입니다. 하지만 잘 하지는 않습니다. 회사 유지에 어려움이 생길 수도 있다는 느낌 때문에) 그런데 이례적으로 우리 회사는 중재를 받지 못 했습니다... 정말 이해는 되지 않는 결정이였지만 **전자의 결정이니 존중하고 시민단체 및 여러 경로를 통해 법무법인 ㅇㅇ에 가서 이야기를 하니 많은 돈을 받지 않고 도움을 받아 공정거래위원회에 신고를 하게 되었습니다. 2018년 이후 공정위에 신고를 하고 조사가 진행되던 중에 법무법인 ㅇㅇ 변호사님이 전화가 왔습니다. 자기도 알아보니 **전자 ***센타에 민원을 올리면 해결률이 100%인데 왜 **은 중재를 받지 못했냐고 하시길래 “우리는 잘 모릅니다. 그냥 **에서 그렇게 결정을 하였습니다.”라고 하였고 이런 저런 대화중에 ㅇㅇ 변호사님이 2016. 1월 우리를 사실상 계약해지 하고 **(가명)라는 다른 업체에 물량을 주었다고 하였는데 ** 사장을 찾아봐라 그 사람이 뭔가를 알고 있을거 같다고 하였습니다. 그래서... 이미 회사는 부도가 난 상태라 **라는 사장님의 연락처를 알수가 없던터에 우연히 예전 **사장님에게 받은 메일이 남아 있어 메일 주소로 메일을 보냈습니다. 그때가 2018. 6~7월경 쯤 될 겁니다. 메일 내용은 “나는 ㅇㅇ의 하청업체인 **인데 궁금한게 있으니 연락을 좀 주시면 안되겠어요?”라는 식으로 연락처와 함께 메일을 보냈습니다. 그러다 약 1주정도 지난후에 정말 뜻밖에 ** 사장 김**(가명)에게 전화가 왔습니다. 그러면서 하는 말이 나는 아는게 없다 그리고 앞으로 연락하지 마라 정말 큰일난다. 는 말이였습니다. 뭔가 있겠다 싶어 문자를 수통 보내고 전화를 수통 하는 등 노력을 한 끝에 그 분이 저녁에 술을 드셨는지 전화가 와서 저에게 “이 사실을 다른 사람들이 알면 나는 죽습니다. 하지만 내가 한 일이니 진실을 말해드릴테니 내일 이 주소대로 와라” 하여 밤새 잠도 자지 못하고 .... 아침부터 ** 사장이 보내준 주소 앞에서 기다렸습니다. 그러다 시간이 얼마 지났을까 몰골이 말이 아닌 사람이 내쪽으로 오더니 내가 **사장 김** 입니다. 라고 하여 차에 태웠고 커피숍가서 말을 들어보고는 정말.... 지금 이 시대에 이게 말이 되는건지... 국정원이 울고 갈... 당시 ** 김**(가명)의 말입니다. **이 2017. 4월경 그 동안 있었던 일들을 종합하여 **전자에 ***를 바로 올리지 않고 원청인 ㅇㅇ에 직접 민원을 올린이후 ㅇㅇ은 비상이 났다. 왜냐하면 어차피 **의 피해금액이 워낙커서(50억이상) ㅇㅇ이 **과 합의를 못 볼거라고 생각한 다음 합의을 운운하며 시간을 벌었고, 그때 ㅇㅇ이 자기에게(**)연락이 와서 **이 결국 **전자 ***센타에 민원을 올릴건데 ㅇㅇ을 도와주면 저의(**)민원을 해결하는 척 하면서 5억원을 주겠다... 합의금으로 350,000,000원 현금으로 150,000,000 원 그러니 이 돈으로 잘 먹고 살고 대신 **의 약점, 그리고 **전자에 **이 결국 민원을 올렸을 때 **전자가 그 민원을 반려하게 ** 사장, 동업자들의 부도덕한 모든 환경, 가족상황, 사업상황 등등 모든 것을 가지고 와라(**와 ㅇㅇ 대표가 저희 **을 사찰할 때 주고 받은 카톡내용 제출) (카톡내용 참조) 더욱놀라운 것은 ** 운영자의 도덕성을 떨어트리기 위해 경찰에 고발까지 하라고 계획하였다는 것입니다. 결국 제가 수집한(김**) 모든 자료를 ㅇㅇ에 제출한 다음 ㅇㅇ의 대표님이 사장님을 협박한 겁니다. 어차피 사장님도 베트남에 공장을 지켜야 하는 이유도 있고 협박하면서 이후 **전자 ***센타에도 모든 대비를 한 것이고 그 결과 사장님(**)이 마지막에 **전자 ***센타에 직접올린 민원도 부러진 겁니다....(당시 담당자 박** 프로/확실치는 않음) 처음에는 믿지 않았습니다. 지금 이 시기에 원청이 하청업체를 사찰한다? 이후 저는 이 사실을 **전자에 보고하고 주식회사 ㅇㅇ의 김ㅇㅇ를 사찰로 인한 업무방해 등으로 검찰청에 고소를 한다고 **전자에 알렸습니다. 그러자 몇일 뒤 검찰청에서 제가 고소장도 제출하기 전에 전화가 왔습니다. 하시는 말이 “ㅇㅇ에서 **사장을 사기죄로 고소했다 조사를 받으러 와라” 가니깐 원청과 하청업체간 늘 있는 지원금 성격의 대출금을 .... 그것도 법인대 법인거래인데... 사기죄로 개인을 고소를 한 것이였습니다. 결국 무죄로 판명은 났지만 더 웃긴건 제가 김ㅇㅇ를 사찰등으로 검찰에 고소를 한 사건이 있었고 엄청난 증거자료에도 불구하고 증거가 부족하여 무혐의 처분이 났다는 사실입니다. ㅇㅇ은 막강한 재력으로 국내 3대 대형로펌인 ㅇㅇ을 선임하여 저를 고소하고 자기들을 방어하는 데에만 수억원을 쏟아 붓고 있었습니다. 저희 을들은 갑의 무질서와 갑질횡포에 대해 도대체 어느정도 소명하고 입증해야 유죄가 되는 것입니까... 대통령님의 연설을 하시든 검찰총장님이 연설을 하시던 공정거래위원장님이 연설을 할때마다 공정경제 공정경제 하시는데 공정한 경제의 질서가 무엇인지.. 있기나 한건지.. 있다면 제발 좀 보여주십시오.... 원청이 자기들의 잘못을 피해가기 위해 수단과 방법을 가리지 않고 다른이에게 돈도 주고 “레이져물량도 주겠다”며 현혹하여 꼬득인후(** 김**사장) 그 사람을 시켜 **전자가 싫어 하는 부도덕함을 찾아내기 위해 머리와 꼬리를 자르고 짜깁기 하여 **전자에 제출하고 그 결과 저희가 **전자 ***센타에 올린 신문고가 받아들여지지 않았습니다. 즉, **전자 ***담당자도 넘어간 것입니다. 제가 여기에 올린 이유는 여기가 사법기관도 아니고 공정거래위원회도 아니지만 또 다른 누군가가 자료가 조금 미흡하여 원청의 불합리한 모든 부분에 아무것도 하지 못하고 재력과 권력으로 또다른 하청업체가 희생되야 된다면 이것은 국민의 눈으로 법을 떠나 정당하게 한번씩만 외처 달라고 하는 간절한 소망입니다. **전자 민원 담당자분이 전후사정을 모두 파악하지 못하고 저의 ***민원 신문고를 받아들여주지 않는 것도 서운하지만 지금 이 시대에도 재력 앞에서는 가족의 행복, 건강, 회사의 부도, 직원들의 꿈등을 모두 잃어버려야 한다는 이것이 정말 이해할 수가 없습니다. 물론, 원청이라고 하더라도 하청업체의 꼬장성 민원이 있을수도 있으니 정당한 범위안에서 **전자에 우리가 잘못한게 아닙니다 라며 방어도 할 수는 있습니다. 하지만 카톡내용등을 보시면 아시겠지만 뚜렷한 목적이 있었고 방어의 범위를 벗어나는 하청업체 사장의 냄새나는 것들을 찾아내서 경찰의 고위간부와 통화하고 저를 고소,고발까지 하려고하는 것은 일반적인 방어의 수준이라고 볼 수 없다는 것입니다. 더 잔인한건 이런 시대의 흐름속에 저의 자녀들이 성인으로 성장하여 학교와 법률적제도의 교육에도 불구하고 이런 불합리성에 도출 된다고 생각을 해보니 이건 정말 안되겠다는 생각이 들여 수개월 생각을 하다 이렇게 국민 청원을 올리게 된 것입니다. 이러지는 말자고... 그러니 간정하게 소망합니다. 도와 주실 수 있다면 누군가는 좀 도와 주십시오.... 주식회사 ** [본 게시물의 일부 내용이 국민 청원 요건에 위배되어 관리자에 의해 수정되었습니다]",
  "num_agree": 224,
  "petition_idx": "582818",
  "title": "**전자 1차벤더의 사찰로 회사가 죽음을 당했습니다."
}