{
  "category": "안전/환경",
  "begin": "2019-09-24",
  "content": "경기도의 있는 한 정미소에서 있었던 일입니다. 정부쌀을 도정 하고 관리 하는곳인데요 그곳에서 저소득층분들에게 지급되는 쌀을 도정하는 과정에서 너무 비위생적으로 관리 되어있던 쌀을 가공해 나가는 장면을 목격하게 되어서 이글을 올립니다. 곰팡이와 쥐똥이 잔뜩 있던 자루에 쌀을 그대로 작업후 포장한 것입니다. 정말 관리가 너무 소홀에 화가나고 그쌀을 아무 이상이 없다고 지급되는 상황에 화가나고 속상합니다. 검수 나온 검사원은 아무 이상이 없다고 그냥 가버리고 자기 가족이 먹는거면 저럴까 하는 생각이 들었습니다. 이 정미소 또한 늘이런식으로 정부쌀을 소홀이 관리 하고 보관하는곳입니다. 정미소에 비리 또한 많은 곳입니다. 정부쌀 재고 파악후 남은 정부쌀을 뒤로 빼돌려 다른 곳에 팔아치우고 이득을 취하는 만행이 30년 넘게 계속왔 습니다. 뒷 거래하는 사진 등 동영상이 있습니다. 시에서 나온 공무원들도 재대로 재고 파악하지도 않고 돌아가고 20~30년 넘게 일해온 직원들도 알면서 짤릴까봐 재대로 말도 못하고 정미소에 사장에 갑질은 기본이고요 아직도 이런식으로 일하고 뒷거래 하는곳이 있다는게 어이가 없고 화가 납니다 정부에서 적극적으로 조사해 주시고 깨끗하고 안전쌀을 공급 받기을 원합니다",
  "num_agree": 7185,
  "petition_idx": "582827",
  "title": "정부쌀"
}