{
  "category": "기타",
  "begin": "2019-09-27",
  "content": "안녕하세요. 저는 현재 아이를 키우고 있는 아이 엄마 입니다. 금일(9/27) 오전 기사를 읽고, 아래와 같은 상상도 할 수 없는 끔찍한 사건에 아이를 키우고 있는 엄마 입장에서 울분을 참을 수가 없어 이렇게 국민청원을 하게 되었습니다. 기사 내용 일부에 의하면 A씨는 지난 25일 오후부터 다음날 오후까지 20시간 넘도록 인천 미추홀구 자택에서 의붓아들 B(5)군의 온몸을 심하게 때려 숨지게 한 혐의를 받고 있다.A씨는 B군의 손과 발을 케이블 타이로 묶어 결박한 뒤 1m 길이의 각목으로 마구 폭행한 것으로 알려졌다. A씨는 26일 오후 10시20분쯤 119에 전화를 걸어 “아이가 쓰러졌는데 숨을 쉬지 않는다”고 신고했다. B군 엄마인 C씨는 “남편이 큰 아들(B군)을 때릴 때 집에 함께 있었다”라며 “나도 폭행을 당했고 경찰에 알리면 아이들이랑 함께 죽이겠다고 해 무서워서 신고하지 못했다”고 주장했다. 라고 합니다. A씨와C씨는 재혼한 부부이며, 숨진B군이 죽을때까지 무서워서 신고조차 못했던 A씨에게도 엄마로써 사람으로써 어떤 자격이 있는지는 모르겠지만 A씨에게도 방치죄를 적용함이 마땅하다고 생각합니다. 또한 간곡히 요청 드리는 바는 '사형제 부활' 입니다. 우리나라는 1997년 사형 집행 이후 22년간 사형집행이 없었던 `사실상 사형폐지 국가`로 분류된다고 합니다. 최근, 고유정 사건을 비롯 각종 흉악한 범죄들이 끊이질 않습니다. 이러한 살인행위를 한 범죄자에게 인권을 존중해줘야 할 의무가 있을까요? 살인 및 성폭력은 어떠한 이유를 설명하지 않아도 죄질의 수위가 최악질입니다. 어제자 사건의 기사와 같이 아무런 죄없는 아이가 20시간동안 부모라는 사람들에게 손발이 묶인채로 맞아서 사망했다는 이 사실만으로도 너무나 마음이 아프고 소름이 끼치고 정말 사람이 할 짓이었을까 싶습니다. 이 글은 감정에 호소 하는 글이 아닙니다. 법적으로 한사람의 인권을 살해한 최악질의 범죄자의 범죄 수위를 고려하여 사형제를 부활함이 마땅하다고 생각합니다. 죄없는 한 아이의 생명을 그토록 잔인하게 빼앗아간 범죄자를 엄중히 처벌을 요하는 바, 이 글을 보시는 국민분들의 청원을 간곡히 부탁 드립니다. 감사합니다.",
  "num_agree": 10546,
  "petition_idx": "582876",
  "title": "5살아이를 20시간 각목으로 때려 숨지게 한 계부에게 사형제를 간곡히 요청 드립니다."
}