{
  "category": "기타",
  "begin": "2019-09-30",
  "content": "국가보훈처의 보훈심사 월권 및 편의주의를 고발합니다. 청원인 권 ** 19**. *. **.생 (만**세) 군번:********(육군) 입대일:19**.*.*. 전역일:20**.*.**. 경기 안양시 **구 **대로 ***, ***동****호(********) 전화번호 : ***-****-**** 청원내용 1. 사건개요 가. 청원인은 19**.*.*. 육군에 입대 19**.*.**. 헌병부사관으로 임관, 20**.*.**. 명예전역한 부사관(원사)으로써 군 생활시 헌병기본 임무 수행중인 2011.12.17. 08:50경 헌병 대기수사관으로 군용승용차(모닝)에 탑승하고 사고현장(제*군단 ***방공대대 소속 인원 야간주거침입죄로 수원남부 경찰서에 체포되어 있다는 연락을 받고 신병인수 및 사고수사를 위해)으로 출동 중, 군용차량은 규정 속도를 지키면서 주행 중에 42번 지방 국도에서 민간 덤프차량에 충격당하여 그 여력에 의해 목 경추 파열, 허리 요추 파열 진단으로 곧바로 경추/요추 유합 수술을 실시하였습니다. 나. 그 후 2015년 명예전역 후, 국가보훈처에 국가유공자(보훈)신청을 하였으나 2019.7.11.자로 국가보훈처로부터 국가유공자(보훈) 비해당 처분을 통보 받았습니다. 2. 보훈처 처분 내용(비해당 이유) 가. 청원인은 퇴행성 협착증이 있다면서 청원인의 경우 퇴행성으로 나이가 들면서 관절이나 인대 척추관 협착증으로 그 범주에 속하며, 청원인의 연령(만50세)과 질환의 특성을 고려할 때 퇴행성 병변으로 보여 진다고 하였습니다. 나. 따라서 청원인의 상이는 군 직무수행 또는 교육훈련과 상당인과 관계가 되어 발병 또는 악화되었다고 인정하기 어렵다고 판단된다며 국가유공자(보훈) 요건에 해당하지 않는다고 하였습니다. 3. 청원인의 군복무 및 공무수행 가. 청원인은 20살에 군에 입대하여 각종 훈련(유격, 각계전투, 총검술, 산악·야간 행군 등)을 하였고, 그 후 헌병수사관으로 각종 사고 및 대형사고 현장, 수사본부에 투입되어 적게는 수일 많게는 수개월씩 퇴근도 없이 임무를 수행하였고, 그러면서도 부대에서 실시하는 각종 훈련(유격훈련, 독수리훈련, 팀스프리트 한미연합훈련, 사격훈련, 야간·산악 행군 등)에 참여함으로 인해 일과 후 관사(군인아파트)에 퇴근하여 편하게 잠을 잔적이 거의 없었고, 잠을 자다가도 비상 및 사고가 발생하면 그대로 출동하였습니다. 그러다 보니 수많은 부대훈련 및 비상출동, 사고현장 출동으로 허리 및 목 부위가 퇴행성이 있을 것이라는 것은 부인하지 않습니다. 그렇다고 이건 사고 전에 목, 허리부위에 대한 치료를 받은 적은 않았습니다. 나. 그러던 중, 청원인(대기수사관)은 2011.12.17(토) 08:50경 **사단 헌병대 운전병 일병 차**이 운전하는 군용승용차 모닝(*******호) 뒷좌석에 탑승(안전벨트 착용)하여 사건수사(*군단 상병, 야가주거침입)을 위해 부대를 출발 수원남부경찰서로 이동하던 중, 같은 날 09:20경 수원시 **구 **동 소재 42번 지방 국도(수·인산업도고, 편도4차로, 노폭25m) 수원방향 3차선을 정상 주행하다가, 뒤따라오던 민간인 박**가 운전하던 덤프트럭(*********호, 볼보)에 충격당하여 그로 인해 청원인의 사지가 마비되어 움직일 수가 없이 긴급 후송되어 서울 **동에 있는 *** 정형외과에서 목과 허리 디스크 유합 수술을 받았습니다. * 수술담당의사 김**의하면 청원인은 퇴행성 변화가 있으나 사고 직후 마비가 발생하였으며, 경추 및 요추간파의 외상성 파열로 보는 것이 적당할 것으로 사료된다고 하였습니다.(소견서 확인) 다. 사고사실 입증 (1) 사고 후 수원서부경찰서 당수 파출소 순경 고** 등 2명과 **사단 헌병대 수사관 중사 김**이 현장 출동하여 군·경 합동으로 사고발생 원인을 조사한 결과 민간 덤프트럭의 과실로 사고가 발생한 것으로 판명되었습니다. (2) 따라서 경찰관서 발행 교통사고 사실 확인원 및 헌병 수사보고서에서 확인되었습니다. 4. 종합의견 및 결론 가. 국가보훈처 보훈심사 위원회에서는 청원인이 군수사관으로 본연의 임무를 수행하던 중 교통사고가 발생한 사실을 인정하였습니다,(경찰 및 군사고보고서로 확인) 나. 그리고 보훈처는 청원인이 위 교통사고 발생 전에 목 및 허리부위를 치료 받은 사실이 없음을 또한 인정하였습니다.(국민건강보험 치료근거 없어 확인함) 다. 그러나 보훈처는 청원인의 퇴행성이 있다는 사실 만으로 국가유공자(보훈)비해당 처분을 하였습니다. *퇴행성이란 : 생명체의 기관이나 조직이 퇴행적으로 변화는 성질로써 인간은 20대 이후에는 직립보행을 함으로 목, 허리가 태생적으로 퇴행성이 올 수밖에 없는 구조임. 따라서 청원인은 30년 동안 군복무(사적이 업무 없음)로 인해 약간의 퇴행성이 온 것 역시 공무중임. 라. 결론 (1) 청원인이 30년 동안 군복무(각종 훈련 등 기본임무 수행)를 하면서 약간의 퇴행성(목, 허리)이 있다고 하더라도 결정적인 원인은 공무 중 교통사고를 당하여 목과 허리부위 대수술을 한 것이 명백한 사실인데 국가유공자(보훈) 비해당 결정을 한 것은 보훈처의 월권 및 보훈행정의 편의주의에 빠진 행위로 너무나 억울합니다. (2) 위 사고로 인해 청원인은 불구자(장애우)가 된 것을 국가가 보상해 주지 않는다면 그 누가 국가를 위해 충성을 달 할 것이며, 현재 현역에서 묵묵히 본연의 임무를 수행하는 현역군인 사기를 저하시키는 만국적인 행위일 것입니다. (3) 우리 역사에서 과거로 돌아가 보면, 이 나라를 지키는 군인을 푸대접(임오군란)했던 구한말을 한번 생각해 보시고, 나라를 잃었던 시절(일본식민지 35년)을 조금이라도 생각한다면 군인은 군복무 자체(의무복무, 직업군인)가 공무수행중이란 사실을 명심하고 보훈심의를 하여야 할 것입니다. 그렇지 않을 경우 이 나라의 미래가 불투명할 것입니다. 즉 이 나라를 위해 목숨을 바칠 군인이 누가 있겠습니까? 국가보훈처 보훈심사의 월권 및 보훈행정의 편의주의에 빠진 행위를 고발하며 공무 중 발생한 사고는 공상군경으로 해주어야 앞으로 후배들이 군 생활에 열심히 할 것입니다. 꼭 공상군경 처리해주시길 부탁드립니다. [본 게시물의 일부 내용이 국민 청원 요건에 위배되어 관리자에 의해 수정되었습니다]",
  "num_agree": 266,
  "petition_idx": "582898",
  "title": "국가보훈처의 보훈심사 월권 및 편의주의를 고발합니다."
}