{
  "category": "보건복지",
  "begin": "2019-09-27",
  "content": "부모님께서 말기 암환자 입니다. 펜벤다졸 관련 조사를 하다보니 정말 효과가 있는것으로 보여집니다. 사람에게 허가된 제품이 아니라는것은 알지만 굳이 나라에서 나서서 판매를 중단할 이유는 없다고 생각합니다. 책임을 져달라는 것도 아니고.. 책임지라고 해도 하지도 않을 것 같은데 식약청 통해서 판매 중지 시키는 것은 정말 아닌것 같습니다. 말기 암환자는 정말 잃을 것이 없습니다. 무슨 짓이든 다 해보는것이 맞습니다. 나라가 살려줄것도 아닌데 굳이 막는다는 것이 이해가 안됩니다. 판매 중지 처분 취소 부탁 드립니다. 나라가 책임 질 필요 없으니 그냥 판매 중지만 취소해주세요",
  "num_agree": 8211,
  "petition_idx": "582864",
  "title": "파나쿠어(펜벤다졸) 판매중지 관련"
}