{
  "category": "육아/교육",
  "begin": "2019-09-30",
  "content": "기사하나 링크 걸겠습니다. 이런데도 수행평가 비율을 올리겠다고 하는 교육당국을 이해할 수 없습니다 수행평가는 정말 공정하게 평가되고 있는지, 선생님들은 무엇을 기대하고 그렇게 하고 계신건지.. 이시점에 다시 한번 들여다봐야 하지 않을까요?",
  "num_agree": 519,
  "petition_idx": "582880",
  "title": "수행평가를 없애거나 축소해주세요"
}