{
  "category": "외교/통일/국방",
  "begin": "2019-09-30",
  "content": "외교부 재외 공관 영사의 갑질을 막아주세요. 법무부에서 지난해 10월부터 올해 3월 말까지 한시적으로 시행한 불법체류자 자진 출국 기간에 자진 출국한 외국인들이 재외공관 영사의 비협조로 **대학교 경제학과에 응시하고 대학교로부터 입학허가는 물론 대학교 등록금까지 납부한 상태임에도 불구하고 미얀마 학생은 끝내 입국비자를 발급받지 못했다. 이는 단순히 이 한 사람의 재입국에 관한 문제가 아니라 지난 2003년부터 법무부가 수차례에 걸쳐 불법체류자들에게 자진 출국 기간에 자진 출국을 하면 재입국을 보장한다는 정부의 약속을 재외공관 영사들의 비협조로 제대로 지켜지지 않고 있는 것이 큰 문제다. 그리하여 국내외 체류 외국인들은 이와 같은 소식이 외국인들의 SNS를 통하여 전 세계로 전파되면서 대한민국 법무부의 말은 더 이상 믿지 못한다는 소식이 일파만파로 이어지고 있기 때문이다. 이로써 국내외 외국인들은 그동안 정부에서 수차례에 걸쳐 불법체류자 자진 출국 기간을 한시적으로 운영해 왔지만 오히려 불법체류자는 현재 건국 이래 연일 최고치를 경신하고 있다. (2019.07.31.기준370,889명 / 자료출처 출입국 외국인정책본부자료) 나날이 늘어나는 불법체류자 증가요인은 현장에서 이민자들을 돕고 그들의 고충을 살피고 있는 한 사람으로서 단언하는 것은 재외공관 영사들이 외국인들을 상대로 갑질 아닌 갑질에서 비롯되었다고 본다. 자진 출국한 외국인들은 합법적인 재입국 비자를 신청하고 불허를 당해도 그 어디에도 하소연할 때도 없고 할 수도 없다는 것을 잘 아는 재외공관 영사들의 횡포다. 물론 국익을 우선하여 재외 공관 영사의 업무는 특권과 함께 고유 권한이라는 것도 잘 알고 있다. 하지만 정부가 스스로 한 약속도 영사의 고유 권한과 특권으로 무시해 버린다면 이것이야말로 국익에 반하는 것이 아닌가 싶다. 이민자 241만 명 시대에 좀처럼 변화하지 않는 것은 이민자들을 향한 정책과 행정이 아닌가 싶기도 하며 이민자들은 스스로 불이익을 당해도 이의를 제기하거나 이런 일로 소송을 제기하기나 하는 이들이 거의 없기 때문에 정부의 정책과 행정의 변화는 더더욱 거북이걸음을 하고 있다고 본다. 그리하여 이와 같이 시민 단체가 감시하고 이들 외국인 들을 대변하는 것이니 **대학교에 입학하고 등록금까지 납부한 미얀마 학생이 하루 속히 입국할 수 있도록 영사의 갑질을 멈추고 하루 속히 법무부와 협의하여 속히 재 입국 비자를 발급해주길 바랄 뿐이다. [본 게시물의 일부 내용이 국민 청원 요건에 위배되어 관리자에 의해 수정되었습니다]",
  "num_agree": 192,
  "petition_idx": "582887",
  "title": "외교부 재외 공관 영사의 갑질을 막아주세요."
}