{
  "category": "행정",
  "begin": "2019-09-23",
  "content": "(주)******개발이라는 깡통법인체를 만들어서.투자 및 분양을 휘황찬란하게 홍보해서 매수자를 약130여명 모집하여 약120억원이라는 돈을 거두어 들이고, 거기에다 2중분양 계약서를 남발하고,제주시에서는 사업승인취소확정까지 났습니다.저희 피해자들 다들 노후자금을 몰아서 수익형 이라는 사탕 발림 때문에 가입을 했고,원금을 돌려받기위해 개개인 또는 몇몇단체로 고소 및 소송을 제기했으나.모두 증거 불충분이라고. 경찰 검찰에서 결론을 내렸습니다.남은돈이라도 돌 려주도록 수사를 제대로 해 주십시요. 대표는 잔금 이 빵 원이랍니다. 또한 사업주체자가 거두어들인 돈 가지고 비슷한 분양을 또 했습니다. 피해자들 돈 가지고 ****개발 직원들이 똘똘 뭉쳐서 자기들 끼리 대표이사 및 임원진 등기를 바꿔가면서 비슷한 분양사업을 추진하고.우리가 알면 접고, 그 돈을 가지고 대표자는 법망 을 잘이용하여 오늘 날까지 호의호식하고, 명백히 이중계약서가 있는데도 무협의이고, 이건 너무나 법이 잘못 된 것이 아닙니까! 대통령님! 제발 (주)******개발 피해자들 소송 건 검사들이 다시 수사를해서 돈에 출처를 조사해서 공금행령 및 사기여부를 신중히 재 수사 간청드립니다.내용을 다 서술은 못하겠고 조사하면 비리투성이 입니다. 본 사건배정 검사가 4회바뀌어서 과연 내용을 잘 알고 판단을 내린것인지 의문이 갑니다. 유사한 사례가 많을것으로 봅니다만. 이번 건 만은 제발 재수사가 이루어져서 유사사례 피해자 발생을 막아주십시요....청렴한 대한 민국이되도록. 꼭 재 수사부탁 드립니다. 감사합니다. [본 게시물의 일부 내용이 국민 청원 요건에 위배되어 관리자에 의해 수정되었습니다]",
  "num_agree": 631,
  "petition_idx": "582810",
  "title": "약 120억원 출처를 조사해주세요! 제발."
}