{
  "category": "경제민주화",
  "begin": "2019-09-30",
  "content": "안녕하세요. 저는 한창, **** 입점으로 hot한 창원의 **** 창원 전문분석 블로거 공가남이라고 합니다. 지난 3월, *** ****측에서 ****창원의 교통영향평가를 창원시에 제출하던 시점부터 9개월간, 공론화를 통해 주민의견을 수렴하자는 취지의 공론화 진행되어오고 있습니다. 10.2일이 공론화 결과 발표인데, 허나, ****의 진출을 가로막는 것이 하나가 있으니, 이것이, 지난 6월부터 우려하였던 유통산업발전법 개정안입니다. 개정안이 계류중에 있다가, 8월과 10월 국회에서 심의가 되었어야 하나, 혼란스러운 정국 으로 심의되지 못하고, 중앙기관인 산업통상자원부에서 직권으로 시행규칙을 개정하였습니다. 시행규칙은 올해 12월 시행이고, 유예기간이 3개월입니다. 시행규칙이 개정되면서,***나 ** 등의 대형유통기업에 큰 타격을 줄 것으로 예상됩니다. 즉, 기존 상생협약으로 반대하던 소상공인분들과 갈등을 해소 해서 입점하게 하던것이, 이제는 동네 문방구나 슈퍼, 분식점등 의 20~30여개 업종에 대해 상권평가를 하고 이에 대한 대책을 제시해야 합니다. 또한, 지구단위계획에 예전에 상업용지(대형유통부지)를 포함 해야했던것을 이제는 포함하지 않아도 된다라고 개정되었습니다. 이 2가지의 주요개정 사항이 거주민들에게 미치는 영향을 말씀드리고 왜 이 시행규칙 개정안이 폐지 되어야 하는지 가치측면에서 말씀드리겠습니다. 첫째, 20~30개 업종별 상권영향평가는 시간, 자금이 막대하게 투자가 되고 특히, 동네슈퍼나 문방구, 분식점등의 구멍가게에 상생방안과 지원대책을 수립하는것이 현실적으로 불가능합니다. 물론, 동네슈퍼나 문방구, 분식점을 소홀히 하자는 것은 아닙니다. 당연히 보호가 되어야할 부분입니다. 허나, 그 보호의무를 왜 대형유통기업에게만 지어줘야 하는가? 입니다. 좋은 방법도 있습니다. 대형유통업계와 소매점포들간 지금처럼 상생협력을 맺고, 또한 국가 및 지자체에서는 ****나 **몰같은 대형유통업계가 진출시 지역 소상공인 매출감소기한을 산출하여 그 기간동안, 절세혜택등의 편의도 지원해야하나, 오로지 속된 말로 돈 많이 버는 대형유통업계, 너희가 모든 책임과 조치를 해라. 우리는 행정만 한다는 식의 손안대고 코풀기식의 행정은 안됩니다. 둘째, 지구단위계획에 대형유통부지를 포함 하지 않아도 된다. 그리고 그 권한은 지자체장에게 부여한다는 것. 이것은 지자체장의 공약 즉, 해다 소속정당에서 추진하는 소상공인에 대한 정책과 매우 연관성이 있기에, A당 소속 지자체장은 대형유통기업이 들어올수 있는 문을 열어주고, B당 소속 지자체장은 그 문을 닫고, 이런식으로 어떠한 기준없이 일관성없이 흘러간다면, 이게 무슨 규칙이고 제도가 되겠습니까? 이런현상이 지속될때 표만 의식하는 지자체장, 또는 그러한 정치인들이 생길 가능성이 매우 높습니다. 이것은 지자체발전에도 그리고 선진 정치문화 조성에도 악영향을 미칠것으로 보입니다. 셋째. 가장 중요한 입점부지 주변 거주민들 혹은 해당 시군구의 거주민들의 삶의 질 향상입니다. **** 창원을 예로 들겠습니다. ****에는 ***필드, 스포츠***,그리고 2주마다 진행되는 문화예술체험 및 아이들을 위한 kids 컨텐츠들이 많이 있습니다. 그래서 문화복합쇼핑몰이고, 이때문에 ****시티 부천도 개장한지 얼마되지 않아 누적 35만여명의 방문객이 그리고, **** 하남과 고양의 경우에는 연간 1500~2300만명 가량이 다녀갑니다. 우리국민들이 돈을 쓰기 위해서만 그러한 쇼핑몰에 차를 타고 가겠습니까? 여가를 다양하게 즐기고 누릴수 있는 기회가 흘러넘치기에 ****나 **몰등의 대형 문화복합쇼핑몰을 방문합니다. 방문객의 대부분이 아이들의 손을 잡고 오시는 가족단위 고객들입니다. 보십시요. 국가차원에서 지방자치단체에서 ****나 **몰과 같은 대형 문화복합쇼핑몰을 건립하여, 시비나 국비로 운영유지하고 또한, 휴일에는 공무원 혹은 기간제 공무직근로자를 고용하여 운영할수 있는 능력이 있으신지, 또한, ***필드나 스포츠***, ****같은 다양한 문화컨텐츠를 대형유통업계 수준으로 입점부지 일대의 거주민들의 삶의 질을 높혀줄수 있는 능력이 됩니까? 안된다라고, 자신있게 말씀드릴수 있습니다. 지자체와 국가에서는 손도 대지 않는 것을 돈을 많이 버는 대형유통기업에 대해 소상공인 보호의무를 부여하는 것과, 일관성 부재로 유통산업발전법등의 제도가 사람에 따라 바뀐다든지, 이러한 일관성의 부재가 기회주의적인 정치인과 지자체장을 양산 가능성과 대형유통기업의 다양한 문화컨텐츠의 다양성과 서비스 제공 범위를 국가나 지자체가 따라올수 없기에, 국민과 주민들의 삶의질 향상을 보장할수 없다는 점으로 미루어 볼때 12월에 시행될 시행규칙 개정안의 폐지를 국민청원으로 정중히 건의합니다. 아래 링크는 ****창원입점 관련 많은 자료가 있는 *** 네이버블로그 입니다. 블로그내 검색에서 유통 혹은 유발법이라고 치시면 자료확인이 가능하시고, 특히, 반대하는 소상공인들의 논리에 맞선 다양한 찬성논리가 있으니 참고하셔요",
  "num_agree": 1069,
  "petition_idx": "582886",
  "title": "국민 삶의 질 향상을 저해하는 유통산업발전밥 시행규칙 개정안 폐기요구"
}