{
  "category": "교통/건축/국토",
  "begin": "2019-09-23",
  "content": "대전에서 어린 두아이를 키우며 사는 사람입니다. 1년 전 부터 시작된 대전의 아파트가격 상승을 알고계신지요~ 처음에는 일시적인 현상이라 생각했지만, 물가상승률대비 상승폭이 심각할 정도 입니다. 요즘과 같은 경제난국시기에 아파트가격이 일주일 사이 0.4% 상승한다는 건 문제가 있다고 생각됩니다. 주변에 아파트 투자로 수억을 벌었다는 얘기를 들으면, 상대적 박탈감이 느껴집니다. 이 기분은 저 뿐만 아니라 하루하루 열심히 일해서 월급받아 생활하는 근로자는 모두 같은 기분 일 겁니다. 그래서 청원드립니다. 1.대전광역시 전역을 조정대상지역 및 투기지역으로 지정해 주세요! 2019년 2분기의 소비자물가상승률이 마이너스(-)를 기록하고 있는 이 시점에, 대전의 아파트 가격 상승이 전국 광역시 중에 나홀로 상승하고 있습니다. 모든 경제지표가 하향곡선인데, 대전의 아파트 가격만 폭등이라는 것은 비정상 아닐까요? 대전의 아파트값 상승은 공급량의 부족도 원인이겠지만, 세종시의 투기수요가 대전으로 몰린 원인이 더 크다고 봅니다. 현재 외부 유동성의 유입이 대전 시민의 내집장만 꿈을 위협하고 있으며, 무주택자들에게 허탈감과 깊은 상처를 주고 있습니다. 2.대전광역시 전역에 분양가 상한제 시행해 주세요! 지난 3월 대전시 **동 ****시티 분양가를 기억하시나요? 이때부터 아니면 지난 **동 *** 분양때 부터 대전에 평당 분양가가 천문학적인 수준으로 올라가고 있습니다. 서민들은 내집 장만이 더 멀어지고 있습니다. **동 ****는 일반분양 공고 두달전에 공사비 2000억을 이유없이 올렸다는 소문도 있습니다. 청와대 국민청원까지 올라간 것을 알고 계실겁니다. 이렇듯 대전 시민들의 주거안정은 점점 먼 현실이 되어 가고 있습니다. ** ***** 3블럭과 평당 분양가가 어떻게 그렇게 많이 차이 날수가 있는지 대전시민으로서 이해할 수 없습니다. 대전에 앞으로 재건축,재개발이 많이 계획되어있는데 이대로 방치해 둔다면, 건설사만 배불리고 실 거주민들의 삶은 더욱 더 힘들어질 것 입니다. 이미 수치로는 분양가 상한제를 시행해도 되는 가격상승률과 청약 경쟁률이라 생각합니다. 위의 내용으로 대전광역시 ****과에서는 [귀하께서 제안하신 “대전시에서 분양가상한제 적용조치”는 현재의 법령으로는 대전광역시에서 분양가상한제 적용지역을 직접 지정할 수 없는 사항입니다. 따라서 국토교통부의 관련 법령 개정에 따라 추진할 계획임으로 귀하께서 제안하신 내용은 채택이 곤란함을 알려드리오니 이점 이해하여 주시기 바랍니다.] 이렇게 답변이 왔습니다. 국민들의 주거안정과 정상적인 경제활성화를 위해 정부에서 조치를 취해 주세요! [본 게시물의 일부 내용이 국민 청원 요건에 위배되어 관리자에 의해 수정되었습니다]",
  "num_agree": 405,
  "petition_idx": "582806",
  "title": "대전광역시 아파트값 폭등에 정부 규제가 필요합니다."
}