{
  "category": "육아/교육",
  "begin": "2019-09-30",
  "content": "올해 수능을 치를 수험생을 둔 학부형입니다. 최근 대입제도의 불공정으로 인해 대통령의 지시를 받고 교육부에서 대학교에 대한 감사를 진행하고 있습니다. 그 취지는 십분 이해할수 있으나 대입전형이 발표되어 고등학교에 입학한 학생들과 특히 그 전형에 맞춰 이미 모든 수시원서를 제출한 2020학년도 수험생들은 정부가 지금 하고 있는 대학감사에 불안을 느끼고 있습니다. 불법을 저지른것도 아니고 정부와 대학에서 발표한 입학전형의 기준에 맞춰 몇년을 준비해서 마지막 관문을 앞두고 있는 수험생의 입장에서는 어떤 불이익을 당할지 걱정하지 않을 수 없습니다. 최소한 올해 입시, 나아가 이미 입학전형이 발표된 학년에 대해서는 다른 제도를 마련하거나 입시전형을 바꾸는 등의 방법은 취하지 말아주십시오. 그리고 올해 입시가 끝날 때 까지는 지금 하고 있는 감사나 조사는 멈춰주시기 바랍니다. 특정 대학들을 지목하고 그들을 대상으로 실시하는 감사는 그 대학입학전형에 응시한 학생들이 입시 결과를 온전히 받아들일 수없는 빌미를 제공하는 것입니다. 입시를 위해 초중고 12년을 열심히 달려온 학생들을 위해 잠시만 정치적인 행위를 멈춰주시기를 바랍니다. 최소한 2020학년 입시가 모두 끝난 후에 감사를하고 대안을 마련해도 늦지 않을 것입니다.",
  "num_agree": 298,
  "petition_idx": "582884",
  "title": "2020학년 입시에 영향을 미칠 교육부의 대학감사를 멈춰주세요"
}