{
  "category": "인권/성평등",
  "begin": "2019-09-23",
  "content": "(이미 한번 리얼돌 판매 금지 청원이 올라 가 답변까지 받았지만 상황은 변한게 하나도 없네요 답답한 심정에 올려 봅니다) 리얼돌 판매를 금지 하자는 주장입니다 1-성욕은 정말 참을수 없을까? 저는 아직 청소년 이라 정말 100%확실하게 알수는 없지만 같은 ‘사람’입장에서 아니라고 생각 합니다 흔히 인간3대욕구 중에 식욕,수면욕,성욕이 있는데 정말 일까요? 전 지금까지 배우면서 밥을 못먹고 죽은 사람, 잠을 충분히 자지 못해 과로사한 사람등은 알아도 성관계를 못해서 죽은사람은 배우지 못했습니다 심지어 당장 우리나라만 봐도 스님들은 속세와 벗어나 생활하여서 성욕을 풀지 못해 죽은 사례를 보았나요? 2-다수의 무게는 매우 무섭다 아무리 자신이 옳은 행동을 하더라도 100명 중에 혼자만 옳은 행동을 한다면 그것은 과연 옳은 행동으로 분류 될까요? 이상 행동 이라고 다수의 의해서 분류되겠죠 그럼 반대로 100명 중 98명이 길가에 쓰레기를 버린는걸 본 사람이 단 한명이 쓰레기통에 넣는걸 보고 그것을 따라할까요?그냥 자신도 길가에 쓰레기를 버리면서 ‘다른 사람들도 이러니까 나도 괜찮아’하고 생각하죠 그럼 저 리얼돌 을 사는 추세는 ‘아직’ 은 오지 않았지만 아주 조금의 시간만 더 흐르고 98명이 리얼돌 을 사고 1명만 리얼돌은 옳지 않다 하면 나머지 1명은 뭐라 할까요? ‘저 반대하는 눈치 없는 사람은 뭐야? 지금은 다들 리얼돌을 사는 추세인데 ㅉㅉ’ 하며 자신또한 그 다수의 의견을 따라 가겠죠 문제는 그 99명중에 언젠가는 어린아이의 모습을 본따 만든 리얼돌을 사는 사람,보모님 몰래 용돈을 모아 몰래 리얼돌을 사는 청소년,자신의 가족 얼굴을 본따 주문제작한 리얼돌을 사는 사람등 이런 ‘이상 현상’ 이 나중엔 그저 ‘다수의 의견중 하나’ 가 되어 버립니다. 3-사람은 사람이다 말 그대로 사람은 사람 입니다. 겨우 플라스틱인형 따위가 얼마나 비슷하겠냐 하겠지만 그것은 이미 시작했습니다. 불쾌한골짜기 라고 아시나요? 사람이 아닌 물체가 사람과 닮았는데 누가봐도 모형 처럼 보일때 일어나는 불쾌함인데 지금 리얼돌이 이 불쾌한골짜기 를 점점 벗어날 정도로 정교해 지고 있습니다.지금은 소비 하는 사람이 적지만 이 상황을 가만히 두고있다간 기술이 날로 늘어나 체온마저,목소리 마저 구현하는 인형이 생길까 너무 무섭습니다. 사람은 그저 사람이지 물건으로 사람을 구현해 거기다가 사람의 성욕을 푸는 행위는 굉장히 인권을 무시하는 행위로 밖에 보이지 않습니다 4-어른들이 그리 무서워하는 저출생 더 원하나요? 요즘 저출생으로 문제 많다하죠 당신이 만약 부모라면 정말 이 나라에서 아이를 키우고 싶나요 저는 제가 어른이 되면 아이를 낳고 싶지 않습니다. 왜냐구요? 만약 당신이 딸을 기르는 부모 입니다.근데 어는날 당신의 딸이 놀이터에서 놀다 집에 오는길 술에 취한 남성이 자신의 딸을 성폭행(강간)을 했다고 하면 머리가 터지는 느낌이겠죠 근데 재판에서는 그 남성이 ‘술에 취해...길가에 버린 리얼돌인줄 알고...그만 죄송합니다’하여서 겨우 2년 7개월 받는다고 생각 하면 어떤가요? 저 범죄자는 겨우 내 딸아이가 시중에서 파는 정교한 인간모형 플라스틱인형 과 비슷해 보인다는 한마디 덕분에 인생이 망가진다고 생각하면 전 아이를 낳긴 커녕 이 사회에서 도망치고 싶다는 생각이 듭니다. 사생활보호? 자유권 보호? 전 이런 인간과 닮은 인형에 자신의 욕구를 풀 권리가 보호 받아야 한다면 그냥 지금 어른들의 한계가 여기까지라는걸 알고 그냥 도망치겠습니다 . 진심으로 당신이 사람 이라면 리얼돌을 구입해서도 응호해서도 허가한는것도 하지 말아야 합니다.",
  "num_agree": 2309,
  "petition_idx": "582808",
  "title": "리얼돌 판매 금지 원합니다"
}