{
  "category": "일자리",
  "begin": "2019-09-27",
  "content": "저는 대전에서 독거노인 생활 관리사로 일하고 있습니다.. 저를 비롯해 전국의 독거노인 생활관리사는 약 8,000여명이라고 합니다. 독거노인 생활관리사로 홀로계신 어르신들의 안전과 사회와의 관계에서 든든한 징검다리 역할을 해왔습니다. 때론 자식처럼, 때론 친구처럼, 때론 보호자처럼 독고사 예방에도 성심을 다해 헌신적으로 일해 왔습니다. 생활관리사로서 어르신들과 희노애락을 함께 하면서 자부심도 느끼고 많은 경험 또한 큰 자산이 되었습니다. 그런데, 2020년 부터 독거노인 돌봄 서비스가 폐지되고 통합돌봄 서비스로 개편되면서 , 독거노인 생활관리사들이 대량 해고 된다고 합니다. 저희의 고용문제에 대해선 법적으로 아무 하자가 없으니, 해고해도 문제가 없다고만 합니다. 개편되는 사업 또한 지금까지 저희가 해왔던 일과 같은 맥락에 있고 좀 더 전문적인 돌봄 서비스의 전환이라 봅니다. 열심히 일해온 생활관리사들의 경험과 경력을 무시하시지 마시고, 고용 불안에 떨지 않고 계속 일할 수 있도록 정부 부처 차원의 상응 대책을 마련해 주실 것을 간곡히 청원 드립니다.",
  "num_agree": 2011,
  "petition_idx": "582861",
  "title": "독거노인 생활 관리사  대량해고!!!   계속 일하고 싶습니다."
}