{
  "category": "기타",
  "begin": "2019-09-24",
  "content": "현행 법에 따르면 공공의 이익을 위해 범죄자의 이름과 얼굴, 나이 등 신원 공개가 가능하다고 알고 있습니다. ‘특정범죄강력처벌에 관한 특례법’ 8조에 따르면 피의자의 얼굴 공개 요건은 ‘범행수단이 잔인하고 중대한 피해가 발생한 특정강력범죄사건’, ‘피의자가 그 죄를 범하였다고 믿을 만한 충분한 증거가 있을 것‘, ‘국민의 알 권리 보장 등 공공의 이익을 위하여 필요할 것’ 이라고 나와 있습니다. 화성 사건의 경우 공소시효가 끝났지만 33년간 미제로 남은 사건에 대한 국민들의 분노가 크고 또 추가 목격자의 확보를 위해 얼굴을 공개해야 한다고 생각합니다. 언제까지 범죄자의 인권을 보호해주실건가요? 범죄자에게 인권이란 없습니다. 그의 손에 죽은 수많은 억울한 피해자들을 생각해주세요. [본 게시물의 일부 내용이 국민 청원 요건에 위배되어 관리자에 의해 수정되었습니다]",
  "num_agree": 15518,
  "petition_idx": "582822",
  "title": "화성연쇄살인사건 범인 ***의 얼굴 공개를 요청합니다."
}