{
  "category": "미래",
  "begin": "2019-09-30",
  "content": "안녕하세요 현재 임신중인 30대 여성입니다 이 청원 글을 올리기까지 오랜시간동안 답답해하다가 제발 채택되길 바라며 사이다마실수 있을까란 생각으로 글을 올리게 됩니다 처음 올리는 청원글이라 카테고리를 육아 복지 등 으로 지정할까 하다가 미래로 지정해봤습니다 미래라고 생각이 되네요 우리 뱃속의 아이들은 미래인데 미래가 나아지지않을까 해서요. 대중교통만 이용하면 기분나쁜 우리나라 임산부들, 미래에 나의 언니, 동생, 친구, 지인들 그리고 제 일이네요 가끔씩 지히철을 타면 미간이 화가납니다 바로 임산부 배려석인 핑크석때문인데요 우리나라 출산율 저조하다 하면서 안에서 썩고있는 이런 사소한 문제하나 왜 다루지 못하는걸까요 사람이 사람 낳는거 쉬운일 아닙니다 생각할수록 신기하고 신비스러운 일이죠 그런데 요즘 주변에 보면 유산, 불임, 난임 등 환경적인 문제며 스트레스며 젊은여성들도 임신하기 참 어려워진 세상이라고 생각합니다 그리고 내아이 품는 10달도 참 힘들고 어려워진 세상이구요 그런데 초기임산부들은 뱃지를달고 뱃지가 없어도 배가 나온 티가나는 임산부들 조차도 지하철을 이용할때 참많이 불편합니다 성격이 이런사람이 아니었음에도 불구하고 이사람저사람 눈치보이게되고 핑크석 가까이 서있을땐 사람들이 흘끔 쳐다보기만 하고 '저임산부에요 비켜주세요' 이럴수도 없는노릇이구요 서울교통공사에서도 임산부배려석은 임산부가 오면 양보하는 자리가 아니라 임산부만을 위해 비워두는 자리라고 했는데요 핑크석에 떡하니 노약자석 처럼 그림이 표시되어있고 임산부 배려석 이라는 글이 사람들의 인식에는 말 그대로 배려하는 자리 라고 생각되나봅니다 누가봐도 임산부인데 떡하니 앞에 서서도 임산부 좌석에 앉아보질 못합니다 오히려 눈치보게되죠 지하철 임산부 핑크석에 대해 꼭 개선 부탁드립니다 명시되있는 임산부 배려석이란 말을 없애주세요 임산부 지정석 등으로 바꿔주세요 그리고 꼭 실현되길 바라는점은 우리나라처럼 발달이 빠른 강국에서는 머리맞대면 금방 이루어질일이라고봅니다 제 생각이긴합니다만 핑크석과 일반석사이에 칸막이 하나 설치해주시고 앉는 부분을 바코드 인식후(임산부 뱃지로 설정) 개폐식으로 해서 임산부만 이용할수있게 이런류의 시스템 도입도 추가해주셨으면좋겠습니다 작은거 하나부터 개선해주세요 꼭 부탁드립니다",
  "num_agree": 239,
  "petition_idx": "582881",
  "title": "지하철임산부석에 대해 꼭좀 읽어주세요"
}