{
  "category": "문화/예술/체육/언론",
  "begin": "2019-09-25",
  "content": "***에서 서비스하는 *** * ****이라는 게임에 대한 청원 글입니다. 게임內 아이템 강화도가 최초 30이라고 알려져 있으나 게임사에서 일방적으로 수치를 40으로 업데이트하려고 합니다. 현재 게임에 30강화도는 MAX로 표현되고 있으며 유저로 하여 무리한 과금을 또 부추기고 있습니다. 잦은 업데이트, 버그 관련해서는 처리되지 않고 과금 유도에만 집중하는 부분에 대해서 청원을 올리고자 합니다. 비단 *** * ****이라는 게임뿐만 아니라 모든 모바일 게임에서 과도하게 과금을 부축이는 현상에 대해서 이번 기회로 하여 고쳐졌으면 합니다. 간단하게 예를 들어 게임 운영사가 국가라고 한다며 그 유저는 국민에 해당된다고 할 수 있습니다. 물론 게임회사는 돈을 벌어야 하는 기업이기에 다른 부분이 있지만 전혀 유저에 의견을 들으려고 하지 않습니다. 일전에는 상담사의 잘못된 안내로 환불을 받으려고 통화를 했는데 해당 녹취를 들려달라고 하였으나 거기에 대해서도 거절을 당했습니다. 고객센터 방문을 해서 본인임을 확인하고 직원과 함께 동석을 한 경우는 녹취를 들을 수 있어야 되지 않습니까? 나중에 잘못을 시인하고 아이템을 복구해줄 테니 다른 유저들에게는 말하지 말라고 하더군요. 이런 식의 운영은 정말 아니라고 봅니다. 무료 게임도 아니고 유저가 과금을 하는 게임인데 이제는 고객의 소리를 들어주셔야 됩니다. 국내 모바일 게임 시장규모는 이제 6조 원이라고 합니다. PC가 4조 원인데 이미 역전을 한 상태입니다. 고객의 소리를 듣지 않고 일방적인 업데이트를 진행하려고 하신다면 과금을 환불해주셔야 되는데 그 또한 불가능하니 더 이상 이런 문제로 피해 보는 유저가 없으면 하는 바람입니다. [본 게시물의 일부 내용이 국민 청원 요건에 위배되어 관리자에 의해 수정되었습니다]",
  "num_agree": 2569,
  "petition_idx": "582843",
  "title": "*** 모바일 게임 운영정책 관련 청원"
}