{
  "category": "정치개혁",
  "begin": "2019-09-25",
  "content": "작금 윤석열총장의 행태를 보면 도가 지나쳤다고 봅니다. 조국법무부장관의 딸 표창장 종이한장이 그리 큰죄던가요? 아니 본인 가족소유 자산 10억 투자가 검찰 특수부전체를 동원할 정도로 심각한 사안인가요? 이러한 정치검찰의 작태에 국민들은 불안해 하고 있습니다. 가장 청렴결백해야할 검찰이 지금 그 권력을 이용해 나라를 흔들고 있습니다. 적폐중 적폐인 검찰 해산을 바라지만 최소한 지휘감독을 자처한 윤석열총장은 즉각 해임시켜 주세요",
  "num_agree": 3472,
  "petition_idx": "582846",
  "title": "정치검찰 윤석열을 해임시켜주세요."
}