{
  "category": "안전/환경",
  "begin": "2019-09-26",
  "content": "노고가 많으십니다 저는 흡연했다가 23년전에 끊고 지내는 평범한 사람입니다 요즘들어 금연 구역에 대한 확대로 그나마 공공장소는 많이 근절되어 가는것 같습니다. 허나 여전히 솜방망이 처벌과 신고률이 적다는 이유로 일부사람은 금연구역에서도 흡연을 하는걸 종종 봅니다. 이런 부분들은 현시점에서는 다른 방안을 내놓지 않는한 근절되기는 어렵다고 생각합니다. 그려려니 지내오다 요즘들어 차량 운전이 많아 지고, 걸어다니거나 차량 이동중에 보면 길거리에서 걸어다니면서 흡연을 하는사람이 있던데 흡연 지정자리가 아닌 보행흡연 단절에 대한 범칙금과 행동이 필요할듯합니다 걸어다니다가 앞사람이 담배피는 냄새 맡아보신분들 우리나라 국민중에 경험 안해본사람 없을듯 합니다 굉장히 매너가 없는행동을 거리낌없이 당연하듯이 피우고 다닙니다. 특히나 공단 같은데 식당주변 가보면 현장일하는 사람 밥먹으러 가면서 담배 물고가는사람 많아도 너무 많습니다 차량 운전중에도 마찬가지입니다. 간혹 차량에서 담배 피우면서 가는사람 종종 있습니다. 선선한 바람 맞으면서 가려고 창문열고 가는 비흡연 및 어린애라도 태우고 가는 차량은 그 담배연기 차안으로 그대로 빨려들어옵니다. 굉장히 불쾌합니다. 여기에 대한 신고는 굉장히 쉽습니다. 차량내의 블랙박스나 휴대폰 영상으로 흡연을 하는 모습과 번호판을 찍어서 보내면 신고자에게 포상금을주고, 흡연자는 범칙금을 부여하면 됩니다. 흡연자는 일반인에게 피해주지 않을 장소에서 얼마든지 흡연하면 됩니다. 나라에서 정하던지 지역에서 만들던지 정해주면 됩니다. 이상 담배연기를 엄청 싫어하는 한 시민에 하소연 입니다 1. 보행중에 흡연자 근절법 2. 차량 운행중에 흡연자 근절법",
  "num_agree": 236,
  "petition_idx": "582848",
  "title": "흡연방지 범칙금 조건 추가 (길거리 및 차량)"
}