{
  "category": "문화/예술/체육/언론",
  "begin": "2019-09-23",
  "content": "저는 (주)****의 '*****M' 이라는 모바일 게임을 플레이 하고 있는 유저입니다. 이하 '**' 라고 지칭하도록 하겠습니다. **는 현금 및 카드 결제를 통해 게임 내의 '*** 코인'(이하 '코인')을 충전하고, 게임내에서 아이템을 구매할 수 있도록 되어 있습니다. 또한 어느 게임이나 마찬가지겠지만 **에도 확률형 뽑기(가챠) 상품이 존재하며, 매월 1일에 갱신되는 뽑기, 매월 중순경에 갱신되는 뽑기가 있습니다. 각각 월가챠, 연가챠라고 지칭됩니다. 일반적으로 월가챠에서 원하는 아이템을 뽑는데는 5%의 확률, 연가챠에서 원하는 아이템을 뽑는데는 0.5%의 확률로 공지하고 있습니다. 확률이다보니 개인별 획득까지의 코인 소모 수량은 편차가 심한 편입니다. 어떤 유저는 1-2만원에 획득하는 반면, 또 다른 유저는 20-30만원을 과금하고도 얻지 못 하기도 합니다. 이런 와중에 금일(9/18) '9월 결제 감사 이벤트'라는 이름으로 7일이라는 기간 동안 1500개의 코인을 '소모' 할 경우 연가챠 0.5% 확률에 해당하는 아이템을 공짜로 교환할 수 있는 아이템을 지급한다고 공지하였습니다. 보통 과금을 하고 있는 유저들은 월가챠와 원가챠가 갱신되고 늦어도 3일 내에는 결제 후 뽑기를 완료하기 마련입니다. 빨리 뽑을수록 그 만큼 케릭터가 빨리 강해지기 때문입니다. 따라서 대부분의 과금유저가 이미 코인을 소모한 상황에서 이벤트라는 명목으로 또 다시 불필요하게 코인을 소모하게 한다는 것은 너무 과한 운영 방식으로 보입니다. 이는 이미 9월 확률형 뽑기에 코인을 소비한 유저를 기만하고 역차별 하는 행위입니다. 정부와 국민이 원하는 '건전한 게임문화' 를 위해서도 이러한 기만적인 방식의 게임 운영은 있어서는 안 될 것입니다. 글재주가 없어서 현재 상황에 대해 분노하고 있는 유저들의 목소리가 조금이나마 전달되었는지 모르겠습니다. 담당자께서 (주)****의 이러한 행태에 대해 제재해 주시기를 바라며, 적어도 유저들이 외치는 '원성'과 '경고'의 목소리가 전달되었으면 하는 바람입니다. 문제의 이벤트 공지입니다 : https://cafe.naver.com/***************/****** [본 게시물의 일부 내용이 국민 청원 요건에 위배되어 관리자에 의해 수정되었습니다]",
  "num_agree": 361,
  "petition_idx": "582813",
  "title": "요즘 모바일게임 현금 유도 막아주세요"
}