{
  "category": "안전/환경",
  "begin": "2019-09-24",
  "content": "저는 올해 7월에 발생한 **반도체 방사선 피폭사건 피해자 가족(아버지)입니다. 부디 글을 끝까지 읽어주시고, 억울하게 방사선 피폭피해를 입은 제 아들을 도와주세요. 제 아들은 학교 졸업을 앞두고 2019.7.15.~2019.7.31.(17일)동안 **반도체 외주업체의 장기현장실습생으로 취업하여 방사선취급 업무를 수행하였습니다. **반도체와 용역업체는 작업속도를 높이기 위해 근로자에게 근무 첫날부터 최소한의 방사선 안전교육조차도 없이 반도체 결함검사용 X-ray 발생장치의 안전장치를 풀고 방사선이 방출되는 기기 내부에 손을 넣어 작업하도록 지시하였습니다. 당시, 방사선 취급관련 전문지식과 교육없이 업무를 수행하게 된 제 아들은 X-ray 방출 시 안전장치를 풀라는 상급자의 지시가 얼마나 위험한 지시인지 몰랐습니다. 또한 안전장치를 풀고 방사선이 나오는 기기 안에 손을 넣어서 작업을 하는 것이 절대 있을 수 없는 일이라는 사실을 모른 채 무려 17일 동안이나 다량의 방사선에 피폭된 채 업무를 진행하였습니다. 아들이 **반도체에 근무하는 17일 동안 단 한 차례도 방사선에 대한 안전교육은 이뤄지지 않았으며 방사선을 다루는 근로자에게 당연히 제공해야 하는 필수 안전교육조차 제공되지 않았습니다. 뿐만 아니라 신체를 보호할 수 있는 안전장비(납 의류 등)도 제공받지 못했으며 방사선 장비를 다루는 경우 방사선 피폭량의 위험수치를 알려주는 개인 피폭선량계(포켓선량계)도 지급받지 못한 채로 작업을 하였습니다. 작업을 하며 점점 손가락 통증이 심해지고 피부 홍반이 나타나자 근무한지 8일이 지난 7월 25일에 담당직원에게 이상증상에 대하여 호소하였으나 담당직원은 ‘수년간 일한 직원들도 아무 이상이 없었는데 과민반응하지 말라’며 오히려 나무라기만 하고 질문을 하는 아들에게 욕을 퍼붓기도 하였습니다. 담당직원의 말대로 다른 직원들도 동일한 방식으로 작업을 지속적으로 하였다면 이미 **반도체에서 근무하던 직원들 상당수는 방사선에 피폭되었을 가능성이 있으며, 만일 그렇지 않다면 입사한 지 1일밖에 안 된 직원에게만 강제로 불합리한 작업방식을 요구하였음이 드러나는 대목입니다. 이후에도 손가락 마디마디에 느껴지는 통증을 견디며 아들은 작업을 계속하였고 제대로 된 교육을 받은 적 없기에 그것이 방사선 피폭에 의한 고통인 줄도 몰랐습니다. 방사선에 피폭된 아들의 증상은 점점 심해졌습니다. 5일 뒤 손가락 피부가 벗겨지고 손끝이 검은색으로 변하고 통증으로 잠도 못 이루던 아들이 병원에 검사를 받으러 가겠다고 말했습니다. 7월 31일 **병원은 방사선 피폭에 의한 통증을 호소하는 환자에게 정밀검진도 진행하지 않은 채 항생제를 처방하고 손가락에 깁스를 하는 어이없는 처방을 했습니다. 외래진료 후 아들은 다시 근무를 하였고 통증이 점점 심해진 아들이 회사를 그만두겠다고 말한 뒤에서야 회사는 **병원으로 대동하여 간 후 고대병원 응급실로 옮겨 진료를 보도록 하였습니다. 아들은 통증을 호소한 지 12일이 지난 8월 5일에서야 원자력의학병원으로 이송되어 방사선 피폭에 대한 정밀검진을 받을 수 있었습니다. 그제야 담당직원은 미안하다며 통화를 하자고 아들에게 문자를 보냈습니다. 이후 회사 측에서는 혈액검사 결과 비정상 수치가 나오지 않았다고 주장하고 있지만 방사선 사고의 경우 급성으로 혈액검사 문제가 발견되는 것은 며칠 뒤 사망하는 경우에만 해당된다고 합니다. 전문가 의견에 따르면 방사선에 피폭되어 외적으로 홍반, 변색 등의 증상이 나타나는 것은 일반인 허용 선량의 약 5000배까지 노출이 되어야 생긴다고 합니다. 일반인이 일 년간 받는 선량의 5000배를 제 아들은 2주도 채 되지 않는 기간 동안 받았습니다. 이 정도의 방사선에 피폭되는 경우 10년 뒤 백혈병, 20년 뒤 식도암이나 피부암, 혈액암 같은 질환이 생길 수 있습니다. 고작 23살, 이제 막 사회에 첫걸음을 내딛은 제 아들은 방사선 피폭으로 인해 백혈병과 암에 걸리지 않을까 평생을 걱정하며 살아야 함에도 불구하고 업체는 장기현장실습생인 노동자에게 책임을 전가하고 제대로 된 보상을 해주지 않고 있습니다. 대학교 등록금을 갚기 위해 사회에 첫 발을 내딛은 제 아들은 23살인 너무나도 어린 나이에 신체적 고통뿐만 아니라 앞으로 수십 년을 백혈병과 암에 걸리지 않을까하는 미래의 불확실성으로 스트레스, 우울증, 대인기피증을 호소하고 있습니다. 현재도 업체는 산재처리만으로 사건을 축소시키려 하고 제대로 된 치료와 방사선 피폭 후유증에 대한 보상도 해주지 않고 있습니다. 보상도 받지 못한 채 평생 신체적 고통과 정신장애를 갖고 살아가야 할 제 아들을 생각하면 억울하고 분통이 터집니다. 안전장치를 풀어 방사선 발생장치에 손을 집어넣게 한다는 상상도 할 수 없는 작업을 시킨 **반도체와 하청업체의 실태에 대해 철저히 조사하고 엄중히 책임을 물어야 합니다. 또한 **반도체와 하청업체 사이에 부당한 계약체결이 이뤄지지 않았는지 여부를 조사하고 방사선 안전교육을 소홀히 한 죄를 꼼꼼히 따져봐야 합니다. 구의역 김군 사망사고, 태안화력발전소 사내하청 김용균씨 사망사고, 메탄올 중독으로 인한 실명 등.. 일하는 청년들이 계속 다치고 죽어가지만 여전히 국가의 관리감독은 소홀하며 위험에 대한 외주화와 외주업체에 대한 책임전가도 지속되고 있습니다. 누군가에겐 딸 혹은 아들인 근로자들의 목숨을 담보로 반도체 국산화를 서두르려 한 대한민국의 현주소입니다. **반도체를 압수수색하고 방사선 사업현장의 근로자들을 보호해야 합니다. 평생 피폭으로 인한 신체적, 정신적 고통과 장애를 겪으며 살아가야 할 제 아들을 보호해주세요. 이에 청원을 통해 아래와 같이 요구합니다. 첫째, 정부는 **반도체는 물론이고, 전자업종 방사선(엑스레이) 설비 사용실태를 철저히 조사하여 하루빨리 적지 않은 방사선피폭 피해자들에 대한 대책을 마련하여야 합니다. 둘째, **반도체에서 4월에 림프종(혈액암)으로 무고한 노동자가 사망했으며, 이번에 방사선 피폭사고가 또 발생했습니다. 반복적인 사고에도 불구하고 **반도체 대표이사는 작업장을 안전하게 관리한다는 허무맹랑한 주장을 경제지를 통해 유포하고 있습니다. 잘못을 뉘우칠 줄 모르고 오로지 면피만을 위한 가짜 뉴스를 유포하는 **반도체 대표이사를 엄하게 처벌하고 행정적으로도 제재하여야 합니다. 셋째, 다시는.. 다시는 이 땅에서 일하다가 다치고 죽는 아들딸이 없도록 해 줄 것을 강력히 요구합니다. 긴 글 읽어주셔서 감사합니다. [본 게시물의 일부 내용이 국민 청원 요건에 위배되어 관리자에 의해 수정되었습니다]",
  "num_agree": 4778,
  "petition_idx": "582824",
  "title": "방사선 피폭사고로 23살 제 아들이 아픕니다. **반도체 사장을 처벌해주십시오."
}