{
  "category": "행정",
  "begin": "2019-09-26",
  "content": "당사는 업력 21년의 주유기 제조 회사로서 창립 당시부터 포화하는 내수시장보다 해외시장 개척에 더 많은 노력을 기울여, 300만불 수출의 탑도 수상한 바가 있는 수출주력 기업입니다. 그러나 수년 전부터 세계경제의 침체와 함께 경쟁이 심화되고 수주가 감소하여, 시장 다변화를 위해, 아프리카 시장을 개척 하던 중, 아프리카 업체로부터 주문을 받게 되었습니다. 당사는 비록, 아프리카 업체와의 거래가 없지는 않았지만, 우리에게는 아직도 멀고, 낯선 시장이었고, 첫 거래하는 바이어에 대한 신뢰 또한 없어 한참을 고민하던 중, 당사와 같은 처지에 있는 업체를 위해 한국무역보험공사에서 바이어 신용조사 서비스를 해 준다는 반가운 소식을 듣고, 바이어 신용조사를 진행하였습니다. 바이어 신용조사를 신청하며, 당사와 같이 정보력이 부족한 중소기업에게는 단비같은 좋은 제도라는 생각과 함께, 수출보험이 납세자인 내 돈으로 운영되고 있다는 의식하에, 한국무역보험공사에서 요구하는 자료는 물론 요구치 않은 자료까지 제공하여, 한국무역보험공사의 담당자로부터 한국이엔이같이 꼼꼼하게 챙기는 업체는 처음 본다는 이야기까지 들었습니다. 이에, 한국무역보험공사로부터 당사가 문의한 아프리카 업체는 믿을만한 업체이며, 수출보험도 가입이 가능한 업체라는 평가를 받고, 2018년 말에 당사직원의 3달치 봉급에 해당하는 약3억원 어치의 물품을 부보를 통해, 수출하게 되었습니다. 허나, 대금 결제일이 되었음에도 불구하고, 바이어가 대금을 주지 않아, 무역보험공사에 수출 보험금을 청구하였더니, 무역보험 공사에서 사고 조사를 한 후 보험금을 지급해 줄 예정이라는 통보를 해 왔습니다. 며칠 후, 무역보험 공사에서는 당사에 보험금을 지급해 줄 수 없다는 청천병력같은 이야기를 당사에 해 왔습니다. 이에 그 이유를 묻자, 최초 신용조사를 했던 업체를 다시 신용조사를 해 보니, 최초에 신용조사를 했던 업체가 어떤 업체를 사칭한 사기꾼 이였다며, 1차 신용조사 내용과 다른 2차 신용조사 내역서를 당사에 전달하여 왔습니다. 이에, 한국무역보험공사에서 신용조사를 완료했고, 신용조사 결과에 따라 부보가 가능하단 판정을 받은 후, 한국무역보험공사를 믿고 수출을 했는데, 이제와 한국무역보험공사가 행한 잘못된 신용조사를 당사의 책임으로 돌리고 보험금을 지급해 주지 않는 것이 세상에 어디 있냐 항의하자, 당사에는 매우 미안한 일이지만, 당사가 알려준 바이어 정보를 토대로 연락을 했고, 신용조사를 했기에 한국무역보험공사는 책임이 없다는 무책임한 답변과 함께, 억울하면 이의제기를 하여 하소연을 하던지, 소송을 하라 하고 있습니다. 한국무역보험공사는 신용조사 서비스를 광고하며, “수출 기업의 눈과 귀” 이다, “세계적인 신용평가 기관 및 네트워크를 통해 정확한 정보를 제공한다” 광고하고 있으며, 정부24 에서도 “수출거래시 바이어가 의심되면 국외기업 신용조사 서비스를 활용하라” 광고하고 있습니다. 서두에 언급했듯이 정보력이 부족한 중소기업에게는 꼭 필요한, 매우 유용한 취지의 정책이라 생각됩니다. 허나, 당사의 사례와 같이, 한국무역보험공사를 믿고 수출을 했건만, 나중에 책임이 없다며 오리발을 내는 한국무역보험공사를 누가 믿고, 수출을 하겠습니까? 차라리, 한국무역보험공사의 신용조사 서비스가 없었더라면, 수출을 안해, 회사의 존립을 위태롭게하는, 이러한 막대한 피해를 입지는 않았을 것입니다. 작금의 한국무역보험공사의 신용조사 서비스는 되려 “수출기업의 눈과 귀를 멀게” 하고 있으며, 한국무역보험공사의 위상을 “내가 낸 세금을 좀먹는 기관”으로 전락시키고 있습니다. 당사는 한국무역보험공사의 불합리한 판정으로 인해, 회사 경영에 큰 애로를 겪고 있으며, 문제 해결을 위해 불필요하게 인적, 물적으로 큰 피해를 겪고 있습니다. 지금 당장 약속한 보험금을 지급 받을 수 있게 하여, 경영을 정상화 시켜 주시고, 당사와 같은 피해가 타 업체에도 발생하지 않도록, 제도를 개선해 주십시오!",
  "num_agree": 236,
  "petition_idx": "582858",
  "title": "중소기업을 망하게 하는, 한국 무역보험공사의 엉터리 수출보험을 고발합니다!!"
}