{
  "category": "행정",
  "begin": "2019-09-30",
  "content": "호소합니다 어찌해야할지요 저는 치킨집을 18년 운영하고 있습니다. 다름이 아니오라 옆 편의점이 약 10년전 입점하여 운영중인데 처음 시작할때, 편의점 친구들이 어려운 친구라고 잘 부탁한다고 해서 저도 동생같이 잘 지내다가 편의점 알바 구하기 힘들다 호소를 하여 한 사람을 소개해줬습니다. 약 두달정도 지난 시점에 알바하고 편의점주와 사이가 안좋아지자 사이가 벌어지게 되었습니다. 저도 없는 형편인지라 그동안 편의점 전기를 따서 쓰는 형편이었는데, 8월 2일 제일 바쁜 삼복 중에 전기를 끊어 더욱 사이가 벌어졌습니다. 그러던 중 5년지난 시점에 편의점 사정을 고려해 화장실 다닐때 저희가게 홀 안으로 다녔지만 사이가 멀어지며 바깥쪽으로 다니다, 옆 건물 오피스텔 택배를 받아주는 조건으로 오피스텔로 다녔던 것으로 알고있습니다. 그러다 갑자기 저희 매장으로 들어와 \" 화장실다녀올게\" 하더니 저도 괘씸한 기분에 화장실 가는 문을 2-3분 정도 잠궈 감금죄로 처벌을 받았으며, 화장실을 못쓰게 한다고 고소를 당하면서 화회금 600만원을 주고 화회를 했으나 그이후로 6년동안 화장실을 한번도 다니는 모습을 보이지 않았습니다. 근래에 옆 편의점 주변에서 도난 사건이 일어나 저희 가게에 설치된 cctv를 경찰이 보여달라하여 보여줬는데, 그게 옆 편의점사장의 소행이었습니다. Cctv를 저희가 보여준걸 알고 알고난 이후로편의점사장의 소행으로 보이는 파라솔 신고부터 줄지어 신고가 들어오고 있습니다. 그리고, 8월초 장인어른께서 갑자기 중환자실에 입원하셨다 연락을 받아 혹시몰라, 화장실 가는 문을 경황이 없어 이틀 잠궈놓았는데, 그 사이 경찰을 불러 잠금장치를 확인하고 9천만원의 소장이 날라왔습니다. 왜 6년동안 안다니다 이제와서 시비를 거는건지 저희는 cctv 보복이란 생각이란 생각밖에 안드네요 이번에 이런일을 겪어보니 경찰입회하에도 Cctv는 보여주는게 아니라고 하네요. 월세 80만원 임대료를 내는 가게에서 이틀 잠궜다고 9천만원 소장이 말이 되나요? 어찌하면 좋을까요 ? 하루벌어 사는 저희에게 이런일이 생겨 밥도 넘기기 힘듭니다. 도와주세요.",
  "num_agree": 185,
  "petition_idx": "582912",
  "title": "도와주세요"
}