{
  "category": "교통/건축/국토",
  "begin": "2019-09-30",
  "content": "이곳은 원래 100% 산업단지 일자리 유치를 할 목적으로 애초에 계획된 곳입니다. 그러나 30만 수도권 주택공급 공약을 지키기 위해 처음에 계획했던것을 무시하고, 계양에도 51% 주택공급을 하겠다는 취지입니다. 이것은 정부가 내세운 30만 숫자에 매몰되어 국민들과 협의절차없이 진행되는것으로 보입니다. 애초에 계획했던 대로 계양테크노밸리는 기존대로 100% 기업유치로 바꿔주세요.",
  "num_agree": 223,
  "petition_idx": "582904",
  "title": "계양테크노밸리 기존대로 100% 기업유치로 바꿔주세요."
}