{
  "category": "정치개혁",
  "begin": "2019-09-30",
  "content": "청와대 들어가기전에는 안이랬잖아요? 국민들이 하나라도 더알아야한다고 했잖아요? 탈원전과 최저임금 그동안 국민참여공론화 의견수렴해서 해왔는데 왜 사법개혁만은 도덕적으로 지탄받는 특정한 한사람만이 할수 있다는건가요? 사법개혁을 반대하는 국민은 없어요.사법개혁을 믿고 맏길수 있는 청렴한 법무장관을 원하는겁니다. 이게 왜 진영간의 정쟁거리가 되야 합니까? 누구도 자신이 더 부족했고 내탓이다고 돌아보는 사람이 없는데 신흥적폐세력의 기반으로 보이는 사모펀드 수사도 여야진영불문 엄정하게 수사하면 되잖아요? 스스로 임명한 검찰총장에게 맡기세요!",
  "num_agree": 875,
  "petition_idx": "582914",
  "title": "청와대 들어가기전에는 안이랬잖아요?"
}