{
  "category": "보건복지",
  "begin": "2019-09-30",
  "content": "안녕하세요. 저는 보육원에서 봉사하고 있는 사람입니다. 이번 인천 미추홀구에서 5살 남아가 아버지의 폭력행사로 인해 사망하는 사건이 발생하였습니다. 2년 전에도 아동학대로 인해 처벌 받았고 그로 인해 보육원에서 2년가량 보호 조치 되었지만, 지난달 30일 무작정 데리고 가겠다고 한 후 원가정 복귀 되었습니다. 기사에 따르면, 의붓아들이 계부의 폭력으로부터 벗어나 보육원 생활에 적응해 잘 지내고 있는데도 지난달 30일 무작정 데리고 가겠다며 억지를 부린 것으로 전해졌다고 합니다. 만약, 원 가정으로 복귀 되지 않았다면, 이 아이는 안타깝게 사망하는 일이 없었을 겁니다. 보육원에서 생활지도사의 보살핌을 받으며, 봉사자들에게 사랑 받으며 씩씩하고 건강하게 자랐겠지요. 이렇게 된 이유에는, 학대와 방임으로 온 아이들조차도 복잡한 절차와 확인 없이, 원 가정으로 쉽게 복귀하게 하는 것과 특별한 경우를 생각하지 않고 친권을 보장해주기 때문이라고 생각합니다. 학대나 방임으로 보육원에 온 아이들이 다시 원래 가정 복귀를 해야할 땐, 단순 몇 시간의 의미 없는 교육이 아니라, 그 부모의 100시간이 넘는 충분한 심리 치료 및 상담, 여러 가지 심리검사와 같이 아이를 양육할 준비가 되었다는 증명 서류, 충분한 시간을 둔 절차가 필요 하다고 생각됩니다. 또 원가정 복귀 후에는 형식적인 사후관리가 아니라 최소 5년은, 아이들이 잘 지내고 있는지 꾸준히 가정방문 및 관찰하는 것과 같은 제대로 된 사후관리가 필요하다고 생각합니다. 지금이라도, 원가정 복귀에 대한 관련 사항에 대한 엄격한 조치가 필요하다고 생각하며, 제대로 된 사후관리가 들어 갈 수 있도록 해주세요.",
  "num_agree": 1161,
  "petition_idx": "582905",
  "title": "인천 5살 남아 폭행사건>보육원 아동의 원가정 복귀에 대한 엄격한 절차와 사후관리를 요청합니다."
}