{
  "category": "저출산/고령화대책",
  "begin": "2019-09-30",
  "content": "안녕하세요 5살 딸아이를 키우는 엄마이며, 아동 학대와 보호에 지속적인 관심을 가지는 대한민국 엄마입니다. 계모가 온몸에 락스를 뿌리고 화장실에 가두어 죽인 **이 사건 때부터 이런 뉴스만 보면 눈이 뒤집어지네요. 그때도 생각했습니다. 앞으로도 계속 이런 일이 반복 될 거라 생각은 했지만 정말 기가 막히네요. 이번에 계부에게 맞아 죽은 아이는 심지어 그 계부에게 학대 당해 집행유예까지 받은 이력이 있습니다 그래서 보육원에 맡겨졌는데 억지로 데려 가게 했죠? 이게 바람직하다고 생각하시나요? 이게 우리나라 현실입니다. 있는 아이도 못지키면서 무슨 아이를 낳으라고 온갖 돈을 쏟아붓고 있나요? 저는 국가에 제안합니다. 1. 아동 학대에 대한 엄격한 법률을 적용하는 게 그렇게 어려운 일인가요?왜 과거를 반복하게두시나요? 2. 학대 신고나 재판까지 받은 사람이 다시 보육할 수 있게 결정하는데 관여한 기관을 공개해주십시요. 3. 문제가 있다면 아동학대의 전체적인 메뉴얼을 빠른 시일내에 손봐서 국민에게 공표해주세요. 4. 주변 신고나 학대 혐의가 있는 사람의 재보육을 철저히 막아주십시요. 5. 친엄마에 대한 공범 내지 방조죄를 적용해주십시요. 6. 저출산에 붓는 돈을 아동학대와 보호 기관에 투자하여 우리 아이들을 지켜줄 수 있게 해주십시요. - 캠페인 인식 변화, 보육원 체질 개선, 아동 보호 기관의 선진화, 선진 법 제정, 범죄자와 방관자에 대한 엄격한 법적용 이게 되지 않는 한 국가가 꿈꾸는 아이들이 행복한 나라는 절대로 오지 않습니다. 명백한 답변을 주지 않으면 또 살해당하는 아이들을 그저 지켜만 보게 될 것입니다. 제발 기본부터 잘 합시다.",
  "num_agree": 1185,
  "petition_idx": "582907",
  "title": "5살 아이를 20시간 때려 살해해도 되는 나라, 있는 아이도 못지키면 애 낳으라고요?"
}