{
  "category": "행정",
  "begin": "2019-09-30",
  "content": "문재인 대통령님께 부탁드립니다. 저는 주위에서 흔히 볼 수 있는 평범한 20대 직장인입니다. 경기도로 내려와 일하며 풍족하진 않지만 매달 착실하게 번 돈으로 알뜰하게 살아야 하는 이 시대 청년이지요. 문재인 대통령님께서 후보시절부터 청년들의 일자리와 복지에 얼마나 관심이 많으셨는지 압니다. 훗날 이 나라를 유지하고 탄탄하게 일구어 나가는 바탕이 청년에 있다고 믿으셨던 것도, 그래서 많은 반대를 무릅쓰고 청년들, 서민들을 위한 정책을 펴고 계시는거라고 믿습니다. 그렇기에 어렵게 부탁드립니다. 일주일 전, 제가 사기를 당했습니다. 중고거래 사이트에서 평소에 갖고 싶었지만 너무 비싼 물건이 저렴하게 나와있는 것을 보고 판매자가 원하는 대로 입금했지만, 결국 제가 입금한 판매자는 그 물건을 보내줄 생각도 없었고, 알고 보니 십년 전부터 유명한 사기꾼이었습니다. 사기로 잃은 돈은 40만원. 누구에게는 재수없었다 여기고 넘어갈 수 있는 돈인지 모르겠지만, 저에게는 꼭 사고싶었던 물건을 사기위해 힘들게 마련한 돈입니다. 사기라는 걸 알고 다음날 바로 제가 사는 지역 ***경찰서(피진정인: 유**) 로 가서 신고를 했습니다. 그리고 접수된 건들이 있으니 순서대로 처리하겠다는 답변과 기다리라는 얘기를 들었습니다. 저는 가만히 있을 수 없어서, 그 사람에게 피해당한 사람을 스스로 찾았습니다. 이런 소액사기인 경우, 피해자들이 많으면 수사가 빨라진다는 얘기를 들었기 때문입니다. 그리고 한편으로는 사기꾼에 대한 정보를 모았습니다. 중고나라 번개장터등에서 이미 유명한 사람이었다는 것도 그래서 알게 되었구요. 놀랄 수 밖에 없었던 건, 제가 진정서를 제출하고 불과 이 삼일 만에 모은 피해자가 열명이 넘었다는 사실입니다. 그럼에도 더 힘이드는 것은, 점 점 피해자와 피해액이 늘고, 피해자들에게 신고방법을 얘기해주고, 서로 분노를 얘기하는 지금까지 경찰에서는 어떤 수사도 이루어지고 있지 않다는 느낌 때문입니다. 물론, 소액사건들을 빼고도 중요한 사건, 먼저 접수된 사건도 있겠지요. 모르는 바는 아닙니다. 하지만, 모인 피해자들이 제각기 관할서 (**경찰서, **경찰서, ***경찰서 등)에 신고하고, 사기꾼에게 진정사실을 알렸으나, 사기꾼은 경찰서 안에서도 다른 피해자에게 돈을 추가입금하라는 카톡을 보내며 눈하나 깜짝하지 않았습니다. 신고하는 중에도 다른 아이디, 계좌번호로 사기를 치고 있다는 사실을 피해자 모임들은 모두 파악하고 있고 이를 경찰에 얘기했지만 관할서로 이송하겠다, 기다리라는 답변밖에는 없습니다. 문재인 대통령님, 피해자들을 대표해서 저희가 제일 화가 나는 것은 우리가 사기를 당했다는 사실이 아닙니다. 수년 전부터 거의 공개적으로 사기를 치고 있는 것이 어설픈 저희들이 보아도 확인이 되는데, 이런사람이 어떻게 여전히 서민들의 알뜰장터에서 2- 30대들의 가벼운 지갑을 털 수 있을까요. 또한 아무것도 모르는 저희가 모여 하루만에 찾은 정보들로, 짐작가는 용의자까지 있음에도 신고 후 아무조치도 없어 점점 늘어나는 피해자를 보면서도, 저희는 아무것도 할 수 가 없습니다. 무력감에 몸이 떨립니다. 문재인 대통령님, 저는 경찰의 무능력이나 나태를 고하는 것이 아닙니다. 하지만, 서민인 척 하는 서민이 아닌, 중고장터에서 사기를 당하는 저희들은, 정말로 서민이자 열심히 노력하며 살고 있는 청년들입니다. 저희가 사기당한 돈은 소액이 아닙니다. 소중한 저희의 피와 땀입니다. 부디, 이 사건이 빨리 해결되어 대한민국 사법을 우습게 생각하고, 열심히 사는 서민들에게 세상에 대한 불신과 분노를 갖게 하는 범죄자를 잡을 수 있었으면 좋겠습니다. 정말 좋겠습니다. [본 게시물의 일부 내용이 국민 청원 요건에 위배되어 관리자에 의해 수정되었습니다]",
  "num_agree": 224,
  "petition_idx": "582906",
  "title": "지금도 피해자는 늘어가고 있습니다 대통령님."
}