{
  "category": "육아/교육",
  "begin": "2019-09-30",
  "content": "<교육공무원법 개정을 통해 대학생들에게 학교를 돌려주십시오!> 총장 직선제, 정말 민주적인 선거일까요? 현재 대한민국 대부분의 대학교에서는 총장을 직선제로 뽑고 있습니다. 그러나 구성원별 투표 반영 비율을 살펴보면 교수는 1인 1표로 전원이 투표하고 있고, 직원, 조교를 비롯한 학생을 합친 투표권자 수는 교수들의 비율을 100퍼센트로 보았을 때 20퍼센트대에 머물고 있습니다. 심지어 학생들은 전국 평균 4퍼센트의 투표 반영비율을 가지고 있습니다. 이를 볼 때 지금의 총장 직선제는 유명무실한 ‘직선제’라는 이름만 내건 채 교수 한 집단의 의사만으로 총장을 선출하는 제도입니다. 이는 결국 총장임용후보자들의 공약에 학생들을 위한 내용은 한 줄도 쓰이지 못하고 교수들이 원하는 내용으로만 채워지는 결과를 낳고 있습니다. 대학의 총장은 교수들의 대표가 아닙니다. 한 대학의 모든 구성원의 대표입니다. 그럼에도 교수를 제외한 대학의 다른 구성원들은 총장 선출에 의사를 제대로 반영할 수 없으며, 주어진 학칙이나 법률 내에서는 이에 대해 제대로 된 대응을 할 수 없는 상황입니다. 왜 이런 상황이 벌어진 것일까요? 교육공무원법 제24조 제3항 제2호에 명시된 ‘교원’의 합의라는 단 하나의 문구 때문입니다. 해당 문구로 인해 총장 선거에서 교원을 제외한 나머지 구성원들의 권리는 법이나 학칙으로부터 보호받지 못하고 있습니다. 전국국공립대학생연합회는 이러한 비민주적인 상황이 다시는 일어나지 않도록 교육공무원법의 개정을 촉구하는 바입니다. 대학은 모든 구성원이 있을 때 존재할 수 있습니다. 직원, 조교, 강사들을 포함해 배우고 공부하는 학생이 없다면 대학은 연구소일 뿐 학교라 할 수 없습니다. 그런데 이 ‘배우다’라는 표현 때문에 고등교육을 받는 대학생들은 이미 법적으로 성인임에도 불구하고 교수들에게 어린아이 취급을 받고 교육 수요자로서 의견을 존중받지 못하고 있습니다. 심지어 교육에 있어서 전문성을 가진 자신들이 전적으로 결정권을 갖는 것이 당연하며 효율적이라는 말을 하는 교수들도 있습니다. 그것이 조선 시대 벼슬아치들이 “백성을 위한 정치를 한다”고 하면서 한편으로는 “백성들은 글을 몰라야 한다”는 말을 하는 것과 무엇이 다르다는 말입니까? 민주주의 사회 속 대학교에서 학생을 포함한 모든 구성원은 스스로 판단하고 결정하며, 그에 따른 책임을 질 수 있는 성인들입니다. 진정 학생을 위한 학교가 되기 위해서는 학생의 의견이 직접적으로, 적극적으로 반영되어야 하며 존중받아야 합니다. 이에 전국국공립대학생연합회는 전국의 국공립대학교 구성원 3만여 명의 오프라인 서명을 교육부 장관님과 교육 분과 국회의원님들에게 전달하였습니다. 그 결과 2019년 9월 10일 여영국 의원을 대표발의자로 하여 교육공무원법 제24조 제3항 제2호 중 “대학 교원의 합의된”을 “대학의 교원, 직원, 조교 및 학생 각각의 구성단위의 협의체가 합의한”으로 개정하여, 보다 민주적인 대학 총장직선제가 이루어질 수 있도록 하는 [교육공무원법 일부개정법률안]이 발의되었습니다. 이 법안이 통과되고, 대학의 모든 구성원의 의견이 평등하게 반영될 때에야 총장은 비로소 대학의 모든 구성원의 대표로서 정당성을 가지고 선출될 수 있을 것입니다. 그러나 현재 국회가 정상적으로 열리지 않아 법안의 심사는 언제 이루어질지, 나아가 통과가 언제 이루어질지도 불투명한 상황입니다. 대부분의 국공립대학교가 올해와 내년 초에 총장 선거를 앞두고 있습니다. 대학 내 구성원들이 총장 선출 방식에 문제가 있다고 외치고 있는 이때를 놓치고 법안 통과가 늦어지게 되면 이를 바로잡기 위해 다시금 4년이라는 시간이 흘러야 합니다. 여러분과 여러분의 자녀가 다니는 학교가 ‘교원만을 위한 직장’이기를 원하십니까? 아니면 ‘학생을 위한 학교’이기를 원하십니까? 보다 민주적인 절차를 통해 진정한 총장을 선출하기 위해서는 빠른 시일 내에 법률개정안이 통과되어야 합니다. 대학의 각 구성원들의 당연한 권리 회복을 이루고 ‘학생을 위한 학교’가 될 수 있도록 뜻을 모아주시고 함께 해주실 것을 요청합니다. 전국국공립대학생연합회",
  "num_agree": 2644,
  "petition_idx": "582908",
  "title": "교육공무원법 개정을 통해 대학생들에게 학교를 돌려주십시오!"
}