{
  "category": "기타",
  "begin": "2019-09-30",
  "content": "최근 음주운전 후 운전자를 바꿔치기하려던 국회의원 장제원의원의 아들을 구속해주세요. 윤창호법까지 만들었으면서 왜 국회의원의 아들이란 이유로 법을피해가는거죠? 음주운전 후 도망치려던것, 운전자를 바꾸려던것, 증거물을 없앤것 등 인반적인 사건보다 훨씬 사태가 심각한데 어째서 국회의원의 아들은 기존의 다른 사건들과는 다르게 법의 망을 지나칩니까? 형평성에 어긋나며 사고 후 도주사실 만으로 충분히 구속가능하다생각합니다. 처벌해주세요",
  "num_agree": 1272,
  "petition_idx": "582918",
  "title": "국회의원 장제원 아들을 구속해주세요"
}