{
  "category": "기타",
  "begin": "2019-09-30",
  "content": "지금 국민들은 생중계로 한달째 검경의 편파적 법 집행 행태를 보며 분노하고 있습니다. 장제원 의원 스스로가 “음주운전은 살인미수”라고 주장했었습니다. 헌데 그의 아들이 음주운전, 범인 바꿔치기에 더해 누가 봐도 증거 인멸 목적이 당연한 휴대폰 파손까지 했음에도 불구속기소라니, 누굴 위한 경찰/검찰인지 국민들은 이해할 수가 없습니다. 표창장 따위에 그 많은 검찰 인력을 투입해 국민의 혈세를 낭비하고 있음에도 국민들이 가만 보고 있었던 것은, 검경이 다른 작은 비리에도 이런 식으로 똑같이 수사해서 앞으로 정말 깨끗한 대한민국이 되겠구나라는 기대 때문이었다고 생각합니다. 하지만 장제원 아들의 음주운전 뺑소니 사건과 나경원 아들 딸의 성적 조작, 입학 비리 등에 대처하는 검경의 모습은, 그들의 행동 기준이 “정의”가 아니었다는 사실을 알게해주었습니다. 우리들의 피같은 세금으로 사회 전체의 정의수호/ 질서유지를 위해, 국민을 위해 일해야 하는 검경이 특정 정치집단의 하수인, 경호 세력이라는 사실은 너무나 충격적입니다. 그런 검경이라면 그들에게 월급을 받게하십시오. 우리가 그들 월급을 주어야 할 이유가 없습니다. 일반 납세자에게도, 앞으로 모든 음주 사건에 이렇게 장의원 아들과 같이 처리할 거라면 그렇게 하십시오. 만약 일반 국민들의 음주 뺑소니 증거 인멸 사건에 구속기소 할거라면 장의원 아들도 구속기소해야합니다. 우리는 똑같이 적용되는 법의 잣대를 원합니다.",
  "num_agree": 1704,
  "petition_idx": "582915",
  "title": "장제원 아들 음주운전/범인바꿔치기 구속수감 하셔야죠"
}