{
  "category": "정치개혁",
  "begin": "2019-09-30",
  "content": "조국 지지자는 아닙니다. 조국 법무부 장관 압수수색과정에서 검찰과의 통화 내용을 주광덕 의원이 26일 국회 대정부 질문에서 조국장관에서 질의하신걸 보고 경악을 금치 못했습니다. 검찰은 본인들의 안위를 위해 수사과정에서 습득한 정보를 정치에 활용하고 있습니다. 주광덕 의원에게 정보를 제공한 검찰을 색출하여 강력한 징계를 요구하는 바입니다.",
  "num_agree": 2502,
  "petition_idx": "582916",
  "title": "자한당 주광덕 의원에게 정보를 유출한 검찰 색출과 강력한 징계를 요청합니다."
}