{
  "category": "인권/성평등",
  "begin": "2019-09-30",
  "content": "안녕하세요. 어린 아이를 키우는 엄마입니다. 어제 뉴스기사를 보고 먹먹한 마음을 안고 더이상 불쌍하게 삶을 끝내는 아이들이 없기를 바라는 마음으로 생전 처음 국민청원을 해봅니다. 인천 미추홀 지역에서 계부가 5살난 의붓아들을 손,발을 타이로 묶고 20시간이 넘는 시간동안 1미터 각목으로 폭행해 숨지는 사건이 있었습니다. 5살난 아이 입장에서는 어느날 엄마의 남편으로온 큰 덩치의 어른이 이유도 없이 3살부터 폭행을 행하였습니다. 2017년도에 시작한 폭행은 이번사건으로 숨진 아이와 동생이 보육원으로 보내지면서 멈추는듯 했지만, 계부가 두 아이를 보육원에서 데려오면서 다시 폭행이 시작되었고 보육원에서 집에 온지 한달만에 죽었습니다. 처음 2017년도 3살이었던 아이에게 폭행을 가했을때 좀 더 무거운 처벌을 계부에게 내렸다면 어땠을까요? 부모의 따뜻한 품속은 아니지만, 맞지 않고 굶지 않는 보육원에서 자랐다면 죽지는 않았을겁니다. 가장 좋은건 친부모 밑에서 자라나는 것이겠지만, 폭행,성폭행등등 어린 아이들에게 가해지는 끔찍한 일들이 대부분이 가정에서 이루어지고 있고 그런 사건들의 처벌과 피해자 지원이 너무 약하고 부족하다는 생각이 듭니다. 요즘 저출산으로 국가적 큰 문제로 이슈가 되고 있습니다. 한아이, 한아이를 소중하게 키워내어 건강한 사회구성원으로 만드는 것이 어쩌면 국가의 가장 중요한 임무가 아닐까 생각이 듭니다. 국민이 없으면 국가도 존재하지 않으니깐요. 아동에게 가해지는 폭행,방임,성폭령등 끔직한 학대에 대한 처벌을 강화해주시고 학대로부터 아이들이 보호받을수 있게 건강한 국가기관을 만들어 아이들이 보호받고 건강하고 바르게 클수 있도록 지원 해주세요. 낳았다고 무조건 좋은 부모가 아니고 나이가 많다고 무조건 좋은 어른이 아니듯이 힘없고 불쌍한 아이들 보호해주셔서 건강하고 바른 어른으로 성장할수 있도록 해주세요. 아동학대 처벌 강화해주세요! 피해아동들 보호해주시고 국가에서 보살펴주세요. 피해아동들의 가해자 또는 방임 친부모, 계부모들에게 격리 시켜주세요. 아동인권을 보호해주세요! 부탁드립니다.",
  "num_agree": 624,
  "petition_idx": "582902",
  "title": "아동학대 처벌을 강화해주세요"
}