{
  "category": "기타",
  "begin": "2019-09-30",
  "content": "이재명 지사의 선거법 위반과 친형에대한 패륜적 범죄에 2심에서 벌금3백만원 선고도 형량이 매우 적다고 생각합니다 각계각층에서 이재명지사를 구제해달라고 대법원에 탄원서를 제출하여 지사직을 유지할수있도록 해달라고 하는데 정말잘못된 탄원입니다 누구던지 죄를 지었으면 추상같은 법률을 적용해야지 탄원이많다고 무죄를 판결한다는것은 결코 있어서는 안되는 일입니다 반드시 법은평등해야하고 특정인이라고 탄원이 많다고 있는죄를 없다라고 할수 없습니다 이에 국민들은 청원으로 대법원과 정부에 이재명을 엄벌하라는 진정서와같은 서명을 하는바입니다. 지사직은. 또다른 훌륭한사람을 선출하여 수행토록. 하면됩니다 국민은 패륜적인 사람을 엄벌에 처해줄것을 간곡히 바랍니다",
  "num_agree": 40594,
  "petition_idx": "582917",
  "title": "대법원은 이재명 지사를 엄벌 해주십시요"
}