{
  "category": "인권/성평등",
  "begin": "2019-09-30",
  "content": "몇일 전 수원의 노래방에서 초등생을 폭행한 사건 알고 계실 겁니다. 수원 노래방 사건의 가해자 1명이 인천집단폭행 사건의 가해자입니다. 사건이 일어나기 한달전쯤 인천에서 14살 여중생들이 동급생을 집단으로 폭행하는 사건이 있었습니다. 두번이나 보도된 사건입니다. 8월 16일 4시 30분경 가해자들이 피해자를 불러내서 길거리 외진곳에서 지금 같은 학교 친구였던 2명이 와서 없었던 일도 맞다고 이간질을 하면서 이간질시킨 가해자는 먼저 쏙 빠지고 나머지 인원끼리 장소를 빌라 뒷골목으로 또 옮겨서 피해자를 무릎을 꿇게 한 뒤에 사진을 촬영하고 모욕감을 줬습니다. 사람들이 왔다 갔다 하니까 장소를 또 옮겨서 또 무릎을 꿇게 하고 뺨을 때리고 벽으로 밀며 발을 걸어 넘어지게 하고 그러던 사이 또다른 방관자 5명이 합류했습니다. 강목 같은 긴 막대기로 부러뜨려 위협하고 마포 걸레로 위협하고 똑같은 방법으로 장소를 옮겨 다니며 위협을 주고 구타를 하다가 마지막엔 사람 눈을 피해서 빌라 옥상으로 올라가서는 무릎을 꿇게 하고 가해자 2명이 ‘’너가 잘못한 것들을 1분안에 대답해’’ 라며 사진도 찍고 동영상을 촬영하면서 무릎에 발을 올리고 명치를 발로 차고 뺨을 때리다가 허벅지와 허리에 담뱃불을 지졌습니다. 폭행당시 옥상에 있던 구정물에 머리채를 잡고 얼굴을 물에 넣었다 뺏다를 반복하고 그것도 모자라 옥상에 있던 애들이 피해자가 고통스러워하는 모습을 보며 비웃고 즐거워했으며 나중엔 그물을 옆에 있는 아이들이 같이 들어 온몸에 퍼붓기까지 하였습니다. 남자애들도 있는데 브래지어 끈을 풀었다 끼웠다 하며 남학생들도 지켜보는 상황에 큰 수치심을 느끼게 했습니다. 쇠꼬챙이로 종아리에 온몸을 때리고 옥상 화분에 있던 고추와 쪽파를 입에 억지로 집어넣었고 피해자를 빨래줄에 빨래를 널듯이 빨래집게로 양어깨를 집어서 널었습니다. 옥상에서만 2시간가량을 10명이 지켜보는 가운데 집단폭력을 당한 사건입니다. 가해자들의 학교는 4개 학교의 학생들입니다. 가해자들이 각각 학교가 달라 학교폭력 징계로 가해자 2명은 강전, 맨처음부터 불러내서 마지막까지 심하게 때린 가해자 1명은 출석정지 10일, 중간에 이간질하고 때리고 먼저 간(같은 학교를 다니고 있음) 가해자 1명는 출석정지 5일, 이간질만 한 (같은 학교를 다니고 있음) 가해자 1명는 교내봉사 5시간, 옥상에 있었던 1명은 출석정지 5일, 2명은 교내봉사 10시간 결과가 나왔습니다. 바로 그날 밤 경찰에게 집단 폭행으로 신고를 했음에도 불구하고 수원 노래방 집단 폭행 사건처럼 가해자들을 모두 송치했다면 수원 노래방 집단 폭행 사건이 일어나지 않았을 겁니다. 동영상에 사진까지 찍었지만 경찰에 늦은 대응으로 아무것도 밝혀내지 못한 상태입니다. 가해자들은 떳떳하게 학교를 다니고 있고 피해자는 정신적인 스트레스로 인해 정신과 치료까지 받으며 학교를 힘들게 다니고 있고 동영상과 사진이 언제 터질지 몰라서 하루하루 잠도 자지 못하며 힘든 나날을 보내고 있습니다. 같은 학교 가해자들은 오늘 현재 지금까지도 가해자 무리가 학교 급식실이든 복도든 마주칠 때마다 교묘히 욕설을 하고 괴롭히고 가해자는 자신들의 친구들에게 피해자와 놀지 말라고 하며 다니고 아직까지도 죄는 뉘우치지 못하며 출석정지 5일 밖에 나오지 않았다고 자랑하며 학교를 활보하고 다니고 있습니다. 지금 피해자의 어머니는 피해자 학생의 일로 학교일을 보러 다니시느라 일을 그만두셨고 학교 폭력에 대한 조치 결과가 너무 황당하고 어이없어 교육청에 재심을 신청해둔 상태입니다. 재심결과가 아직 나오지 않았기에 이 글을 올립니다. 정말 피해자 가족들은 하루하루 생활이 엉망이 되었습니다. 집단폭력이 일어난 후 (금요일) 월요일부터 가해자 2명과 같은 학교 같은 공간에서 아무런 죄책감 없는 행동을 행하며 학교를 다니고 현재도 가해자와 같이 같은 학교를 다니며 가해자가 가해자의 친구들과 함께 괴롭히고 있습니다. 계속 피해자는 2차 3차 피해를 보고 있습니다. 이런 상황이 힘없는 피해자들의 현실인 것 같습니다. 이렇게까지 청원이던 방송이던 떠들어 대지 않으면 집단 폭행도 조용히 묻어 가는 게 보통 사람의 일입니다. 제발 지금까지의 노력이 헛되지 않도록 학교 폭력 재심 신청한 결과와 법원의 결과가 합당한 죗값을 치르게 강력하게 처벌이 나오기를 도와주시기를 바랍니다.",
  "num_agree": 2938,
  "petition_idx": "582910",
  "title": "인천 중학생 집단 폭행 사건"
}