{
  "category": "안전/환경",
  "begin": "2019-09-30",
  "content": "이번에 또 06년생이 일을 터뜨렸습니다. 연락을 뿅탄다는 이유로 많은 남자선배분들이 계시는 앞에서 머리 끄댕이를 잡아서 끌고가서 때리려는 위협을 주고 옷을 브라가 다 보이는 곳까지 내려 성적 수치심을 느끼게 했습니다. 전에 무슨 일 때문에 그 친구에 적이 돼었다는 이유로 다툼이 있어 사과를 하고 끝난일을 가지고 또 그것을 되풀이하며 계속적으로 위협을 가하고 있습니다. 그 뿐만이 아닌 친구들 뒷 얘기를 하고 다녀서 말로 풀려고 하자 선배한테 얘기하면 끝 나는 일이라고 하면서 그 선배에게 말씀 드리고 잘못한 적이 없는 저희가 대신 사과 하였습니다. 부산 여고생 사건부터 며 칠 전에 일어난 수원 집단폭행 사건까지 아직 성장중인 많은 06년생 아이들이 이렇게 폭력성이 보이는 행동들을 가하는 것에 있어 소년법이 폐지되고 정당한 처벌을 받았으면 좋겠습니다.",
  "num_agree": 251,
  "petition_idx": "582901",
  "title": "06년생 폭행"
}