{
  "category": "행정",
  "begin": "2020-06-26",
  "content": "95퍼센트 주식투자자는 어차피 2천만원도 못벌고 항상 손실만보니 새로운 세법이 유리하고, 나머지 5퍼센트의 고수입 투자자에게만 증세를 하게된다는 그런 논리는 어차피 개인투자자는 투자수익이 안나는 집단이니 이번 세법 더 유리하다 덜 잃게 해준다는 말인건지... 지금껏 개인투자자는 수익이 없는 집단이니 앞으로도 수익이 없는 집단일것이므로 새로운 세법이 유리하다는 결론인건지...차라리 그런 논리면 개인투자자의 주식거래를 불법화하여 국민들의 불필요한 손실이 없도록 저축이나 하게하는게 더 합리적이지 않나요? 증세를 다른 시각에서 다시 접근해주세요",
  "num_agree": 946,
  "petition_idx": "590082",
  "title": "주식양도세 증세 즉각 철회요청"
}