{
  "category": "저출산/고령화대책",
  "begin": "2020-06-26",
  "content": "신혼부부 특별공급이나 생애최초 특별공급이 정말 약자와 없는 자들을 위한 공급인지 재고해 주셔야 합니다. 현행 도시근로자 월평균 소득액 120~130%이 신혼부부 또는 생애최초 특별공급 해당조건입니다. 부부합산 대략 세전 7천만원 초반대의 연봉입니다. 세금 떼고 정말 아끼고 아끼고 아껴서 일년에 2천씩 모은다 치면 10년을 꼬박 모아야 2억이 모입니다. 그리고 아이를 기르면 저축액이 훨씬 줄어듭니다. 수도권에서 분양가가 아주 저렴한 곳이 4~5억 하고, 좀 입지 좋은 곳 살려면 분양가가 6~7억 하는데, 그런 곳에 LTV 40% 받아서 분양 받으려면 수중에 돈이 3~4억은 있어야 합니다. 지금같은 고분양가에 특별공급을 받는다는 것은 돈 많은 부모로부터 상속을 받았거나, 아니면 늦은 나이까지 죽어라 돈 모은 후에 결혼을 해야 가능한 이야기죠. 결국 금수저나 은수저여야 받을 수 있는 혜택입니다. 빈익빈 부익부입니다. 아마 5~10년 전 집값이라면 그 기준이 맞을 수 있습니다. 그러나 지금 수준의 집값에는 혜택이 엄한 곳으로 돌아간다고 보여집니다. 따라서, 부부합산 도시근로자월평균소득액 140~150%에 해당하는 신혼부부도 특별공급을 신청할 수 있도록 기준을 상향해주시기 바랍니다.",
  "num_agree": 412,
  "petition_idx": "590080",
  "title": "신혼부부, 생애최초 특별공급 소득기준 상향되어야 합니다."
}