{
  "category": "경제민주화",
  "begin": "2020-06-25",
  "content": "임대사업자는 소득공제를 특별히받는것도없이 세금은 늘어나는반면 연5퍼센트 인상시 과태료를 비롯하여 과태료 항목이 너무과하다싶을정도로 많아요. 4년전 전세금 한번도 안올리고 이제 올려볼라고하니 시세랑 너무차이가 많이나서 은행이자도 안나오게생겼네요 ㅠ 팔지도못하고 수입은줄고 이럴려고 경제민주화를 꿈꾸고 악착같이 절약하고 임대사업시작한건 아닌데말이죠. 신고서류도 너무복잡하게많고 관공서가보면 연세드신 임대사업자분들은 돋보기준비해서 한시간씩 일처리하는데 신고절차 신고시점 묵시적자동재계약시 신청유무 신고서류축소시정좀해주세요!!",
  "num_agree": 740,
  "petition_idx": "590055",
  "title": "임대사업자 과태료부과 항목 너무심하게많고 부당합니다."
}