{
  "category": "교통/건축/국토",
  "begin": "2020-06-26",
  "content": "안녕하세요. 저는 1가구 2주택자 입니다. 정부 시책대로 기존 아파트를 처분하고 1주택자가 되려합니다. 현재 경기도에 거주중이고 경남에 있는 있는 제 아파트를 분양가대비 1억이상 낮춰 내놔도 팔리지가 않습니다. 이런 경우에도 2주택자라 불이익을 받는것이 형평성에 맞다고 생각하십니까? 왜 매일 우리나라 부동산법은 오르는 아파트에 대한 규제만 있고 떨어지는 아파트에 대한 보완책은 없는 겁니까? 적어도 보유세(8년째 납부중) 면제라도 해주던지 아니면 손실에 대한 보완책을 세워 주십시오! 이런 상황에서 2주택자라 고통만 가중되는 것은 억울하다고 생각합니다. 정부가 이렇게 부동산에 적극 개입하실거라면 부디 저같이 손해보고 살고 있는 음지의 국민들에게도 합당한 정책을 만들어 주시길 간곡히 부탁드립니다!!! 예를들어 손해보고도 안팔리는 아파트를 정부에서 매수해 주는 식으로....것도 아니면 양도소득세 걷은 돈으로 손해보고 파는 국민들에게 손해본 만큼 보전해 주는 식.... 여튼 어떤 식으로든 소외된 국민들에게도 그에 합당한 대책이 필요합니다!!!",
  "num_agree": 462,
  "petition_idx": "590079",
  "title": "분양가보다 1억이상 싸게 내놔도 안팔려요!(정부에서 사 주세요!)"
}