{
  "category": "교통/건축/국토",
  "begin": "2020-06-25",
  "content": "6월17일 부동산 정책이 발표되고 많은 혼란과불안감으로 분양자들은 하루하루를 보내야 했습니다. 6월24일 대출규제 소급적용에 대한 보도자료가 발표되었습니다. 보도자료를 읽고 또 읽어도 결국은 소급적용을 한다는 내용같더군요. 또한 구체적이고 명확한 해석이 필요한 부분도 많았습니다. 지금까지 마음 졸이면서 언제 대책이 나올까 기다렸는데 너무 허무합니다. 발표당일에도 많은 혼란을 주시더니 보도자료가 나왔음에도 불구하고 그 혼란은 해소가 되질 않고있습니다. 아직도 많은 사람들이 궁금해하고 있습니다. ○ 금번에 비규제지역에서 규제지역으로 신규 지정된 지역에서도 기존과 동일한 기준으로 LTV가 적용됩니다. 무주택 세대, 처분조건부 약정을 체결한 1주택 세대로서 금번 신규 규제지역 지정효과 발생일(20년6월19일)전까지 청약당첨이 되었거나 계약금을 납입을 완료하였다면, -이부분은 20년6월19일 전까지 청약이 당첨되거나 계약금 납입을 완료한 사람에 대해선 종전규정을 적용한다고 해석됩니다. 또한 여기에 무주택세대및 처분조건부 약정을 한 1주택 세대라고 되어있는데 다주택자및 2분양권 등에 해당되는사람은 중도금 대출이 어떻게 된다는건지 내용이 없습니다. 무주택자및1주택자는 중도금 대출이 되고 다주택자와 분양권1개이상 가지신분은 대출이 안된다는 말인가요? ○중도금대출을 받는 경우, 종전과 같이 비규제지역 LTV70%가 적용됨을 알려드립니다. (중도금 대출 산정시 분양가 기준) -보통 분양아파트 계약은 계약금 10% 중도금60% 잔금30% 로 진행되는데 이경우 중도금은 실행이 된다고 해석됩니다. ○잔금대출의 경우에는 조정대상지역,투기지역지구에 적용되는 LTV규제가 적용되나,이미 분양받은 세대의 기대이익을 감안하여, 중도금대출을 받은 범위내에서 종전의 LTV를 적용할수 있습니다. (잔금대출 산정시 시세기준) *2주택 이상 보유한 다주택 세대,6월19일 이후 당첨세대 제외 -중도금 대출을 받은 범위내라고 하면 분양가 60%(중도금대출금액)를 얘기하는건가요 ..아니면 시세기준 60%를 얘기하는건가요.. 내용상으로 보면 종전규정으로 대출이 실행되지 않는다. 결국은 청약당시 기준으로 잔금대출은 해주지 않겠다는 내용인것 같습니다. 보도자료 나오고 이게 이렇게까지 해석을 필요로 할 일인가요? 종전기준대로 소급적용은 하지 않아야 하는거 아닌가요? 계약당시 조정지역으로 규제될꺼라 생각하고 계약하는 사람이 과연 몇이나 있을까요? 기사에 나온것처럼 여유자금도 없으면서 집을 마련하려고 한 사람 잘못인겁니까? 지금껏 무주택자로 살아온사람들이 집이 없어서 내집마련을 못했을까요? 현재 대한민국 청년들이 결혼을 안하고 왜 혼자 사는게 낫다고 생각하고 있는걸까요? 우리나라에서는 그만큼 기본적으로 집이 중요하다고 생각하고 있기때문입니다. 아무리 정부정책이라고는 하지만 왜 꼭 소급적용을 해서 피해를 주려하십니까? 정책발표이전에 계약한사람들은 적어도 피해보는일은 없게 해주셔야 하는게 정부의 책임 아닙니까? 청약할때 자금계산세우고 분양을 받았는데 소급적용을 하면 10%20% 차이나는 금액을 당장 어떻게 해결해야 한단말입니까? 기대이익이라고 하셨나요? 저같은 경우는 비규제지역 일때 분양받았고 시세기준이 아닌 분양가 기준 70% 계산해서 청약을 넣었습니다. 이런경우에도 소급적용이 되면 피해를 보게 되는데 부족한돈은 어디가서 구해야 하는건가요? 다시한번 요청드립니다. 중도금.잔금대출 소급적용하지마시고 기존대로 LTV적용받아서 입주할수 있게 해주시길 바랍니다.",
  "num_agree": 489,
  "petition_idx": "590056",
  "title": "부동산 대출규제 결국은 소급적용인가요"
}