{
  "category": "교통/건축/국토",
  "begin": "2020-06-26",
  "content": "먼저 6.17 부동산 대책의 소급적용을 반대합니다. 이미 많은 분들이 구구절절한 개인사와 반대하는 이유와 법률적 근거에 대해 청원글을 수도 없이 올린 것으로 알고 있습니다. 얼마전 홍남기 경제부총리께서 불로소득은 절대 인정하지 않겠다 라고 하셧죠 제목 그대로 김현미, 홍남기,김상조씨등 정부, 국토부관계자 및 부동산대책 관련자들은 최소 이번 문재인 정부 안에 부동산으로 생긴 불로소득 국가에 반납하시죠 무주택 서민을 위해 부동산으로 불로소득 챙기신거 반납하고 모범이 되어 집값을 3년전으로 돌려 놓는다면 3억짜리 아파트에 2억대출 끼고 맞벌이로 대출금 열심히 갚고 있는 님들이 규정해준 저같은 투기꾼도 이번에 분양받은 아파트 계약금 3천6백만원 저에게는 큰돈이지만 과감히 무주택 서민을 위해 포기하고 인증하겠습니다 그런 걸 원 하시는 거같으니까요 이렇게 무리한 정책을 해서라도 집값을 안정화?시키고 싶으신거 같은데 하지만 그래도 집값이 3년전으로 돌아가지 않는다면 전재산 1억가진 저같은 투기꾼에게 책임을 또 떠 넘기실건지요 ..... 마지막으로 대통령님께 말씀드리고 싶습니다. 노무현대통령님 과 문재인대통령님의 자서전을 몇번이고 읽었습니다. 그안에서 본 대통령님의 모습이 진짜 일 것이라고 항상 믿었고 가짜라고 하는 사람들과 맞섰습니다 하지만 이번 21번의 부동산 정책은 명백히 실패 하셨습니다 참여정부때 처럼요 자서전에서 정해놓은 올바른 원칙이 있고 항상 원칙대로 행하셔서 지금에 문재인대통령이 있다고 이해하였습니다 실패한 정책을 저같은 국민들에게 떠넘기는 것이 그 원칙 이라는 것인지요 이곳 국민청원의 수많은 목소리를 듣고 계시리라 믿습니다",
  "num_agree": 5752,
  "petition_idx": "590099",
  "title": "김현미,홍남기,김상조씨등 부동산불로소득 반납하시죠"
}