{
  "category": "인권/성평등",
  "begin": "2020-06-26",
  "content": "아이셋 키우는 일용직 갑질 피해당한 피해자입니다 임금날짜 15일 지나서 **** 김** 이사님께 노무비가 언제쯤지불가능하냐 문자했고 그리고 3일뒤 답이없어 또 문자했고 전화했습니다 그렇게 했지만 연락이안돼 결국 한참을 기다렸다가 또연락을했습니다. 노무비를 언제쯤 주실수있는가 물음에 딱 세마디 7월요 이렇게 연락이 왔습니다 너무 기가차서 저도 애가 셋인데 생활은어떻게하냐 연락하니 김** 왈 문자짓거리 그만하라고 하네요 너무 화가나 양아치냐 라고했습니다 너무억울합니다. 그래서 노동청에 민원제기했습니다 그런데 제가 노동청에 신고했다는 사실을 알고 함께 일했던 분들은 임금이 지급이되고 저는 노동청에 민원을 제기했다는 이유로 법적으로 받아가라고 했습니다 그런데 노동청 출석 하기 전날 저녁에 노무비가 입금되었습니다. 임금으로는 해결됐지만 너무 억을합니다. 임금체불은 끝났지만 김** 이사님이 정신과 치료를받고있다는데 이해가 되지않고 광주서부서 **과 정**경위님께 김**씨 고소사건관련 조서받으라고 문자왔습니다 땀흘려 일하고 제 날짜에 돈 못받은건으로 노동청에 민원제기한게 죕니까 코로나19때문에 와이프에게 생활비도 제날짜에 못줘서 미안한데 이렇게 고소까지 당해야합니까 너무억울합니다 문자내용 필요하시면 첨부하겠습니다 [본 게시물의 일부 내용이 국민 청원 요건에 위배되어 관리자에 의해 수정되었습니다]",
  "num_agree": 213,
  "petition_idx": "590085",
  "title": "아이셋 키우는 일용직 갑질 피해당한 피해자입니다"
}