{
  "category": "교통/건축/국토",
  "begin": "2020-06-26",
  "content": "안녕하십니까. 저는 시흥시 대야역 ******* 입주예정자 협의회 대표입니다. 저희 아파트는 2017년 12월 분양하여 공사가 두달 지연되어 2020년 8월 1일 부터 입주를 앞두고 있습니다. 총 1382세대인 재개발아파트이고 조합원이 300여명, 일반분양자가 900여명, 나머지는 임대세대입니다. 분양계약당시 계약금 10%, 중도금 60%, 잔금 30% 조건의 계약이었고 중도금 비중에 대한 수분양자의 선택권은 없는 조건이었습니다. 국토교통부 실거래가 공개시스템에서 2020년 6월 기준 타입별 시세를 보자면 1. 39 타입(분양가/최고시세가/최저시세가): ₩216,680,000 / ₩271,680,000 / ₩240,920,000 2. 59 타입(분양가/최고시세가/최저시세가): ₩304,850,000 / ₩487,340,000 / ₩350,030,000 3. 84타입(분양가/최고시세가/최저시세가): ₩405,380,000 / ₩598,900,000 / ₩439,840,000 입니다. 정부에서는 최고 시세만 보고서 시흥시를 비규제지역에서 조정지역으로 지정해 버렸습니다. 1382세대를 대표하여 정부에 드리고 싶은 말은 1382세대 모두가 투기 세력이라면 84타입에서 분양가 대비 1억9천300백만원의 시세차익을 남겼기 때문에 어쩌면 시흥은 투기과열지구가 맞을지 모르겠습니다. 그러나 이러한 호가는 전체중 일부이고 대부분은 분양가대비 3천~5천만원의 시세 상승이 있을뿐입니다. 정부에서는 1억 9천의 수익을 본 몇몇의 투기꾼을 잡기위해 대다수의 실 수요자에게 동일 잣대를 대어 대출을 막아 버렸습니다. 분양가를 4억이라고 했을 때 수분양자는 - 10%의 계약금: 4천만원 - 60%의 중도금: 2억 4천만원 - 30%의 잔금: 1억 2천만원 으로 입주전에 최소 잔금 3억 6천만원의 비용을 지불해야 수년을 기다린 집에 입주가 가능합니다. 저희는 입주 임박이기때문에 대다수 입주예정자들은 집을 팔고 살고있던 전세집을 부동산에 내놓았으며 공사지연으로 전세가 꼬여버린 사람은 보관 이사로 달달이 비용을 지출하면서 떠돌이 생활을 하고 있습니다. 3억 6천만원이라는 금액은 아파트 분양당시 규제를 적용한다면 무주택 기준으로 잔금 대출이 70%가 가능하기 때문에 2억 8천을 대출을 받고 8천만원의 현금만 준비를 하여 30년 장기 대출로 금리 2%를 적용하면 한달에 원리금 103만원을 상환하는 조건으로 입주가 가능했습니다. 살면서 여유가 생기면 좀더 빠르게 상환도 가능하겠지요. 그러나 이번 대출규제로 인해 잔금 대출이 50%(9억 이하 기준)로 하향 된다면 대출은 1억 8천만원이 되고 수분양자가 당장 준비해야 하는 현금 역시 1억 8천입니다. 객관적으로 묻겠습니다. 정부에서 말하는 서민 기준 소득 6천만원(부부합산)을 받는 국민이 한달만에 추가로 1억을 마련할 방법이 무엇일까요? 부모를 잘 못 만나면 1억을 마련할때까지 전세를 살아야 하는 걸까요. 1억도 없으면서 왜 집을 사려고 했냐고 하시겠습니까. 근데 이건 잣대가 잘못 되었습니다. 분양계약당시에는 8천만원만 있으면 입주가 가능했으니까 계약을 했기 때문입니다. 정부의 이번 조치는 실수요자에게 \"집을 투자 또는 투기의 목적으로 다루지마라\"가 아닌 \"부자가 아니면 집을 사지 마라\" 라고 말하고 있습니다. 최근 금융위에서 나온 관련 해명 자료에 적힌 \"기대 이익\"이라는 말이 얼마나 우습습니까. 부동산을 잡겠다는 정부에서 앞으로도 부동산 가격은 상승할 것이기 때문에 대출은 50%면 충분하다는 이말이 얼마나 무지한 생각인지 정녕 정부에서는 느끼지 못하고 있는가요. 저희 아파트는 경기도 시흥시 대야동의 지역주민이 살던 터전을 수년부터 조합을 조성하고 재개발하여 아파트가 완공되면 재입주를 하려는 영세한 조합원들도 있습니다. 이들 대부분은 대출 규제로 분양 계약당시 대출 한도가 나오지 않는다면 많은 사람이 집을 포기해야 합니다. 정부에서는 이번 규제로 인해 집을 잃고 전세집도 없이 길거리를 떠돌아야 하는 입주예정자들에게 어떤 보상을 해줄 예정이신가요. 잔금이 부족하여 계약을 취소한다면 시공사가 과연 이돈을 돌려 줄까요. 정부에서는 \"그건 당신들이 알아서 해야지\" 라고 말씀 하실건가요. 잔금이 부족한 사람은 울며 겨자먹기로 집을 헐값에 내놓아야 할겁니다. 그럼 이집은 누가 다시 사들일 까요. 맞습니다. 많은 현금을 쥐고 있는 투기세력이 싸게 매입을 하겠지요. 다시 한번 생각해 주시기 바랍니다. 실제 전입신고를 하고 특정 기간동안 그 주택에 거주를 하겠다고 한다면 그 사람은 투기꾼입니까. 이번 정책이 정말 실질적인 시장의 성향을 반영하고 실입주자가 아닌 \"투기 세력\"을 잡기위한 정책이 맞습니까. 그냥 정부에서는 투기세력을 골라낼 방안을 찾지 못해 실입주할 서민들까지 희생시켜 집값이 떨어지는지 아닌지 확인해볼 테스트용 쥐가 필요하셨던 건 아닌지요. 저희는 입주를 하려면 못해도 7월 둘째주 까지는 아파트 시세와 은행의 대출한도가 결정이 되어야 합니다. 정부에서 정확한 방향을 제시하지 않는다면 은행들은 대출을 줄 이유가 없어집니다. 이번과 같이 전문가들조차 혼선이 오고 이해하지 못하는 정책으로 인해 오히려 부동산 오름세가 잡히지 않고 현금많은 투기세력들만 좋은 시장을 조성해 놓으신다면 집을 사고 분양 공고를 내려는 모든 사람들은 정부를 신뢰하지 않게 될 것입니다. 실거주 목적으로 분양을 받고 입주를 하려는 국민들에게 더이상 혼란을 만들어주지 마시기 바랍니다. [본 게시물의 일부 내용이 국민 청원 요건에 위배되어 관리자에 의해 수정되었습니다]",
  "num_agree": 3234,
  "petition_idx": "590097",
  "title": "[긴급] 617 대출 규제에 의한 피해보상안을 국토교통부 장관님께 요청 드립니다."
}