{
  "category": "교통/건축/국토",
  "begin": "2020-06-25",
  "content": "매번 부동산 대책 발표될 때마다 아주 답답해 미칠 지경입니다. 적용기준도 모호하고 너무 복잡합니다. 도무지 어디로 튈지 모르는 규제때문에 너무나 혼란스럽습니다. 반복되는 땜질에 누더기된 부동산 대책이 점점 산으로 가는 것 같습니다. 실수요자를 보호하고 부동산 투기를 방지하겠다구요? 실수요자는 무조건 집이 하나여야 하나요? 우리도 누구처럼 자식한테 물려줄 집도 갖고 싶고 노후에 살집도 미리 마련하고 싶고 안팔릴만한 집 여유있게 하나정도는 더 갖고싶습니다. 물론 부모님 봉양용 집도 있으면 더 좋겠네요. 그런데 대한민국에서 서민이 대출없이 집사는거 가능한가요? 월급보다 집값이 더 빨리 오르는데 바보가 아닌이상 대출끼고 집사는거 당연한거 아닌가요? 그게 아니면 조정 비조정 구분없이 1인당 1채씩만 보유하게하고, 대출없이 집사게 하지 ltv dti 이런건 왜 만들었는데요? 솔직히 일반서민 집한채 마련하는거 쉽지도 않고, 서울을 비롯한 수용성에서 집사는거 대출 많이 안나와서 꿈도 못꿉니다. 이제는 대부분 조정지역으로 묶여서 더 힘들어졌구요. 대출규제 가만히 보면 아주 우숩습니다. 가령 담보대출 실행할때 선조정지역 후비조정지역은 대출이 모두 나오고, 그 반대는 비조정지역 1건만 나옵니다. 도대체 이게 뭔 차입니까? 그냥 1인당 조정1건 비조정 1건 통일하면 안되는거에요? 무주택자에 대한 기준도 아주 어처구니가 없습니다. 청약할때 다르고, 대출받을때 다르고, 세금낼때 다릅니다. 특히 18년 12월 11일 이전에 분양권 취득한 사람은 무주택으로 보고, 그 이후 분양권은 유주택으로 봅니다. 대출받을땐 취득시기에 관계없이 분양권 있으면 무조건 주택으로 보구요. 왜 이런 예외를 자꾸 두는거죠? 제발 하나로 통일하자구요. 이번에 비조정지역 -> 조정지역 적용기준과 관련해서 무주택자로서 6.17대책 이전에 청약당첨되거나 계약완료하면 비조정지역 기준을 적용하여 중도금 대출시 ltv 70%까지 가능하다는 내용이 있는데 이 때 무주택자는 어떻게 해석해야합니까? 18년 12월 11일 이전에 취득한 분양권 등을 사유로 청약할때 무주택자격으로 당첨되고 계약한 것도 인정해준다는 겁니까? 아니면 순수한 무주택자만 의미하는 건가요? 좀 친절하게 구체적으로 정해주면 안됩니까? 사람마다 생각다르고 은행, 시공사 전부 해석이 다르단 말입니다. 그리고 1주택자는 기존주택을 처분하는 조건으로 대출이 가능하다는 내용이 있습니다. 그럼 무주택자가 비조정지역 분양권 2개를 취득했는데 해당 분양권이 모두 조정지역 적용을 받게 되면 중도금 대출이나 잔금대출 어떻게 받아야합니까? 무주택자도 아니고 1주택자로 보기엔 처분할 집도 없구요. 나머지 분양권 처분이 된다면 모르겠는데 전매제한기간이 길어서 처분 못하면 아예 대출이 안나오네요? 세상에 !!! 1주택자보다 가혹하네요. 애초에 대출나온다고 해서 분양받은건데 기존 주택을 팔으라는 것 자체가 아주 황당한 발상이네요. 2~3년전에 비조정지역 분양권 취득한 사람들은 도대체 무슨 죄입니까? 그리고 비조정지역에 분양권 2개들고 있으면 전부 투기꾼입니까? 정부 주요 요직에 앉아 계신 높으신분들, 2~3채씩 들고 있는 공무원, 국회의원들 전부 투기꾼 맞지요? 본인들은 누릴꺼 다 누려놓고 왜 서민들 힘들게 하나요? 2~3년동안 비조정지역 집값오른게 분양권들고 있던 사람들 탓입니까? 결국 무능하고 한심한 정부탓 아닙니까? 정부에서 계속 조정에 조정을 이은 규제만 반복하니까 이렇게 된거 잖아요. 심지어 미분양이 속출하는 지역까지 조정지역으로 묶다니요. 왜 그 피해를 오롯이 일반 서민들이 감수해야 합니까? 규제를 하더라도 누구나 신뢰할 수 있게, 쉽게 이해하고 준비할 수 있게, 예외조항 없이도 모두가 만족스러운 정책을 펼쳐주셨으면 합니다. 특히 부동산 정책과 대출규제에 있어 소급적용은 절대있어서는 안 될 일입니다. 앞으로 정부를 어떻게 믿을 수 있겠습니까? 정말 하루하루 잠 못 이루는 밤이네요.",
  "num_agree": 715,
  "petition_idx": "590061",
  "title": "서민 죽이는 부동산대책 너무 혼란스럽고 복잡합니다."
}