{
  "category": "행정",
  "begin": "2020-06-25",
  "content": "안녕하세요. 저희 가족은 본래 서울이 고향이고 오래도록 무주택으로 거주 하였으나 높은 집 값에 경기도로 인천으로 점점 밀려나 현재는 경기도 안성에 거주하고 있습니다. 제 나이 마흔에 38번 이사를 하였으니 어머니는 저보다 더 많이 이사를 하셨을 테지요.. 어머니는 요양보호사로 투잡 쓰리잡을 하시며 하루에 두세시간 쪽잠 자며 돈을 모아 2016년정도에 경기도 안성시 공도읍 마정리에 공시가격 4000정도의 작은 빌라 한채를 장만 하셨습니다. 그리고 몇년뒤 딸인 저희 집 근처에 거주를 위하여 공시가격 5000정도의 작은 빌라를 마련하셨습니다. 안성에 있는 주택을 팔고자 하였으나 팔리지 않아 어쩔수 없이 전세를 주었습니다. 그리고 다시 안성에 거주 하시기 위해 작은 주택을 마련하셨습니다. 그후 무수히 주택과 빌라를 팔아보려했으나 아무도 보러 오는사람에 없고 현재도 부동산에 집은 내놓았으나 팔리지 않고 있습니다. 금년 저희 모친 65세 생에 최초로 청약이란걸 하셨고 당첨되었으나 며칠뒤 조정지역이 되어 다주택자인 저희 어머니는 대출을 못받게 되었습니다. 기존 주택을 팔수 있는 시간이라도 주십시오.. 아파트를 사지 않고 안팔리는 주택을 산게 죄라면 죄이겠네요. 저희 가족은 김현미 장관님처럼 주택을 구입해줄 수 있는 일가친척도 없습니다. 안팔리는 주택은 정부에서 사주십니까?? 일흔을 바라보고 있는 저희 모친은 이제 근로소득 가능기한도 얼마 남지 않았습니다. 1인가족 삼시세끼 라면만 먹어도 한달에 식비만 15만원정도입니다. 연금 한달에 얼마 나오나요.. 한달 라면값정도 나오는 연금으로 어떻게 생활 하실수 있을까요?? 밤낮으로 요양보호사 하시면서 어르신들 똥기저귀 치워서 모으신 돈으로 빌라 한두채 사서 월세 몇십만원 받는게 적폐세력입니까? 유모차 끌고 광장에 나가 촛불을 들때 우리는 이런 정부를 원한건 아니었습니다. 제발 정부를 위한 정치가 아닌 국민을 위한 정치를 해주시길 간절히 부탁드립니다.",
  "num_agree": 799,
  "petition_idx": "590069",
  "title": "저는 다주택자의 딸 입니다."
}