{
  "category": "경제민주화",
  "begin": "2020-06-26",
  "content": "뚫린입이라고 막말해서도 안되고 막말로 나온 아이디어라고 바로 정책으로 입안해서도 안되는거아닙니까 정책으로 적용하기 이전에 관련 사례부터 조사하고나서 충분한 논의를 거친 뒤에 나온 아이디어를 정책으로 입안했다고 가정한다면 절대로 저런 멍청한 정책은 안나옵니다. 그래도 이해 못하시겟다면 대만이 88년에 이미 시행하고나서 망했던 사례를 가서 한번 보시고 다시 검토해보십시오 소득이 있는곳마다 세금을 거둘 생각하기 이전에, 거래량을 살려서 시장활성화를 증진시킬 고민이나 하나 더해도 모자랄판에 결코 시행해서는 안되는 멍청한 정책을 정책이랍시고 함부로 내밀지 마세요",
  "num_agree": 1554,
  "petition_idx": "590094",
  "title": "주식양도세 확대 취소하시지요"
}