{
  "category": "교통/건축/국토",
  "begin": "2020-06-25",
  "content": "617규제 발표 전 계약들은 종전규정 적용, 소급적용 하지 말아주세요 619 부동산규제 1주택처분 실거주자 도와주세요 저는 다주택자가 아닌 실수요 1주택자 이며 송도 아파트 분양권을 매수해 2주뒤 7월8일 입주 예정 입니다. 송도가 규제지역이 되기 전 저희 가족은 행복한 이사를 꿈꾸며 지냈지만 617규제로 잠도 못자고 밥도 먹지 못하며 지옥같은 하루하루를 보내고 있습니다. 은행 에서 기존집 처분조건으로 KB시세의 70%까지 주택담보 집단대출이 가능하다는 말을 듣고 2020년 5월초 분양권 매수와 함께 계약서를 쓰고 계약금도 지불한 상태입니다. 주택을 2채이상 보유할 능력이 안되는 저희가족은 지금 현재 거주 하고 있는 아파트도 이미 매도 계약서를 쓴 상황이며 2주 뒤 새아파트로 이사가는날 현재 거주하고 있는 아파트가 처분되며 현재 아파트 처분 + 주택담보대출 70%로 이사갈 예정이였습니다. 당장 2주 뒤에 이사인데 이사 3주전에 송도가 규제지역으로 바뀌며 주택담보대출이 40% 밖에 안나온다고 하고 남은 2주안에 나머지 30%는 현금 or 다른대출 로 메꿔야 하는데 30%가 2억입니다 2억. 또한 은행에서는 1주택처분조건의 실수요자 임에도 불구하고 원분양자가 아닌 분양권 매수자여서 대출이 40%라고 합니다. 분양권 매수자라고 해서 원분양자와 다르게 차별하는것도 옳지 않다고 봅니다. 분양권 매수 했다고해서 투기꾼이 아닙니다. 저같은 사람도 실제로 거주하기 위해 분양권 매수해 이미 처분된 아파트 와 고작 분양권 1개 가지고 있습니다. 저희같은 실수요 서민이 현금 2억을 2주안에 어디서 구하죠? 집 잃기 싫으면 사채라도 써야 하나요? 집에 금고 두고 현금을 2억씩 가지고 있는줄 아시나요? 설령 2억을 빌린다하더라도 대출금 + 2억에대한 돈 매달 회사원 월급으로 갚아나갈 자신이 없습니다... 7월 8일 까지 2주안에 30% 인 2억을 못구하면 저희 가족은 하루아침에 무주택자가 되고 내집이 없어지고 살곳이 없어집니다. 이삿짐들과 길바닥에 있어야 합니다. 또, 매수시에 이미 지불한 계약금+중도금 2억도 잃게 됩니다. 2억도 빌린돈이고 기존집 매도 후 잔금 받으면 갚아야 할 돈입니다. 입주가 2주 남았습니다... 입주가 몇년이라도 남았다면 다른 방법도 생각해보고 정부가 이렇게까지 하지 않겠지 대책도 기다려보겠지만 저희에겐 시간도 없습니다... 617규제를 말씀하신 정부의 뜻을 압니다. 정부의 규제 자체가 전부 나쁘다고 잘못됐다고 생각하지 않습니다. 다만 617규제 발표 전 무주택, 1주택처분조건의 실거주자들 (원분양자, 날짜 관계 없이 분양권매수자) 과 다주택자분들의 모든 계약 들 은 종전규정으로 적용 하고 소급적용 하지 말아주세요 모두 규제 되기 전 계획을 세워둔 상태이며 하루아침에 이렇게 변할거라면 계약하지 않았을 것 입니다. 도와주세요 제 삶의터전을 빼앗아가지 말아주세요",
  "num_agree": 1297,
  "petition_idx": "590063",
  "title": "617규제 발표 전 계약들은 종전규정 적용, 소급적용 하지 말아주세요"
}