{
  "category": "안전/환경",
  "begin": "2020-06-26",
  "content": "존경하는 문재인 대통령님!! 코로나로 인하여 온 국민이 힘들지만 특히 20대 청년들의 어려움이 너무 큽니다. 이미 발표된 고용노동부의 실업률, 고용률에서도 2020년 3월부터 급격히 상승과 하락의 곡선이 뚜렷하고 무엇보다 대출 연체, 카드 연체율과 더불어 현금서비스 사용률이 다른 세대보다 압도적으로 높습니다! 아마 자살율도 높을 것이며, 자살시도율도 높을 것입니다 특히 1인가구로 사는 20대 여성들은 알바와 같은 비정규직에서 해고되어 정말 어려운 삶을 살 가능성이 높고 20대 남성 중 부모의 지원 없이 사는 청년들 또한 큰 시련 속에 있을 것입니다 이달의 연체에 대한 특단의 조치로 상환연기를 포함한 다양한 정책이 나와야만 이들의 극단적 선택과 참혹한 시련을 줄일 수 있습니다. 부디 이들의 정확한 실태 파악과 발빠른 조치를 통해 이 사회가 젊은이에게 희망을 주는 사회라는 것을 알려주세요!!! 2020. 6.25 정신과 전문의 김** [본 게시물의 일부 내용이 국민 청원 요건에 위배되어 관리자에 의해 수정되었습니다]",
  "num_agree": 145,
  "petition_idx": "590077",
  "title": "20대 청년 대출연체 및 카드 연체에 대한 파격적인 지원이 필요합니다"
}