{
  "category": "교통/건축/국토",
  "begin": "2020-06-25",
  "content": "6.17부동산 학교에 다니고 있던 자녀들이 있습니다. 그 중 평택이와 안성이 같은반 친구 양주와 인천 중구라는 친구 등이 교사들에게 폭행을 당했습니다. 교사들에게 이유를 물었더니 딱히 잘못한 것은 없지만 앞으로 잘 못할것 같아서 미리 폭행을 했다고 합니다. 참으로 화가 납니다. 우리 아이들과 폭행 당한 친구들은 비록 분양 성적이 좋지 못해서 미분양 관리반에 특별 관리를 받고는 있었지만 친구들과 잘 지내고 한 없이 착한 아이들입니다. 이번에 폭행한 교사는 국토교통반의 김현미 선생과 금융위원반의 은성수 선생입니다. 각 교사별 잘못은 다음과 같습니다. 김현미 선생은 높은 집값을 피해 점점 외곽으로 내몰리던 무주택 학생들을 수도권 전 지역을 규제지역으로 지정하면서 낭떠러지로 내몰았으며 앞으로는 주택 구입은 꿈도 꾸지 말고 평생 무주택으로 살라는 악담을 일삼고 있습니다. 은성수 선생은 기존에 분양받은 학생들에게까지 규제지역의 LTV 조건을 내걸며 소급적용을 하여 수많은 학생들이 돈 걱정에 1주일째 밤잠을 설치며 힘들어 하고 있음에도 불구하고 애초에 돈도 없는 가난한 학생들 주제에 유주택반으로 들어오려고 한다며 천민바라보듯 부당한 대우를 하고 있습니다. 이처럼 아무 잘못도 없는 무주택 학생들이 부당한 처우를 받고 있음에 투표권을 가진 부모 입장으로써 매우 미안한 마음뿐입니다. 잘 한다 믿고 지지해주고 뽑아준 교사들이 우리 학생들에게 폭행과 폭언을 일삼고 있어 하소연 할 곳이 없어 여기에 글을 남깁니다. 역대 교장선생님들중에 누구보다 더 무주택 학생들을 생각할 것 같았던 문재인 교장선생님께 한 마디 드리겠습니다. 우리 무주택 학생들을 방치하고 교사들을 두둔한다면 부모로서 다음 선거때는 필히 투표로 응징하겠습니다. 그리고 아래와 같은 요구사항을 남깁니다. 1. 6.17 부동산 규제의 철회 2. 교사들의 파면 3. 무주택 학생들의 보호와 관심 이상입니다.",
  "num_agree": 1222,
  "petition_idx": "590073",
  "title": "6.17 부동산 학교 교사들의 파면을 청원합니다."
}