{
  "category": "교통/건축/국토",
  "begin": "2020-06-26",
  "content": "안녕하세요. 국토부 장관님이 말씀하셨듯이 ‘집은 사는것이 아니라 사는곳’이라고 생각하는 국민입니다. 국토부는 부동산 시장 불안정의 원인 중 하나로 법인 거래를 지목하고 있습니다. 단순히 법인 거래량이 일부 늘었다는 것으로 법인이 부동산 시장 불안정의 주요 원인이라고 생각하지 않는 1인으로서 서울 지역구별 법인 거래내용을 상세히 찾아보고 놀라움을 금치 못하여 국민청원을 올리게 되었습니다. 한국감정원에서 2019년 송파구 아파트 거래량을 살펴봤습니다. 2019년 1월부터 5월까지 총 거래량은 1,857건으로 월 평균 약 371건입니다. 이 중 5개월간 법인간 거래량*은 총 3건입니다. * 법인간 거래(법인 → 법인) : 법인 소유의 아파트를 법인이 매수한 거래 하지만, 2019년 6월, 이 한달 간에만 아파트 거래량이 1,795건으로 전월 대비 +1,396건 급증합니다. 놀라운 것은 이 중 1,402건이 법인간 거래입니다!! 송파구 아파트 거래량의 78%를 법인끼리 사고 팔았다는 이야기입니다!! 2019년 1월부터 5월까지 송파구 아파트의 법인간 거래는 고작 3건이고 5월에는 0건이었는데 갑자기 1,400건 이상으로 증가하다니 이상하지 않습니까? 이러한 거래가 부동산 시장에서 정상적인, 그리고 일상적인 거래인가요? 국민들이 거주하는 아파트를 특정 1개월간 법인끼리 거래한 양이 해당 월 아파트 거래량의 대부분이라는 점이 납득이 가시나요? 거래량의 78%를 차지했다면 해당 월 이후의 송파구 아파트 가격추세에 상당한 영향을 미쳤을 것이며 실제로 그 이후 가격이 폭등하여 2020년 6월 현재까지 이어지고 있습니다. 실제로 송파구의 어떤 아파트를 법인끼리 사고 팔았는지 서울부동산광장의 2019년 6월 실거래가격 신고 내역을 조회해봤습니다. 하지만, 이상했습니다. 실거래가격 신고 건수가 429건밖에 안됩니다. 해당월 아파트 거래량 1,795건 중 1,366건이 사라졌습니다!! 상당부분 법인간 거래가 취소된 것입니다!! 그러면, 왜 법인끼리 실거래 가격 등록 후 취소까지 하면서 2019년 6월 대량의 거래를 만들었을까요? 많은 거래량을 보여주려고 했을까요? 그리고 법인간 거래가격이 시장가격보다 높지 않았을까요? 이러한 법인간 대량 거래가 주택 매수 대기자의 불안감 또는 초조함에 영향을 끼칠 것이고 결국 무리한 아파트 구매로 가계부채의 급증을 가져옵니다. 또한, 지속적인 부동산 가격 상승은 미래 청년들의 근로욕구 감소로 연결됩니다. 이러한 거래가 송파구에만 있는 것이 아닙니다!! 서울 25개 지역구중 80%의 지역구에서 이와 같은 법인간 이상(대량)거래가 발견되었습니다. 국토부 장관님, 특정월 법인간 대량거래를 확인하고 특별 조사하여 시장가격에 지대한 영향을 미쳤는지 국민들에게 알려주세요. 매번 급등 급락을 하지 않는 건강한 대한민국 부동산 시장이 되길 바랍니다.",
  "num_agree": 683,
  "petition_idx": "590098",
  "title": "특정기간 법인간 아파트 과다거래를 조사해주세요"
}