{
  "category": "경제민주화",
  "begin": "2020-06-26",
  "content": "대한민국 주식시장을 개인투자자들은 흔히 기울어진 운동장이라고 표현합니다. 개인투자자는 주가가 상승해야만 수익을 얻을수 있고 기관과 외인은 공매도를 통해 상승과 하락 모두 수익을 챙길수 있기에 안그래도 대규모 자금과 정보력에서 열세인 개인투자자들이 더욱 불공정한 게임을 하고 있다고 느끼게 만들었습니다. 그런데 이번에는 아얘 개인투자자들의 투자를 포기하라는 이야기나 다름없는 주식 양도세 정책을 발표하여 700만 개인투자자들을 분노하게 만들었습니다. 주식 양도세를 부과 하고 거래세를 줄이겠다고요? 그게 실제로는 수익을 보지 못하는 대다수 개인투자자들에게 더 유리하다고요? 말은 똑바로 해야합니다. 개인투자자들에게 유리한 정책이 아니라 기관과 외국인 투자자들에게 유리한 정책 이라는것은 대한민국 개인투자자들이 다 압니다. 증시 대부분의 이익을 가져가는것은 기관과 외국인 투자자인데 조세 기준을 그들에게 맞춰야지 수익을 내기 힘든 개인투자자들에게 맞춘다는것은 비겁한 핑계입니다. 이미 법인세를 내고 있는 기관과 외인은 양도소득세를 내지 않기 때문에 거래세를 줄인다는 것은 그들에게 엄청난 혜택이며 개인에게는 거래세를 줄이는 것이 많은 혜택처럼 이야기하지만 단기투자와 잦은 거래를 유발하며 투기를 조장하며 양도소득세와 맞물려 대한민국 주식시장의 이탈을 촉진하는 촉매제가 될것입니다. 이미 대만이 주식 양도세 도입에 실패하였습니다. 1988년 9월 세제개편 발표 후 19일 만에 지수 8798→5615 증시가 폭락하자 투자자들의 시위격화 이를 추진했던 장관이 사임하고 거래세로 재전환하자 증시에 활력이 돌아온 사태를 잘 살펴보아야 합니다. 참조 : https://www.hankyung.com/finance/article/2018012445561 대한민국은 미국과 일본과 같이 기축통화국이 아닙니다. 그들처럼 증시부양을 위한 무제한 양적완화가 가능하지 않기에 증시 부양을 위해 기관, 외인, 개인투자자가 공정한 게임을 할 수 있는 시장의 룰을 만들어야 건전한 시장 조성과 투자가 이루어질 수 있으며 그러기 위해서는 개인들이 공정한 게임이라고 느끼게 만들어야 할 것입니다. 양도소득세를 기관과 외인에게 까지 물릴 수 없다면 현행 거래세를 유지하며 거래세 면제를 받는 예외 사항을 없애 공정한 게임을 할 수 있도록 국가가 나서야 합니다. 개인투자자들을 위한다는 명목으로 세재 개편을 하면서 공청회등 개인투자자의 의견도 제대로 청취하지 않고 만드는 탁상행정에 많은 개인투자자들이 분노하고 있습니다.",
  "num_agree": 8048,
  "petition_idx": "590096",
  "title": "주식시장을 더욱 불공정한 시장으로 만드는 것이 경제 민주화입니까?"
}