{
  "category": "행정",
  "begin": "2020-06-26",
  "content": "안녕하세요 의정부시는 인구 45만명 정도의 중소도시 입니다. 의정부시의 가장 큰 현 문제점이라면 교통문제 입니다. 특히 인구 10만이 넘게 거주하는 민락지구에는 1호선 전철역이 너무 멀어 서울가는 광역버스를 타야 하는데 아침마다 전쟁터를 방불케 하는 교통 지옥 입니다 오죽하면 의정부나 인근 양주의 주민들이 민락지구의 교통이 안 좋은것을 비유하여 민락섬이라 부르고 있습니다. 최근에 전철 7호선 노선 연장시 가장 많은 분담금을 내는 의정부시는 양주 2개역 포천 3개역을 확정할떄 고작 탑석역 하나만 확정이 되었습니다.(장암역은 기존역이고 사실상 서울경계에서 더 가까워 의정부시민들이 이용을 안합니다) 물론 예산이 부족해서 안된다고만 말을 하더군요 그런데 문제가 예산이 부족하다면서 의정부시의 엉뚱한 곳에 투자하는 예산이 천문학적 금액이 넘어 제발 중앙정부에서 확인하고 제동을 걸어주길 바랍니다. 의정부 시청의 2019년 예산 중에 19억원이 현 시청 테니스장을 돔 형태의 실내테니스장으로 개축 공사하는데 편성되어 제출되었다는 뉴스를 접했습니다. 이때도 시장이 테니스광이라서 이런 일을 발인다는 얘기가 소문으로 돌기도 했죠. . . 그런데 이번에는 의정부 신곡동 쓰레기장이 있던 부지에다가 467억원 규모의 국제 테니스장을 개설한다고 합니다. 지금 코로나로 모든 시민이 고통 받고 있고 재난지원금도 타 지자체에서 몇십만원씩 지급할떄 예산 없다며 5만원씩을 생색내며 지급한 의정부시입니다. 그런데 그런 어마어마한 예산을 시민들의 교통을 위한 역신설이나 코로나로 고통받는 시민을 위해 사용하자는 못할 망정 이 시국에 국제규모 테니스장을 짓겠다는 겁니다. 도대체 의정부가 테니스와 무슨 연관이 있다고 이 어려운 시국에 굳이 천문학적인 금액을 들여서 테니스장을 지어야 하나요? 시청에 19억원이나 들여서 기존 테니스장을 돔구장으로 지어서 소수의 이용자만 혜택을 누리고 이번엔 국제규모 테니스장에 467억원을 투입한다고 합니다. 의정부시장이 테니스광이라서 정신 못차리고 이런다는 소문까지 돌고 있는데 제발 아니기를 바랍니다. 제발 중앙정부나 광역지자체는 이런 의정부의 낭비성 체육시설에 절대 국비나 도비를 지원하지 말아주시고 계획 자체를 취소하도록 해 주시기 바랍니다. 아래 링크에 관련뉴스를 첨부 합니다. 의정부시장은 테니스장에 신경쓰지 말고 시의 교통과 코로나로 힘든 시민들을 돌보시길 바랍니다.",
  "num_agree": 5606,
  "petition_idx": "590095",
  "title": "의정부시의 독단적 예산낭비를 막아주세요"
}