{
  "category": "행정",
  "begin": "2020-06-25",
  "content": "저는 의정부시에 살고있는 30대 입니다 어릴적부터 의정부에서 살아왔고 교통이나 정책에 있어서 낙후된 경기북부 지역이지만 어느곳보다 살기좋은 곳이라 자부하며 살고있습니다. 그런데 요즘 의정부시의 행정을 보면 당장 피켓이라도 들고 시청이라도 찾아가고싶은 심경입니다. 어제 의정부에는 두명의 확진자가 나왔습니다. 열심히 일하시던 50대 가장과 고1아들입니다. 시민들은 그 두 사람을 찾아내려는게 아닙니다. 내가 조심해야할 상황인지 아닌지 알고싶은겁니다. 의정부 주변 지역은 어느지역에 몇시몇분에 다녀가셨는지 상세히 알려주는데 의정부는 'ㅇㅇ동 소매점' 이 전부였습니다. 시간은 00시00분이 아니라 '00시' 이게 정보 입니까? 그리고 몇일전 기사화도 됐던 초호화 화장실. 의정부역앞 공원에 화장실이 필요하다는 민원이 있었고 의정부시는 그 결과로 24시간 운영될 6억 화장실을 내놓았습니다. 바로 뒤에 의정부역이 있는데 그앞에 화장실이 또 필요합니까? 역사가 24시간 운영이 안되어 시민이 불편한 의견을 수렴한 결정이었다면 6억까지 들여야 할까요? 왜 의정부의 랜드마크가 화장실이 되어야 합니까? 시민들이 화장실이 랜드마크 인 시에서 살고싶어한답니까? 몇몇분들이 시청에 민원글을 올렸습니다. 붙어넣기한 똑같은 답변을 받았습니다. 내용은 일반 공중화장실이 아닌 의정부시 이미지를 재고할수있는 새로운 화장실 설치 필요성이 대두되어 디자인 대회에서 호평받은 작품을 적용 하였다는 답변이었습니다. 의정부시민은 초호화 화장실 이미지를 갖고싶지 않습니다. 그리고.. 작년 코로나가 막 시작할즈음 시장님의 못말리는 테니스 사랑. 이라는 기사를 만들며 테니스에 애정있으심을 보여주신 시장님께서 이번엔 476억을 들여 국제테니스장 시설 확장을 하신답니다. 의정부에 테니스 인구가 얼마나 되는지 시민은 모릅니다. 시민의 건강증진을 위한 운동시설. 좋습니다. 국제테니스장이 시민을 위한 시설입니까? 의정부시의 세금이 장마비 쏟아지듯 세어나가고 있습니다. 시민들은 이 세금을 지키고 정말 필요한곳에 쓰이길 바랍니다. 의정부 시민은 의정부시의 상황에 대해 알 권리가 있습니다. 시민의 권리를 지켜주세요. 의정부시는 진정으로 모든 시민을 위해 일해주세요. 떠나고싶은 의정부가 아닌 살고싶은 의정부로 만들어 주세요!!",
  "num_agree": 3176,
  "petition_idx": "590067",
  "title": "시민을 위한 의정부시를 만들어주세요"
}