{
  "category": "교통/건축/국토",
  "begin": "2020-06-26",
  "content": "1) 가혹(苛酷)한 정치(政治)는 호랑이 보다 더 사납다. 2) 세종은 “백성이 좋지 않다면 이를 행할 수 없다. 그러나 농작물의 잘되고 못된 것을 직접 조사할 때 각기 제 주장을 고집해 공정성을 잃은 것이 자못 많았고, 또 간사한 아전들이 잔꾀를 써 부유한 자를 편리하게 하고 빈한한 자를 괴롭히고 있어 내가 심히 우려하고 있다. 각 도의 보고가 모두 도착하면 공법의 편의 여부와 폐해를 구제하는 등의 일을 관리로 하여금 깊이 의논해 아뢰도록 하라”고 지시했다. 정치란 국민앞에 권력을 내세워 복종하길 요구하는 것 이 아니라. 그 정책을 시행함에 있어 국민의 고충이 무엇인지 두루 살피어 선의의 피해자가 나오지 않도록 해야 하는것 입니다. 3) 6.17 부동산 정책은 그 정책을 시행함에 있어서 투기세력의 시장혼란을 방지함에 대한 효과와 더불어 그에 따른 평범한 백성들이 또한 그 정책을 적용함으로 피해를 입을수 있는 사례들을 사전에 충분히 인지하고 예방을 하기위한 정책들이 반영이 되어 있어야 하였으나 그러지 않았습니다. 4) 투기세력과 실수요자의 구분의 기준 또한 백성들이 인지하고 있는 기준과 너무나 다르기에 그 상황을 두루 살피어 폐해를 바로잡아 나가야 하는것이 정책의 당연한 방향 이지만 투기세력을 잡아야 한다는 대의 명분 앞에 힘없는 평범한 백성들의 개인적 삶에는 갑작스런 고통으로 어려움을 겪고 있으나 이를 깊이있게 살피고자 하는 노력은 전혀 없는것 같습니다. 5) 민심은 천심이라, 투기세력과 내집마련을 위해 묵묵히 삶을 살아가고 있는 평범한 백성을 가려내지 못한다면 6.17부동산 정책은 평범한 백성을 고통속으로 밀어 넣는 정책이 될 것 입니다. 6) 무주택 세대가 신규 아파트에 분양을 받고 입주를 하는데 어려움이 있다면 그것은 분명 정책의 실패 입니다. 7) 무주택 세대가 아파트를 구입하는데 어려움이 있다면 또한 부동산 정책의 실패 입니다. 8) 1주택 세대가 신규아파트의 분양이나 새로운 아파트로의 이주를 하는 과정에 어려움이 있다면 그 또한 부동산 정책의 실패 입니다. 9) 1주택 세대가 재산권을 행사함에 있어, 실거주를 하지 않더라 하더라도 개인의 사유가 존재함을 인정받지 못하고 실입주을 하지 않는다는 이유로 어려움이 있다면 그것 또한 부동산 정책의 실패 입니다. 7) 대출의 규제와 억제는 반듯이 투기의 의도가 내제된 조건에 한해서 강략한 규제가 진행되어야 합니다. 8) 실수요자라는 기준에 대해서 국민이 느끼는 기준과 정부의 기준간에는 분명한 차이가 있으며 국민을 위한 정권이 맞다면 이에 대해서 다시한번 깊이있는 분석과 국민의 고충을 해결하기 위한 보완이 수립되어야 합니다. 9) 무주택 자나 1주택자가 아파트를 구입함에 있어서 가치의 상승으로 인한 수익의 발생을 기대할수 있는 것은 자유시장 경제에서 기대할수 있는것이 당연한 것이라 생각하며, 그것이 투기세력과 동일시 된다는것은 부동산 정책을 진행함에 있어서 투기세력과 실수요자의 구분을 하지 못하고 있다는 반증이기도 할 것입니다. 10) 투기세력에 대한 제재 정책은 필요 하지만 실수요자들이 주택을 구입하기 위한 과정에 어려움은 반듯이 해소가 되어야 할 것이며 국토부와 관련된 국가기관등은 이를 두루 살펴봐야 할 것 입니다.",
  "num_agree": 532,
  "petition_idx": "590081",
  "title": "6.17 부동산 정책으로 발생된 국민의 고충을 해결해 주세요"
}