{
  "category": "경제민주화",
  "begin": "2020-06-25",
  "content": "정말 어이가 없습니다. 그렇지 않아도 부동산으로만 돈이 몰리고 있는 상황인데 이 정부는 왜 이렇게 주식시장으로 돈이 오는 꼴을 보지 못합니까. 동학개미운동이라는 이름으로 불리는 개인투자자들의 주식시장 참여로 몇년간 침체되었던 국내 주식시장이 오랜만에 활기를 보이고 있습니다. 공매도 금지와 개인투자자들의 적극적인 참여로 세계 증시 대비 높은 상승률을 보이고 있습니다. 이런 시점에 왜 주식시장에 찬물을 끼얹는 이런 법을 굳이 만들어 강행하려 합니까. 정말 오랜만에 주식시장으로 돈이 몰리고 있는데 말입니다. 부동산 양도세나 보유세를 좀 이렇게 적극적으로 강화해 보십시오. 정말 정말 도무지 이해가 안 갑니다. 이 정부는 진정 부동산 시장을 위한 정부였던 것입니까? 부동산으로만 돈이 몰리는 것을 막지 못한다면 이 나라 경제의 미래가 암울하다는 많은 사람들의 아우성이 들리지 않습니까? 정말 오랜만에 자본시장으로 돈이 몰려오고 있는데 이런 모습은 이 정부가 보지 못하겠다는 겁니까? 정말 국민들 민심 너무나 모르는 정부군요. 시장 참여자 중 상위 5%만 세금을 내게 될테니까 오히려 이익이라구요? 그러면 주식시장에서 이익을 낼만한 사람들은 딴 데 가보라는 말입니까? 좀 가뜩이나 침체되어 있는 자본시장으로 돈이 오게하는 정책을 추진하세요. 조금 살아나려는 증시에 찬물 끼얹는 정책 말구요. 정책을 발표한 타이밍도 정말 한심합니다. 지금 전세계 국가들이 증시를 부양하고 경기를 살리려고 온갖 노력을 하는 이때에 우리나라는 주식 양도세 강화 발표입니까? 이게 대체 뭡니까? 어차피 소규모 자본 서민들은 너무 올라버린 부동산 투자가 어려운 상황입니다. 그런 서민들이 눈 돌릴 수 있는 거의 유일한 투자처가 주식시장이에요. 이 정부의 적극적인 지지자들일 수도 있는 그 사람들이 말이에요. 그런데 왜 이런 서민들이 좀 마음 편히 투자할 수 있게 해주지를 못합니까. 힘 있는 기관, 외국인, 자본가들 편들지 마시고 서민들 편히 투자할 수 있게 해 주세요. 그런 서민들이 이 정부 지지자들입니다. 그런 서민들은 이번 조치로 실질적인 부담 없다 이런 소리하지 마시구요. 그 쥐꼬리만한 이익에까지 세금을 부과하겠다는데 어떤 서민이 응원하겠습니까. 각설하고 주식 양도세 부과 백지화하세요. 아니면 정말 대주주라 할 수있는 사람들에게만 부과하든지요. 아울러 좀 있으면 재개될 공매도 이 공매도 제도도 폐지하세요. 공매도가 금지되어 있는 동안 누가 이익을 보았는지만 보세요. 누가 그동안 누리던 이익을 빼앗겼는지요. 정말 오랜만에 개인투자자들이 웃는 증시였습니다. 이 사실 하나만 보세요. 경제 관료들의 말 같지도 않은 괴변 듣지 마시구요. 정말 이 정부는 이렇게 서민의 기대를 걷어차버리면 안 됩니다. 너무나 실망스럽습니다.",
  "num_agree": 7322,
  "petition_idx": "590066",
  "title": "주식 양도세 부과 대주주에게만 시행하세요"
}