{
  "category": "교통/건축/국토",
  "begin": "2020-06-25",
  "content": "아직도 이런 아파트가 존재하고 있다는 것이 참 어이가 없네요. 그것은 바로 안산에 **라는 아파트가 이번에 주민입주를 완료하고 차량 통제에 들어간 것입니다. 어지간 하면 걸어서라도 배송을 하려고 하는데 단지가 대단지라 쉽지가 않네요. 경비들도 단지와의 거리가 멀다보니 오토바이를 타고 순찰을 돌고 하는데, 우리 힘들게 일하시는 배송 기사들은 카트에 물과 여러가지 물건을 싣고 500미터 이상 되는 거리를 운반을 해야 하는데 이게 가능한 건가요?가정집 한곳 배송하는데 왔다 갔다 어림잡아 1키로... 단지내에 1건만 배송하는 것도 아니고, 게다가 한번 배송할적마다 무게도 50키로 이상, 50키로 이상되는 무게를 한집 배송할때마다 500미터 이상을 카트를 끌고 걸어서 배송을 해야 하는데 각자 개개인이 생각을 해봤으면 하네요. 다산 신도시 택배 사건 모든 분들이 알고 계시리라 생각됩니다. 정말이지 그 사건 그대로 경비실 앞에 찾아가라고 하고 싶네요. 오늘은 게다가 비도 많이오고 해서 ** 아파트 배송을 하는데 정말 내가 이렇게 까지 해서 돈을 벌어야 하나 하는 생 각까지 들더라구요. 차량 출입이 금지된 전말을 알아보았더니 분양 당시 지상에 차없는 아파트로 분양을 했다고 하는데 이게 말이 됩니까? 정부 국토부에서는 이런 내용을 알고서 아파트 건설을 허가를 내어주는 걸까요? 다산 신도시 사건이 발생되었을 때에는 차량출입이 안되는 곳에서는 실버택배 운영을 한다고 하지 않았던가요? 실버택배는 어떻게 운영이 되어지는 건가요? 차량 출입이 안되는 택배운영 어떻게 해야 하는 건가요? 건설사에서 지상에 차없는 아파트 건설을 하고자 할때에는 조건부를 만들어서 방침이 필요하지 않은가 생각합니다. 이뿐만이 아니라 다산 신도시 사건이 발생한이후 정부에서 내놓은 대책 중 하나입니다. 아파트 건설시 탑차가 지하 주차장에 출입이 가능토록 주차장 높이를 개정하기로 했었는데 정부에서는 이 내용을 알고나 있는지요? 왜 아파트 건설이 기존과 똑같이 이루어 지고 있는지...이것도 국회에서 통과를 안시켜주어서 그런건가요? 정부에 답변을 요구합니다. 아파트에 택배차량의 출입이 통제되어 지속적으로 이러한 일이 반복되고 청원글이 여러번 국민청원에 등장하였던 것으로 알고있습니다. 요즘 코로나19로 인하여 마스크 착용과 동시에 숨을 헐떡거리며 배송을 진행하고 있는데 날도 무덥고 택배 종사하시는 분들 많이 힘이들고 집에 퇴근하고 들어가면 녹초가 됩니다. 조금이나마 이러한 문제점들을 개선해야 한다고 생각합니다. 아파트내에 지상출입이 불가한 경우에는 아파트 자체적으로 실버택배의 의무화가 필요합니다. 또한 건설법이 시급히 개정되어야 할것을 요청드립니다.(지하 주차장 높이 제한) 정부에 이에대한 답변을 요구합니다. [본 게시물의 일부 내용이 국민 청원 요건에 위배되어 관리자에 의해 수정되었습니다]",
  "num_agree": 601,
  "petition_idx": "590059",
  "title": "택배 차량 지상출입 통제 관련건으로 청원합니다."
}