{
  "category": "교통/건축/국토",
  "begin": "2020-06-25",
  "content": "나라 살림을 위해 애쓰시는 국토부 관리자 및 정부 담당자 분들께 감사의 말씀을 먼저 드립니다. 이번 발표한 부동산 대책도 고심 끝에 내놓으셨으리라 생각합니다. 누구에게나 다 사정이 있을 수 있고 어려움이 뜻하지 않게 닥칠 수 있습니다만 이번 대책은 대부분 법의 소급 적용 때문에 어려움에 처하게 된 이유라고 사료됩니다. 돈이 부족해 공동 명의로 조그마한 재건축을 사서 세입자 만기시 공동 명의자중 제가 들어가 살려고 계획을 세웠어요. 세입자 만기 전이라 입주를 기다리는 중 이번 대책이 발표 되었는데 공동 명의자 모두가 실거주를 해야한다고 해 어렵게 마련한 집을 뺏기게 되는 상황이 되었습니다. 공동 명의자 한사람이 해외 거주 중인거지요. 해외에서 일해 달러를 국내로 가져오는 사람입니다. 해외 거주 기간이 끝나면 부모 부양 겸 같이 살려는 계획이었고요. 명의자 모두 실거주 2년 법을 미리 알았다면 이 집을 사지 않았을겁니다. 매수 당시의 국가 정책에 따라 매수했을 뿐 매수 당시의 어떤 법규도 어기지 않았는데 집을 뺏긴다 생각하니 너무 억울하고 억장이 무너집니다. 내 놓는 대책이 유예기간은 못 주더라도 소급 적용은 하면 안됩니다. 대책 발표후의 매매건에 적용되어야 합니다. 부디 소급 적용만은 하지 말아 주세요. 국가의 신뢰 문제입니다. 국가를 믿고 지지하는 국민으로서 부디 신뢰를 저버리는 소급적용은 거두어 주시길 간곡히 바랍니다.",
  "num_agree": 671,
  "petition_idx": "590054",
  "title": "6.17 부동산 정책중 재건축 실거주 2년 소급적용 재고 해 주세요"
}