{
  "category": "교통/건축/국토",
  "begin": "2020-06-26",
  "content": "소급적용은 이 나라가 전 국민들에게 합법적으로 사기치는 행위입니다. 모든일에는 순서가 있습니다. 아이들 술래잡기도 술래가 다른 아이들 숨을 시간은 주고 시작합니다. 법대로 대출금액 확인하고, 법대로 계획세워 계약한 집을 몇몇의 마음대로 바꾼 탁상행정때문에 중도금이 없어 잔금이없어 계약금을 날리고 가정을 파탄나게 하는것이 다단계사기로 사기치는거랑 무슨차이가 있습니까? 괜찮다 법이 이러니 계약해도 된다라고 해놓고 이제와서 니들은 투기꾼이니 계약금 날리고 좋은집에서는 살지마라라 하는것이 진정한 국민을 위한 법인지 알고싶습니다. 정말 가정이 파탄나고, 없는살림에 아끼고 모은돈을 투자도 아닌 내 집마련을 위해 손을 떨면서 납 부하였다가 다 날려서 사지로 모는것이 정답이라고 생각하시는지요? 소급적용이란 한마디로 전 국민을, 아니 서민이 투기꾼이 되어서 그냥 시키는대로 살아야만 하는지 힘없는 내 자신이 윈망스럽습니다. 유예기간도 없이 서민들 고충도 무시한체 누구를 위한 법인지 진정 알고싶습니다. 이전 부동산대책때도 이런 무지한 경우는 없었습니다.그래도 규제발표가 난 이후시점부터 규제적용을 하는것이 상식이고 기본입니다. 우리는 좃불의 힘도알고 무었이 옳고 정의로운지도 아는 보통의 서민입니다. 그 힘을 알기에 잘못이 있으면 그또한 어떻게 행동해야 되는지도 아는 국민입니다. 정말 힘들게 모은 내 재산을 지키기 위해서라면 무엇이든 할 수 있음을 명심하여 주시기 바랍니다. 간곡히 부탁드립니다. 소급적용은 악법이자 법치국가인 우리나라 법을 나라에서 위배하는 행위입니다. 규제지역 번복은 바라지도 않겠습니다. 제발 소급적용이라도 지금의 현실에 맞게 규제발표 이전과 이후로 적용해주시기 바랍니다. 규제발표하시고 마음은 편하셨습니까? 이번규제 만드신분들은",
  "num_agree": 872,
  "petition_idx": "590093",
  "title": "소급적용은 국민모두에게 사기치는 악법입니다"
}