{
  "category": "교통/건축/국토",
  "begin": "2020-06-25",
  "content": "지방에서 흙수저도 아닌 무수저로 태어나 돈 몇푼 더 벌어보겠다고 서울로 상경하여 일을 하기 시작했습니다. 무일푼으로 올라온 저는 20대 초부터 지금나이 30대 중반까지 월세살이를 하며 2년마다 이사를 다녀야 했습니다. 보증금이나 월세금액을 집주인이 요구한대로 올려줄 수가 없었기 때문입니다. 돈 없는 제 자신이 항상 초라했고, 연애나 결혼도 저에겐 사치라고 생각하며 일만 죽어라고 했습니다. 그러던 어느날, 직장 동료가 시세의 60%까지 대출을 받아 집을 구입했다고 얘기를 들었고 직장동료가 받은 대출금액의 이자가 제가 살고있는 월세 금액과 비슷하여 저도 차라리 대출받아 집을 사고자 마음을 먹었습니다. 그래서 2018년 동탄에 미분양 아파트에 당첨이 되었고, 중도금대출로 지금까지 잘 유지해 왔습니다. 흙수저인 저에게도 내집마련의 꿈이 현실이 되기 직전이였는데.. 이번정책으로 저는 또 한번 자괴감에 빠지고 말았습니다. 투기꾼을 잡겠다고 내 놓은 정책인거 저도 잘 압니다. 하지만..이번 정책이 어떤 결과를 낳게 하셨냐면요.. 저같이 돈 없는 사람은 2금융,대부업까지 대출을 받아 이자에 허덕이게 만드셨습니다. 오히려 서민들은 대출한도를 더 높여주시어 생활의 안정을 찾게 해주심이 마땅하다고 봅니다. 그래서 제가 청원드리는 내용은 기존 분양자, 계약자들은 이번정책과 무관하게 계약당시의 정책으로 적용시켜 주세요. (이렇게 정책이 금새 바뀌고 안좋아질줄 알았더라면..전 아파트 꿈도 안꿨을 겁니다.) 부탁드립니다. 저처럼 돈 없고 힘든 가정을 위해 조금이라도 힘써주는 대통령님이라고 생각했기에 항상 응원해 왔습니다. 제 마음이 변치않길 바라면서 이글을 마치도록 하겠습니다.",
  "num_agree": 607,
  "petition_idx": "590064",
  "title": "흙수저는 집 사면 안되나요? 서민들의 고충을 들어주세요."
}