{
  "category": "교통/건축/국토",
  "begin": "2020-06-25",
  "content": "반갑습니다. GTX-C의 본 취지에 대하여 논하고자 이 글을 쓰게 되었습니다. 우선 GTX가 무엇일까요?? 네이버 사전에 따르면 GTX란 '수도권 외곽에서 서울 도심의 주요 거점을 연결하는 수도권 광역급행철도로, 2007년 경기도가 국토부(당시 국토해양부)에 제안해 추진됐다. 기존 수도권 지하철이 지하 20m 내외에서 시속 30∼40km로 운행되는 것에 비해 GTX는 지하 40∼50m의 공간을 활용, 노선을 직선화하고 시속 100km 이상(최고 시속 200km)으로 운행하는 신개념 광역교통수단이다.' [네이버 지식백과] GTX (시사상식사전, pmg 지식엔진연구소) 라고 하네요. 자 그럼 취지가 '서울 도심의 주요 거점을 연결하는 수도권 광역급행철도' 라는 거죠? 그럼 말 그대로 기존의 교통이 불편한 곳을 정차하여 교통환경을 적극 개선하기 위한 목적이 크다는 건데 일부 성동구 주민들의 이윤을 목적으로 기존의 취지에 어긋나게 왕십리역에 정차한다? 왕십리역이 일자리가 많은 것도 아니고 청량리에서 출발해서 몇 분만에 정차해서 사람들을 태우고 내려서 또 출발한다?? 무슨 지하철인가요? 왕십리역은 이미 교통이 편합니다. 지하철 잘 다니고 부족한거 없이 잘 다니죠. 그런 곳을 GTX-C 가 굳이? 왜? 정차를 하냐는 겁니다. 돈까지 더 들어가면서요..! 몇몇 사람들의 집값을 띄워주기 위해 이 피같은 세금이 그런 쪽으로 쓰여야 합니까?! 한 마디로 표현해서 어이가 없습니다. 그럼 모든 민원을 참고하셔서 그냥 전국구고속철도망을 만들어야 하는 것 아닌가요? 집값 잡을 걱정 안해도 되고요. 어디서든지 서울에 빠르게 도착할 수 있으니 그게 좋을 거 같습니다. 부디 몇 사람의 집값 상승을 위한 민원으로 인해 GTX-C의 좋은 취지가 훼손되지 않기를 바랄 뿐입니다. 감사합니다.",
  "num_agree": 2429,
  "petition_idx": "590060",
  "title": "GTX-C의 본 취지에 대해서(왕십리역 정차 절대 반대)"
}