{
  "category": "경제민주화",
  "begin": "2020-06-26",
  "content": "안녕하세요. 대한민국 국민입니다.아직까지는요. 최근 몇년간 나라에서 일어나는 일을 보면 대한민국 국민으로써 부끄러움을 넘어 창피함으로 이민을 준비 중입니다. 오늘 발표한 주식양도세. 저도 대한민국 주식투자자입니다. 이 양도세가 적용된다고해도 세금을 지금보다 더 크게 낼 거 같지도 않고 오히려 덜 낼 수도 있을 듯 합니다. 그럼에도 불구하고 이건 너무 잘못된 거 나라에서도 아시죠? - 거래세 인하는 점진적으로 인하하면서 양도세는 한번에 20% 적용? : 양도세 20% 적용 기준이 뭔가요? 양도세도 5% 10% 점진적으로 올려보는게 맞지 않을까요? - 기관, 외인들에게는 동등하게 적용을 하시나요? : 안하죠. - 손해보면 개인이 책임지고 잘해서 수익나면 나라에 세금 내라는거죠? : 그렇게 보입니다. - 부동산처럼 주식 장기 보유에 대한 양도세 면죄는 있나요? : 그런 내용은 없네요. - 주식투자하지말고 해외투자나 부동산 갭투자 하라는거죠? : 너무 당연하게 그렇게 유도하는거 같습니다. 정말 말도안되고 어처구니가 없네요. 말은 큰 금액으로 수익나는 개인투자자들에게 양도세 걷는다는건데 실제로 피해보는 다른 개인들이 더 많은거 나라님들도 잘아시죠? 왜 맨날 우리 국민 여러분하면서 국민 여러분 삶이 계속 힘들어질까요? IMF 이후로 모든 경제지표 말도 못 할 수준이고.. 최저임금실패, 부동산정책실패, 남북외교(결국실패) 가장 중요한 국민들 삶의 질..최악이죠. 모든걸 코로나로 덮을려고만 하지...코로나 전부터 힘들었던 거 그냥 코로나로 더 힘든거 뿐 입니다. 더 해볼까요? 나라 빚 증가 속도 oced국가 중 1위, 3년간 나라 빚 2배증가, 하위소득 뿐 아니라..중위소득도 하락하기 시작 자영업자 생존률, 고용률 실업률... 이 모든게 이번 정권에서 더욱 더 빛이 발휘하기 시작합니다. 다들 저보다 더 전문가고 더 똑똑한 분들 아닙니까? 이런거 모르는거 아닐테고요.. 도대체 어떤 나라가 3년간 부동산 정책을 21번을 발표합니까? 발표할때마다 결국에는 세금..근데 그것도 빠져 갈 구멍 다 만들어두고요. 여기 집 값오르면 여기 투기지역 지정..그럼 길 건너 옆집이 오르고... 서민정부를 강조하고 싶어서 청와대와 기생충 연기자분들 관계자들 불러서 짜파구리 먹는것도 좋고 코로나 31번 터지기전에 우리는 코로나 잘 대응했다 샴페인 터트리는것도 좋고... K방역하면서 아직도 통제안되어서 돈 쓰는거에 비해서 결과물이 좋지않아도 좋고... 다 좋습니다. 다만 국민 자부심을 가질 수 있는 대한민국이 되는게 가장 중요하고 좋을 거 같습니다. 지금은 절대 아닙니다. 이 나라를 포기하고 이민가는 사람은 저로써 끝났으면 합니다.",
  "num_agree": 1078,
  "petition_idx": "590088",
  "title": "제발 기획재정부 일 좀 제대로 하세요. 주식양도세 관련"
}