{
  "category": "기타",
  "begin": "2020-06-26",
  "content": "보이스피싱 피해가 근절되지 않고 있습니다. 대통령님께서도 보이스피싱 피해예방을 위해 재난문자처럼 보이스피싱도 경보발령 검토하라고 말씀하셨습니다. 그 만큼 보이스피싱 피해예방은 시대의 과제가 되었습니다. 이에 저는 보이스피싱 피해예방을 위해 한가지를 제안 하고자 합니다. 보이스피싱 당하지 않도록 주의하라고 아무리 수백번 말씀드려도 국민들께서는 현재 어떤 수법의 보이스피싱이 행해지고 있는지를 제대로 알지 못합니다. 구체적으로 어떤 수법이 유행하고 있는지를 자세히 알려 줄 필요가 있습니다. 이를 위해 방송3사를 비롯한 지상파와 종편의 주요 뉴스시간을 이용해 최근 발생하고 있는 보이스피싱 수법을 자세히 반복적으로 알려 주시길 제안합니다. 방송사 뉴스시간에 늘 사건사고 소식이 있습니다. 이 시간에 보이스피싱 수법을 1일 1건씩 보도해 주시면 국민들께서 보이스피싱 피해를 예방하시는데 큰 도움이 되리라 확신합니다. 청와대에서 이점을 깊이 고민해 주시고, 방통위와 방송사를 대상으로 협조 요청 해 주시길 부탁드립니다. 보이스피싱 피해를 예방하는 것은 한 사람의 인생을 구원하는 것이라 믿습니다. 아무쪼록 보이스피싱 피해예방을 위한 저의 제안에 꼭 귀기울여 주시길 부탁드립니다. 감사합니다.",
  "num_agree": 1135,
  "petition_idx": "590075",
  "title": "보이스피싱 피해예방을 위한 방안 제안 드립니다."
}