{
  "category": "교통/건축/국토",
  "begin": "2020-06-26",
  "content": "남양주시는 다산신도시,별내신도시,3기신도시인 왕숙신도시 등 많은 개발이 되고 있고 될 예정입니다. 뿐만아니라 8호선,6호선,GTX B노선 최근에는 9호선 마저 연장 추진 중입니다. 많은 호재로 가격이 인근 입지 대비 너무 많이 오른 지역입니다. 서울과도 매우 가까운 위치로 선호도도 높은 지역이고요. 다산시도시 분양당 시 84타입 기준 4억 초반 하던것이 현재는 9억에 임박해 있습니다. 행정이 공평해야 하는것 아닙니까? 주택 가격이 너무 많이 올라 돈 없는 서민들은 이제 남양주시조차도 입성이 힘듭니다. 현재 투기세력들로 평내호평은 물론 진접,마석까지 싹 쓰리 중입니다. 진작에 규제를 받아야 하는 곳인데 주민들 조차 투기에 몰두하고 집값에 미쳐있습니다. 규제에서 빠졌다고 서로 축하를 해주고요. 이기주의가 극에 달해 인근 도시 계획마저 간섭을 하는 입장입니다. 급기야 가격 왜곡현상과 입지대비 가격 역전 현상이 일어나려 합니다. 잘 살피셔서 투기과열지구로 지정을 해주시기 바랍니다. 이곳은 접경지역도 아니잖습니까. 최근에 풍선효과로 김포와 파주마저 난리도 아닙니다. 이런거 예측을 못하신겁니까? 공평한 행정 공평한 나라를 만드는게 이번 정권의 모토 아닌가요? 부디 공평한 행정을 펼쳐주시기 바랍니다.",
  "num_agree": 596,
  "petition_idx": "590089",
  "title": "부동산 규제 남양주시내 신도시 투기과열지구 지정 요청"
}