{
  "category": "행정",
  "begin": "2020-06-25",
  "content": "안녕하세요 저는 전라북도 전주시 **구 **동에 위치하고 있는 사회복무요원입니다. 저는 8개월간 근무하면서 많은 부정을 목격했습니다 1.**구 선거관리위원회에서 반납요청한 마스크와 손소독제를 주무관들이 검은봉투에 담아 빼돌렸고 2.매일 주민센터 르노삼성 전기차와 트럭 관용차 을 이용하여 카페와 점심을 먹으러 갔으며 3. 6시에 퇴근후 저녁밥을 먹고 돌아와서 지문인식으로 퇴근하는것도 자주 목격했습니다 4. 모유수유 해야할 공간에서 남주무관은 이불을 깔고 쉬거나 낮잠을 잤습니다. 5. 사회복무요원 대표적인 금지 업무인 금전출납업무, 개인정보업무를 강요했고 시켜왔습니다. 6.전주시의 소식지인 전주다움을 모든 통과 반에 배부해야하나 통장들이 무겁다고 하여 쓰레기장에 수백개를 버렸고 코로나 포스터도 수십장을 버렸습니다. 7. **동주민센터 2층 청사내에서 주무관들은 고기를 구워먹고 맥주와 소주를 마셨습니다. 준비시간은 3시10분인 근무시간이었고 5시부터 고기와 술을 먹기 시작했습니다. 8.**동 주민센터 주무관은 근무시간중 휴대폰 게임, 유튜브보기 . 카카오톡 등 근무태반을 자주행했습니다. 9.**구청에서 축산업 민원인에게 드려야 할 중국산 파란색 일회용마스크를 **동주민센터 한 주무관은 자기 책상에 넣어 빼돌렸습니다 10. 전주시 완산구 평화동에 위치한 푸드뱅크에서 받아온 음식 3분카레, 컵밥,연어통조림 과 기부 받은 송편등을 어려운 동민에게 모두 나눠주는게 아니라 일부는 주무관들이 먹어버리고 어려운동민에게 드려야 할 식초음료인 미초는 주무관들의 불찰로 어려운동민에 나눠주지않고 유통기한이 지나 모두 버렸습니다. **구청에 감사요청을 수시로 구두로 말했으나 전혀 도움주지 않았으니 꼭 감사원 감사를 받아 징계해주세요. **동주민센터 사회복무요원 드림 [본 게시물의 일부 내용이 국민 청원 요건에 위배되어 관리자에 의해 수정되었습니다]",
  "num_agree": 4679,
  "petition_idx": "590053",
  "title": "부정부패의 소굴 **동주민센터를 감사해주세요"
}