{
  "category": "교통/건축/국토",
  "begin": "2020-06-26",
  "content": "법률불소급 원칙 - 일단 유효하게 취득한 권리나 적법하게 성립한 행위를 사후에 제정된 법으로 침해, 박탈, 또는 처벌할 수 있다면 사회의 안정이 깨어지고 국민생활이 불안하게 되므로 세워진 법률의 기본원칙입니다. 소급적용으로 특히 국민의 재산권을 박탈을 할 수 있다면 국민의 기본적 인권을 해하는 결과가 되어 민주주의의 원리에 어긋납니다. 우리 <헌법>에서도 소급입법에 의하여 재산권의 박탈을 받지 않음을 선언하고 있습니다. 그러나 6.17부동산대책으로 인하여 이미 규제지역 전 청약당첨되어 계약금까지 납부한상태인데 소급적용하여 중도금, 잔금대출을 제한하겠다는 소급적용은 민주주의 원리에 어긋났다고 생각안하십니까? 제발 탁상행정만 하지마시고 현장을 살펴보시고 정책을 피시기 바랍니다. 물론 부동산안정화를 위하여 많은 노력을 하시는 거 압니다. 하루 빨리 6.17대책과 관련하여 소급적용부분이 잘못됨을 인정하시고 수정한 대책을 발표해주시기 바랍니다.",
  "num_agree": 1811,
  "petition_idx": "590091",
  "title": "6.17대책은 법률불소급원칙을 무시한 정책입니다."
}