{
  "category": "기타",
  "begin": "2020-06-25",
  "content": "서울시 **구 ** **동에 있는 **상운 버스 회사에 근무하시는 부모님이 계십니다. 아파트 공사를 하면서 차고지가 없어지는 상황이 와서 기사님들이 쉬지도 못하고 동네를 돌아다니시며 식사도 못하시고 현재 근무 중에 있습니다. 차고지가 없으니 쉴 수도 없을뿐더러 식사도 못하시며 일을 계속할 경우 시민의 발인 버스인데 피곤과 배고픔을 견디며 일을 하게 된다면 사고 날 확률이 높아진다고 생각이 듭니다. 본인이 또는 자녀가 부모님이 이러한 상황에 일을 한다고 생각하신다면 마음 놓고 버스를 이용하고 잠을 잘 잘 수 있을까요? 하루빨리 차고지가 마련돼서 안정적인 운행을 할 수 있도록 부탁드립니다. [본 게시물의 일부 내용이 국민 청원 요건에 위배되어 관리자에 의해 수정되었습니다]",
  "num_agree": 356,
  "petition_idx": "590074",
  "title": "**상운 기사들 좀 제발 살려주세요"
}