{
  "category": "교통/건축/국토",
  "begin": "2020-06-26",
  "content": "안녕하세요. 현재 미국의 자동차 회사에 근무하며, 유튜브 채널을 운영하고 있는 미생입니다. 최근 부산의 스쿨존 삼거리에서 6세 여야가 교통사고로 사망하는 어이없는 사고가 발생하였습니다. 불법유턴과 잘못된 페달을 밟은 운전미숙 혹은 당황하여 발생한 실수들이, 억울한 한 생명을 앗아간 사건입니다. 이미 많은 분들께서 뉴스를 통해 접하셨으리라 생각합니다. 운전자들의 의식강화, 운전 교육 강화 이런것으로.. 이런 문제들을 고친다는건 실제적으로 오래걸리기도 하려니와 실질적으로 사람의 실수를 막는다는건 불가능에 가깝다는걸 잘알고있습니다. 하여, 이런 문제를 근본적으로 해결할수 있는 방안 3가지를 아래요약과 영상으로 제안했습니다. (https://youtu.be/**************) 부디 신중히 검토하시어, 이런사고들이 다시는 일어나지 않도록 해주시길 청원드립니다. 영상의 제안된 내용 3가지는 다음과 같습니다. 1. 눈높이 불법 현수막 제거 [강력한 처벌 : 벌금상향및 구속경고] 3거리는 사고가 아주 많이 발생하는 지역입니다. 어두워지면 4거리로 착각하고 직진해서 뚫고가는 사고가 빈발하는 지점이기도 합니다. 이런 위험이 크게 존재하는 지역+ 학생들이 걸어 다니는 스쿨존에, 현수막이 보행자와 운전자 모두의 시야를 가립니다. 선거운동기간 정치인들조차 이를 위법하고 있는 사안입니다. 정말 강력한 조치가 필요합니다. 현수막만 없었어도, 걸어가던 아이, 아이엄마, 운전하던 가해자 모두 어찌하던지 회피하려는 행동을 할 기회는 주었을겁니다. 아무것도 모르다 억울하게 피해를 당하지 않도록 강력하게 철거정책을 바꾸고 시행하여 주십시요. 2. 볼라드 설치 영상에 보여드린 미국의 볼라드중 제일약한 등급을 설치만 해주셔도 시속 50km 이하 돌진차량을 막을수 있습니다. 만에하나 이거보다 빠른 속도의 사고라 하더라고 크게 속도룰 줄이고, 큰 사고를 경미한 사고로 쉽게 바꿀수 있습니다. 전국 모든 스쿨존에 설치를 부탁하는거 아닙니다. 스쿨존 3거리에만이라도 일단 설치시행을 청원합니다. 3. 보도블럭 연석 높이상향 매년 예산 집행을 이유로 걷어내고 다시까는 보도블록 대신에, 삼거리의 연석의 높이를 상향시키는데 예산을 집행하여 주십시요. 중국처럼 허리만큼 높여달라는것도 아니고, 자동차 바퀴가 타고 넘어들어올수 없을정도로만 높여주시길 청원드리는 겁니다. 또한 모든 인도에 설치를 부탁하는게 아닌, 삼거리, 사람들이 실수하여, 자주 사고가 발생하는 3거리 지역에 특히 스쿨존 지역에 우선 설치를 청원드립니다. 한국 속담에 소잃고 외양간 고친다는 속담이 있는걸로 알고 있습니다. 저희는 잃지 않아도될 너무 많은 아까운 생명들을 잃었습니다. 충분히 막을수 있는 방법이 저렇게 많습니다. 부디 신중히 검토해 주시고, 스쿨존 부터 강력하고 빠르게 집행해 주시어, 소중한 아이들의 생명을 어이없이 빼앗기지 않도록, 두아이의 부모로써 간절히 청원드리는 바입니다. 긴글 읽어주셔서 감사합니다. [본 게시물의 일부 내용이 국민 청원 요건에 위배되어 관리자에 의해 수정되었습니다]",
  "num_agree": 478,
  "petition_idx": "590087",
  "title": "죄없는 6세 아이가 죽었습니다!! 언제까지 사람이 죽는걸 보고만 계실겁니까?"
}