{
  "category": "기타",
  "begin": "2020-06-26",
  "content": "세월호 왜 세월호가 침몰했는가? 더뉴스코리아 뉴스지 왜 김상곤 전경기교육감은 애들 바닷물 마시며 죽어갈때 전원구조 가짜뉴스 퍼트렸나 ?? 그 출처를 밝혀라 정치검찰은 전원구조 가짜 뉴스 수사도 안한다. 국민 여러분 세월호 특조위나 사회적 참사위 및 검찰은 세월호 침몰 핵심 단서 한개도 조사를 안하고 설레발 치기만 했습니다. 왜 단원고 학생 제주도 수학여행 하루전에 배가 철근 460톤이 실린 50년된 배로 바뀌는가? 단원고에서 계약한 배는 오하마나호였다. 왜 하루전에 선장 부선장을 바꾸었는가? 왜 화물을 정량 3배넘개 싣었는가? 정량 400톤 초과 1200톤 왜 김상곤은 예언가도 아닌데 사고 하루전에 문자에 사고를 어떻게 알고 있었는가? (유튜브 *** 검색 50 개 세월호 공작 증거 제시) 왜 이준석 선장은 배의 균형을 잡는 추와같은 평형수 뺏는가? 왜 날씨가 나빠 출항을 9배는 포기했는데 유독 세월호만 출항하는가? 왜 날씨가 나빠 단원 고교감은 출항을 거부했으나 김상곤 교육감은 밀어 부쳤는가? (당일 인천항은 짙은 안개로 뒤덮여 있어 모든 배가 출항을 포기햇다. 그런데 왜 학실 실은 세월호만 살며시 출항을 했는가?? 단원고 교감은 김상곤이가 강제출항 시켯다고 진술하여 증거인멸 차원에서 밤에 끌려나가 타살된것이다. 복원된 단원고 교감 휴대폰에서 출항반대 글이 나왔다. ) 왜 항로를 위험한 항로를 택하고 그때 선장이 키를 안잡고 3등항해사 인가? (** **이 한달전 청해진해운에 입사 세월호를 탔다고 하는데 ~~)왜 배가 침몰할때 일본인 부부가 선장실에 들어 갔을때 구조할 생각은 안하고 있었던가? 왜 침몰할 때 지나가든 일본ㆍ 미국배의 구조의사를 거절했는가? 왜 침몰할 때 학생들을 가만있으라 하고 선장이하만 퇴선했는가? 왜 침몰하고 구조헬기는 땅에서 프로펠만 돌리고 앉아만 있었는가? 왜 해경 123정은 세월호를 빨리 침몰되게 밧줄로 끌어 바닷물 유입 시켰는가 ? (유튜브 세월호 뒤집기, 학살의 본질 검색) 왜 모든방송은 학생전원구조라고 방송했는가? 왜 박근혜 대통령이 사진보자 하니까 해경은 비밀이라고 보여 주지않았는가? 왜 박근혜 대통령이 전화바꾸라 해도 해양경찰청장은 회의중이라고 바꾸지 않았는가? 왜 유가족들은 정치인들의 감언이설만 믿는가?...펌 왜 방송사는 세월호 생존학생과 인터뷰 한번 안했나? 기획침몰음모 드러날까봐 인터뷰안한것 왜 배 옆에 붙은 스테빌라이저 (고래 옆 지느러미 해당) 를 누가 작동을 시켰고 VTR은 왜 침몰 3분전에 작동을 멈추었는가 ?? 왜 ** ** ***는 당일 세월호에 승선했는가 ?? 이상 더 뉴스코리아 기사입니다. 언론은 전부 대국민 사기치고 정치검찰은 거짓 수사로 국민을 농락했다. [본 게시물의 일부 내용이 국민 청원 요건에 위배되어 관리자에 의해 수정되었습니다]",
  "num_agree": 1270,
  "petition_idx": "590092",
  "title": "세월호 전원구조 퍼트린 김상곤 전교육감을 수사해 주십시요."
}