{
  "category": "경제민주화",
  "begin": "2020-06-26",
  "content": "이번 금융투자소득세 발표에 대해 부당함과 재고이유에 대해서 명확하게 청원합니다 정부는 이번 발표를 단순한 세수변경으로 생각하지 마십시오 1. 부당 이중과세 대한민국은 지금까지 어마어마한 거래세로 세수확보를 해온 이미 고세율 시장입니다 . 이번 발표는 완전한 거래세 철폐후 금융소득 신설이 아니라 거래세는 상식이하의 인하에 양도소득세 25퍼센트 추가 부과는 금융시장 작동 멈추겠다는 것입니다 거래세 없이 금융소득 10퍼센트정도는 이해가 가도 이중과세에 초고율 과세 25퍼센트는 도대체 어디서 나오는 생각인지 궁금할 따름입니다 거래세와 양도소득세 동시부과는 엄연한 이중과세임과 동시에 초고율 과세입니다 당연한 재고를 해주세요 2. 투자심리위축 주식은 꿈을 먹고 움직이는 자본주의의 기틀인 자유시장입니다 거래세 + 양도소득세로는 작동되지가 않습니다 더 큰 미국마켓이나 해외마켓으로 자본유출 당연한겁니다 거래세를 어마어마하게 내던 개인투자자도 상위권에 들기위해 작동하는 시장입니다 양도소득세 고율의 과세는 이런 작동을 멈추게 합니다 .홍남기 부총리가 말하는 세수변화는 없다 세수 변화가 없다면 왜 더 작동하지 않는 시장으로 변형하려는 건지 저의가 궁금합니다 . 홍남기 부총리는 현명한것 압니다 하지만 정말 독립적 의사인지 어마어마한 세수 지출을 만들어가는 정부에 일조를 하려는건지 명확하게 생각해주십시오 이런 금융변동은 단순한 숫자놀음이 아니라 역사에남는 기록입니다 3. Kospi지수의 선진화는 유동성 그리고 부동산의 버블 그나마 반짝했던 개인투자자와 여러 투자자유입으로 활성화 되려던 시장이 다시 위축되면 당연히 부동산 시장으로 흐르게 됩니다 현 대한민국 가장 큰 문제인 부동산 시장, 두번째 버블을 원하는 정권이면 솔직하게 입장표명하시던가 그게 아니라면 금융시장을 더 활성화 시켜주세요 Kospi 지수의 활성화는 외국인투자자도 더 유입되고 개인투자자도 활성화되야 국가의 피가 돌아가는 것입니다 Kospi 지수는 국가의 원동력입니다 마지막으로 거래세 완전 철폐 혹은 양도소득세 소폭 부과 혹은 기존 작동시장유지등 명확하게 재고해주세요 국민이 해외 금융시장보다 대한민국에 투자할수있게 해주세요",
  "num_agree": 828,
  "petition_idx": "590083",
  "title": "금융투자소득세 부당함에 철회 청원합니다"
}