{
  "category": "교통/건축/국토",
  "begin": "2020-06-25",
  "content": "오토바이 굉음을 내고 앞바퀴를 들고 과속주행하는 모습들을 종종하곤합니다. 본인은 스릴과 쾌감을 느낄지 모르나 주변사람들은 인상을 찌푸리며 생명의 위험까지 느낄때가 많습니다. 최근 날씨가 서늘해저 오토바이족들의(배달오토바이 포함) 질주를 많이 보며 특히 밤 10시부터 새벽2시까지 굉음을 내며 과속하는 바람에 생활침해까지 당하고 있고 사고위험에 노출되어 있으며 수면부족과 소음으로 인해 과도한 스트레스로 우울증까지 오고 있습니다. 이럴때마다 112에 신고하여 단속 요청을 해보지만 일손부족 및 단속 방법이 없다고 주민이 사진이나 동영상을 촬영하여 신고해 달라고합니다 순식간에 질주하는 오토바이를 일반 시민이 어떻게 사진을 찍고 동영상을 촬영할 수 있을까요? 현실적으로 불가능한 일이라고 생각합니다. 그래서 제안해 드립니다. 오토바이를 단속할 수 있도록 전/후면 번호판을 크게 부착하게 해 주시고 불법으로 소음기 탈거한 오토바이 수시 적발할 수 있도록 매월 정기점검 받을 수 있도록 법령을 만들어 주세요 아울러 오토바이 과속을 단속할 수 있는 카메라를 개발하여 상습적으로 과속하는 구간에 설치 부탁드립니다 뿐만아니라 오토바이 굉음 및 과속 집중 단속지역이라는 표지판을 상습지역에 부착할 수 있도록 규정도 만들어 주세요(지금은 그런 규정이 없어 표지판을 설치할 수 없다함) 서울 구로구 항동지구는 현재 5,200세대가 입주할 예정이며 서해안로를 만들어 교통을 원할하게 하기 위해 8차선도로로 잘 만들어 놨습니다만 차량소음과 오토바이족들의 굉음과 과속으로 새 아파트에 입주한 주민을 지옥아파트로 만들고 있습니다. 경찰차가 있어도 무시하고 질주하는 오토바이족들을 제발 좀 조치해 주세요 신호가 바뀔때마다 자동차보다 앞서서 과속질주하는 모습을 볼때마다 대형사고의 위험을 느낄때가 한두번이 아닙니다 서울 구로 항동지구 좀 살려주세요 <항동지구 요구사항> 서해안로 방음터널 만들어주세요 방음터널 불가능시 1) 자동차 주행속도 30Km로 제한 2) 방지턱 설치 3) 과속카메라 추가설치(서해안로 사거리_1단지) 4) 오토바이 폭주족 집중단속지역 표시판 설치 5) 경찰 순찰차 24시간 단속 - 형식적인 아닌 진짜 단속(지금은 순찰차만 세워놓고 차안에서 휴대폰만 보고 있어 폭주족들은 순찰차 무시하고 질주하고 있음)",
  "num_agree": 909,
  "petition_idx": "590058",
  "title": "오토바이 굉음 및 폭주족 단속 법제화"
}