{
  "category": "육아/교육",
  "begin": "2020-06-26",
  "content": "수학여행은 학생들이 학교 외에 다른 지역(장소)에서 친구들과 친덕을 쌓을 수 있는 기회이자 선생과 제자가 같은 시간을 보네며 선생은 제자의 학교 외에서의 생활방식 등을 알아가며 더 제자에게 관심을갖고 제자의 눈높이를 맞춰서 교육할 수 있으며 제자는 평소 선생님의 모습과 학교 외에서도 고생하며 학생들을 가르치려는 모습을 보면 선생님을 더 존경할 수 있게 합니다. 물론 시기가 이러하지만 아직 코로나가 언제 끝날지도 모르는 상황에 미리 수학여행을 폐지한다는 거는 맞지 않다고 생각합니다.",
  "num_agree": 263,
  "petition_idx": "590076",
  "title": "수학여행을 폐지하지 말아 주세요"
}