{
  "category": "교통/건축/국토",
  "begin": "2020-06-25",
  "content": "6.17일 부동산 정책은 무주택자와 실수요자까지 피해를 보는 정책입니다. 여기에 대해서 수정하실 생각은 없으십니까? 그사람들을 위해 정책을 보완하실 생각은 없으십니까? 보완되어야 할점이 있어서 지금껏 21번까지 정책이 나온거 아닙니까? 지금까지 정책이 잘 되어서 집값이 오르고 그마저도 무주택자및 실수요자들까지 피해보는 상황까지 만들었는지 묻고 싶네요. 실수요자와 투기꾼을 선별하기가 어렵다고 하셨나요? 그럼 무주택자들은 투기꾼입니까? 1주택 처분하고 새집으로 이사가려하는 사람들이 투기꾼입니까? 왜 그런사람까지 투기꾼 취급해서 피해를 주시는겁니까? 투기꾼잡아 무주택자들과 실수요자들에 내집장만할수 있도록 할려고 부동산정책을 하고 계신거 아닙니까? 그런데 지금 부동산정책은 무주택자와 실수요자들은 죽어라 만들고 현금부자들만 좋게 해주셨습니다. 10년넘게 무주택으로 살아오다 더 나이먹기전에 내집장만 하겠다고 분양받았는데... 대출 소급적용해서 계약금 날리고 분양권 날리고 저희식구 월세 살게 생겼습니다. 감사합니다.. 덕분에 제처지를 절실하게 깨닫게 해주셔서요. 지금까지 힘들게 맞벌이하면서 내집장만 하나 해보겠다고 아이들에게 미안한 마음가지고 열심히 그렇게 살고 있었는데 이런 제삶자체까지 부정하게 만들어주셔서 당신들은 행복합니까? 大를위해 小를 희생하는것쯤은 아무것도 아닌건가요? 정치하시는분들 다주택자들이 많아서 현금부자들이 많아서 이런 사람들은 거들떠 보지도 않는건가요? 더 많이 가졌으면 없는사람들을 더 생각해야하는게 정치하는사람들 마인드 아닌가요? 투기꾼을 잡더라도 무주택과 실수요자들 위한 보완책도 같이 마련을 해주셨어야죠~ 그래야 저희같은 사람도 희망을 가지고 살수 있는거 아니겠습니까? 그런데 그희망마저도 갖지말라고 현정부는 얘기하고 있습니다. 무주택자들이 집이없어 내집장만을 못했습니까? 돈이 없어 집장만을 못하는거지요... 현실을 똑바로 보고 정책을 하세요! 금융위에서는 피해가 없다 ... 종전규정대로 한다 해놓고 소급적용시키고 이게 눈가리고 아웅하는거지 멉니까..? 국민들을 바보로 아는겁니까? 돈이없다고 그런것도 모를꺼라 생각을 한겁니까? 그냥 강행하면 어쩔수 없을꺼라 생각을 했던겁니까? 누구한명 희생되어야지 그때서야 심각성을 깨닫을겁니까? 제가 딱 죽고싶은 심정입니다. 당신들의 누더기정책으로 무주택자와 실수요자들은 하루하루 죽어가고 있다는걸 아셨으면 좋겠습니다. 무주택자들과 실수요자 살려주실 보완책과 6.17이전 계약한 사람들 종전규정대로 대출 받을수있게 다시 발표해주십시요.",
  "num_agree": 881,
  "petition_idx": "590065",
  "title": "무주택자를 죽이는 부동산정책과 소급적용"
}