{
  "category": "교통/건축/국토",
  "begin": "2020-06-25",
  "content": "안녕하세요. 저는 사랑하는 아내와 그리고 토끼같은 여섯살짜리 딸래미와 함께 열심히 살고 있는 올 해 41세 된 지극히 평범한 가장입니다. 2011년에 결혼 했고요, 당시 저와 아내 둘 다 집안에서 이렇다 할 지원 없이 정말 맨손으로 결혼을 했습니다. 정말 가진건 없었고 부동산 개념도 전혀 없었기에 그저 이사 안 다니고 마음은 편하게 살자는 의미로 공항철도 계양역 인근에 신축 빌라를 대출을 끼고 매입해서 살아왔습니다. 그러던 중 아이가 생겼고요, 세 식구가 같이 생활하던 중 아이가 점점 자라나면서, 아파트로 옮겨가야겠다는 필요성을 느꼈고 2019년 6월에 최초 매입가보다 다소 저렴하게 손해보고 처분 후 25평 아파트에 전세로 옮겨왔습니다. 그 와중에도 청약통장은 계속 유지 하고 있었고요, 소유하던 빌라가 면적과 공시지가 둘 다 1순위 무주택 조건을 충족해서 올 해 1월에 검단 파라곤 2차에 청약 1순위 가점으로 당당하게 당첨 되었습니다. 당시 아파트 분양대금 납부 계획이 계약금 10%, 중도금 60%, 잔금 30%였습니다. 그리고 주담대 전환 시 70% 대출로 알고 있었기에 계약금 영끌해서 우선 충당하고 중도금을 주담대 전환 시 70%로 실행시키면 잔금은 20%로 줄어들기에 충분히 가능하다고 판단하고 뛰어든거죠. 사실 아이 태어나고 몇년을 혼자 외벌이를 해서 그 기간동안 저축은 커녕 오히려 마이너스일 경우도 있었거든요. 그런데 6.17 정부 발표를 보면 정말 이게 저같이 우리 세 식구 앞으로 열심히 대출 갚으며 아늑한 집에서 행복하게 살아보려는데, 이러한 서민의 간절한 꿈마저 사뿐히 밟아버리셔도 되는건지 묻고싶습니다. 하루아침에 10%가 줄어들었고 혼자 외벌이 하여 세 식구가 꿈을 가지고 살아가는데, 남은 2년동안 추가 10%에 해당되는 4천만원이 넘는 돈을 마련하지 못하면, 계약금도 날리고 중도금도 날리고 이대로 다 끝장인건가요? 저같이 부동산도 모르는 무주택자와 갭투자 피팔이 투기세력이 동일시 되어야 한다는 것에 큰 상실감을 느낍니다. 잣대는 달라야 하고 정책이 더욱 세심해야 합니다. 기존 정책을 기준으로 예산 계획을 짜고 이렇게 곤경에 처해진 실수요 무주택자들이 왜 정부의 배려없는 정책에 혼란스러워하고 두려워하고 피눈물을 흘려야 합니까? 마치 돈도 없는 주제에 어디 함부로 집을 사겠다고 설치느냐는 비아냥으로 다가옵니다. 과연 어디에 하소연 해야 합니까? 국가를 상대로 무주택자 정책 관련 사기죄로 고소를 해야 합니까? 헌법 소원을 해야 합니까? 현 정권을 항상 무조건적으로 지지해 온 한 사람으로써 강한 배신감과 모멸감을 느끼게 되는 밤입니다.",
  "num_agree": 1603,
  "petition_idx": "590057",
  "title": "국가에 강한 배신감을 느낍니다."
}