{
  "category": "육아/교육",
  "begin": "2020-06-29",
  "content": "현 코로나 19 상황에서 고등학교를 다니고 있는 학생입니다. 학생으로서 혼란스러운 현 시점에 사회에 도움이 될 만한 일을 찾던 중 친구들과 현재 진행되고 있는 온라인 수업의 현황을 선생님, 학생, 공무원 인터뷰 등을 통해 조사하여 몇가지 개선방향을 찾아 제안합니다. 인터뷰와 설문 조사 결과, 온라인 수업이 큰 차질 없이 진행된 것으로 보입니다. 이는 온라인 수업이 갑작스럽게 시작된 것임을 감안하면 매우 긍정적으로 평가할 일입니다. 하지만 설문조사 결과와 담당공무원의 답변에서 보면, 온라인 수업이 학교에 따라 체계적이지 못하고 온라인 수업의 질이 교사의 역량에 따라 격차가 많이 나타나는 것도 사실입니다. 따라서 이 부분에 관해서는 개선이 필요하며, 교사 간 네트워크 형성을 국가가 지원함으로써 추후에 다시 진행될 수 있는 온라인 수업의 수준을 더 높여야 한다고 생각하여서 다음과 같은 정책을 제안합니다 첫째, 정부 및 교육지원청이 학교, 지역 간 교사의 온라인 수업 노하우를 쉽게 공유할 수 있는 지원을 해주었으면 좋겠습니다. 교육지원청에서 전국구 차원에서 온라인 수업의 우수 사례를 발굴하여 공유하고, 그 노하우를 공유한 교사에게는 혜택을 주는 제도를 도입하면, 가장 효율적이고 우수한 수업 방식을 빠르게 확산시킬 수 있을 것입니다. 이미 일부 선생님께서 자신의 노하우를 교내에서 다른 선생님들과 공유하거나 더 나아가서 유튜브에 올리는 사례가 많지만, 전자의 방식은 다른 학교로 퍼지기 힘들고, 후자의 방식은 이미 너무나도 많은 관련 영상이 있어서 선택의 어려움과 혼란이 있을 수 있습니다. 이러한 것들을 선별하는 데에 정부와 교육지원청이 나서서 선생님들께서 효율적으로 수업을 준비할 수 있도록 도와주면 좋겠습니다. 둘째, 온라인 수업의 기술적 지원을 위한 방법으로 소프트웨어 변환과 하드웨어에 필요한 비용을 정부와 교육지원청 차원에서 지원할 필요가 있습니다. 조사 과정에서 다양한 소프트웨어가 수업에 사용되며 그중 일부는 유료인 것을 알게 되었습니다. 또한 일부 선생님께서는 보다 나은 수업을 위해 개인적으로 하드웨어를 구입해 사용하신다는 것도 알게 되었습니다. 정부가 더 나은 소프트웨어와 하드웨어를 위한 지원을 해준다면 온라인 수업의 질은 더 높아질 수 있습니다. 또한 코로나19로 인한 상황이 지속되거나 악화된다면, EBS 시청이나 일방적인 ‘인강’의 방식보다 소통의 수준을 높인 수업방식이 요구될 가능성이 높습니다. 예컨대, 화상회의나 실시간 댓글 기능을 적극 활용하는 수업을 들 수 있습니다. 지금 코로나로 다들 힘드시겠지만 학생들의 교육 환경이 개선될 수 있도록 지원해 주시길 부탁드립니다. 감사합니다.",
  "num_agree": 197,
  "petition_idx": "590140",
  "title": "코로나 19 여파로 인한 온라인 수업의 개선 방향"
}