{
  "category": "경제민주화",
  "begin": "2020-06-29",
  "content": "안녕하세요 대통령님. 이번 코로나 사태에 어느 나라보다 빠르게 안정화를 시켜주신 대통령님께 감사드립니다. 또한, 건전한 자본시장 활성화를 위해 공매도 금지를 해주신것도 감사합니다. 저는 지금 그런 대통령님의 용단과 현명한 결정에 반하여 대주주의 경영승계를 위해 철저하게 자본시장을 왜곡하고 주가조작으로 수많은 동학개미들에게 엄청난 피해을 입히고 있는 악덕기업과 대주주를 고발하고자 합니다 바로 *****입니다 현재 이 회사는 대주주 경영권 승계문제및 화사채 만기가 도래해 있습니다. 관련 내용들 입니다. 6.9일, 6.23일 주가 각각 28프로에서 1프로 20프로에서 -11프로입니다. 단순 큰폭의 하락이 아닌 대주주 경영권 승계를 위한 지분확보매집을 위해 선량한 개미투자자를 유린하고 있습니다. 1) 경영권승계 2) 회사채만기 완전한 지주회사 전환 현재까지 4번 시도 했습니다. 자회사 주식을 통해 5천억 이상되야하거든요. 4번 실패를 하고 ***가 대표가 된거에요.. 그래서 ***** 오른거구요. 홀딩스는 내리는겁니다. 자산인 *****가 올라야 지주사 요건 충족되구 경영권 승계를 위해 지배회사인 홀딩스 주식을 내리는겁니다. 거기에 10월에 4.7 150억 회사채만기입니다. 이해되시죠? 여러모로 돈이 많이 필요하고 지분확보도 필요한 상황입니다. 이 회사 현재 주이슈입니다. 이를 위해서 6.9일 기타법인 50억 한방에 투하했습니다. 대주주 매도죠. 자회사를 통한. 9일간 반토막 냈습니다. 단순 세력이 해먹고 간게 아닙니다. 즉 목적을 가지고 지금까지 이렇게 움직이고 있습니다. 그를 위해 동학개미들을 철저하게 죽이고 있습니다. 대부분 넋놓고 당하신겁니다.. 24프로서 한시간만에 1프로 수직낙하. 대주주 기타법인매도 9일간 반토막, 단순 세력의 먹튀가 아닌 철저히 기획하고 목적을 가지고 투매유도를 통해 차익으로 지분취득을 노리고 개미들에 피눈물로 주가하락을 시키고 있습니다. 힘을 보태주세요. 더이상 주가하락 못시키게 막아야 합니다. 철저한 세무조사, 경영권 승계를 위한 인적분할 자회사 주가 상승, 지주회사 주가하락유도 동학개미들을 죽이는 악랄한 대주주 내부거래및 주가조작 조사 간곡히 부탁드립니다 [본 게시물의 일부 내용이 국민 청원 요건에 위배되어 관리자에 의해 수정되었습니다]",
  "num_agree": 291,
  "petition_idx": "590130",
  "title": "***** 경영승계를 위한 주가조작 조사부탁드립니다"
}