{
  "category": "교통/건축/국토",
  "begin": "2020-06-29",
  "content": "불필요한 자금조달계획서 의무화와 각종 항목증가로 개인 사적 재산권을 감시하고 침해하여 주택을 거래하는 개인의 사적 재산권을 침해하고 개인정보 보호법을 침해합니다 세금을 매기고 과태료를 부과하려는 표적이 대다수가 서민이 되어 서류제출 복잡화로 주택거래를 침체시키고 서민들을 두려움에 떨게 하는 공포 정책 자금 조달 계획서 제출을 철회해주세요 서류가 많고 복잡하고 자의든 타의든 표적 대상이 되어 세금 및 과태료 부과위하고 주태거래를 침체시키고 억제시켜 부동산 가격을 거래없이 안정시키려는 자금조달 의무 계획서 제출을 철회해주세요 원래 자금조달계획서 없었고 이번 정권이 만든 희대의 주택거래허가제 , 주택거래억제, 표적 을 만들어 세금 및 과태료 부과 위한 사악한 부동산 정책중 하나인 자금조달계획서 제출 철회해주세요^^",
  "num_agree": 415,
  "petition_idx": "590193",
  "title": "자금조달 계획서 없애주세요(개인 재산 침해 과도한 서류 주택거래 허가제)"
}