{
  "category": "교통/건축/국토",
  "begin": "2020-06-29",
  "content": "안녕하세요 인천에 거주중인 40세 한 가정의 가장입니다. 현재 인천 미추홀구에서 강남구 역삼동까지 2시간씩 걸려가며 출퇴근하고 있습니다. 서울과 경기 성남은 너무 높은 집값에 전세도 꿈을 못꾸는 상황이라, 결혼하면서 인천 미추홀구에 자리 잡았습니다. 제 아이와 제 와이프가 안정적인 보금자리에서 살수 있다면 편도 2시간? 충분히 감내 할수 있습니다. 근데 이제는 그 보금자리 마저도 위협받고 있네요. 제가 왜 이런 위협을 받아야 하죠? 이유가 뭔가요? 투기꾼때문인가요? 투기꾼 잡아야죠 잡으세요 하지만 왜 제가 이런 피해를 받아가면서 투기꾼을 잡아야 하는거죠? 대를 위해 소를 희생한다는 말이 있지만, 소를 위해 대가 희생하는 정책 아닌지요?? 2년전 아이도 생기고 하여 고심끝에 계산기 두드려가며 LTV 70%를 받을 계획으로 미추홀구에 한 아파트를 분양을 받았습니다. 계약금도 처가에서 빌려서 겨우 맞춰서 계약하고, 와이프는 아기 엄마라 취업도 안되고, 저 혼자 벌어서 잔금 맞추려고 한달에 200만원씩 저축하고 있습니다. 아이까지 키우며 외벌이로 200씩 저축하는게 얼마나 힘든일인지 상상은 해보셨는지요? 생활비도 부족하여 와이프는 현재 주말에 8시간씩 편의점 아르바이트를 하고 있습니다. 아르바이트도 아기 엄마라는 이유도 채용 해주지 않는 곳이 허다하더군요! 아파트 계약하고 가족끼리 여행같은 여행은 단한번도 못가면서 어렵게 살아가고 있지만, 항상 설레이며 부푼 마음을 갖고 2년동안 입주날만 기다리고 있었습니다. 입주 1년 남은 지금 갑자기 풍선효과 선제적 조치라며 조정지역으로 묶이고, 무주택자도 LTV 60%밖에 안나온다고 하네요?? 종전과 고작 10%의 차이겠지만, 저희 가족 입장에선 수천만원의 돈입니다. 그 돈 모으려면 입주 1년 남은 기간을 제외하고 추가로 1년을 지금보다 더 저축해도 부족한 돈입니다. 돈 부족하면 집 사지말라는거죠?? 분양 받을때는 조정지역으로 묶일지도 몰랐고, 대출 관련하여 변동부분이 생길지 예측도 못한 부분입니다. 돈이 부족해서 입주 못하게 되면 전 어떻게 해야 할까요? 돈 있는사람에게 2년동안 기다려온 제 가족의 보금자리를 팔아야 할까요? 그리고 또 전 어디로 가야 하는거죠? 더 이상 서쪽으로 갈 곳도 없습니다. 지금 하시는 정책이 진짜 서민들을 위한 정책인지요?? 하루하루 벌어서 살아가는 분만 서민이 아닙니다!!! 전 대다수의 분들과 마찬가지로 월급쟁이지만, 신용카드 없이는 단 하루도 살수 없는 저는 서민이 아닌가요?? 왜 집을 사려고 하느냐? 반문하실수도 있겠죠~ 그러면 전세나 월세로 살게 되면 보증금은 안오를까요? 전세나 월세의 보증금이 오르면 저희 가족은 또 어디로 내쫓겨야 하는건가요? 그래서 안정적인 주거 환경을 위해 집값을 잡으려고 하신다고 하겠죠~ 그래서 20번의 부동산 정책의 결과로 집값이 잡혔나요?? 20번의 정책동안 못잡은 집값을 잡는다는 정부를 믿고 전 또 세를 들어서 살아야 하는게 맞는건가요? 제발 저희 가족의 보금자리를 뻇지 말아주세요!!",
  "num_agree": 458,
  "petition_idx": "590125",
  "title": "617 부동산 규제 재고려 부탁드립니다!!!!!!!!!!!!"
}