{
  "category": "기타",
  "begin": "2020-06-29",
  "content": "탈북자이자 자유북한운동연합 대표인 ***과 동생인 큰샘 대표 ***(*** 개명)은 남북간, 한반도의 평화와 안정을 위한 4.27판문점선언과 9.19군사합의(판문점선언 이행을 위한 남북 군사분야 합의) 조항을 중대히 위반하는 대북전단과 페트병 쌀 상습 살포로 인해 한반도의 평화와 안정을 심각히 저해하고 접경지역 주민의 생명과 안전에 중대한 위협을 끼친 점, 남북간 군사적 긴장을 고조시키는 결과를 초래한 점, 이로 인한 군과 경찰 병력의 비상대기와 경계근무 등 공권력 투입으로 인한 많은 피해와 국가적 손실을 발생시켰습니다. ***의 대북전단 살포로 인한 반국가적•반사회적 중대한 위법행위에 대해 1. 통일부와 적폐청산국민참여연대, 6.15공동선언실천남측위원회로부터 고발된 내용은 남북교류협력법, 항공안전법, 고압가스 안전관리법, 옥외광고물관리법, 형법 제99조 일반이적, 동법 제100조 미수, 동법 제101조 일반이적예비, 일반이적음모, 일반이적선동, 일반이적선전죄 등입니다. 2. 경기도는 ***에 대해 사기 및 기부금품법 위반으로 경기북부지방경찰청에 수사를 의뢰 했으며 3. ***과 동생 *** 일행은 다수의 위력을 행사해 2020. 6. 8. 강화군 석모도에서 다수의 기자들과 경비경찰이 있는데도 불구하고 해당 접경지역 주민들에게 “빨갱이 새끼” 라고 욕설하고 “차로 밀어 버려.저거” 라고 특수협박을 하며 멱살을 잡고 밀치는 등 폭행을 하고 휴대폰을 들고 주민을 폭행하려는 위협을 하였는데 이와 같은 행위는 모욕, 특수협박, 폭행, 특수폭행, 위력에 의한 업무방해 혐의 등이 있습니다. 4. ***은 2020. 6. 24. 사전에 미리 취재 사실을 알리고 자신의 집에 찾아간 SBS 모닝와이드 취재진 중 당시 카메라 든 취재진에 주먹을 휘둘러 폭행, 여성 PD에게는 욕설과 함께 머리채를 잡아 당기는 등 4명에게 심한 욕설과 함께 폭행하며 벽돌을 집어 들어 취재진을 위협하며 던졌습니다. 이와 같이 ***에게 폭행당한 SBS 취재진은 모두 4명으로 1명은 뇌진탕 증세로 2주 진단을 받았고, 다른 2명은 부상이 더 심한 상태이며 이를 말리는 경찰에게 가스총을 발사했습니다. 증거인 방송 영상으로 드러난 ***의 혐의는 SBS 취재진에 대한 모욕, 폭행, 상해, 특수폭행, 특수협박, 위력에 의한 업무방해 등이며 경찰에 대한 폭행, 상해, 공무집행방해, 특수공무집행방해치상 등입니다. 📌 위와 같이 ***은 본인이 대한민국 국가와 국민의 생명과 안전에 중대한 위협을 초래하는 등 반국가적 위법행위와 함께 강화군 석모도 접경지역 주민들과 SBS 취재진, 경찰을 상대를 상습적으로 폭행, 상해, 협박, 특수폭행, 특수협박, 업무방해, 공무집행방해, 공무집행방해치상 등 반사회적 중대 위법행위를 저지른 것에 대해 경찰에서 사전구속영장을 신청해 구속수사와 함께 ***이 저지른 모든 반국가적•반사회적 중대한 위법행위에 대해 법이 허용하는 최고의 엄중한 처벌을 강력히 촉구합니다. 2020. 6. 26. \"한반도의 평화와 안정, 법과 원칙이 바로 선 공정하고 정의로운 대한민국을 염원하는 국민이 함께 합니다\" 적폐청산국민참여연대 [본 게시물의 일부 내용이 국민 청원 요건에 위배되어 관리자에 의해 수정되었습니다]",
  "num_agree": 4511,
  "petition_idx": "590188",
  "title": "자유북한운동연합 ***에 대해 사전구속영장 신청과 함께 반국가적•반사회적 위법행위에 대한 엄벌을 촉구합니다."
}