{
  "category": "교통/건축/국토",
  "begin": "2020-06-29",
  "content": "규제전 공고한 분양권은 소급적용 안한다! 이 한마디만 하면 되는데 국토부장관이 라디오에서 하는말과 금융위의 말이 다 다릅니다. 정부와 은행들.. 어디하나 확실히 말해주는데가 없네요. 무주택자든 다주택자든 자금 계획하여 분양받거나 분양권 매입을 한건데 규제 소급적용이라면, 입주앞둔 단지들은 대출안나와서 난리납니다. 국민들 재산권침해하면서 정부에서 바라는게 이겁니까? 조정전에 진행한 분양, 계약한 건은 규제 소급적용하지 말아주십시오.",
  "num_agree": 521,
  "petition_idx": "590158",
  "title": "규제전 공고한 분양권은 소급적용 안한다!"
}