{
  "category": "문화/예술/체육/언론",
  "begin": "2020-06-29",
  "content": "경남 밀양시 문화재 관람료 과다 및 부당 징수!! 경남 밀양시는 1997년경부터 밀양시 산내면 소재 사찰 천황사와 관람료공동징수 협약을 맺고 밀양천황사석조비로자나불좌상(보물 제1213호)과 얼음골(천연기념물 제224호) 등 두 건의 문화재에 대해 공동으로 문화재관람료를 징수하여 왔다. 경남 밀양시와 천황사는 각 문화재에 대한 관람료의 공동 징수의 권한과 의무를 가지고 1인당 관람료 1,000원(어른 기준)을 징수한 다음 비용 등을 고려하여 밀양시에 60%를 배분하고, 천황사 측에 40%를 교부하기로 하는 협약을 체결하였다. 그래서 2015년까지는 밀양시가 관람료를 징수한 다음에 천황사에 수입금의 40%를 교부하였다. 그러나 밀양시는 일방적으로 2016년부터 문화재 관람료를 징수하여 전부 밀양시의 수입으로 처리하고 있다. 심지어는 2019년 6월 25일 이후에는 관람료의 원천인 보물 제1213호가 부존재함에도 불구하고 현재까지 지속적으로 1,000원을 징수하고 있다. 밀양시와 천황사가 1997년 협약을 맺을 당시부터 관람료는 1,000원으로 변함이 없다. 밀양시는 얼음골에 대하여 500원, 천황사에 대한 500원의 문화재관람료를 각각 정하여 이를 공동징수 하였다고 볼 수 있다. 그럼에도 불구하고 밀양시는 계속하여 1,000원을 징수하고 있는 바, 나머지 돈 500원에 대해서는 이를 부당이득으로 취득하고 있는 것이다. 현재도 밀양시가 예산을 들여 제작한 관람권에는 얼음골과 천황사의 문화재 관람료를 공동으로 징수하고 있는 것으로 표시하고 있다. 밀양시가 천황사에 교부한 문화재 관람료(40%)가 금일을 그 기준으로 하면 지금까지 수천만 원 상당의 부당한 이익을 취하고 있는 것으로 볼 수 있다. 특히 과다징수도 문제이지만 더욱 심각한 것은 관람료 징수의 원천이 되는 문화재가 존재하지 않음에도 불구하고 관람료를 징수하는 것은 국민을 기만하는 행정이라 볼 수 있다.",
  "num_agree": 131,
  "petition_idx": "590167",
  "title": "경남 밀양시 문화재관람료 과다 및 부당 징수를 고발합니다"
}