{
  "category": "반려동물",
  "begin": "2020-06-29",
  "content": "동물보호법 맹견에 관한 정의 및 관련 법규 시정을 강력히 호소합니다. 저희 사랑하는 아가 ‘자두’가 떠났습니다. 도와주세요. 말티즈 세 마리 강아지를 키우고 있는 견주입니다. 신나는 산책길을 함께 하던 자식 같던 반려견 자두가 눈앞에서 피범벅이 되었습니다. 이웃집 마당에서 키우는 백구에게 끌려 들어가 손 쓸 틈 없이 물어 뜯겼습니다. 6월 21일 오후 9시 30분경 저희 엄마는 평소처럼 강아지를 산책시키기 위해 외출하였습니다. 평소 우리 강아지만 보면 흥분하던 옆집 백구는 그날도 흥분한 상태였습니다. 흥분한 백구 때문에 그 집 앞 인도로 지나가는 것이 꺼려져 찻길로 우회해서 지나가려 했으나 맞은편에서 자동차가 진입해 하는 수 없이 백구의 집 쪽 인도로 들어왔습니다. 옆집은 마당이 훤히 보이는 낮은 문의 단층 주택입니다. 차고 아래로는 9cm정도의 공간이 있습니다. 인도로 걷던 자두는 차고 근처로 냄새를 맡으려 가까이 갔는데 그 순간 백구가 그 좁은 공간으로 주둥이를 내밀어 자두의 코를 물었습니다. 저희 엄마가 리드줄을 잡아 당겼으나 백구의 힘 때문에 리드줄은 끊어지고 2kg정도 밖에 되지 않던 자두는 그대로 그 집 마당으로 끌려 들어갔습니다. 백구는 자두의 목덜미를 물고 사정없이 흔들어 댔습니다. 대문도 닫힌 상태라 저희 엄마가 할 수 있는 게 없어서 소리를 지르고 초인종을 눌렀습니다. 견주가 현관문을 열고 나오기까지 약 20초 정도 소요되었는데 그동안도 백구는 계속 자두를 물고 있었습니다. 견주가 백구를 제지하고 마당에 쓰러진 자두를 차고 위로 넘겨주었습니다. 저희는 눈알이 튀어나오고 덜렁거리는 코로 피범벅 된, 새하얗던 자두를 안고 병원으로 갔습니다. 작은 병원에서는 할 수 있는 조치가 없다하여 큰 병원으로 이동했습니다. 응급으로 눈과 코는 봉합했지만 바이탈이 잡히지 않아 응급 수술은 불가했습니다. 혈액검사와 엑스레이 결과를 듣는 동안 자두는 심정지하였습니다. CPR 시행하였으나 결국 무지개다리를 건너고 말았습니다. 당일 cctv를 받으러 갔으나 백구의 견주는 파일을 쉽게 넘겨주려 하지 않았고 백구를 내일 당장 치워버린다고 하였습니다. 저희는 백구 처리에 관한 것은 백구 견주의 재량이지만 어떻게 처리하였는지 확인시켜달라고 요청했습니다. 다음날 9시경 제 출근길에 백구는 마당에 누워 잠을 자고 있었습니다. 정오쯤 친구가 방문했을 때는 백구가 없었다합니다. 이웃주민에게 백구를 화물차에 싣고 이동하는 것을 목격했다는 소식을 들었습니다. 그 후 백구의 행방을 물었으나 ‘개만 없어지면 되지 않냐’며 끝까지 행방을 알려주려 하지 않았습니다. 이후 백구 견주와 일절 연락이 되지 않았습니다. 6월 25일, 제가 먼저 문자를 보냈습니다. ‘어떻게 보상을 원하냐, 이건 좀 애매한데.’라는 말을 남기고 통화가 종료된 후 다시 연락이 닿지 않았습니다. 자식을, 동생을, 친구를 잃어버린 마음을 무엇으로도 보상받을 수 없지만 억울하고 속상한 마음에 대한 보상으로 하늘나라로 간 자두의 분양시 비용, 병원비, 장례비, 진정성 있는 사과를 요구하였습니다. 다음날 제가 다시 통화를 시도하였고 ‘도의적으로 미안하긴 하지만, 보상은 해 줄 수 없다.’는 답변을 받았습니다. 이것이 제 동생 자두의 안타까운 죽음에 대한 전말입니다. 최근 반려견과 관련된 사고가 빈번하게 일어나고 있습니다. 이에 맹견이 일으키는 사고와 관련하여 견주를 형사처벌 할 수 있게까지 법안이 강화되었습니다. 그러나 저는 견주의 책임을 강화하는 차원에서 다음과 같이 법안의 시정을 강력하게 요구합니다. 우선 맹견에 대한 정의를 다시 하여야 합니다. 맹견이란 사전적으로 ‘몹시 사나운 개’를 말하는데 동물보호법상 맹견의 종류로는 ‘도사견과 그 잡종의 개, 아메리칸 핏불테리어와 그 잡종의 개, 아메리칸 스태퍼드셔 테리어와 그 잡종의 개, 스태퍼드셔 불테리어와 그 잡종의 개, 로트와일러와 그 잡종의 개’로 한정하고 있습니다. 어떤 종의 반려견도 사람에게 상해를 입힐 수 있는 ‘사나운 개’일 수 있습니다. 맹견의 범위를 한정하여 둘 이유가 없습니다. 어떤 견종의 견주이건 자신의 반려견이 사고를 일으킬 수 있음을 감안하여 사고를 예방하고 책임을 질 수 있도록하는 법안이 필요합니다. 둘째, 반려견에 대한 책임의 범위를 넓혀야 합니다. 현행법에서는 외출시 안전조치를 취하지 않은 경우, 맹견이 기르는 곳을 벗어났을 때 사고가 나면 처벌할 수 있도록 하고 있습니다. 그러나 개인이 소유하고 있는 반려견일 경우 견주의 관리 소홀로 사고가 일어날 수 있습니다. 어떤 경우에서건 사고 발생 시 견주가 책임을 질 수 있도록 해야 합니다. 마지막으로 배상의 범위를 ‘사람의 신체를 상해’하는 경우 이외에 이에 준하는 경우에도 처벌할 수 있도록 하여야 합니다. 사람의 신체를 상해하는 경우는 물론이고 정신적인 피해를 준 경우, 사람이 반려하고 있는 생명을 해한 경우에도 적용되어야 합니다. 이는 처벌하기 위함이 아니라 사고를 예방하기 위한 차원입니다. 또한 반려견을 키우는 견주의 책임감을 더욱 재고하는 노력이 될 것입니다. 사고의 원인이 된 백구는 어디로 갔을까요? 개장수에게 팔려가지 않았다면 어디에선가 또 다른 사고를 일으킬 수도 있습니다. 누군가의 가족을 앗아 간 끔찍한 일에 가해 견주가 책임을 회피 할 수 있다면 이런 일은 끊임없이 일어날 수 있습니다. 작은 생명에 대한 책임을 회피하는 사회에서 더 큰 책임과 도덕을 기대할 수 없습니다. 많은 청원 부탁드립니다. 긴 글 읽어주셔서 감사합니다.",
  "num_agree": 1916,
  "petition_idx": "590146",
  "title": "개물림사고에 대한 견주의 책임, 강화 해주세요"
}