{
  "category": "문화/예술/체육/언론",
  "begin": "2020-06-29",
  "content": "현재 골프장이 계속 인상하고 있는 요금에 대해 청원하고자 합니다. 골프는 이제 많은 국민들의 관심속에 대중스포츠로 자리 매김하고 있습니다. 또한 국내의 남녀 골프 선수들이 해외 대회에 나가 많은 인기를 끌고 있는 스포츠 종목이기도 합니다. 이런 저변확대 속에 골프가 대중화가 된것은 명실상부 합니다. 기존 회원제 골프장들도 이런 저변 확대속에 대중제 골프장으로 변경을 하고 있으며, 새로이 만들어지는 신규 골프장들은 당연히 대중에 체육시설로 등록을 하여 대중제 골프장으로 만들어지고 있습니다. 기존 회원제들이야 회원들을 상대로 회원권을 분양하여 회원들에게 저렴하게 골프요금을 적용하고 대신에 높은 세금요율을 적용 받아 운영하고 있는 상황입니다. 하지만 기존에 회원제 골프장들도 대중제 골프장으로 전화하여, 체육시설로 전환되고 거기에 따른 세금혜택을 보고, 세제 혜택을 본 만큼 골프장을 찾는 많은 대중들에게 저렴하게 공급을 하는것이 아닐까 생각됩니다. 근간에 이루어지는 골프장 요금체계를 보면, 대중제 체육시설로 전환하고, 체육시설로 등록한 신규 골프장들 또한 회원제 골프장에 버금가는 요금적용으로 엄청난 이익을 보고 있다고 생각합니다. 요금에 관련한 상한제 규제사항이 없다보니 현재는 부르는게 값이 되어 버린 상황입니다. 시즌을 맞이 하여 많은 골퍼들이 찾으에도 불고하고 평일에도 주말가격에 상응 하는 가격을 책정하고 있는 실정입니다. 전 세계적으로 골프 요금은 대한민국이 가장 비싸다고 할정도로 금액이 어마어마하게 올라가 있는 상태입니다. 규제 하나 없이 기존에 사용되어지고 있는 카트비도 인상하며, 그린피 또한 코로나로 인하여 해외골프 여행등이 차단되어져 있는 특수통을 누려 평시 대비 2만원에서 3만원이상 올려 받고 있는 실정입니다. 또한 각 골프장들은 체육시설로 분류되어져 있음에도 현금할인등을 명목으로 할인을 하고는 있으나 이미 올려놓은금액으로 인하여 실질적인 할인혜택은 없고 매출누락의 효과만 누리고 있는것이 아닌가 합니다. 물론 골프장이란 시설 자체가 운영 유지비가 많이 드는것은 사실이나, 골프장 자체가 편하고 시간운용을 하기 위해 도입한 카트를 일반 골퍼들에게 요금을 부과하는것도 어이가 없는 현실이며, 카트 자체를 맹목적으로 탑승하게 하는 제도를 만들어 기존에는 1대 5시간 가량 운용에 기존에는 8만원정도 받던 금액을 현재는 아무런 이유없이 1만원이상 올려 9만원에서 10만원 정도를 받고 있습니다. 서비스와 카트 상태는 안좋아지면서 금액만 올려 받는 실정이 되어 버린셈입니다. 이용하지 않고 싶어도 의무적으로 이용하게 만들어 요금을 책정하는것 또한 개선되어져야 할 이유라고 보여집니다. 계속된 요금인상으로 인하여 많은 골퍼 인구들이 불편함을 느끼고 있으며, 또한 무리한 금액인상으로 인하여 1회 운동에 많은 금액이 지불되는것을 개선하고 청원합니다. 스포츠 대중화에 앞장서야 할 시설들의 무리한 요금인상을 제한해 주십시요",
  "num_agree": 16900,
  "petition_idx": "590156",
  "title": "체육시설 등록 골프장 그린피 인상"
}