{
  "category": "기타",
  "begin": "2020-06-29",
  "content": "안녕하세요 저는 17년도 대전 **대학교병원에서 간단한복강경수술을 받던중 복강경 투관침삽입 과실로 복부대동맥이 파열되어서 신체적 정신적고통에 고로워하고 있습니다 이사고로 인해 평생원치 않는 약을먹어야하며 후유증으로 고생을하고 있습니다 17년도 10 월에 시작한 의료소송이 최근 6월초에 1심판결을 받았는데 제가 패소를하였습니다ㆍㆍ병원에서도 인정한 과실을 판사님께서는 아니라하시며 병원측에서 제게 청구한 미납치료비 2700여만원과 소송비용까지 부담하라는 판결을 내려주셨습니다 제입장에서는 너무도 억울한게 제가 원치않은 복부대동맥 인조혈관 치환술 수술비와 후유증으로 신경과치료비까지도 배상하라합니다ㆍㆍ소송과정에서 신체감정을 진행해서 흉부외과 신경과 감정에서도 향후치료비까지 인정이 되었는데도 판사님은 사고가 아니라하십니다ㆍㆍ너무고통스럽습니다ㆍㆍ처음하는거라 맞게 하는지도 모르겠지만 모쪼록 관심부탁드림니다 [본 게시물의 일부 내용이 국민 청원 요건에 위배되어 관리자에 의해 수정되었습니다]",
  "num_agree": 1352,
  "petition_idx": "590178",
  "title": "의료사고"
}