{
  "category": "보건복지",
  "begin": "2020-06-29",
  "content": "치매국가책임제, 커뮤니티케어, 사회서비스원, 맞춤형 돌봄서비스.......지난 정부는 물론이고 이번 정부도 마찬가지고 매번 새로이 정권이 들어설 때마다 사회안전망 강화를 목적으로 온갖 사회복지 서비스와 정책들을 도입합니다. 정책의 입안과 도입은 의원나리들과 정책 결정권자들이 하시지만 정작 그 수 많은(효율성과 효과성을 장담할 수 없는) 결정의 결과물들을 현장에서 자리잡도록 실천하는 분들은 행정 영역이 아닙니다. 누가 그리 한다고 생각하십니까? 현실성도 없고 예산도 뒷받침 안되며 법적 안전장치도 없는 말도 안되는 정책들을 뼈를 갈고 살을 태워 그나마 현실성 있게 다듬고 다듬어 묵묵히 성실하게 실천하는 이들은 바로 박봉의 사회복지사들이며 그들의 일터인 사회복지기관들입니다. 그런데 사회복지기관들은 그 설립과 운영의 주체가 기초자치단체로 이관되어 있습니다. 국가 차원의 사회복지 사무와 기초자치단체 차원의 사회복지 사무를 담당하기 위해서 기초자치단체에서 사회복지법인 등으로 위탁을 주고 일을 시키고 있죠. 그 대표적인 예가 흔히들 알고 있는 종합사회복지관, 노인복지관들이고 대통령 이하 모든 정부기관의 관심거리이자 화두인 일자리 영역의 사회복지 기관인 시니어클럽 등이 있습니다. (그 외에도 수 많은 기관들이 있지만 이야기의 초점을 위해 생략하겠습니다) 자! 그런데 무엇이 문제인줄 아십니까? \"엄연히 국가 사무와 기초자치단체 사무인 사회복지업무를 위탁해 놓고서는 최소한의 사무 수행을 위한 보조금도 지급하지 않습니다\" 국가사무를 위탁했으면 당연히 법과 지침에서 정한 인건비와 그 사무의 수행에 필요한 사업비 및 운영비를 지급해야 할 의무!가 있음에도 불구하고 당연히 이행해야 할 의무도 이행하지 않으면서 온갖 갑질을 해대는 것이 바로 현재 사회복지사무 위탁의 민낯입니다. 복지부에서 정한 사회복지사들의 인건비 가이드라인이 있습니다. 그리고 그 기관의 정원 마저도 기초자치단체에서 \"일방적\"으로 결정합니다. 좋습니다. 그러하면 자신들이 정한 정원에 대해 복지부에서 정한 인건비 가이드라인에 맞는 보조금과 해당 기관의 사업비 및 운영비를 지급해야 \"자, 이 보조금을 가지고 제대로 성실하게 사회복지사무를 수행하세요\" 할 수 있는 최소한의 자격이 생기는 것 아닌가요? 실제 벌어지고 있는 \"부천시의 모 종합사회복지관\" 경우를 예를 들어 설명해보겠습니다. 기초자치단체에서 10명의 정원을 정해 놓고 9명의 인건비에 해당하는 보조금 총액을 지급합니다. 그게 다죠. 보조금에서 모자르는 1명의 인건비와 나머지 사업비와 운영비는 벌어 쓰랍니다. 후원금 벌어 들이고 위탁 법인에서 부담하랍니다. 이게 국가사무를 위탁한 기초자치단체의 자세라고 할 수 있습니까? 국가사무를 위탁한 겁니까? 장사를 시키는 겁니까? 결국 인건비와 운영비를 감당하지 못한 사회복지기관에서는 정규직원을 해고하는 결과를 초래하게 되었습니다. 복지부 인건비 가이드라인이 있는 종합복지관이나 노인복지관, 시니어클럽들도 이런 마당에 가이드라인 조차 없는 소규모 시설들(지역아동센터 등)은 얼마나 열악할지 상상이나 가십니까? 위정자들께서 멋진 정책이라고 들고 나오고 언론에 그 성공을 자화자찬하는 대부분의 사회안전망 정책들이 일선의 사회복지사들과 사회복지기관들의 피와 뼈의 댓가라는 생각을 해본 적이 있으십니까? 비정규직들의 정규직 전환. 네 좋습니다. 차별 받지 않는 사회, 좋은 일자리가 넘쳐나는 사회라는 정의로운 사회로 진전하는 발걸음이라는 것을 이해하고 응원합니다. 그런데 국가사무를 위탁받은 사회복지기관의 정규직 고용안정마저 보장받지 못하면서 무슨 정의로운 사회를 이야기하겠습니까? 국가사무를 위탁하면서 위탁받는 사회복지법인에 비상식적인 법인 전입금을 요구하면서 법인에 부담을 지우고 비영리법인의 비리를 조장하고 최소한의 인건비와 운영비 마저 보장하지 않으면서 온갖 정책들을 쏟아 내고 입닫고 일하라 하는 그 태도의 기저에는 사회복지사들과 사회복지기관에 대한 멸시가 있다고 밖에는 생각할 수 없습니다. 우리가 머슴입니까? 요구합니다!!! 사회복지사무라는 국가 및 기초자치단체 사무를 위탁하는 중앙정부와 기초자치단체는 기관의 인건비와 운영비를 보장하도록 법으로 강제하고 불필요한 법인 전입금을 납부하도록 강요하지 말 것이며 위탁 주체와 수탁 주체 간 동등한 입장에서 서로 존중하며 본분에 충실히 임할 수 있도록 법제화를 추진해 주십시오.",
  "num_agree": 888,
  "petition_idx": "590173",
  "title": "국가사무인 사회복지사무 위탁의 관행적 불법과 불합리함 이제 멈춰주십시오"
}