{
  "category": "교통/건축/국토",
  "begin": "2020-06-29",
  "content": "국민의 자유와 소중한 사유재산권을 침해하고 주거의 자유를 방해하는 위헌적인 다주택자 강제 처분서약을 철회해주세요 서민들이 필요한건 규제완화해서 재산을 안전하게 소유하고 지키는 것입니다 다주택자는 적폐이고 투기고 국민의 재산과 주거자유를 침해하고 처분하는 주택에 세금을 부과하는 건 공산주의와 강도같은 정책입니다 타인이 망하고 재산을 빼앗아야 목표를 달성한 정권이 되겠습니까? 계약시 처분조건없는 1주택자이상 다주택자들에게 처분서약서 강요하지 마세요 신뢰보호의 원칙 위반입니다 법과 신뢰가 송두리째 없어지고 국민들을 거지로 만드려는 정책입니다 공공임대 당첨되기 힘들고 공공임대 거주하면 살림살이 나아집니까? 나라의 세금에 더 의존하고 그 세금은 재산을 강제 처분당하고 세금 부과되어 돈 뜯긴 피해자들에게서 나온 겁니다 집도 없는 노숙자가 되게 강제 집 처분 조약 없애주세요",
  "num_agree": 826,
  "petition_idx": "590192",
  "title": "다주택자 처분 강제는 위헌적인 행정지도입니다"
}