{
  "category": "문화/예술/체육/언론",
  "begin": "2020-06-29",
  "content": "‘2020 KBS 경영혁신안’ 관련 뉴스를 접한 날, 저희 아이가 활동하고 있는 우리 지역의 KBS방송총국으로부터 어린이합창단의 해단 조치가 내려졌다고 통보 받았습니다. 서울의 KBS 어린이합창단도 작년에 해단 수순을 밟았고, 지금 전국에 남아있는 5개의 합창단이 동시에 이 통보를 받았다고 하니 정말 울분을 감출 수가 없습니다. 몇 해 전에도 이러한 경제 논리로 비슷한 해단 조치가 나왔는데, 저희 지역은 학부모들이 힘을 모아 발 빠르게 대응하여 재정적으로 독립하는 조건으로 합창단을 유지하고 있습니다. 그간 재정적으로 KBS 방송국에 전혀 의존하지 않았는데 재정적인 이유로 ‘해단’이라는 조치를 내린 것은 납득할 수 없습니다. 저희는 도청, 시청, 교육청 그리고 그 외 지역의 다양한 행사 및 공연에 초청되어 KBS라는 이름을 빛냈다고 자부하고 있습니다. 이미 올해 활동할 단복을 새로 맞추었고, 그 옷을 입고 공연하게 될 날을 설레는 마음으로 기다리던 아이에게 이런 상처 되는 이야기를 어떻게 전해야 할지요. 게다가 작년 12월에 선발된 신단원들은 코로나19로 인해 연습도 못하고 지금까지 기다리고 있었는데 갑작스러운 즉각 해단 소식을 어떻게 이해시켜야 할까요? 우리 아이들이 설 수 있는 무대나 방송이 전무한 현 상황에서 공공의 어린이 예술 단체의 명맥을 유지하고, 합창을 통해 어린이를 위한 노래를 부르며 또 동요를 지켜내고 보급하던 방송국의 어린이 합창단이라는 자부심을 가졌는데, 작년 서울 방송국에 이어 올해는 전국적으로 어린이 합창단을 몰아내려고 하는 경제 논리에 정말 마음이 아픕니다. 어른들의 사랑, 이별, 그리고 다소 선정적인 내용이 담긴 트로트를 어린 유치원 아이들까지 흥겹게 부르는 것은 시류를 틈타 공격적으로 방송 편성을 하면서 정작 어린이를 위한 합창, 동요는 아예 없애버리려고 하는 것이 과연 국민이 내는 수신료로 운영하는 KBS가 선택할 수 있는 최선이었나 하는 생각이 듭니다. 불후의 명곡 등에서 감동을 자아내고 눈물을 뽑아 순위를 높이기 위해 어린이를 무대에 세웁니다. 과연 어린이들은 그런 소비재로만 활용되어야 하는 것일까요? 인기가 없고 돈이 되지 않더라도 어린이를 위한 무대, 어린이를 위한 동요가 우리나라에 많이 울려 퍼지게 하고, 그러한 방송을 편성하는 게 공영방송의 몫이지 않나요? 그러라고 전 국민에게 수신료를 받고 있는 게 아닌가요? 대한민국을 대표하는 공영방송인 KBS가 어린이합창단을 이러한 말도 안 되는 경영혁신안의 일환으로 방송국에서 몰아낸다면 다른 방송사 및 지역의 합창단들도 비슷한 처지에 놓일 것입니다. 그만큼 KBS가 가진 대표성은 무시할 수 없는 것입니다. 또한 무대를 꿈꾸며 노래하고자 했던 우리 꿈나무들은 꿈을 상실한 채 살아갈 것입니다. 방송, 행사 및 공연에도 가요나 트로트를 부르는 아이들만 넘쳐나겠지요. 이번 일로 우리 어린이들이 동심으로 노래하는 아름다운 노랫소리가 우리나라에서 사라지게 되지 않을까 우려가 됩니다. 간곡히 바라건대 KBS방송국이 어린이 합창단 해단 조치를 거두어 우리 아이들이 꿈을 노래할 수 있게 해주세요.",
  "num_agree": 2134,
  "petition_idx": "590153",
  "title": "KBS어린이합창단 해단을 막아주세요."
}