{
  "category": "인권/성평등",
  "begin": "2020-06-29",
  "content": "안녕하세요. 저는 해외 대학교에서 학생들에게 외국어로서의 한국어를 가르치고 있는 한국어 객원교수입니다. 저는 지난 2017년 한 해, 한국에서 서울시에서 운영하는 한 외국인생활지원기관에서 해외입양인들을 대상으로 한국어를 가르치며 귀환 해외입양인 친구들과 깊은 인연을 이어가고 있습니다. 본 청원에서는 이들 중 소수의 행복한 현재와 밝은 미래를 전하기보다는 우리 사회를 통해 이들 다수가 느끼고 있는 원초적 슬픔을 전하며 간절한 마음으로 청원을 드리고자 합니다. 외국어로서의 한국어강의 초급 과정에서 학습자들과 가장 흥미롭게 소통하는 주제 중의 하나는 외국인 한국어 학습자들의 자기소개, 고향 소개, 가족에 대한 소개일 것입니다. 그렇지만 이 흥미로운 소통이 누군가에게는 깊은 혼란과 깊은 슬픔과의 재회가 됩니다. 바로 한국에 의해 해외로 입양이 된 후 성인이 되어 다시 낯선 한국에 돌아와 낯선 한국어를 배우게 되는 해외입양인들의 경우입니다. 다수의 외국인 한국어 학습자들에게 한국어 학습은 그들의 한국어 및 한국 문화에 대한 관심과 즐거움인 반면에, 해외입양인들에게 한국어 학습은 그들을 버린 조국의 언어에 대한 만남입니다. 그들에게 한국어는 원초적 슬픔과 고통의 언어입니다. 혹시, 이들의 부족한 한국어 실력을 보게 된다면 부디 너무 비난하지 말아 주십시오. 대신 마음으로 함께 공감해 주십시오. ‘한국어를 배워야 하는 그 삶의 과정에서 얼마나 슬펐을까.. 얼마나 고통스러웠을까.. 얼마나 아팠을까.. 얼마나 외로웠을까..’ 그들이 이와 같은 큰 슬픔과 고통과 마주하면서까지 한국에 귀환하고, 한국어를 배울 수밖에 없는 데에는 이유가 있습니다. 한 해외입양인 친구는 그들에게 한국은 특별한 의미가 있는 곳이기 때문이라고 말하고 있습니다. \"우리에게 한국은 우리를 내보낸 땅이자, 우리가 다시 한국과 이어지려고 노력하는, 성인의 눈을 통해 우리가 가진 한국의 문화 유산을 되찾고 재발견하려는, 그러나 해외로 보내진 아이가 겪은 깊은 분리의 슬픔을 가지고 노력할 수밖에 없는 땅입니다. 우리는 과거의 상처를 치유하고 극복하며, 한국의 현재를 살면서 그 미래를 위해 활동하고 서로 간의 사랑과 존중을 발견하는 평화로운 삶의 여행을 하고 있습니다.\" 그리고 한국어는 그들의 의미있는 삶의 여행을 위해 무엇보다 중요한 소통의 수단이 되는 것입니다. 지난 6월 2일자 New York Times에 'Tell Me Who My Mother Is: A Korean Adoptee Seeks Her Roots'라는 제목으로 소개된 입양인 카라 보스 씨의 이야기 또한 우리 모두가 깊은 관심을 가져야 할 그들의 삶의 여행입니다. 카라 보스 씨는 입양인 최초로 친아버지를 상대로 친자확인소송을 제기하며 한국 사회에 슬픈 목소리를 전하고 있습니다. 보스 씨는 1983년 11월 충청북도 괴산에서 장날 장터의 주차장에서 기아(棄兒)로 발견됐습니다. 발견 당시 두 살이었던 보스 씨는 충북 제천의 희망보육원으로 보내졌다가 1984년 9월 홀트아동복지회를 통해 미국 미시간주 디트로이트로 입양 보내졌습니다. 현재는 남편, 아이들과 함께 네덜란드에 사는 보스 씨는 3년 반 넘게 친생부모를 찾기 위해 고군분투해왔습니다. 보스 씨는 버려진 상태로 발견됐기 때문에 입양 서류에 가족을 찾을 단서가 딱히 없었습니다. 한국은 해외입양을 손쉽게 보내기 위해 입양아동의 생물학적 가족관계를 무시하고 입양기관에서 '고아호적'을 만들어 해외입양을 보내는 인간적이지 못하고 정의롭지 못한 행위를 사실상 제도적으로 인정해줬습니다(이런 관행은 2012년 입양특례법 개정으로 입양아동의 출생등록을 의무화하기 전까지 계속 됐습니다). 보스 씨는 한국의 한 매체와의 서면 인터뷰에서 \"이 소송의 목적은 아버지와 관계를 인정받기 위한 것이며, 아버지를 통해 궁극적으로 친어머니를 찾고 싶다\"고 밝혔습니다. 하지만 보스 씨의 친가족들은 보스 씨와의 접촉을 거부했고, 친자확인 소송이 친아버지를 만나 친어머니에 대한 정보를 얻을 수 있는 유일한 방법이었습니다. 결국 지난해 11월 법원은 서울대학교에서 DNA 검사를 하도록 명령을 할 수 있었고, 검사 결과 부녀일 가능성이 99.9%인 것으로 나왔습니다. 하지만 이와 같은 결과에도 불구하고 보스 씨는 끊임없는 법적 한계에 좌절하고 있습니다. 왜냐하면 한국은 아직 해외입양인들의 ‘정체성을 알권리’를 사실상 보장하고 있지 않기 때문입니다. 매우 서글픈 현실에 그들에게 미안하고 미안한 마음입니다. 카라 보스 씨는 다음과 같이 한국 사회에 슬픈 목소리를 전하고 있습니다. “제 소송이 입양특례법에 입양인의 가족 정보 접근의 권리가 더 확보되는 방향으로 국회에서 개정되는 데에 영향을 미쳤으면 좋겠습니다. 우리를 버린 부모의 권리가 버림 받은 아이들의 권리를 능가하거나 뛰어넘어서는 안 된다고 생각합니다. 수치심 때문에 부모가 누구인지, 나는 어디에서 왔는지 알 수 있는 아이의 기본권을 억압해서는 안 됩니다.” 한국전쟁 이후 지금까지 20만 명이 넘는 아동들이 해외로 입양됐고 지금까지도 계속 되고 있습니다. 성인이 되어 ‘나’를 찾기 위해 한국으로 돌아오는 귀환 입양인들의 고통을 우리는 외면해서는 안 됩니다. 부디, 귀환 해외입양인들과 함께 더불어 행복하게 살 수 있는 환경을 만들어 주시기를 간절히 바라고 부탁드립니다. 부디, 카라 보스 씨가 희망하는 것처럼 해외입양인의 가족 정보 접근 권리를 확보해 주셔서 추후 한국에 귀환할 또다른 카라 보스 씨를 위해 큰 선물을 마련해주시기를 간절히 바라고 부탁드립니다. 부디, K-POP과 한류 등을 좋아해서 한국을 찾는 외국인들만 환영하는 것이 아니라 ‘나’의 정체성을 위해 한국을 다시 찾는 우리의 해외입양인들에게도 따뜻한 말, 따뜻한 포옹, 따뜻한 사랑을 나누어주시기를 간절히 바라고 부탁드립니다. 그들이 한국을 떠난 것은 그들의 바람도 희망도 선택도 아니었습니다. 부디, 그들의 눈에서 흐르는 뜨거운 눈물을 외면하지 말아 주시기를 바랍니다. 이제는 그들이 ‘때문에’ 눈물을 흘리는 것이 아니라 ‘덕분에’ 눈물을 흘릴 수 있도록 해 주시기를 간절히 바라고 부탁드립니다. 우리의 슬픈 과거는 바꿀 수는 없겠지만, 우리의 밝은 미래는 바꿀 수 있다고 믿고 싶습니다. 감사합니다.",
  "num_agree": 137,
  "petition_idx": "590118",
  "title": "해외입양인의 가족 정보 접근 권리를 확보해 주시기를 간절히 바랍니다."
}