{
  "category": "보건복지",
  "begin": "2020-06-29",
  "content": "안녕하세요. 저는 사회복지사입니다. 사회복지를 사랑하지만, 하루에 100번도 더 사회복지계를 떠나고 싶은 사회복지사입니다. 여러분과 저의 세금이 어떻게 쓰이는지 아시나요? 제가 속해있는 사회복지시설의 시설장은 야근하지 않았는데 시간 외 수당을 챙겨갑니다. 6시 이전 퇴근은 당연하고 휴가를 사용한 것도 아닌데 오후에 출근합니다. 외부 일정이 없었는데도 말이죠. 사회복지 보조금으로 횡령하고 비자금을 조성한 경기도 사회복지시설장들의 처벌 기사를 얼마 전에 접했습니다. 한편으로는 공정한 사회구나 싶다가도 회사에 가면 제가 꿈꾸던 정의는 순식간에 무너져버립니다. 업무추진비라는 명목으로 음주가무를 즐기고 서류를 조작하는 일이 아무렇지 않게 일어납니다. 보조금을 받는 청으로부터의 지도점검에서도 걸리지 않습니다. 시, 도, 국가로부터 위탁받은 기관들의 실체입니다. 제가 속한 시설장의 불법 행위를 안 순간 잠이 안 옵니다. 침묵하는 저 자신이 너무 한심합니다. 저도 공범이 되어가는 것 같아 양심의 가책이 느껴집니다. 권력 구조 상 약자인 저의 현실입니다. 와중에 이웃의 복지를 위해 열심히 뛰는 시설장들 많습니다. 또한 시설장의 빈자리를 채우기 위해 죽어라 뛰는 사회복지사들도 많습니다. 우리의 노력이 헛되지 않도록 사회복지시설장들의 회계, 근태 전수조사, 처벌 간절히 부탁드립니다. 이 글을 보고 찔리는 당신들 꼭 반성하시길 바랍니다. 더는 여러분의 세금이 헛되이 쓰지 않도록 힘을 모아주세요.",
  "num_agree": 781,
  "petition_idx": "590186",
  "title": "여러분의 세금이 사회복지시설장 술값에 쓰이고 있습니다. 제발 처벌해주세요."
}