{
  "category": "기타",
  "begin": "2020-06-29",
  "content": "**사업단소속 설계사에게 불완잔 판매로1차 금감원에 민원을 넣었고 답변은 인정되어 **소비자파트 팀장과통화하고..5월 한달간 영업정지제재란 말을 들었었는데 니웃듯이 영업을 정지기간중에 해서...2차 금감원에 민원을 넣었고 오늘 답변은 어이없게 자동차보험외에는 영업을할수있어서 불법이 아니라는겁니다 녹취록도 금감원에 보냈지만 누가들어도 그런내용도없고 설명도 없는데..이게 재제입니까? 조직사회에서 팀장 지점장 설계사 이사람들이 몰랐을까요? 한고객을 우롱한다고 생각 할수도 있지만 전국민을 소비자로 상대하는 보험사가 실적도 중요하지만 윤리적으로 이래서야 되겠습니까?바로 잡고 신뢰할수있는 기업이 되어주시길 [본 게시물의 일부 내용이 국민 청원 요건에 위배되어 관리자에 의해 수정되었습니다]",
  "num_agree": 124,
  "petition_idx": "590126",
  "title": "**손해보험민원에 대한 고객기만"
}