{
  "category": "경제민주화",
  "begin": "2020-06-29",
  "content": "현행 주식거래세를 폐지하지 않고 일반 개인에게 주식 양도소득세를 더 내라는 건 이중과세입니다. 양도세 과세대상 금액에서 거래세를 공제해주세요. 외국인의 주식 수익에 대해 과세할 방법이 없다고 거래세를 존재하게 하는 것은 변명일 뿐인거 같습니다. 외국인에 대한 과세는 거래세만 내게 하던가 양도소득세를 거둬 들일 방법을 찾아 보시던가 하는게 기재부가 하실 일이 아닌가 싶습니다.",
  "num_agree": 658,
  "petition_idx": "590157",
  "title": "양도세 과세대상 수익에서 거래세를 공제해주세요"
}