{
  "category": "기타",
  "begin": "2020-06-26",
  "content": "저는 40대 독신 여성입니다 아주 어려서 부터 아버지와 친척들로부터 성추행과 성폭행을 당하며 살아왔습니다 아버지는 14세때 가위를 사용해 저의 순결을 빼앗았고(가위질의 흔적이 남아있습니다) 친척들은 그보다 어릴적부터 신체 부위를 터치하는 등 성추행을 일삼다가 14세 이후 자신들의 집으로 불러들여 자는 사이 실제 성폭행을 가하기도 하였습니다 저는 매우 예민하고 순진한 성격이라 가정 환경과 어머니의 정서적 학대를 견디지 못해 24세 대학 재학 시절 정신병원 신세를 지게되었습니다 그 이후 정신병에 사용되는 약물을 학대의 재료로 삼아 살해 시도와 신체적 상해, 가해를 어머니, 아버지, 여동생으로부터 받아왔습니다 지금은 어머니로부터 월 삼십만원의 용돈을 받으며 한 마리의 개를 기르며 간신히 살아가고 있습니다 저에게 다양한 방법으로 학대를 일삼고 한 사람의 일생과 희망을 짖밟은 저의 가족들이 죗값을 치루게 해주세요 아무도 저를 도와주지 않을 것이라고 생각해서 남들에게 말해본 적도 남들에게 도움을 요청한 적도 없습니다 아버지는 몇 년전에 돌아가시고 친척들은 서푼짜리 동정인척하며 감시를 일삼습니다 수시로 인격적 모독을 일삼으며 저를 정박아 취급하는 어머니와 지은지 60년이 다되어가는 허름한 집에서 살고 있습니다 저는 학창시절 천재소리를 곧잘 들었습니다 아무도 일깨워 주는 사람이 주위에 없어서 제대로된 꿈을 가져본 적도 없고 꿈을 이루기 위해 아름다운 길을 가보는 기회는 모조리 박탈당했습니다 아무도 원망한 적도 없고 주의를 탓해 본적도 없지만 자신의 능력으로 아픈 개를 병원에 데려갈 수 있는 간단한 일조차 스스로 못하는 상황 속에서 저는 하늘의 도움만을 구하며 하루하루 두려움 속에 살아가고 있습니다 이런 환경에서 평소 제가 하는 말 제가 하는 행동은 모두 진심이 아닙니다 아는 사람은 어머니와 동생 동생의 남편 뿐이고 이야기를 나눌 친구조차 없습니다 남자친구는 사궈본적 없고 가족들은 제게 들어온 혼처를 그저 내보내기 바빴습니다. 불우한 환경속에서 자라 결혼에 대해 긍정적인 인상을 받은 적이 한 번도 없고 친구나 친척들의 부모나 부부가 서로 위해주고 사랑하는 모습을 보면 큰 충격을 받곤 했습니다 저에게 큰 상처를 주는 것을 재미로 아는 저의 어머니 가족 친척 동생을 벌해주세요 그들이 사회에서 받는 부당한 지원을 모조리 박탈해 주세요 그리고 저를 이런 어둠 속에서 구해주시기 바랍니다",
  "num_agree": 742,
  "petition_idx": "590112",
  "title": "오늘도 하늘의 도움을 구하며 살고 있습니다 짐승같은 저희 가족을 처벌해 주세요"
}