{
  "category": "인권/성평등",
  "begin": "2020-06-26",
  "content": "6월20일 SBS <그것이 알고 싶다>에서 방영된 천억원대 기획부동산 사기집단의 전 며느리입니다. 저의 억울함을 풀어 주세요. 저는 2015년 5월9일에 결혼을 하였습니다. 하지만 저의 남편과 시댁식구들은 저를 사기에 이용하기 위해 결혼식을 한 것임을 나중에 알게 됐습니다. 결혼식한지 한 달도 안 되었는데 차명계좌를 빌려 달라고 가족들이 집단으로 강요를 하여 어쩔 수 없이 빌려 주었습니다. 그것이 끝이 아니었습니다. 전 남편은 예전에 사실혼의 여자와 정리를 하지 않은 상태에서 저와 결혼식을 한 것이며 저와는 혼인 신고도 하지 않겠다고 하며 그 여자(내연녀)와도 계속 연락을 하겠다는 것입니다. 그래서 헤어지자고 하니 가족들이 집단으로 협박을 하고 폭행을 가하기 시작하였습니다. 폭행으로 아이도 잃었습니다. 하지만 협박이 무서워서 어쩔 수 없이 버티고 살아야만 했습니다. 그들은 집단으로 저를 정신병자로 취급하며 제가 어떤 선택도 할 수 없게 만들어 놓았고 다 포기하고 살수 밖에 없게 만들어 놓았습니다. 하지만 그들이 사기를 쳐서 불법적인 수입금을 흥청망청 쓰는 모습을 도저히 보고만 있을 수 없어 만류하였습니다. 그렇게 만류하다가 추가 폭행을 당하고 쫓겨나게 되었습니다. 오히려 쫓겨나게 된 것이 다행이다 싶었습니다. 올가미에서 벗어날 수 있게 되었기 때문입니다. 그런데 쫓겨나온 지 한 달 만에 엄청난 일들이 발생하였습니다. 모든 범죄 수익금이 제 명의 통장으로 들어왔다 나갔으며, 마치 제가 기획부동산에서 일을 한 것으로 되어 있는 것이었습니다 거기에 과다한 세금까지 부과되었고 그것을 해결 해 달라고 요구하였지만 해결 할 의사는 전혀 보이지 않았습니다. 그래서 ‘자진신고’를 하려고 하니, 오히려 전 남편이 섹스 동영상을 몰래 촬영 해 둔 것을 유포하겠다고 협박을 하였습니다. 전 모든 것이 무너지는 것 같았습니다. 너무도 무섭고 두려워서 전 남편의 협박에 그들이 시키는 대로 해야만 했습니다. 일명 노예계약서에 도장을 찍어야만 했고, 내연녀의 존재에 대한 것도 받아 들여야 했습니다. 그렇게 노예계약서에 도장을 찍고 노예처럼 살고 있는데, 시댁의 시어머니와 남편이 사기로 고소돼 수사를 받기 시작하였습니다. 수사를 받는 중에 전 시어머니는 딸을 시켜 계좌에 있는 돈을 현금화 시키는 일을 했고, 부동산을 급매 처분을 하였습니다. 이 과정 중에 저에게도 금고를 숨길 것을 강요했지만 응하지 않자, 남편이 무차별적으로 폭행을 가했고 코뼈가 부러지고 아이까지 유산 되었습니다. 이뿐만 아니라 저는 교수가 되기 위해 박사과정 중에 있지 교수가 아닙니다. 하지만 그들은 저를 명문대학교 교수로 둔갑시켜 땅을 파는데 이용을 했으며, 제가 기획부동산에서 일을 했고, 허영 끼가 많아 기획부동산에서 번 돈을 제가 다 사용했다는 허위사실까지 유포한 상태였습니다 또한 부동산을 처분하지 않으려 하자, 추가 동영상을 몰래 촬영하여 협박을 하였습니다. 결국에는 그 동영상의 협박으로 인해 집을 팔고 사기피해자들의 눈을 피해 이사를 했습니다. 이렇게 그들의 사기행각에 동조를 하지 않자, 의도적으로 그들은 저의 카드를 빌려 쓰고는 갚지 않았고, 경제적으로 저를 궁핍하게 만들어 돈을 요구해 보라고 계속 유도 하였으며, 밤에 잠을 재우지 않고 돈을 요구해 보라고 추궁하고, 폭행을 일삼았기에 살고 싶어서 전 남편이 시키는 대로 문자를 보냈습니다. 그 문자가 제가 시댁식구들을 공갈‧협박했다라는 문자라고 저를 고소하여 피고인으로 만들었습니다. 물론 제가 보낸 문자가 그대로 공소장에 올라와 있으면 문제 될 것이 뭐가 있겠습니까? 일부 짜집기되고 중간 중간 앞뒤 생략하여 문자를 조작하여 고소를 한 것입니다 제가 전 남편에게 폭행과 섹스 동영상의 협박을 받고 있는 사람이며 노예계약서로 전 시어머니에게 구속을 받고 있는 사람인데 과연 제가 시댁 식구들을 협박할 수 없는 처지라는 것을 다시 한 번 살펴 봐 주시길 부탁드립니다. 그들은 자기들의 사기행각을 한 것을 누구보다 제가 낱낱이 알고 있다는 것을 알기에 저의 입을 틀어막기 위해서라도 저를 형사처벌 받게 해야만 했기에 서울고등법원판사 출신의 고액의 변호사를 선임하여 철저하게 저를 올가미에 엮고 있습니다. 저는 절대 피고인이 아닙니다. 그들에게 사기에 이용당하고 짓밟히고 폭행과 섹스 동영상의 협박을 받은 피해자입니다. 제발 저의 억울한 사정을 풀어 주시길 간곡히 부탁드립니다. ※ 아래 문자가 협박문자라고 고소되어 징역 8개월 집행유예 2년을 1심에서 선고 받은 문자 입니다. 그것도 뒷부분은 생략이 되어 범죄 일람표에 적어져 있습니다.(여기서 봉성리 땅은 사기를 친 땅입니다) ‘아참 0식씨도 여00한테 계좌 빌려 줬다. 그것도 말해야겠어요’ <삭제된 부분> '다들 빌려주는데 저만 안 그러면.. 안 그래도 그 집 미운 털이였는데 올바르게 살라고 하고 봉성리 땅은 절대 팔아서는 안 된다고 했는데… 힘없고 돈 없는 사람한테 눈물 나게 하면 저희 눈에 피눈물 난다는 소리까지 했으니까요'",
  "num_agree": 426,
  "petition_idx": "590110",
  "title": "6월20일 SBS <그것이 알고 싶다>에서 방영된 천억원대 기획부동산 사기집단의 전 며느리입니다. 저의 억울함을 풀어 주세요"
}