{
  "category": "행정",
  "begin": "2020-06-29",
  "content": "코로나로 더욱 어려운 생활을하던중 갑자기 카톡이 왔습니다. 고수익제테크라고 투자금액의 50%가 넘는 고수익의 주인공이 된다는 신종 제테크 금 환율거래였습니다. 사기꾼의 사진과명함등(가짜였습니다.)도 같이 카톡으로 보내주고 여러사람의 수익인증까지 보여주면서 실시간 상황을 보여주더군요.. 요즘같이 어려운시기에 정말 혹하고 구미가당길수밖에 없었습니다. 혹시나하는마음도 있었지만 한순간에 거래소로 투자금을입금하게되었습니다. 입금하는순간 이핑계저핑계 되면서 시간을끌더니 연락두절되었습니다. 수익금은 커녕 투자금 원금까지 잃었습니다. 사기라고 느꼈을땐 이미늦었습니다. 그후 인터넷검색해알아보다가 저처럼 손해를 보신분들이 많다라는걸알았습니다. 그런데 경찰에 신고후 입금한계좌정보로 계좌거래이용정지를 신청해봤지만 보이스피싱이아니라고 거절당했습니다. 청원드립니다.이런경우도 제발 계좌이용정지 할수있게 해주세요.. 안그럼 또다른피해자분들도 저와 같은상황으로 똑같은 계좌에 입금하고 마음아파하고 반대로 사기꾼들은 같은계좌로 입금받은돈을 또 출금하고있을겁니다. 제발부탁드립니다. 신종제테크사기도 보이스피싱처럼 강력히 수사해주세요~ (특히 계좌이용정지 해주시면 잃어버린돈은 찾을확률이 높다고 합니다.)",
  "num_agree": 335,
  "petition_idx": "590148",
  "title": "신종 제테크사기도 보이스피싱처럼 강력히 수사해주세요~"
}