{
  "category": "기타",
  "begin": "2020-06-29",
  "content": "소방시설관리사 시험을 3년 동안 준비 중인 수험생입니다. 제 수험표에 나와 있는데로 20년 5월 16일 13시에 시험을 보기 위해 시험장소에 12시에 도착했습니다. 그런데 도착해 보니 이미 시험이 끝나고 아무도 없었습니다. 18일 월요일 산업인력관리공단에 문의해 보니, 전산 오류로 인하여 첫날 시험 응시한 수험생만 13시로 되어있고 둘쨋날부터는 9시였다고 합니다. 올해는 꼭 합격하기 위해 평일은 새벽 1시간 그리고 퇴근 후에 3시간, 주말에는 늦게까지 공부하며 시험날만 기다렸는데 너무 허무했습니다. 3년 동안 준비중인 시험을 보지 못하고 내년을 다시 기약해야 한다는 사실에 너무 괴로워서 3주간 계속 술만 마셨습니다. 산업인력관리공단은 수험료 18,000원 환불 외에는 달리 방법이 없다고 합니다. 다음에 연락줄테니 제 연락처 남겨 달라고 해서 알려줬더니 그마저도 3주가 넘도록 아무 연락이 없어 답답한 제가 또 다시 연락했습니다. 당사자는 인생이 걸린 절박한 문제인데, 산업인력관리공단은 남의 일인 것 같아 너무 화가 납니다. 잘못을 해도 아무런 처벌도 받지 않고, 철 밥그릇만 지키는 탁상행정만 하는 인원들을 위해 세금을 내야한다는 사실이 너무 싫습니다. 이번을 계기로 안일하게 일하는 방식을 바꿔야 한다고 생각합니다.",
  "num_agree": 139,
  "petition_idx": "590122",
  "title": "산업인력관리공단 실수로 3년 준비한 시험을 못봤습니다"
}