{
  "category": "경제민주화",
  "begin": "2020-06-29",
  "content": "대한민국 천만 개인 투자자를 대표하여 국민청원 올립니다. ​ 증권 거래세를 점진 인하 폐지하고 양도소득세를 전면 부과하는 이번 금투 세제 도입은 개인 투자자들에게 매우 불리하고 기관투자자들에게 일방적으로 유리한 편중된 정책으로 이를 즉각 철회할 것을 요구합니다. 그 이유는 첫째, 거래세를 인하/폐지할 경우 자금 규모와 자금의 회전율을 비교해 볼 때 개인 투자자 대비 기관투자자의 실익이 압도적으로 높습니다. 따라서 거래세 인하 및 폐지는 기관투자자들의 이익을 반영한 정책이라 할 수 있습니다. 둘째, 거래세를 인하/폐지할 경우 기관은 거대자금을 기반으로 AI를 이용한 알고리즘 시스템매매로 시장을 교란할 것이며 건전한 개인투자자들의 투자금을 합법적으로 마음껏 갈취할 수 있는 수단을 갖게 될 것입니다. 따라서 거래세 인하 및 폐지는 기관투자자들의 이익을 증대시키고 개인투자자들의 이익에 반하는 정책이라 할 수 있습니다. 셋째, 정부와 민주당은 거래세 인하 및 폐지로 줄어들 세수를 양도세로 충당한다고 했으나, 세금 부과 대상을 살펴볼 경우 개인투자자들의 이익을 심각하게 침해하는 정책이라 할 수 있습니다. 이번 양도세 전면 부과는 소득세와 관련된 내용으로 부과의 대상은 모두 개인투자자들이며, 기관투자자들의 법인세와 외국인 투자자들의 과세 형태는 종전과 다름이 없이 변화가 없기 때문입니다. 따라서 정부의 양도세 전면 부과 정책은 일방적으로 개인투자자에게 불리한 정책이라 할 수 있습니다. 따라서 정부와 민주당의 이번 정책은 기관과 외국인의 거래세를 낮춰 주고 그 세수를 맞추기 위해서 양도세를 개인 투자자에게 부과하는 매우 편중된 세제개편이라 할 수 있으므로 즉각 철회를 요구합니다. 위와 같이 주식시장의 3대 투자주체인 기관, 외국인, 개인 투자자 중 정부와 민주당은 일방적으로 기관투자자의 이권을 대변하고 개인 투자자들의 이권을 심각하게 훼손한다고 할 수 있습니다. 따라서 하기와 같이 청원 내용을 요약겠습니다. ​ 하나. 거래세를 낮추고 양도세를 부과하는 이번 세제 개편에 절대적으로 반대함을 분명히 밝힙니다. 둘. 따라서 양도세 전면 부과 검토를 즉시 중단하고 거래세는 현상태를 유지하시기를 요청합니다. 셋. 또한 개인투자자들의 불안과 불만을 유발하고 금융시장을 혼란하게 만드는 금융세제 개편에 대한 검토를 즉각 중단하기를 요청드립니다.",
  "num_agree": 1862,
  "petition_idx": "590174",
  "title": "주식 양도소득세 전면 부과 절대 반대합니다"
}