{
  "category": "교통/건축/국토",
  "begin": "2020-06-29",
  "content": "갑작스런 6.17 부동산 부동산 대책으로 아파트를 분양받은 많은 사람들이 중도금과 잔금 대출이 막혀 아파트분양계약이 취소되고 평생을 피같이 모은 수천만원의 계약금을 하루아침에 날리게 되었습니다. 집값안정을 위한 취지는 충분히 공감하지만 이미 아파트를 분야받아 돈이없는 서민들의 대출까지 막아 사실상 계약금을 날리게하는 정책에 저는 동의할수 없습니다. 기존 무주택자나 1주택자가 분양받은 종전규정에 따라 처분조건으로 대출이 가능하다고 발표하고서는 실제로는 무주택자의 대출금을 줄이고 분양권을 주택으로 보면서도 분양권처분조건은 안된다는 모순적인 정책을 펴고 있습니다. 이번정책으로 단 한사람의 억울한 피해자가 발생한다면 이러한 정책은 다시 재고되어야 합니다.",
  "num_agree": 602,
  "petition_idx": "590142",
  "title": "6.17부동산대책 취지는 이해하지만 단 한명의 억울한 피해자도 나와서는 안됩니다."
}