{
  "category": "교통/건축/국토",
  "begin": "2020-06-29",
  "content": "비조정지역이전에 다물권자 물건을 매수 하였습니다. 입주 목적으로 구입하였고, 비규제 지역이기 때문에 다물건자 아파트 매수하여도 입주권이 모두 나오는 상황이였습니다. 입주권이 보장 되지 않은 집을 알면서 매수 하는사람이 있을까요?? 현재 다물건자이셨던 분은 모두 매도하셔서 각각 매수인이 다 달라졌습니다. 비규제 지역이였기 때문에 입주권이 보장되기 때문에 집을 매입하였던 것이였죠. 그런데 갑자기 투기과열지구로 지정이 되어 입주권을 보장받지 못하는 상황이 되었습니다. 집값도 신축이나 올랐지 구축은 오르지도 않았는데 투기과열지구로 지정된것도 황당하지만 분양받기 힘들어 쾌적한 환경에서 살고싶은 마음에 재건축 매물을 매수하였는데 입주권을 보장받지 못하는 상황이 너무나도 억울합니다. 다주택자만 집을 팔면 집값이 안정될까요?? 다주택자는 이런 규제속에 매물을 매도할수 있을까요?? 10년이상 보유하고 5년이상 거주한 사람들의 물건만 입주권 승계가 되는데 그런사람이 몇이나 될까요?? 신축공급이 원활하게 이루어지는것도 아니고 분양받기 힘들어 더 쾌적하고 나은 생활을 하고싶은 사람들은 입주권이 보장된 것을 선택하기도 합니다. 신규택지가 아니곳은 분양받기가 하늘의 별따기 보다 힘듭니다. 신규택지 신도시를 찾아 현재 생활권에서 벗어나 살아야 하는건가요?? 그쪽으로 이직을 해야하나요?? 2,3시간에 걸쳐 출퇴근을 해야하나요?? 무조건적으로 규제를 하지 말아 달라는것이 아닙니다. 모두의 사정이 있으니 예외규정을 정해주셨으면 합니다. 규제지역이 늘린다고 개선될 부분이 아닌것 같아 보여지네요. 김포, 천안, 부산으로 결국 비규제지역을 찾아가고 또 규제가되면 아닌곳을 찾아 떠나겠지요. 실거주 실입주자들만 고스란히 피해를 보게 되고요. 617 부동산 대책에 문제점 보안하여 주시기 바랍니다.",
  "num_agree": 236,
  "petition_idx": "590145",
  "title": "투기과열지구 지정전 다물건자 매물 매수"
}