{
  "category": "인권/성평등",
  "begin": "2020-06-29",
  "content": "'존경하는 문재인 대통령'님과 주권자 국민 여러분께 호소드립니다. 지난 지방선거에서 1천370만 경기도민의 56.4%의 압도적인 지지를 받고 선출된 이재명 경기도지사가 최근 대법원에서 '허위사실 공표 혐의'에 대한 3심에서 판결을 내리지 못한채 대법원 전원합의체 회부되었으며 지난 6월 18일, 대법원 전원합의체에서 잠정 종결되어 선고를 앞두고 있습니다. 이번 사건은 대법원에서도 쉽게 판결하지 못할 만큼 중대하고, 2심에서 유죄를 선고하면서 판결 내용의 불합리함과 부당함 때문에 많은 논란을 일으키고 있는 사안입니다. 지난 경기도지사 선거에서 이재명 지사는 '1위 후보'라는 이유로 타 후보들로부터 검증되지 않은 의혹과 각종 네거티브 공세를 받아야 했습니다. 특히 경기도지사 후보토론회는 이재명 지사에게 가혹하리만큼 정치적 공세가 난무했습니다. 그 과정에서 상대 김영환 후보가 처음부터 끝까지 질문을 빙자해 그가 불법으로 형님을 정신병원에 강제입원 시키려고 '진단서를 조작하고 직권을 남용했다'며 공격하는 상황에서 나온 이재명 지사의 답변은 악의적 질문을 단순히 방어하는 차원에 불과했습니다. 제한된 시간과 예/아니오로만 대답하라는 요구 속에서 유도하는 질문에 대답하지 않았다고 하여 허위사실 공표라는 것은 억울한 측면이 있습니다. 억울합니다. 이런 행위가 위법이라면, 앞으로 TV 토론회 자체를 허위 사실 공표로 유도할 가능성이 높기 때문에 \"공정한 토론회를 기대하기 힘들다\"라고 다수의 헌법학자와 전문가 등이 우려를 나타내고 있습니다. 이재명 도지사는 시민들에게 도움이 되는 일이라면 어떤 탄압이 있어도 반드시 이뤄내고 맙니다. 그 험난한 과정에서 미움도 많이 받았고 적도 많아졌습니다. 하지만 그의 확고한 비전과 강한 추진력은 거대권력 '이명박_박근혜 정권'을 거쳐오면서 숱한 방해와 위협에도 절대 흔들리지 않았습니다. 그가 간절히 꿈꾸는 새로운 세상, 공정한 세상을 만들어나가기 위함입니다. 이재명 지사가 경기도지사직을 잃는 일은 우리나라 정치사에 크나큰 비극으로 남을 것입니다. 부디 이재명 지사가 경기도정을 정상적으로 수행할 수 있도록 지사직을 유지할 수 있게 해주십시오!! 국민들의 지지를 받는 유능한 정치인의 정치생명을 끊어서는 안될 것이며 국민의 염원과 눈높이가 맞지 않습니다. 존경하는 대법관님들의 공정하고 국민법상식에 맞는 판단을 해주시리라 믿습니다만 혹여 잘못된 결과가 나온다면 도민 국민들은 좌절할것이며 사법개혁의 필요성을 절감하고 강렬한 저항에 부딪힐까 염려됩니다. 지난 6월 리얼미터가 실시한 전국 16개 시도지사 직무수행 평가 조사에서도 이재명 지사는 70.3%로 지지도 2위를 차지했습니다. 최근에는 전반적인 경기도의 효율적인 운영과 코로나 19사태의 신속한 대응과 전광석화와 같은 단호한 일 처리, 혁신적이고 선도적인 다양한 정책실현 등은 국민들께 높은 지지를 얻을 수 밖에 없고 높은 점수로 나타내고 있습니다. '일 잘하는 정치인'으로 평가받는 도지사의 정치생명을 끊는다는 것은 있을 수가 없는 일입니다. 사람이 먼저인 정의로운 대한민국 국민의 간절한 염원을 모아 간곡히 청원합니다. 이재명 지사는 이 나라와 민족에 꼭 필요한 큰 자산이므로 직무는 계속되어야 합니다. '***** ***** ********' 올림 ================================ 참고자료 출처: 이재명경기도지사 페북 대법원 상고이유서를 보시길 권합니다. https://m.facebook.com/*************************** [본 게시물의 일부 내용이 국민 청원 요건에 위배되어 관리자에 의해 수정되었습니다]",
  "num_agree": 8489,
  "petition_idx": "590189",
  "title": "일 잘하고 투명한 이재명 경기도지사의 무죄를 확신하며 간곡하게 청원 드립니다."
}