{
  "category": "보건복지",
  "begin": "2020-06-29",
  "content": "엘리베이터 노마스크 과태료 부과가 필요합니다. 엘리베이터는 환기시설이 갖추어 지지 않은 밀폐시설로 코로나 감염 위험이 매우 높은 공간입니다. 대중교통도 마스크 미착용을 제한하는데 엘리베이터를 노마스크로 탑승하는 것은 형평에 맞지 않을 뿐더러, 공공의 건강을 해하는 행위입니다. 노마스크 엘리베이터 탑승을 금지하거나 과태료를 부과하는 등의 조치가 필요합니다. 노마스크족들의 항변이 '나는 건강하다'라는 논리인데 그렇게 건강하다면 엘리베이터를 타지 말고 계단을 이용하시기 바랍니다. 엘리베이터 노마스크 탑승금지가 시급합니다.",
  "num_agree": 241,
  "petition_idx": "590131",
  "title": "엘리베이터 노마스크 과태료 부과가 필요합니다."
}