{
  "category": "교통/건축/국토",
  "begin": "2020-06-29",
  "content": "전 난소암3기 판정받고 3월에 수술하고 현재 항암치료중입니다. 제가 살고 있는 아파트는 준공이 안떨어진 곳이며 제가 이사오기전부터 시공사라고주장한김씨와 건축주들과의 법적다툼이 있었습니다. 제가 살고 있는 아파트는 A동과B동으로 나눠져있습니다. A동에 수도가 누수가 되서 수도요금만 1년넘게 20만정도 매달 나가고있어요. 근데 수도공사를 못하게 합니다. 이유는 건축주들 얄밉단이유로 수도공사는 절대 안된다고 정말 말도안되는 행동이네요 A동주민들이 공사를 하려했더니 갑자기 엘리베이터를 중단시키고. 주민들을 위협하고 폭행까지 했습니다. 공사하는날 경찰들도 왔지만 아무런 도움도 주지 못했고 가버렸습니다. 이날 역시 주민들에게 폭행을 가했고 욕설과위협까지 했습니다. 그다음 다시 공사를 하려고 구청에서 행정명령까지 받아왔고 수도사업소에 얘기를 해봤지만 끝내 공사는 못했고 수도가 끓겼습니다. 공사하려고할때 주민이 폭행당해 다치기도했습니다. 심지어 여자를 주먹으로 머리를 때렸어요. 수도 누수가 심하면 당연히 공사하는게 맞지 않나요? 어쩔수없지 전 가족들과 함께 호텔1박 게스트하우스2박3일 있다 왔습니다. 집에 와보니 다행이 물이 나오긴하는데 나오는 물이 흑물에 냄새나고 녹물까지 나옵니다 정수기물에서 냄새가 너무 심해 마시지도 못합니다. 수질검사했더니 부적합판정 나와 쓰지 할라고 합시다. 정말 너무 속상하고 눈물밖에 안나옵니다. 제가 사는곳은 9층입니다 무거운생수를 가지고 9층까지 올라오는일은 정말끔직한 일이예요. 저희 어머니는 무릎관절과근육까지 파열되서 겨우 걷습니다. 이런상황들로 인해 몸은 더 약해지고 5번째 항암후 2번에 혈액검사가 백혈구 수치 낮게 나왔고 한번은 너무 낮아서 백혈구수치 올려주는 주사까지 맞았습니다. 항암치로받고 9층까지 걸어올라오는게 쉬운일은 아닙니다. 솔직히 너무 힘들어요. 7월1일 항암하는날인데 계단 올라갈일이 까마득합니다. 5차 항암맞고 9층까지 걸어온날 밤에 열이 38도까지 올랐고 엘리베이터가동이 안돼 병원도 가지못했습니다. 시공사란사람은 법적으로 권리없다 판정을 받은상태라고 합니다. 유치권행사를 하는데 수도 망가트리고 엘리베이터 중단시키고 하는행동이 유치권행사인가요? 심지어 시공사라 주장한사람은 지가 사는 B동에 몇몇집만 직수로몰래 공사까지 했습니다. 몇년째 B동은 엘리베이터 가동도 안되요. 정말 어의가 없네요. 깡패까지 대동하며 주민들을 위협하고 있어요. 정말 나쁜 사람입니다 심지어 아파트까지 다른사람한테 팔았다고 합니다. 사기친거죠. 몇명사람한테 사기당해 고소까지 당한 상태입니다. 어의없고 화난상황에 준공이 안된상태라 도움도 못받고 있어요 경찰에 신고해도 알아서 타협하라며 그냥 갑니다. 지금도 깡패들이 있어요 지금사는곳이 사람사는곳인가요? 나쁜짓하고 사기쳐서 수입차몰고 떵떵거리며 잘살고 있어요 문재인 대통령님 제발 도와주세요 나쁜짓한 사람은 처벌 받아야하지않나요? 전 깨끗한 수돗물에 엘리베이터 가동되기만 했으면 좋겠어요 도와주세요",
  "num_agree": 244,
  "petition_idx": "590198",
  "title": "도와주세요"
}