{
  "category": "농산어촌",
  "begin": "2020-06-29",
  "content": "저는 시골에서 농사를 짓는 평범한 농부입니다. 17세부터 농사일을 배우기 시작해 68세가 된 지금까지 50여년간 농업에 열중하고 있습니다. 지난 시간을 돌아보면 농사일을 처음 배울 때와 지금은 많은 것이 달라졌습니다. 봄철 모내기를 할 때도 하루 종일 많은 사람의 손을 빌려 하나 하나 심던 것을 이제는 이앙기의 힘을 빌려 두 세명이 반나절이면 끝낼 수 있게 되었습니다. 그 밖에도 여러 농기계가 많이 개발되고 보급되어 이미 고령화 된 농촌 마을에 큰 힘이 되고 있습니다. 그런데 농사 일밖에 몰랐던 제가 이렇게 글을 쓰게 된 이유는 다름이 아니라 농약 때문입니다. 잔류농약이나 환경오염 때문에 친환경 농법을 적용하고 있는 분들도 계시지만, 평범한 소작을 하고 있는 저는 풀이 나면 제초제를 치고, 진딧물이 생기면 농약을 치고 있습니다. 처음 농약이 보급되었을 때는 논 300평에 제초제 2kg 한 봉을 뿌리면 탈곡할 때까지 잡초가 없었습니다. 그런데 지금은 초기, 중기, 후기 3번을 쳐도 잡초제거가 안됩니다. 이로 인해 생산성은 떨어지고, 농약 값은 상승하고, 노동력은 과중 되고 있습니다. 잡초 제거를 위해 농약을 계속해서 치게 되면 결국 환경 오염도 더 심해지는 것이 아닌가 싶습니다. 또한 농약의 성분은 어떠한지, 효과는 있는 것인지 의구심이 듭니다. 고령화와 일손 부족으로 어려움을 겪는 농촌 마을을 위해 새로운 농약 개발에 힘써주시고, 시중의 농약 성분 검사도 해주셨으면 합니다. 다른 기계들은 편리하게 개발이 되고 있는데, 농약은 더 후퇴하고 있는 것 같습니다. 답답한 마음에 국민청원에 글을 올려봅니다. (자녀의 도움을 받아 작성하였습니다.)",
  "num_agree": 141,
  "petition_idx": "590121",
  "title": "농약 개발 및 성분검사를 요청드립니다."
}