{
  "category": "교통/건축/국토",
  "begin": "2020-06-29",
  "content": "1주택이었다가 비규제지역으로 갈아타려고 청약하였습니다 처분서약서 안썼는데 이번6월17일 국민협의 없는 징벌적 규제로 집을 처분하게 되었습니다 집이 안팔리고 팔린다한들 양도세 중과로 내게 되어 비규제지역이 투기지역으로 바뀌어 잔금대출도 60프로에서 40프로로 낮아져서 잔금도 못치루게 되었습니다 억울합니다 진작에 이런 규제를 알았더라면 집을 매수안했을 텐데 정부가 서민들 피해보라고 양도세중과와 비규제지역 투기지역지정으로 대출 60프로에서 40프로로 낮추고 기존집도 처분하라 하여 양도세 중과 세금내게 생겼는데 집이 안팔려 고민이네요 정부 2주택이상 고위공직자들 집 처분서약서 쓰고 양도세 중과세 내서 거주할 집 1주택만 남기게 하고 다 처분하게 소급해주세요 민주당 공약인 정부개입 규제로 소급 잘하시잖아요 국토교통부 민주당정치인들 1주택 다 남기고 처분하게 처분서약서 쓰게 해주세요 그리고 기존 대출 회수하시고 대출한도 40프로만 남게 해주세요 국민 사정 고려없이 거주할 집 1채면 충분하고 법률위헌 소급잘하는 국토교통부 금융위원회잖아요^^ 다같이 공정하고 하향 평준화해봅시다 저만 사다리 걷어차이고 정부 다주택자들의 투기와 불로소득으로 인한 시세차익의 양극화를 더는 지켜볼 수 없습니다",
  "num_agree": 658,
  "petition_idx": "590172",
  "title": "2주택자이상 정부관계자 국토부 민주당 정치인들 집 처분하게 환수하세요(서민 2주택자 양도세 세금내고  대출한도줄어 잔금 못치뤄 웁니다)"
}