{
  "category": "안전/환경",
  "begin": "2020-06-29",
  "content": "아이는 올해 중학교에 입학하였지만 하루도 인공호흡기 없이 지낼 수 없고 학교에서도 늘 옆에 보호자가 지키고 있다가 수동식 엠브를 수십번씩 하면서 겨우 겨우 학교생활을 하고 있습니다. 아이는 2010년경 가벼운 감기를 앓아 감기가 낫는데 도움이 되겠다고 하여 가습기살균제를 집중적으로 사용하다가 그해 분당서울대학교병원에 수차례 입원하게 되었고 중환자실까지 입원하였습니다. 이후에도 수차례 상세불명의 폐렴으로 중환자실 등에 입원하였고 그러는 와중에 근손실도 심해져 지금은 인공호흡기 뿐만 아니라 휠체어 없이 생활할 수 없는 상황에 이르렀습니다. 이제는 호흡기랑 휠체어가 필요 없는게 꿈이라는 아이에게 부모로서 옆을 늘 지키며 같이 아파하고 간병을 해주는 것 외에 아무것도 할 수 없어 가슴이 무너집니다. 물론 아이의 마음은 훨씬 더 아프겠지요 18.12월 역학조사, 가습기살균제 노출정도, 가습기살균제 사용과 건강피해의 관련성을 검토하여 한국환경산업기술원에서는 아이에게 폐질환에 대하여 특별구제대상자로 인정하였습니다. 물론 건강피해확인도 되었구요. 이후 천식에 대하여 재심사 끝에 구제급여대상자에 해당한다고 판정하였습니다. 아이는 가습기살균제로 건강피해를 입었고 이로 인한 만성호흡부전, 천식, 급격하게 발생한 근손실로 휠체어와 인공호흡기 없이 생활할 수 없는 상황이 된 것입니다. 배우자도 2010년에 아이의 간병을 위하여 간호사를 그만두고 지금까지 늘 아이의 곁을 지키고 있습니다. 아이와 부모 모두 너무나도 슬프고 힘든 상황에 처하게 되었습니다. 그저 감기만 나으면 될 줄 알았는데 모르고 열심히 썼던 가습기 때문에 아이에게 영원히 치유할 수 없는 상처를 준 죄인이 되었습니다. 도저히 용서 받을 수 없는 죄인입니다. 그러나 정작 가습기살균제의 위해성을 알고도 판매한 **는 지금까지 단 한번의 연락도 없었습니다. 폐질환도 1,2단계가 아니면 어떠한 배상도 없고 천식에 대하여는 아예 배상이 전혀 이루어지지 않고 있습니다. 아이에게 경제적으로나마 도움을 주는 것밖에 할 수 있는게 없어서 1년 반동안 아무 연락이 없는 **의 홈페이지를 뒤져 왜 아무런 배상도 없고 묵묵부답인지 메일을 보냈습니다. 역시 한달이 되가도록 아무 연락이 없었습니다. 다시 고객센터에 전화를 걸어 담당자를 물어물어 통화하자 메일이 접수된 것이 없답니다. 다른 메일을 알려줄테니 거기로 보내달랍니다. 분명 홈페이지에 가습기살균제 배상에 대하여 적어 놓고 하단에 의견제출이라고 된 곳에 메일을 보냈고 메일을 보내면 “빠르게 답변 드리도록하겠습니다”라고 되어 있는데 말입니다. 보내고 시간이 지나면 말겠지 하는 걸까요. 다시 메일을 보냈더니 검토해 보고 연락을 주겠답니다. 왜 이렇게 된 걸까요. 분명 책임질 기업은 있는데 오로지 부모만 죄인입니다. 아이에게 요양생활수당과 간병비라도 지급 되어 앞으로 살아가는데 조금이라도 도움이 되게 해주고 싶은 간절한 마음은 이루어질 수 없는 걸까요. **가 이제라도 책임질 일에 대하여 책임을 질 수 있도록 해주세요 [본 게시물의 일부 내용이 국민 청원 요건에 위배되어 관리자에 의해 수정되었습니다]",
  "num_agree": 141,
  "petition_idx": "590150",
  "title": "가습기살균제 피해에 대한 **의 무책임한 대응을 시정해주시길 간곡히 부탁드립니다."
}