{
  "category": "기타",
  "begin": "2020-06-29",
  "content": "기회는 평등하고 과정은 공정하며 결과는 정의로울 것이라는 말에 대한 믿음을 버리지 않고 청원합니다. 재산이나 지위에 따라 도주의 우려가 판단되어 구속 여부를 가르는 것. 그리고 판사께서 해외의 사례를 친절히 짚어 주며 앞으로 법을 지키겠다는 모습을 보이라는 코칭 등은 누구에게나 주어졌던 평등이 아닙니다. 이에 더하여, 대다수 국민은 존재조차 몰랐던 수사심의위원회가 역대 몇 건의 심의를 했으며, 그 대상이 됐던 이들은 과연 '평범한 대다수'의 사람들이었는지를 돌이켜 보면 이 또한 기회의 평등을 말할 수 없게 합니다. 대통령께서는 기회와 과정과 결과를 바르게 하겠다 약속 하셨습니다. 그러면 그 시작이 될 평등이 이렇듯 철저히 무너지고 있는 현실을 외면해선 안 될 것입니다. 이에 검찰수사심의위원회의 폐지, 나아가 수많은 사안들 중 그 특혜를 입어 수사가 중단됐거나 난항을 겪고 있는 건들에 대해 대다수의 수사와 평등하게 진행할 수 있도록 할 것을 청원합니다.",
  "num_agree": 287,
  "petition_idx": "590183",
  "title": "검찰수사심의위원회 폐지와 평등한 수사를 청원합니다"
}