{
  "category": "외교/통일/국방",
  "begin": "2020-06-29",
  "content": "가수 ***은 나이가 30 인데 왜 아직 안가고 있나요?? 소문에 뒤에서 봐주는 높은사람이 있다는데 진짜인지 궁금합니다!! 연예인이라고 *** 처럼 군안갈려고 노력하는데 국방부에서 모르는척하는 건 아닌가요 꼭 조사해주셔요 일반인들2년은 별거 아니고 지금 막 뜬 연예인의 2년은 아까운건가요 아들키우시는 국민여러분 군문제는 이해할문제가 아닙니다 꼭 알고 가고 싶습니다~~꼭 청원에 동의해주세요 [본 게시물의 일부 내용이 국민 청원 요건에 위배되어 관리자에 의해 수정되었습니다]",
  "num_agree": 738,
  "petition_idx": "590135",
  "title": "가수 ***의 학폭과 소속사서폿계좌투명성과 군 연기문제"
}