{
  "category": "정치개혁",
  "begin": "2020-06-26",
  "content": "대법원 종국판결 결과가 2시간여만에 바뀌어서 왔다면.... 과연 그 판결문을 어떻게 신뢰할 수가 있을까요? 사법부의 공권력으로 국민의 기본권, 인격권, 재판권 까지 훼손하는 일이 얼마전 2020년 6월 4일 사법부의 심장부 대법원사건에서 벌어졌습니다(대법원 2020.06.04.선고 2020다******) 청원인은 2020. 6. 4. 대법원 선고결과를 재판부로 부터 휴대폰 문자, 이메일로 수신을 하였으며, 메일 안내에 의거 대법원홈페이지 사건검색 홈페이지에서도 아래와 같이 2회 확인을 할 수 있었습니다(사건 당사자들이 소송결과에 대해 가슴 졸이며 문자, 메일 그리고 인터넷 사건정보를 확인하는 것은 아주 평범하고 일상적인 생활습관입니다). <대법원 선고결과의 수신> \" 파기자판(각하)-----> 상고기각으로 번복!\" 휴대폰 문자수신 : 오전 11시 20분. \"대법원 2020다****** 2020.06.04. 파기자판(각하)\" 이메일 수신 : 오전 11시 42분. \"대법원 2020다***** 손해배상(기) 사건에 대하여 2020년 6월 4일 파기자판(각하)(으)로 사건종결되었음을 알려드립니다\" 대법원 사건검색 홈페이지 확인 : 오전 11시 43분. \"종국결과. 2020.06.04. 파기자판(각하)\" (약 2시간 경과후) 휴대폰 문자수신 : 오후 1시 03분. \"대법원 2020다***** 2020.06.04. 상고기각\" 이메일 수신 : 오후 1시 43분. 대법원 2020다***** 손해배상(기) 사건에 대하여 2020년 6월 4일 상고기각(으)로 사건종결되었음을 알려드립니다\" 대법원 사건검색 홈페이지 확인 : 오전 11시 44분. \"종국결과. 2020.06.04. 상고기각\" 이상과 같이 청원인(원고회사)은 대법원 판결결과를 두번에 걸쳐 받게 되는 황당하고 충격적인 일을 당하게 되었습니다. 과연 2시간 동안에 재판부에서 무슨 일이 벌어졌는지 왜 판결이 바뀌었는지에 대하여 철저한 진상조사와 과정을 알려 달라는 진정인의 요구에 대해서 2주가 지난 현재 까지도 대법원으로 부터 어떠한 해명이나 아무런 답변을 명확하게 받은 사실이 없습니다. 청원인이 대법원 홈페이지 “법원에 바란다”에 게시해 놓은 글에 대해서도 “ 특정사안에 대하여 의견표명을 하거나 어떤 사실을 조사하거나 조치를 취할 수 었는 것이 법원 업무의 특성이다 등”의 취지의 답변만을 게시해 놓고 있는 상태에 있습니다. 사건 당사자인 저희로서는 재판결과가 번복되는 점에 대해서 당연히 알아야 할 권리가 있는 것이고 의혹제기를 충분히 할 수 있다고 사료됩니다. 왜 2시간 만에 판결내용이 바뀌었는지 대법원 법정에서 대법관의 선고내용은 무엇이었고, 결과통지와 관련된 업무절차, 나아가 재판절차의 흠결을 없었는지를 상세히 알려달라고 했지만 그저 억울하면 민사소송법 제451조 소정의 사유에 의해서 “재심”청구하라는 취지의 답변뿐이었습니다. 아니 왜 자기들이 잘못해 놓고서 국민이 또 많은 소송비를 떠안고 재심청구하라는 것인지 납득이 안가는 처사이고 국민으로서 재판과정에 대해서 더욱 의혹만 심화되고 있습니다. 마땅히 직권으로 판결문을 거둬들이고 다시 심리를 하는 것이 상식적, 법리적, 헌법적 관점에 국민에 대한 도리이고 법원의 책무가 아닐까 생각됩니다. 또한 그 과정에서 불법적인 것은 없었는지에 대해서 조사를 해야 할 것입니다. 참고로 이 사건은 등록상표를 10여년간 회사사업과 관련하여 사용중에 있는 상표권자인 청원인측이 부산지역의 유사상표를 사용하고 있는 유명 클럽(주점)을 대상으로 상표권침해금지 등의 소를 제기한 사건이었습니다. <소송 진행> - 서울중앙지방법원 화해권고결정(2019. 4. 8) 원고 이의신청(2019. 4. 20) 원고 패소 판결(2019. 5. 23) - 특허법원 항소기각 판결(2020. 1. 9) - 대법원 상고장 사건 접수(2020. 1. 28) - 심리불속행기간 도과(2020. 5. 29) - 판결선고기일(대법원 2호 법정 10 : 00) 판결선고 - 종국 : 파기자판(각하)(2020. 6. 4)) ---> 표시되었다가 약2시간 이후 사라짐! - 종국 : 상고 기각(2020. 6. 4) 특이하게도 1심에서는 화해권고결정후 진정인측인 원고가 이의신청하자 아무런 사정이 없었음에도 불구하고 \"원고패소\"판결을 내려 소위 \"괴씸죄?\"에 걸려 패소했을 것이란 의심이 시작됩니다. 2심에서도 항소기각을 당한 후, 대법에 상고심을 제기했던 사건이었습니다. 그런데 상고심에서도 조차 이런 불미스러운 일이 발생해서 더욱 불신과 의혹만 쌓아가고 있다는 사실입니다. 결과적으로 진정인 원고입장에서는 정말 이해할 수 없는 판결이 되었다는 점을 말씀드리며 판결의 문제점에 대한 구체적인 언급은 생략하겠으나, 관계 전문가들께서는 과연 이 판결이 사회정의상 용납이 되고 법리적으로도 타당한지에 대해서 그 전모를 상세히 살펴봐 주셨으면 감사하겠습니다. 원심판결이 확립된 법리들에 의해 너무나 위반되는 것들이 많아 상고이유서 페이지가 넘치고 넘쳐났습니다... 2시간만에 완전 뒤바뀐 것인지 아니면 일부 바뀐것인지 알 수가 없는 전대미문의 대법원 판결결과의 번복사건에 대하여 철저한 진상조사와 함께 위법행위가 없는지에 대해서도 조사하여, 헌법이 보장한 국민의 기본권, 재산권, 재판받을 권리들을 침해당하지 않도록 해주시고, 엄청난 정신적 피해를 당한 선량한 국민의 의혹을 속시원하게 풀어주시기를 간곡히 호소드립니다. 앞으로 우리 국민들은 법원의 재판결과통지에 대해서 이제 한번오는 결과는 믿지 못하고 여러번 살펴보고 또 들여다 봐야하는 처지가 되는 것 같아서 몹시 씁쓸하기만 합니다. 한편, 국민의 지적재산권을 수호해야 하는 상표법은 과연 상표권자를 위한 법인지 표현의 자유를 빙자한 무단으로 사용하는 유사상표 사용자들의 것인지에 대해서 애매모호한 상표권효력제한의 독소조항이 존재하고 있습니다. 그래서 진정인과 전문가들의 의견에 의하면 도저히 상식적으로도 납득이 안되는 부당한 판결의 칼춤들이 도처에 난무하고 있다고 비판하고 있습니다. 공정하고 정의로운 사회를 구현하고, 기업의 활동을 저해하는 판결들을 양산하게 하는 빌미를 주는 잘못된 법률들은 반드시 명확하게 개정되어서 약자들도 편하고 정정당당하게 그리고 공평하게 기업활동을 할 수 있도록 해주시기 바랍니다. 이상과 같이 청원합니다. 청원인 올림 [본 게시물의 일부 내용이 국민 청원 요건에 위배되어 관리자에 의해 수정되었습니다]",
  "num_agree": 372,
  "petition_idx": "590109",
  "title": "2시간만에 바뀐 대법원 판결..."
}