{
  "category": "일자리",
  "begin": "2020-06-29",
  "content": "안녕하세요. 코로나 사태로 노력해주는 의료인들에게 감사하다 말표현만 하면서 정작 개선되는건 눈으로 하나도 보이지않는 현실에 참담함을 느끼며 글을 적습니다. 대통령님 대통령님께서 현재 최저시급을 올리며 비정규직을 없애고 정규직으로 만들고자 노력하시는 모습을 보았습니다. 물론 모두가 만족하는 나라를 만들수는 없겠죠. 그러나 인천공항 비정규직을 정규직으로 만드는건 정규직이 되고자 노력하는사람들의 노력을 짓밟는거나 마찬가지입니다. 간호사도 마찬가지라고 생각됩니다. 조무사와 간호사는 공부하는 양과 실질적으로 실습하는시간과 질이 차이가 있습니다. 제가 간호실습을 1000시간 하면서 휴대폰은 한번도 보지못하고 앉지도못하면서 1000시간과 4년간의 시험과 막대한 공부를 하는동안 조무사들은 700시간정도의 실습을 의원급에서 앉아서핸드폰하면서 보내는시간을 반정도 보내고 얼마되지않는 자격증 비용마저 국가에서 지원해주며 1년동안 2번이라는 시험도 있고 .. 1년만 공부하면 되어서 시험문제 수준차이에서도 많이납니다. 그러나 사회로 나가면 최저시급이 올라간 조무사의 월급은 대략 200 간호사의 월급은 서울의 빅5병원을 제외하고 300이 되지않습니다. 원래 최저시급이 올라가기전 조무사와 간호사의 월급은 꽤 차이가 났지만 조무사의 월급이 올라갈뿐 간호사의 월급은 오르지않고 유지되고있습니다.. 현재 간호사는 일을하지않는 무능한 간호협회에 협회비를 10만원을 넘게 내야하며 3교대와 오버타임을 하지만, 정부에서 오버타임 안하는법을 만들어서 병원에서는 이제 오버타임 돈마저 주지않습니다... 오버타임은 오버타임대로 하지만 말이죠! 어디에 신고조차 하지 못합니다. 개인이 증거를 모아 병원상대로 신고하기가 쉽지않기때문이죠. 오버타임을 없앨거면 정말 철저하게 없애시고 차라리 근무외수당 비용을 최대한 많이 올려주세요. 최저시급을 올릴거면 최저시급이아닌 시급을 평등화되게 올려주세요. 정책을 만들면서 그외의 점도 바라봐주세요. 1. 간호조무사 명칭을 조무사로 바꿔주세요. -> 병원에서 조무사를 간호사로 부르며 속이고있습니다. 신고조차 제대로 되지않고 있습니다...ㅠㅠㅠ 조무사와 간호사의 간호의질은 정말 다릅니다. 제발 간호조무사 명칭을 조무사로 변경해주세요! 2. 근무외 수당 비용을 올려주세요. -> 오버타임으 근절 로 인해 이제 오버타임을 해도 수당을 받고있지않습니다.. 병원들이 꼼수를 부리며 돈을 주지않습니다 ㅠㅠ 한번 확인 부탁드려요! 3. 간호사와 조무사의 월급 차이를 위해 간호사 면허증 수당을 받게해주세요!! -> 앞에서도 말했지만 공부의 양과 질 노력이 다릅니다. 간호사수가 주는 이유가 무엇일까요? 대학은 많습니다. 대통령님 대학을 늘리고 간호사 정원을 늘릴게 아니라 근본적인 문제를 해결해주세요!!!",
  "num_agree": 684,
  "petition_idx": "590162",
  "title": "간호사 처우 개선"
}