{
  "category": "행정",
  "begin": "2020-06-29",
  "content": "관광버스를 운영하는 종사자들의 생게위협에서 구출해주세요 저희버스종사자는 관광버스를 할부로구입하여 법인사업체에 지입하고 각자의 고객을유치하여 생활하면서 차량할부금,월200-300만원,보험료,공과금,등을내고 생활하고 있습니다 현행법에따라 월급제와 특수고용직프리렌서로 각자의차랴믈 운영하며 열심히 노력하며 살고잏습니다 코로나 19로 6개월을 운행없이 차고에 세워놓고 있습니다 그렇다고 이어려운시국에 정부에 금전적인 지원은 바라지않고 차량할부유해를 할수있게 해주시고 2억씩하는 차량들의 사용연한을 연장하여 주십시요",
  "num_agree": 1649,
  "petition_idx": "590141",
  "title": "관광버스 종사자 생계위협"
}