{
  "category": "보건복지",
  "begin": "2020-06-26",
  "content": "한국수화언어법이 제정되고, 3년마다 한국수어 사용 실태조사 이루어지고 있습니다. 1차 조사는 2017년에 실시되었고, 3년 후인 올해 2020년에 다시 조사가 이루어질 예정입니다. 그러나 한국수화언어법과 시행령에서 다음과 같이 실태조사는 한국수어를 사용하는 농인과 난청인(구화인), 언어장애인을 대상으로 실태 조사를 하여 한국수어 정책 추진에 반영하도록 하고 있으나, 실제로는 조사 대상 모집단(population)을 등록 청각장애인 377,094명과 언어장애인 21,485명(2020년 4월 기준)으로 보고 500명을 무선표집을 하여 방문 면접 설문 조사를 통해 2020년 실태 조사를 진행할 계획입니다. (2017년 실태조사와 동일한 모집단과 표본집단, 무선표집 방법) ------------------- [한국수화언어법] 제9조(실태조사) ① 문화체육관광부장관은 한국수어 정책의 추진을 위하여 3년마다 농인의 한국수어 사용 환경 등에 관한 실태를 조사할 수 있다. ② 문화체육관광부장관은 제1항에 따른 실태조사를 위하여 필요한 경우에는 공공기관등에 자료 제출이나 의견 진술 등을 요구할 수 있다. 이 경우 자료 제출이나 의견 진술 등을 요구받은 자는 특별한 사유가 없으면 이에 따라야 한다. ③ 한국수어의 사용 환경 등에 관한 실태조사에 필요한 사항은 대통령령으로 정한다. [한국수화언어법 시행령] 제3조(실태조사) 법 제9조제1항에 따른 실태조사의 내용은 다음 각 호와 같다. 1. 한국수어의 사용 환경에 관한 사항 2. 농인과 한국수어사용자(이하 \"농인등\"이라 한다)의 한국수어 사용 실태 및 의식에 관한 사항 3. 농문화 및 농정체성 등에 관한 사항 4. 그 밖에 문화체육관광부장관이 한국수어와 관련하여 필요하다고 인정하는 사항 ------------------- 한국수화언어법에서 정의하고 있는 한국수어와 농인과 한국수어 사용자(농인 등)은 다음과 같습니다. ------------------ 1. \"한국수어\"란 대한민국 농문화 속에서 시각ㆍ동작 체계를 바탕으로 생겨난 고유한 형식의 언어를 말한다. 2. \"농인\"이란 청각장애를 가진 사람으로서 농문화 속에서 한국수어를 일상어로 사용하는 사람을 말한다. 3. \"한국수어사용자\"란 농인 외에 청각장애 또는 언어장애로 인하여 한국수어를 일상어로 사용하거나 보조적으로 사용하는 사람을 말한다. ------------------ 법과 시행령에서 한국수어 사용 실태 조사의 목적과 대상을 명확히 규정하고 있음에도 2017년 한국수어 사용 실태 조사를 보면 모집단을 등록 청각장애인과 언어장애인으로 보고 무선 표집을 하여 조사 대상자를 정하다 보니 자신의 생각이나 감정을 전달할 때 주로 사용하는 의사소통 방법이 수어인 조사 대상자는 69.3%였고, 구어나 필담, 심지어 몸짓으로 의사소통하는 조사 대상자가 약 30%(500명 중 150명)가 포함되었습니다. 그리고 2020년 실태 조사에서도 동일한 모집단과 무선 표집방법으로 조사 대상자 500명을 선정하는 경우 비숫한 결과가 얻어질 것입니다. 법에 명시하고 있듯이 3년마다 실시되는 한국수어 사용 실태 조사는 한국수어 농인과 난청인(구화인), 언어장애인을 위한 한국수어 정책을 수립하기 위한 기초 자료를 확보하고, 한국수어 농인과 사용자의 현실과 원하는 정책, 요구 사항 등을 확인하기 위한 조사여야 합니다. 그러나 모집단을 등록 청각장애인과 언어장애인으로 보고 무선 표집하는 방식으로는 수어를 사용하지 않거나 심지어 수어에 대해 적대적인 청각장애인과 언어장애인도 표집되어 조사 결과에 왜곡을 가져 올 수 있습니다. (청각장애인과 언어장애인들이 사용하는 의사소통 방법에 대한 조사 결과는 이미 장애인실태조사에서 3년마다 조사하고 있습니다. 그러나 장애인 실태 조사에서 청각장애인의 수화 가능 여부와 주된 의사소통 방법을 조사할 때 청각장애인들이 자신의 의사를 다른 사람에게 전달할 때 주로 어떤 방법을 사용하는지 묻고 그 결과를 확인하고 있습니다. 여기서 문제는 농인 입장에서 다른 사람, 즉 상대방은 99.9%가 수어를 모릅니다. 수어를 모르는 상대방에세 자신들의 의사를 전달할 때, 수어를 사용하는 농인은 없습니다. 상대방이 사용하는 언어, 상대방이 이해할 수 있는 언어를 사용합니다. 이건 미국에 사는 한인이 다른 사람(미국인)에게 자신의 의사를 전달할 때 한국어가 아니라 영어를 사용하는 이유와 같습니다. 2017년 한국수어 사용 실태 조사 결과에서도 나타났듯이 한국수어 사용 농인과 사용자들은 관공서나 병원 등을 방문했을 때 의사소통 방법으로 구어나 필담을 가장 많이 사용합니다. 관공서나 병원에서 근무하는 다른 사람(상대방)이 수어를 모르고 한국어 구어나 문어만 알기 때문입니다. 장애인실태조사 조사 방법과 문항도 개선이 필요합니다. ) 한국수어 사용 실태 조사는 법이 정한 바대로 한국수어 농인과 사용자를 대상으로 대표성 있는 표본 집단을 선정하여 한국수어의 사용 환경에 관한 사항, 농인과 한국수어사용자(이하 \"농인등\"이라 한다)의 한국수어 사용 실태 및 의식에 관한 사항, 농문화 및 농정체성 등에 관한 사항 등 조사하여야 합니다. 2020년 한국수어 사용 실태 조사부터 모집단을 법에서 규정한 대로 한국수어 사용 농인과 사용자를 모집단으로 보고 대표성 있는 표본 집단을 선정하여 한국수어 사용 실태를 제대로 조사해야 합니다. 감사합니다.",
  "num_agree": 555,
  "petition_idx": "590104",
  "title": "한국수어 사용 실태 조사는 한국수어 사용 농인과 사용자를 대상으로 이루어져야 합니다"
}