{
  "category": "육아/교육",
  "begin": "2020-06-29",
  "content": "결혼하여 10년만에 인공수정으로 쌍둥이를 출산하였으나 아이돌봄서비스의 신청에 문제로 혜택을 못받아 권리 마져 빼앗기는 기분이 듭니다. 아이돌봄서비스를 받고 못받고에 따라 매달 계획이 수정되는 불편함이 생깁니다. 아이돌봄서비스의 시간 제한 해제 및 돌봄도우미 배정의 투명성 및 강제성 확보 및 순환 근무 요청 아이돌봄서비스 신청시 돌봄도우미가 신청 가족의 조건을 보고 선택을 하는것을 방지 해주셨으면 합니다 조건이 좋은가정은 만12세까지 한명의 도움이가 계속 할 수 있고 조건이 좋이 못한 가정은 도우미가 선택 안할 결우 아이돌봄서비스를 계속 못받을 수 있습니다 도우미배정의 투명성이 없고, 강제성이 없다 보니 혜택을 받을 수 있음에도 도우미배정이 되지 못하여 혜택을 받지 못하는 경우가 발생함 종일제의 경우 대기순번이 와도 도우미가 거절하면 도움을 받지 못함 일년에 720시간이란 시간이 묶여서 혜택을 받다가도 혜택이 중간되는 사례가 발생 물론 예산의 문제가 있지만 올해같은 경우는 코로나로 등교하지 못하여 아이들이 집에 머무는 시간이 많이 돌봄서비스의 신청이 늘어났지만 시간은 그대로라 혜택이 끝나면 본인 자비 부담이 큼 돌봄서비스 기관이 시도마다 한곳이라 서비스기관과 트러블이 생길경우 돌봄서비스제공을 받지 못할경우가 생김(투명성없고,폐쇄적이고, 독점의 문제) 아이를 낳으라고만 하지말고 육아에 실질적인 도움이 필요합니다",
  "num_agree": 131,
  "petition_idx": "590137",
  "title": "아이돌봄 서비스 개선"
}