{
  "category": "육아/교육",
  "begin": "2020-06-29",
  "content": "저는..안산유치원 식중독발생 원생의 이모입니다. 너무나도 활발하고 말 잘듣던 조카가 마른하늘의 날벼락도아니고..단순장염인줄말 알았던 부모들은..하루하루를 매일 눈물로지내고있습니다. 투석중에 의식을 잃어가며~~또 투석을하고 소변은 새까만 피소변을보며 피변을 흘리며 고작6살인 조카를 그 힘든투석을 하고있습니다 하루에 1키로씩 살이빠져가고. 평생 투석을하게 될지도모르는상황에서 어찌하여 원장이란 작자는..단한번이라도 사과말이 없는지요.?? 조금이라도 빨리~나서줬더라면 이렇게까지 많은아이들이 힘든고통속에서 지내고있었을까하는생각을 해봅니다.. 정부.교육부는 반드시 비리유치원을 밝혀내고 원장은 진심으로 아이들에게 사과하며. 평생 장해를 안고가야할 우리아이들에게.. 책임의 보상을 해줘야할것이고.이모든 사건을 밝혀내셔야 할것입니다..!! 비리유치원.안산유치원 원장 꼭..처벌해주세요~~~!! 힘내라~~우리 이쁜천사 사랑하는 내조카~ 이모가 아무것도 해줄수없는 어른이라 미안하다...",
  "num_agree": 826,
  "petition_idx": "590164",
  "title": "안산유치원  6세 사랑하는조카를 살려주세요"
}