{
  "category": "기타",
  "begin": "2020-06-29",
  "content": "증권 거래세 인하 폐지하고 양도소득세를 부과하는 이번 세제 도입은 개인 투자자들에게 불리하고 기관투자자들에게 유리한 정책으로 이를 즉각 철회할 것을 요구합니다. ​첫째 거래세 인하 및 폐지는 AI를 이용한 알고리즘 시스템매매로 시장을 교란하고 기관투자자들의 이익을 증대시키고 개인투자자들의 이익에 반하는 정책이라 할 수 있습니다. 둘째, 이번 양도세 전면 부과는 소득세와 관련된 내용으로 부과의 대상은 모두 개인투자자들이며, 기관투자자들의 법인세와 외국인 투자자들의 과세 형태는 종전과 다름이 없이 변화가 없기 때문입니다. 따라서 정부의 양도세 전면 부과 정책은 일방적으로 개인투자자에게 불리한 정책이라 할 수 있습니다. ​따라서 정부와 민주당의 이번 정책은 기관과 외국인의 거래세를 낮춰 주고 그 세수를 맞추기 위해서 양도세를 개인 투자자에게 부과하는 매우 편중된 세제개편이라 할 수 있으므로 즉각 철회를 요구합니다. ​위와 같이 주식시장의 3대 투자주체인 기관, 외국인, 개인 투자자 중 정부와 민주당은 일방적으로 기관투자자의 이권을 대변하고 개인 투자자들의 이권을 심각하게 훼손한다고 할 수 있습니다.",
  "num_agree": 663,
  "petition_idx": "590154",
  "title": "주식세제 개편안 반대합니다"
}