{
  "category": "육아/교육",
  "begin": "2020-06-29",
  "content": "대구시 교육청은 빠르면 다음주 월요일 6월 29일 부터 학반졀 전체학생 등교하라고 강요합니다. 공문에는 자율이라고 해놓고 일선 학교에서 현행유지 의견을 내면 불가하다고 학교에 지시하달하는 식으로 바꾸라고 강요합니다. 1. 현제 반별 28명인 학교의 경우 학급전체가 등교할 경우 사회적 거리두기가 불가능합니다. 이러함에도 불구하고 28명 초과하는 학교만 현행유지를 . 28명미만이면 반전체학생 등교를 강요합니다. 아직 코로나19가 종식된 것도 아닌데 이러한 조치는 사회적 분위기에 위배됩니다. 현재까지의 노력이 수포로 돌아갈 수 있습니다. 2. 홀.짝 등교를 진행하며 홀수 짝수전호 학생을 분반하여 수업을 진행하여 수행평가 일정이 홀수. 짝수번 학생이 다릅니다. 다음주 부터 반전체등교를 하면 홀수 학생은 수행평가를 쳐야하고 짝수학생은 그 시간에 아무것도 할 수 없는 상황이 전과목에서 초래됩니다. 3. 중학교 2. 3학년의 경우 7월 4째주 기말고사 일정이 있는데 전체학반 등교로 등교수업일 변경을 하게되면 시수확보가 불가느완 과목이 있습니다. 평가가 불가능해 집니다. 대구시교육청은 보여주기식 탁상행정을 그만하고 학생의 안전과 수업권을 보장해주세요",
  "num_agree": 524,
  "petition_idx": "590136",
  "title": "대구시교육청 학반별 전체학생 등교 강요"
}