{
  "category": "보건복지",
  "begin": "2020-06-29",
  "content": "2020년 2월20일부터 인천에 있는 * * 요양원에 3개월간 입원중이시던 저희 할머니를 요양보호사,간호담당자들의 방치,방임으로 인하여 현재 뇌수술을 받으시고 혼수상태에 빠져 죽음만을 기다리시게 된 사건입니다. 할머니께서는 십여년전 뇌경색과 동맥경화로 편마비가 오는등 지병이 있으셨으나 오랜시간 요양병원(8년가량)에서 재활치료와 약물치료를 받으신 후 치료경과가 좋아 장기입원요양병원에서 퇴원을 권유하셔 2020년 2월20일 요양원으로 가시게 되었습니다. 할머니께서는 오래전 뇌경색이 오신 후 오랫동안 항응고제 계통의 와파린이라는 약을 처방 받아 복용중에 계셨는데 그 약으로 인하여 혈관이 터지는등의 부작용이 발생을 하였습니다.할머니의 팔과 다리에 혈관들이 터져 반상출혈 증상인 피멍이 들었습니다.(2020년04월08일 간호일지에 기재되었고 그전부터 보호자인 저희 부모님께서 멍자국을 확인하셨습니다.) 그런데 요양원에서 간호담당이나 요양보호사들이 그런 할머니의 건강상태를 알고서도 방치하고 저희 부모님들에게 조차 연락을 하지 않는등 사후조치를 취하지 않아 결국 다른 진료차 외진(05월12일)을 아빠와 함께 나가셨다가 할머니의 상태를 확인한 아빠의 권유로 병원 관계자가 상급병원 응급실에 모시고 가서야 흉부 내 대동맥이 파열되었다는 것을 알게 되어 대학병원 응급실로 전원조치 후 혈관 조형술로 시술을 받아 완쾌가 되어 가는중 항응고제인 와파린이라는 약을 동맥파열로 인하여 경과를 본 후 투약을 하여야 한다는 주치의의 소견이 있어 중단하게 되었습니다. 그러던중 혈전이 뇌쪽으로 올라가게 되어 결국 2020년06월중순경 뇌출혈과 뇌경색이 발병해 현재 두번의 뇌수술을 받으신 후 대학병원 중환자실에서 혼수상태에 빠져 깨어나지 못하시고 있는 실정입니다. 요양원에서 요양보호사들이 목욕을 시켜드릴 때도 멍든 할머니를 보았고, 요양보호사들이 그 사실을 당시 할머니가 계시던 층의 간호사에게 알려 그 간호사가 간호과장에게 할머리를 촬영한 몸 상태의 사진을 모바일로 보내고 보고를 하였는데 그 사실을 알고난 후 간호과장등 제대로 조치를 취하지도 않았고 요양원을 관리하는 모든 이들 또한 저희 보호자들에게 연락조차 주지 않은 체 방임,방치하여 결과적으로 항응고제 중단으로 인한 뇌출혈,뇌경색이 오는 지경에 이르렀습니다. 이후에 요양원에선 자신들의 과실을 인정하고 300만원정도의 병원비를 대납해주었습니다. 하지만 이에 또 다른 피해자가 나올까 심히 염려되어 이렇게 청원를 하게 되었습니다. 앞으로 대한민국은 고령화 사회로 점점 어르신들이 많아지시는 실정에 이처럼 저희 할머니 같은 분들이 요양원의 주의의무및 관리소홀로 피해를 입으시는 일은 없어야 된다고 생각을 합니다.철저히 조사해 주시어 일벌백계로 엄중처벌해 주시길 간절히 청합니다. [본 게시물의 일부 내용이 국민 청원 요건에 위배되어 관리자에 의해 수정되었습니다]",
  "num_agree": 146,
  "petition_idx": "590133",
  "title": "노인복지법(방임,방치)위반의 대하여 청원합니다."
}