{
  "category": "안전/환경",
  "begin": "2020-06-29",
  "content": "대전 시민을 코로나로부터 부디 지켜주세요!!! 대전시는 제발제발 선제적으로 투명하게 대응하는 행정능력을 보여주세요!!!! 현재 대전시민은 6월 16일이후 기하급수적으로 늘어나는 코로나 확진자에 대한 재난문자를 하루도 빠짐없이 매일 받고 있습니다. 처음 한달만에 코로나 확진자에 대한 문자를 받았을때만 해도 물론, 무섭고 두려웠지만, k-방역이란 호평을 받고 있는 우리 정부였기에... 또 6개월가량 코로나를 겪으면서 그동안 쌓아온 나름의 노하우를 토대로 잘 헤처나가리라 생각했었습니다. 하지만 2주정도 지난 현재의 대전시민들의 심정은 너무나 절망스럽고 참담합니다. 확진자는 계속 나오고 있는데 동선이라고 공개하는걸 보면 실소가 터져 나올정도로 어의가 없습니다. 확진자가 마스크를 쓴 경우엔 접촉자 없음으로 판단하고 동선을 생략해 버리고 버스나 지하철을 타고 다닌 경우에도 대략적인 승차하 시간은 전혀 기재없이 버스 번호판만 딸랑 기재를 해서 발표를 하고 있습니다. 다수의 확진자가 계속 나오는 다단계판매 사무실이 있던 고층 건물도 폐쇄시키지 않고, 확진자가 나왔던 해당 층만 방역을 합니다. 해당 고층건물에는 다양하게 빵집, 미용실, 식당 등이 입접해 있는데도 확진자가 나온 그 다음날도 폐쇄조치없이 아무렇지 않게 정상영업을 하고 있습니다. 엘레베이터를 타고 이동했을 터인데.... 그날 그 시간대 그 건물을 방문한 사람이라 하더래도 확인자가 나온층을 방문한게 아닌경우엔 검사조차 받질 못합니다. 확진자가 다녀간 병원, 돌잔치장소, 예식장, 뷔페, 사우나 같은 경우도 장소는 이토록 다양한데도 동선공개에 접촉자는 아예 없거나 아님, 보통 평균 2~5명 정도의 접촉자만 있다고 기재되어 있습니다. 5명이면 그나마 많은 편에 속할 정도입니다. 어떻게 장소가 하객들이 많은 예식장인데도... 어떻게 뷔페인데도... 항상 접촉자수는 약속한듯 그리 일관되게 소수만 나오는 건지.... 당최 그 접촉 기준이란게 뭔지 대진시민들은 항상 궁금해하고 있으며 상식적으로 이해가 되질 않는다고 입을 모읍니다. 어제는 유동인구가 많은 동 백화점에 확진자가 발생했으나, 역시 접촉자는 예상한듯 적은 인원이 발표되었습니다. 백화점 접촉자 3명이라고 합니다.... 해당 확진자가 날아서 백화점 11층을 올라간것인지 11층만 부분 폐쇄를 했다고 합니다. 그것도 처음엔 백화점이라는 말은 쏙 빼고 백화점내에 입점한 식당상호만 말장난하듯 명시해서 마치 길가에 있는 식장인듯 대전 시민들이 착각을 했으며 뒤늦게 항의가 들어온건지 백화점내 몇층에 입점된 실장이라고 정정을 해줍니다. 그리고는 뉴수보도에는 바로 마치 백화점 전체를 폐쇄한듯 인터뷰가 나옵니다. 대전시 대표블로그에 남긴 해당 백화점 직원의 근심어린 댓글을 보면 촘촘한 접촉자 확인은 고사하고 방역이라도 제대로 한건지 의문의 듭니다. 확진자가 다녀간 병원에 연료하신 아버지가 방문한 일시와 겹치는거 같아 몇번확진자 며칠 몇에 방문한건지 확인요청을 해도 확인중에 있다는 앵무새 답변만 계속 되어 복장터진다는 시민의 글도 보입니다. 이렇게 복장터진다는 대전시민의 외침은 대전 대표블로그에 ( https://m.blog.naver.com/storydaejeon ) 들어가면 넘치고 넘칩니다. 또한 타지역 확진자가 대전을 거쳐간 경우에도 대전 시민들은 알길이 없습니다. 못하는건지 안하는건지 제대로 달려주는 재난문자가 없습니다. 확진자 문자도 상시발표가 아닌, 한박자 늦게 일괄적으로 한두번 발송되고 있습니다. 또한 그 전날 22시 이후 확진자는 늦은시간의 문자는 민원의 소지가 있다고 해서 분산투자하듯 나뉘어 그 다음날 오전 9시 넘어 발송이 늦게 되다보니 뉴스보도의 확진자수와 다른거 아니냐며 많은 시민들이 때때로 혼란스러워 합니다. 답답하고 안일한 대처의 대처능력을 개선해 달라 2주동안 수많은 시민들이 그토록 간절하게 요청을 해도 달라지거나 개선는건 전혀 없습니다. 여전히 동선공개는 2주전이나 지금이나 확진자 대중교통이용시 승하차시간은 명시되지 않고 확진자가 사는 아파트명도 공개하지 않고 있습니다. 오직 확진자가 사는 동네명만 공개를 합니다. 아파트인 경우, 공용 엘레베이터를 탔을 가능성이 있 입주민의 안전은 전혀 고려되지 않고 있으며 오직 확진자의 개인정보 보호가 우선이란 어의없는 답변만 앵무새처럼 합니다. 확진자의 아파트 동호수를 요구하는게 아니라, 해당 아파트 대략적인 단지나 아님 .... 아파트 명이라도 명시해달라 시민들이 요청을 해도 방역지침에 어긋난다며 안된다는 말만 되풀이 합니다. 타지역의 확진자 동선공개와 대전시 동선을 비교해보면 정말이지 이건... 대전 시민인게 자괴감이 들 정도입니다. 타지역은 마스크를 착용했어도 심지어 불량착용인지 아닌지까지 명시를 하고, 확진자 아파트명 정도는 공개를 하는데 그럼 타직역이 현재 방역지침을을 어기고 있다는 겁니까?? 대전시는 대전시민을 모질이 취급하지 마십시요!!! 지금은 선제적으로 대응을 해도 코로나를 잡기 어려운 마당에 이건 뭐... 마치 소문날까 두려운 사람마냥 은폐하듯 쉬쉬하는 태도로 일관하며 소극적으로 계속 이렇게 대응을 하니 오죽하면 시민들 사이에서 대전도 곧 제 2의 대구사태가 터질거란 불길한 소리가 심심찮게 터져 나오는거 아니겠습니까? 그건 정말이지 누구도 상상하고 싶지 않은 일인겁니다. 이렇게 많은 시민들이 공포감에 사로잡혀 패닉상태에 있는데 시장이란 분은 지도자로서 리더십을 보여주기는 커녕 민심과 반대되는 행보만 보여주는듯 합니다. 시민들이 안일한 늦장대처에 대해 좀더 촘촘한 접촉자 방역관리와 동선 공개를 요청하자 마치 시민들이 마녀사냥하듯 확진자에 대한 세부사항을 과하게 요구함으로써 확진자가 세부동선 공개로 슬퍼한다는 이상한 언플을 한다 합니다. 물론 극소수의 일부 시민들이 불안함에 그런 과한 요구를 할수도 있습니다. 하지만 마치 대전 시민 모두가 그런경우 없는 요구를 하는듯 말하고 언플하는건 아닌듯 합니다. 그건 우리 대전시민 모두를 모독하는거란 생각마저 듭니다. 시민들이 바라는건 상세한 개인주소나 신상정보를 요구하는게 아닙니다! 지금처럼 하나마나한 두리뭉실한 동선발표로는 선제적으로 시민들이 대응하는데 어려움이 있으니 최소한 타지역 공개수준만큼은 대전도 해달라는 겁니다. 민심이 안정되어야 주변상권도 사는 겁니다. 이 지긋지긋한 코로나라는게 축소하고 숨긴다고 해결되는 그런 만만한 상대가 아니지 않습니까? 마스크가 만능이면 왜 코로나 환자를 돌보는 우리 의료진들이 이 더운 날씨에 보호장비 입고 힘들게 일하겠습니까? 간편하게 면마스크 한장 쓰면 되는것을..... 그러니 제발 대전시는 확진자가 마스크 썼다는 진술만 듣고 동선 생략하는 안일한 행정업무 개선해주세요! 두리뭉실한 동선공개뒤 말로만 심층역학조사뒤 (CCTV,GPS, 카드내역) 이동동선 변경될수 있다고 하지마시고 대전블로그에 시민들이 매일 명확한 동선공개 목놓아 요청하는 똑같은 댓글들 그만 남기게 해주세요! 자가 격리중에 있어야 할 접촉자가 버젓이 일상생활하다 확진되었다는 어의없고 황당한 문자 받게 하지 말아 주세요! 검사대상자가 선별진료소 검사받으러 갔다가 대기만 하다 검사도 못받고 대중교통 이용해 되돌아갔다가 나주에 확진되었단 소리 안듣게 해주세요! 대전 현재 코로나 확진자 평균 연령대가 50~70대가 가장 많은데 유튜브, 페북으로 브리핑하는 대전 허태정 시장님!! 제발 상황에 맞는!! 현실에 맞는 브리핑좀 해주세요!!!!!! 연령대 많은 어른신들이 대부분이라 페북, 유튜브 이런거 잘 모르고 접하지 않다보니, 사태의 심각성을 제대로 전달받지 못해 큰일이라고 걱정하는 대전시민들 댓글들 보긴 하십니까? 대전 블로그에 한번이라도 들어가서 봤다면 혀재 대전시민이 시장님을 어떻게 바라보고 생각하는지 잘 아실 겁니다. 왜 그로톡 시장님 퇴진을 시민들이 요구하는지도 잘 아실겁니다. 여기저기 보여주시식 사진찍기 말고 당장 코로나대응에 있어 선제적인 방안좀 모색해 주세요! 말로만 때우듯 개선한다 노력한다가 아닌 진짜 현실에 맞는 대안을 찾아 제시하고 보여주세요! 인력이 부족해 이렇게 안일한 늦장대처를 계속 하는거라면 인력지원 요청이라도 하는 그런 노력하는 모습 좀... 리더십 좀 보여주세요 !!! 그럴 자신없으시면 지금이라도 시민들 요구처럼 부디 시장직에서 물러나 주십시요. 늦장대처에 이젠 병상까지 부족하단 뉴스에 불안해하는 대전시민들이 안보이십니까? 대전시민이 매일매일 이렇게 간절하게 요청하고 있습니다.",
  "num_agree": 3842,
  "petition_idx": "590170",
  "title": "참담한 대전 코로나대응 고발과 더불어 안일한 허태정 대전시장님 보세요"
}