{
  "category": "정치개혁",
  "begin": "2020-06-29",
  "content": "양산 을 김두관 의원이 본인 페이스북에 이런 글을 썼습니다. “조금 더 배우고 필기시험 합격해서 정규직이 됐다고 비정규직보다 2배가량 임금을 더 받는것이 오히려 불공정입니다.” 먼저 인천공항공사는 공기업 중 가장 입사하기 어려우며 취준생들에게는 꿈의 기업으로 불리는 곳입니다. 그만큼 더 노력해야 입사할 수 있는 곳이죠. 12년동안 대학 하나만 보고 죽도록 공부하고, 대학 4년동안 죽도록 학점 관리하고, 졸업 후에도 죽도록 스펙쌓고 자소서 쓰고 ncs 준비해서 겨우 입사 할 수 있는 곳입니다. 이런 장장 16년 이상의 노력이 당신에게는 고작 '조금 더 배우고'로 퉁칠수 있는 겁니까? 아니, 좋습니다. 2배 이상의 임금 차이가 누군가에게는 불편할수도 있죠. 다만 그러한 논리는 본인에게 먼저 적용하고 말해야 하는거 아닙니까? 2019년 기준 국회의원 평균 연봉은 1억 5174만원이고 직책에 따라 수당을 더 받습니다. 반면에 국회 9급 비서관은 3400만원 수준의 연봉을 받습니다. 김두관 의원의 논리대로 라면 '조금 더 배우고' '표 조금 더 받았다는' 이유로 국회의원과 9급 비서관의 연봉이 4.5배나 차이나는 것이야 말로 진정한 불공정이 아니겠습니까? 그런 의미에서 김두관 의원이 솔선수범하여 국회 9급 비서관과 동일한 연봉을 받아야 본인의 주장이 더욱 효력을 얻을것이라 생각됩니다. 그럼으로 김두관 의원이 본인의 연봉에서 3400만원을 제한 나머지는 국고에 기부하여 국회의원과 9급 국회비서관의 연봉 불공정을 개선시킬 것을 촉구합니다.",
  "num_agree": 6642,
  "petition_idx": "590195",
  "title": "김두관 의원 연봉 국회 9급 비서관과 동일하게 해주세요"
}