{
  "category": "기타",
  "begin": "2020-06-26",
  "content": "제 여동생이 데이트폭력을 심하게 당했습니다 현재 제 동생은 얼굴 코뼈가 부러졌고 광대뼈는 다 함몰된 상태입니다 예전부터 말을 안들으면 폭행을 했었고 헤어지자 할 때마다 본인 손을 자해한 사진을 찍어서 동생한테 사진을 보냈습니다 제 여동생이 아파서 병원에 입원했었을 때도 동생이랑 얘기하다가 맘에 안든다는 이유로 옥상으로 끌고가서 목조르고 난간 밑으로 떨어 뜨릴려고도 했었습니다 동생한테 제 가족들을 칼로 찔러 죽일꺼라는 잦은 협박과 저희 어머니가 그놈한테 뭐라고 하니까 동생한테 진짜 니 엄마 그때 죽이고싶더라라는 말까지.. 그래서 어떻게 해서든 제가 그놈이 연락이 안되게 제가 차단을 시켰는데 그놈이 제 동생이랑 연락이 안되니까 밖에서 기다리고 있다가 동생을 끌고가서 본인집에다가 제 동생을 감금시키고 한달 가까이 폭행을 일삼았습니다 강제로 관계 맺자며 성추행하고 거부하면 또 폭행하고 동생을 목졸라서 기절시키고 기절하면 다시 때려서 깨워서 다시 목조르고 제 여동생이 심하게 맞아서 피를 흘리고 있을 때 칼을 들고 동생한테 진짜 사람 죽이면 어떤 기분일까라는 말까지 했다고 합니다 가해자 그놈이 외출 할 때는 제 동생 팔다리를 다 묶고 장농에다가 가둔 다음 외출했다고 합니다 동생은 살기 위해 장농에 조그만 구멍으로 숨을 쉬면서 겨우 버텼습니다 제 여동생이 가까스로 탈출해서 곧바로 경찰서에 신고하지 못했다면 제 동생은 아마 죽었을겁니다... 이게 말이 됩니까.. 지금 그 놈은 유치장에 있습니다 하지만 이런 사람은 감옥에서 살다 나와도 다시 와서 해코지하고 살인도 저지를 사람입니다 벌써 제 여동생한테 지은 죄만 해도 폭행죄 강간죄 감금죄 살인미수 죄등 이렇게 죄목이 여러개인데 우리 나라는 그중에서 가장 쌘 형량 하나로만 판결하고 판사님은 가해자가 반성문 몇장 쓰면 그거 가지고 가해자가 충분히 반성하고 있다라고 생각해서 형량 낮출꺼고 이건 정말 아니라고 생각합니다 제 여동생 지금 너무 불안해하고 있어요 저나 저희 어머니가 어디 잠깐 나갔다 온다고 할 때마다 불안하다며 계속 전화합니다 제발 저희 힘없는 저희 가족들좀 도와주세요 이사람은 절대 바뀌지 않습니다 이미 악질이라 그전부터 감시 대상이였고 전 여자친구도 폭행을 했었다고 합니다 현재 경찰분들이 조사하고 있고 아직 판결 전이지만 제가 이 청원을 쓴건 제발 집행유예나 솜방망이 처벌 이런게 아니라 제대로 된 처벌을 내려주시기를 원해서입니다 절대 바뀌지 않을 사람이고 죄를 지은게 사람인데 어떻게 사람을 안미워하겠습니까.. 너무 화가나고 억울해서 이렇게 글을 올립니다 제발 국민 여러분들 도와주세요 이런 일이 더 이상 일어나지 않게 또 다른 피해자들이 생기지 않게 확실한 처벌과 법도 개정 되기를 바라며 이렇게 청원을 올립니다..",
  "num_agree": 29199,
  "petition_idx": "590108",
  "title": "제 여동생이 죽기 직전까지 데이트폭력을 당했습니다"
}