{
  "category": "교통/건축/국토",
  "begin": "2020-06-26",
  "content": "안녕하세요? 이번 6.17. 부동산대책으로 인하여 조정지역에서 투기과열지역으로 변경된 곳에서 아파트 분양을 받은 30대 가장입니다. 저는 무주택자이며, 2019년에 계약금 납부를 완료했습니다. 당시에 제가 분양받은 아파트는 조정지역이었으며, LTV는 시세의 60%였습니다. 당시 저에게는 분양가의 40%의 현금이 있었고, 분양가의 60%는 대출이 필요했습니다. 내 집 마련이라는 기회를 놓칠 수 없어, 분양가의 60% 대출을 각오하고 분양을 받았습니다. 그리고 조금이나마 돈을 아끼고자, 중도금 대출을 바로 받지 않고 현금으로 낼 수 있는만큼 냈습니다. 모두들 아시다시피, 분양가는 일반적으로 10%의 계약금, 60%의 중도금, 30%의 잔금으로 이루어져 있습니다. 중도금부터 대출을 받을 수 있는데, 이를 가능한한 납부하면 대출이자를 아낄 수 있다는 생각에 분양가의 30%에 해당하는 3회분을 납부하였습니다. 그러다가, 6.17. 부동산대책이 발표되었습니다. 초기에는 대책이 어떻게 적용될지에 대해서 사람들마다 의견이 달랐고, 구제책이 나올 것이라는 기대에 오늘까지 기다렸습니다. 그러나, 오늘 은행에 전화하여 남은 중도금에 대한 대출에 대한 상담을 하던 중, 잔금은 신규대출로 시세의 40%라는 답변을 받았습니다. 그리고 시세도 금융위에서 보도한 것과 같이, 기대수익을 반영한 시세(KB시세)가 아닌 분양가로 나올 수 있다고까지 합니다. 애초에 중도금(분양가의 60%)을 다 받았다면, 금융위에서 6.23.에 발표한 것처럼 잔금대출을 분양가의 60%까지 받을 수 있었을 것입니다. 그러나, 중도금 이자라도 아끼고자 하는 서민들의 경우, 조금의 여력이라도 있다면 중도금 대출을 되도록 적게 받으려고 했을 것입니다. 저는 기대수익을 반영한 시세를 생각해서 집을 분양받지 않았습니다. 집값이 오를지 떨어질지 누가 알겠습니까? 그저, 분양가의 60%는 보장이 된다는 생각에 내 집 마련을 준비한 것입니다. 저같이 잔금을 낼 여력이 있었지만, 중도금 대출을 중간부터 받은 서민들에게 이번 정책은 내 집 마련을 포기하라고 밖에 느껴지지 않습니다. 분양가의 20%는 생각보다 큽니다. 모든 경우의 수를 고려하기는 힘들겠지만, 이러한 경우도 있다는 것을 지금이라도 고려하셔서 구제책을 마련해주시기를 청원합니다. 저는 분양이라는 것이 계약금, 중도금, 잔금을 모두 포함한 권리를 계약한 것이라고 생각했습니다. 즉, 법은 소급하지 않기 때문에 중도금이나 잔금이나 계약당시의 대책이 적용될 것이라고 생각했습니다. 지금은 부동산 정책에 무지한 제가 제일 원망스럽지만, 아직 내 집이라는 것을 가져보지 못한 우리 아이들과 아내를 위해서 용기를 내 국민청원을 남겨봅니다. 기대수익을 고려하여, 잔금대출을 생각하지 않은 서민들에게 분양가 기준으로라도 계약 당시의 대책이 적용되기를 희망합니다.",
  "num_agree": 1313,
  "petition_idx": "590103",
  "title": "6.17. 부동산대책에 따른 기분양자에 대한 잔금대출 구제책 마련이 필요합니다."
}