{
  "category": "교통/건축/국토",
  "begin": "2020-06-29",
  "content": "안녕하세요 6.17조정지역 다주택자입니다 모든주택은 지금사는지역(경기남부)으로 조정지정전에 매입했구요 제계획은 21년된 실거주집(대출 열씨미 값아나가구 있씁니다,현시세 1억8천) 팔아서 새집으로 이사갈예정으로 34평분양도 받았습니다 노후대책으로 월세나받을생각으로 24평미분양아파트도 하나장만했구요 그런데 거주아파트가 팔리질않더군요 그때는신축 입주가 많을때라 구축은 3년이 지나도록 한번 보러 오지도 않더라구요 할수없이 이사가려던 집을 반전세로 놨었고 만기시점에 현거주집 팔아서 새집으로 들어갈 예정이었습니다 그러다 갑자기 6.17 조정지역으로 규제가 돼버리고 양도세장기보유혜택배제에 중과세까지 유예기간이 6.30날까지라니..너무촉박한거아닌가요? 갈아타기위한구축은 장기보유혜택및 중과세는 배제해줘야하는거아닌가요? 유예기간도 보완책을 세워주십시요~!! 다주택자라는무조건적 잣대로 고통스러우니 억울하단생각이듭니다 기존집 팔아서 나머지대출값고 들어갈집 보증금빼주려햇는데.. 중과양도세내면 보증금돌려줄돈이안돼서 기존집도 못팔고 이사도 못가게생겼네요 돈없는서민은 평생 새집에서도 못살아보겠네요 꿈과 희망이 나락으로떨어집니다 또한 기존집 못팔고유지시 3주택이상이돼어 보유세.종부세.건보료등 미리걱정이 앞섭니다 갈아타기위한 구축실거주집 양도세 장기보유혜택및 중과세배제 유예기간 검토해주시길 간절히 바랍니다~~!!",
  "num_agree": 216,
  "petition_idx": "590160",
  "title": "조정지역 양도세장기보유헤택"
}