{
  "category": "미래",
  "begin": "2020-06-29",
  "content": "대한민국에 '작은 중국'을 짓는 대규모의 중국 복합문화타운 건설 사업을 강력하게 반대합니다. 작년 12월 강원도 최문순 지사는 중국 베이징 인민일보 인민망 본사에서 열리는 중국복합문화타운 조성사업 론칭식에 참석하였습니다. 춘천과 홍천의 라비에벨관광단지에 건설하고자 추진중인 중국 복합문화타운은 500만㎡ 내에 120만㎡ 규모(축구장 약 168개의 규모)로 조성될 예정이며, 기사 내용에 따르면 중국 전통 거리, 미디어아트, 한류 영상 테마파크, 소림사, 중국 전통 정원, 중국 8대 음식과 명주를 접할 수 있는 푸드존 등 다양한 공연과 체험공간을 꾸며 세계적인 문화타운을 조성하고자 한다고 합니다. 대한민국 국민의 한 사람으로서, 대한민국 땅에 '작은 중국'을 짓는 이 사업의 중단을 강력히 촉구합니다. 왜 대한민국에서 대규모의 사업을 통해 중국의 8대 음식을 소개해야 하며, 대한민국 땅에 소림사와 중국 전통 정원을 짓는다는 것이 왠 말입니까? 대한민국만의 우수한 문화와 음식들을 세계적으로 널리 알리고 그것을 관광화하려는 노력을 하는 것이 아니라, 왜 옆나라 중국의 문화를 왜 대한민국 땅으로 가지고 와서 대신 알리려는 것인지 도저히 이해할 수 없습니다. 한편 중국 복합문화단지 조성은 국가 안보 전략에도 심히 우려되는 조치입니다 차로 10분거리에 예비 부대인 육군 11사단이 있고, 지역에 많은 군시설이 밀집해 있기 때문입니다 박휘락 국민대 정치대학원 교수는 현 상황에 대해 홍천에 주로 예비 부대가 있는데 실제 군에서는 예비부대가 더 중요하다'며 중국이 아직도 북한이나 한구을 자기들의 속국으로 보면서 영향력을 행사하려한다'고 전했습니다. 춘천 중도에 건설중인 중국인 관광객을 위한 럭셔리 호텔도 문제입니다 10,000개 이상의 유물이 출토된 세계 최대 규모의 선사유적지 인 춘천 중도. 이 곳에 600실 규모의 15층 짜리 중국인관광객을 위한 최고급 호텔을 짓겠다는게 말이 되는 이야기입니까? 남의 나라 문화를 홍보하는 복합문화단지를 조성할게 아니라, 전세계 유일무이한 세계최대 선사시대문화유적지를 적극 개발하여, 스톤헨지 마추피추같은 세계적 관광지로 개발하는게 옳바른 길이 아닌가요?? 원주 지방환경청이 춘천 지역 상권 보호를 위해 기존 숙박시설 리모델링을 제안하고, 시민단체에서 유적지 훼손을 우려해 호텔건설을 반대했지만 강원도는 사업을 강행했습니다 차이나타운 조성사업으로 인한 유적지 훼손이 중국 '동북공정'의 일환이라는 분석도 나옵니다 중국 자본과 중국 기업들에게 대한민국 땅을 계속 내 주어서는 안 됩니다. 일자리 창출, 관광 효과를 이야기 하지만 중국 문화를 알리고 체험하는 장소에서, 중국 문화와 관련이 없는 우리나라 국민들이 할 수 있는 일은 무엇일까요? 단순 노무 종사 외에는 할 수 있는 것이 없을 것입니다. 강원도 등지에 중국 복합문화타운을 건설함으로써 정작 우리 국민들이 받을 수 있는 혜택은 무엇이 있을까요? 오히려 중국 자본과 기업에 밀려버릴 것입니다. 중국 문화를 체험하는 타운이라는 명목 하에 중국인들만의 잔치장이 될 것입니다. 우리는 중국의 속국이 아닙니다. 중국 자본과 기업이 자꾸 대한민국 땅에 발을 디디게 해서는 안됩니다. 불과 몇 년 전, 제주도가 중국자본에 잠식되어가던 모습을 반드시 기억해야합니다 대한민국 땅에 중국 복합문화타운의 건설을 강력히 반대합니다.",
  "num_agree": 1166,
  "petition_idx": "590139",
  "title": "현재 진행중인 중국 복합문화타운 건설을 강력히 반대합니다."
}