{
  "category": "기타",
  "begin": "2020-06-29",
  "content": "우선 작성할 글이 너무 많은 카테고리와 연관이 있어 기타로 작성함을 알립니다. 헌법 제13조 제1항에서 행위시의 법률에 의하여 범죄를 구성하지 않는 경우는 소추를 할 수 없도록 규정이 되어 있으며, 우리나라 형법 제1조의 경우도 범죄의 성립과 처벌은 행위 시 법률에 의한다 새로운 법이 소급적용 된다면 국가는 심각한 혼란에 빠지게 될 것이다 생각 합니다. 제 현상황에 대해 얘기드리고 이 얘기가 공감되신다면 많은 분들이 동참해주시길 부탁드립니다. 제가 이십대 때는 삼포세대(연애,결혼,출산)라 불리었고 현재 삼십대가 되어서는 N포세대라 불리고 있습니다. 대표적으로 결혼과 출산이고 그 바탕이되는 주거문제입니다. 대학 학비를 지원받지 못하는 가정환경이라 학자금 대출을 통해서 2년간 전문학사 과정을 수료했고 추가로 2년이란 시간을 더해 스물 넷에 대기업에 입사하였습니다. 당시 회사 경기가 매우좋아 성과금을 포함해 6천만원을 넘는 연봉을 받았고 덕분에 학자금 대출과 추가로 대출한 생계지원대출까지 상환하며 열심히 노력하면 누구에게나 기회는 온다고 믿었습니다. 하지만 기쁨도 잠시였습니다. 아무것도 가진게 없는 저는 굳이 가진게 있다면 재직중인 회사 명함 뿐인 저는 사회에서 서민으로 인정받지 못했습니다. 도시근로자 월평균 소득부터 수많은 제약들로 부터 저는 자유롭지 못했습니다. 오랜 타지생활에 안정을 취하고자 결혼을 택했고 자녀도 출산하고 열심히 살아보려고, 정부를 믿고 의지해 기대해봐도 많은 복지는 저를 외면했습니다. 연봉이 높다는 이유 때문에 말이죠. 그래도 꾸역꾸역 노력해 아파트 분양가 10%에 준하는 3000만원 정도를 모아 청약에 도전했습니다. 나날이 치솟는 주택가격을 보니 안정적인 거주를 위해 부족하지만 정책을 믿고 70% 대출을 받아 거주할 목적으로 주택을 구매했습니다. 하지만 정부는 또다시 저를 외면했습니다. 경기도 외곽에 분양을 받은 아파트가 6.17규제로 조정지역이 되면서 LTV소급적용으로 인해 20%라는 목돈이 더 필요해진겁니다. 어떻게 입주를 해야할지 너무도 막막합니다. 이대로 가다간 계약금을 포기하는건 물론이고 중도금대출이 빚으로 돌아올 상황입니다. 문재인 대통령님 김현미 국토부장관님 제가 부동산 투기세력입니까? 무주택 실거주자가 투기세력입니까? 돈이 없으면 전세아파트 임대아파트만 살아야합니까? 재산을 가지면 안되는겁니까? 직장을 포기해야합니까? 가정을 포기해야합니까? 삼포세대에 태어났으니 정말 포기하고 살았어야합니까? 문재인 대통령을 지지한 20~30대를 더이상 벼랑끝으로 내몰지 말아주십쇼. 수도 없이 믿어왔습니다. 주택가격을 안정화 시키겠다는 말씀을요. 이제는 믿지 못하겠습니다. 현 정부가 너무나 원망스럽고 비통합니다. 아무것도 없는 저를 믿고 결혼해준 제 아내와 아무 선택권 없이 제 자식으로 태어난 두 딸이 너무다 불쌍하고 제 스스로가 원망스럽습니다. 지금까지 나온 정책을 아무리 다시 읽어보고 이해하려 해봐도 결국은 돈 많은 사람들만 집을 사게하는, 빈익빈 부익부를 불러오는 정책뿐입니다. 부디 실거주 목적에 분양자들 삶을 지켜주십시오",
  "num_agree": 341,
  "petition_idx": "590134",
  "title": "불소급 원칙 위헌에 피해자"
}