{
  "category": "행정",
  "begin": "2020-06-26",
  "content": "정부가 발표한 개인투자자 양도세 과세는 철회 되어야 합니다..정부의 논리는 선진국에서 부과하고 거래세도 같이 부과하는 선진국도 있으니 문제가 없고..2천만원 이상 수익에 대해서 부과하니 대다수의 개인 투자자에게 유리하다는 아전인수격의 설명으로 국민을 기만하고 있습니다.. 정부의 선진국 논리 대로라면..우리 증시의 상하한도 폐지 되어야 하며..공매도 또한 개인과 외인기관의 차이를 없애야하며..불법 공매도를 저지르는 외국계 증권사에..선진국에서 부과하는 형량 벌금에 준하는 제재를 가해야 합니다..외국인 자금 이탈이 우려되 솜방망이 처벌을 하면서 선진국 증시 운운이라니.. 우리 증시와 선진국 증시의 배당율만 비교해 봐도 선진국 증시가 하니까 우리도 한다가 얼마나 어처구니 없는 처사인며 국민을 만만하게 보는 행정인지.. 대다수의 개인 투자자에게 이익이다? 이런 이유를 부치기 전에 왜?우리 시장은 국민이 돈을 못 벌고 외국투자자의 현금 인출기 노릇을 하는가를 연구하는게 정부가 우선적으로 해야 할 일 아닌가 싶고..금융 사범 ..경제 사범에게 관대해 국민의 피 같은 돈을 빨아 먹는 환경 부터 바꾸는게 먼저라고 봅니다",
  "num_agree": 3073,
  "petition_idx": "590102",
  "title": "주식양도세 전면과세(금융투자소득 개편안) 반대"
}