{
  "category": "일자리",
  "begin": "2020-06-29",
  "content": "*****를 진정으로 사랑하고 발전하는 마음으로 이 글을 씁니다. 휼륭하신 인재가 *****를 더 이상 떠나지 않게끔 정부에서 진정성있고 투명한 경영를 하는지 제대로 관리감독해 주세요. 첫번째로 4월~5월에 코로나때문에 공장이 휴업에 들어갔습니다. 어쩔 수 없는 상황이었죠. 충분히 이해합니다 그러나 현장직은 휴업수당으로 평균임금 70% 지급 사무직은 연차로 소진해라 ​ 두번째로 사무직은 정기휴가 5일 폐지 현장직은 그대로 정기휴가 5일 유지 세번째로 올해 6월 15일에 사무직만 HR 인사제도 불이익하게 변경 인사고과 C를 받으면 동결, D를 받으면 기본급 7% 하락​ (평균 인사고과 B 받으면 평균 상승) 네번째로 올해6월 15일에 HR 인사제도를 팀장들에게만 설명회 실시 설명회시 팀장들에게 오더 내려옴. 6월 19일까지 팀원들 과반수이상 서명 못 받으면 팀장들 옷 벗을 각오하라고 그래서 팀원들 울면 겨자먹기로 인사제도에 서명함.​ ​이게 강제적으로 과반수가 동의했더라도 법적으로 문제가 없나요?​ 이렇게 사무직과 현장직을 아무 이유없이 차별해도 되나요? 그리고 니네 사무직들은 노조도 없잖아. 그래서 밟아도 밟아도 찍소리도 못하잖아. 현장직은 노조가 있어 못 건드니까 만만한 사무직이라도 괴롭혀야지 *****는 현장직에는 노조가 있어 그나마 보호를 받고 있습니다. 사무직에는 노조가 없어 보호를 받고 있지 못하고 있습니다. 그래서 더 이상 참을 수가 없어 노조를 만들려고 합니다. 현재 자문도 구하고 있으며 노조 설립에 관해 자문줄 수 있는 분들은 도움을 주십시오. ​또하나 *** 대표이사가 배임수재/업무상 횡령으로 7억원 뒷돈을 챙겨 1심에서 집행유예를 받았습니다. 그런데 6월 23일에 대표이사직을 갑자기 사임하길래 본인도 양심이 있다 라고 생각했는데 큰 오산이었습니다 대표이사직만 사퇴하고 등기이사직도 유지하고 회사도 그대로 웃으면서 씩씩하게 출근하고 있는 모습을 보고 깜짝 놀랬습니다. 2심 재판부에서 잘 보이기 위한 전형적인 악어의 눈물이다. 저의 국민청원을 하는 이유는 단 한가지입니다. *****가 적폐를 청산하고 더 발전하기를 기원하는 것입니다. 더 많은 비리행위과 적폐가 있다면 언론에 고발해 주세요. 그래야 *****가 바로 섭니다. 국민들이 보시기에는 뭐 이런 걸 국민청원이라고 했어? 라고 생각할 수 있으나 더 이상 *****가 망해가는 것을 볼 수 없기에 이런 글을 씁니다. [본 게시물의 일부 내용이 국민 청원 요건에 위배되어 관리자에 의해 수정되었습니다]",
  "num_agree": 878,
  "petition_idx": "590179",
  "title": "죽어가는 *****를 바로 잡아주세요"
}