{
  "category": "육아/교육",
  "begin": "2020-06-29",
  "content": "비말마스크를 공적마스크로 해주세요. 기존의 kf 마스크를 아이들이 사용하기에는 두꺼워서 힘들어 합니다. 성인에게 판매하지 않더라도 공부하는 아이들에게는 기존에 약국에서 판매하듯이 보급해주시길 부탁드립니다. 또한 코로나로인하여 마스크값 역시 부담되는게 현실입니다. 비말 마스크로 사재기를 하여 이득을 취하는 이들도 나오고 있습니다. 최소한 아이들을 있는 가정과 노인들이 있는가정에는 비말 마스크를 구매할수 있게 형편성에 맞는 보급을 부탁드립니다.",
  "num_agree": 346,
  "petition_idx": "590138",
  "title": "비말마스크를 공적마스크로  해주세요"
}