{
  "category": "교통/건축/국토",
  "begin": "2020-06-29",
  "content": "안녕하세요 대통령님 저는4인가족의 가장이고 경기도거주 무주택서민실수요자입니다. 부동산 전문가는 아니지만 한마디하고 싶어 글을 올립니다. 문재인 대통령께서는 집값폭등에대한 대국민사과문을 직접 발표해야합니다. 그이유는 1. 취임이후 3년넘게 20번넘는 부동산 안정화 대책을 발표하고도 안정화되기는 커녕 폭등하여 서민무주택자들을 희망고문시켰기때문입니다. 믿고 지지했읍니다만 이젠 문재인대통령과 정부대책에 믿음이 안갑니다. 국민과의 대화에서 대통령께서 안정되고있다고 말하여 얼마나 부동산대책에 관심이 없는가 생각했었습니다. 원론적인말씀만하셨구요. 취임후 서울아파트 중위가격이 5.5억에서 9억으로 되었다고합니다. 3~4억 정도가 오른것인데 이에따라 경기도도 키맞춘다며 그만큼 다 올랐습니다. 월급받는 사람들 1년에 1억모을수 있나요? 2. 수많은 대책을 내놓고도 잡지못한건 대책이 부실하거나 요점을 피해서 대책을 내놓기 때문입니다. 왜 다주택자를 임대주택사업등록시켜 각종 세금혜택을 주며, 규제지역외의 지역이 갭투기가 일어나는걸 뻔히 알면서도 후속대책만 내놓으십니까? 의식주가지고 장난치는 갭투기꾼들 어떻게 잡으실건지요? 3. 1가구 1주택정책을 우선으로하여 무주택자와 1주택자한테는 혜택을주십시요. 2주택부터는 특별사정으로만 허용하고 3주택부터는 금지하면 안돼나요? 다주택자들의 소유부동산이 150만채라고합니다. 이게 반절이라도 시장에 나오면 3기신도시같은 곳에 쓸돈 아낄수 있다는 단순한 생각입니다. 그동안 정부당국자와 고위공무원들 1주택정책 지켰나요? 자체조사하셨습니까? 발표해주십시요. 4. 집값만 안정되어도 희망이생겨 결혼증가 출산률이 높아질것입니다. 노력해도 내집을 가질수있다는 확신이 안생기면 미래가 불안하고 희망이 없는 것입니다. 5. 규제가 많아 무주택서민 실수요자가 예전대출받았던 60~70% 대출이 안되어 집을 살수가 없습니다. 집을사고 바로 실거주로 들어갈시 실수요자로 인정하여 대출을 완화해 주시면 안되나요? 돈있어 대출안받고 집사는사람, 돈없어 대출받아야할 사람똑같이 규제있으면 누가 집을 사나요? 결국 부모찬스로 지원받아 집사는 사람이 생기고 이게 대물림되는겁니다. 6. 제가 세들어사는집이 처음왔을때보다 3억원넘게 올랐습니다. 제 월급이 3억오른것도 아니고, 양파 감자 계란 대파 우유 과자 등등이 2~3배 오른것도 아닌데 왜 집값만 상식수준 이상으로 급등을 하니 도대체 어떻게 이해를 해야하나요? 3년동안 수많은 대책을 내놓으면서 집값이 안정화 됐나요? 7. 전정부의 부동산대책 잘못했다며 빚내서 집사라는 정책 잘못했다며 사과하라고 했었잖습니까? 그땐 맞다고 생각했는데 지금은 바뀌었습니다. 이젠 전정부탓 하지 마시길 바랍니다. 친구나 주위사람들 만나면 이야기하는게 부동산으로 돈 벌었다더라 어디가 얼마가 올랐다더라는 이야기로 시작해 역시 부동산이야기가 빠지지 않습니다. 지하철안에서도 옆사람이 전화로 아파트투자이야기를 하니 가히 전국민이 부동산전문가요 대한민국이 아닌 부동산공화국이란 말까지 실감합니다. 이게 정상인가요? 무주택실수요자로서 작금의 부동산정책에대한 불만과 탄식에 글을 올렸습니다. 문재인 대통령께서 이글을 읽는지 모르지만, 무주택서민실수요자의 마음을 위로하고 확실한 대책발표를 직접해야합니다. 상황이 심각합니다. 부디 국민에게 희망을 주는 대한민국이 되었으면 좋겠습니다.",
  "num_agree": 1371,
  "petition_idx": "590168",
  "title": "문재인 대통령께서는 집값폭등에대한 대국민사과문을 발표하십시요"
}