{
  "category": "교통/건축/국토",
  "begin": "2020-06-29",
  "content": "비조정지역이었을 때 계약하셨던 분들은 몇억대를 자금 계획을 세우고 입주 시 종전대로 KB시세대비 무주택자 대출 70프로 또는 1주택이상 대출 60프로 나온 것을 알고 정부와 금융위원회 ,분양사 ,시공사 , 은행을 믿고 계약하신분들입니다 법을 하루아침에 송두리째 무시하고 번복하여 행정지도라는 이름으로 압력을 가하여 비조정지역 1주택이상 소유자분로서 계약하신분들 처분서약없이 계약하신분들(미분양지역 계약, 비조정지역 청약덩첨)모두 집을 처분하는 조건으로 대출을 앞으로 받으라고 합니다 비조정지역이고 미분양관리지역이었던 예를 들면 검단신도시는 처분서약도 쓰지 않고 계약하신분들이 졸지에 집을 처분하고 개인사정 안중없이 길바닥에 내쫒기고 양도세중과 세금 내게 생겼습니다 미분양지역이었던 34평 분양가 4억 2천만원이 4개월만에 투기지역이 되었고 다산신도시 34평 분양가 3억2천이 지금은 8억 4천만원에 입주하여 거래된 곳은 종전 그대로 조정지역으로 유지한 기준이 무엇입니까? 두 지역만 비교하였지만 형평성 없는 논리적이지 않는 하루아침 기습적인 서민 죽어라 규정에 대해서 해명해주세요 그리고 종전대로 비조정지역에 계약하신분들은 무주택자는 입주 시 kb시세 70프로 1주택자이상은 kb시세 60프로로 처분서약없이 처분안시키고 대출 해주세요 당연한 권리입니다 지금 법률 소급하지 말라는 것은 국토부장관도 방송에서 이야기하였습니다 실천을 부탁드립니다 비조정지역서 청약받거나 미분양지역서 계약하신분들은 대출이 종전 그대로 입주 시 중도금대출 범위가 아닌 Kb시세 한도로 동일 LTV 비율인 kb시세인 무주택자 70프로 ,1주택자60프로 해주세요 다주택자들 비조정지역서 계약한만큼 대출 나오게 해주세요 주택서분처약 강요하지 마세요 당연한 권리입니다 사유재산을 침해하고 주거불안정 일으키지 말아주세요 이번 무차별적인 기습 부동산 규제로 하루아침에 300개 단지이상 100만 청약자들이 피해보게 생겼습니다 대출규정을 소급하지 않고 기존 계약 때 약속대로 해주면 되는 것이고 정부나 금융위원회서 거짓말하고 선동하지 않고 언론에 밝히고 기존대로 행정지도 하시면 됩니다 당연한 권리이고 정부의 형평성 어긋난 내 집마련 서민죽이기 위한 대출 및 집 처분서약서 강제작성관하여 법률 소급 위법을 주장합니다",
  "num_agree": 410,
  "petition_idx": "590152",
  "title": "거짓말 없이 부동산 규제 소급적용없애주세요 신설규제도 없애요"
}