{
  "category": "교통/건축/국토",
  "begin": "2020-06-29",
  "content": "물건지 : 인천광역시 중구 **동 ****-* ****생활숙박시설 분양사업자 /분양대금의 관리자 :(주)***자산신탁 분양대행사 : (주)** 시공업체 : **건설(주) 위탁자 : (주)**** 분양시점 : 2018년도 3월경 입주지정일 : 10월 예정 <민원 내용> 1. 분양당시 생활형숙박시설 (레지던스)가 마치 오피스텔 처럼 운영할 수 있는것처럼 광고하여 개인이 부동산에 의뢰하여 임대를 놓을수 있다고 홍보하였는데 이는 불법임대인을 양산하는 행위라고 생각됨.레지던스는 위탁사업자를 선정하여 운영하여야 하고 개인이 임대를 놓는것은 불법이라고함. 2. 분양당시 생숙(생활형숙박시설)에 대한 성격을 제대로 알리지도 않았고 시행사 쪽에서는 입주를 코앞에 둔 시점까지 위탁사업자 선정에 대한 노력을 하지 않고 수분양자들에게 어떠한 안내도 없고 나몰라라 하는 상황임 -> 개인이 위탁사업을 맡길수도 없는 현실에 분양자들만 입주지정일을 앞두고 속이타는 상태임 ▶시행사는 조속히 레지던스 임대인들에게 어떤식으로 운영을 할것이며, 위탁사 선정을 위하여 어떤 노력을 하고 있는지 알려주기를 바람 3. 전 국가적으로 코로나 사태로 인하여 전국민이 힘들어 하고 상황에서 일방적으로 준공일을 6월 12일로 앞당겨 놓고 시행사쪽에서 무이자로 부담하는던 중도금대출을 7월 초부터는 그 명의를 수분양자에게 돌릴것을 강요하며 그에 대한 이자를 부담하게 하고 있음. ▶ 일방적인 중도금대출 이전으로 수분양자에 대한 이자 납입의무를 강요하지 말고 애초에 잔금납부 예정일인 10월로 연기할것을 요구함 4. 대출 또한 생숙(생황형숙박시설) 은 대출시 담보로 가치가 현저히 떨어진다고 금융권에서 대출이 어려운 상황이며 분양 당시에는 60~70%까지 무난하게 나온다고 했는데 현실적으로 은행에서는 생소한 물건으로 판단하여 대출을 꺼려하고 안해줌. 여러채 분양 받게한분도 많은데 실제로는 1채밖에 대출 진행이 안됨 담보대출이 아니고 신용대출이기에 중간등급 신용자들은 아예 대출이 안됨 ▶ 금융권과 제휴를 좀더 성실하게 해서 분양자들이 제대로 담보가치를 인정받아 대출을 받을수 있게 노력할것을 요구함 6. 저층 세대의 오피스텔은 사전점검을 한 상태이나 레지던스 분양자들에게는 준공이 완료되었다고 잔금상환을 요구한데 현재 사전점검 기회를 주지 않아 내가 분양받은 호실 구경도 못하고 잔금을 치르게 되는 상황임 ▶ 타 오피스텔들 처럼 레지던스도 기일을 정하든 수시로든 세대 방문점검을 요청함 여기까지 제가 주변에서 알아보고 들은 내용을 바탕으로 적은거라 행여 법적으로 잘못알고 기재된 내용이 있더라도 악의나 고의가 없음을 말씀드리고 싶습니다. 위에 민원 내용을 잘 검토해 주셔서 하루하루 고통 받고 있는 저희 수분양자들의 고충을 해결해 주시기 바랍니다. 적게는 한채 많게는 수채씩 분양을 받은 사람들이 시행사에 개선을 요구했으나 받아들여지지 않고 있습니다. 안그래도 코로나 때문에 힘든 나날들을 견뎌 나가고 있는 사람들이 이것 때문에 극심한 고통으로 스트레스를 받고 있습니다. 전 국민재난선포로 나라에서 재난지원금을 풀고 있고 서민들은 착한임대인 운동등 모두 동참하여 어려움을 동참하고 있는데 분양자들에게 사전점검도 없이 오히려 입주예정일을 앞당겨 그 이자를 수분양자들에게 떠넘기고 어떠한 대책도 세워지지 않는 분양사업자 시행사들에게 엄중하게 책임을 물어 시정해 주기를 요청하는 바입니다. [본 게시물의 일부 내용이 국민 청원 요건에 위배되어 관리자에 의해 수정되었습니다]",
  "num_agree": 288,
  "petition_idx": "590171",
  "title": "영종도 **** 생활형 숙박시설 분양 피해자"
}