{
  "category": "기타",
  "begin": "2020-06-29",
  "content": "안녕하십니까! 존경하는 대한민국 국민여러분! 제가 지금부터 말씀드리는 이야기는 제가 직접 경험했었던 이야기로써, 최근 버닝썬, N번방 조주빈 사건으로 요즘 이슈화가 된 “성범죄”에 심각성을 알려드리고자 합니다. 제가 교제했던 남자한테서 저는 성착취물 동영상 강제 불법촬영과 유포를 당했으며, 하물며 추후 저희집 무단침입과 최악의 상황으로 폭행을 당했었습니다. 당시, 저는 사회 초년생이고 제가 사는 지역이 좁다보니, 친어머니께서 조용히 넘어가자며 상대측 부모님과 가해자와 약속을 했었습니다. 그 약속에 대한 얘기는 이러합니다 “1.보복하지않기 2. 눈앞에 나타나지않기 3.조용히살기”였습니다 하지만, 전혀 가해자측은 선처아닌 선처로 피해자를 가볍게 생각하였으며, 그뒤로 제가 다니는 병원근처 원룸촌에 현여자친구 집주변에 거의 매일 차를 세워두며 그당시 트라우마를 자꾸 떠올르게 만들었습니다. 저는 결코 가해자에게 용서못한다하였고, 저는 저의 친어머니를 봐서 가만히 있었습니다. 시간이 흘러 그 가해자는 SNS페이스북에 떡하니, 카페를 내었다고 유명 SNS광고업체에 흥보를했습니다. 그때 저는 심정이 와르르 무너져 내렸습니다. 시간이 그리 많이 지나지않았습니다. 2018년 11월 16일 아직도 저는 그순간이 생생하게 기억납니다. 그땐 가해자측 부모님께서 미안하다며 자기아들이지만 아닌거같다며 눈물을 훔치며 제게 하고싶은거 다하라고 부모님은 더 이상빠지고 가해자가 알아서 해라 “벌달게 받겠다고” 가해자도 그렇게 말했다고 했습니다. 그러나 제게 이루어지건 하나도없었습니다. 저는 폭행으로인해 전치2주 판정이 나왔고 일도 쉴수없는지라 얼굴,몸에 멍이 든체 일을했으며, 제정신에 살아가기가 매우 힘들었습니다. 선처 아닌 선처 후 가해자측 부모님은 행동이 완전 뒤 바뀌었습니다. 당연히 자기 하나뿐인 외동아들이고 아들 입장에서도 저를 만났을 때 당시 힘들었을 상황을 말했을테니깐요. 하지만 저도 하나뿐인 제 부모님의 귀한자식인데 그것도 여자를 때린다는게 말이됩니까? 심지어 그 가해자 측 부모님은학교 선생님 집안인데 제게 성착취물동영상에 대해선 “합의하에 한거아니냐” 폭행에 대해서는 “너도 그러지않았냐” 등 태도가 변했고 “언제까지 질질끌고 갈거냐”라는 식으로 얘기했습니다. 하물며, 저는 피해자인데 어쩜 눈하나 깜짝 안하고 저렇게 얘기할수있는지....심지어 그 가해자측 아들은 저를 현여자친구 앞에서 폭행후 여자친구를 집에 보낸뒤 다시 술집으로 내려와 “너네집 돈없잖아 우리집 돈많아 신고해”라며 저희집을 대놓고 비하했으며, 제가 하지도 않은짓을 교제때 남자들과 잣다며, 여사친한테 다짜고짜 연락해줄까?라며 저보고 그 여사친앞에서 “한마디도 못하는 병신이”라며 꼽을 주곤했습니다. 또한, 한번만 더 그러면 죽여버리겠다며 욕을하고 폭행후 자기 아버지께 제가 술병을 자기한테 던졌다며 허위진술을하였고 결국 CCTV를 확보해간 가해자측 부모님은 그런 사실이 없자 또 미안하다며 등등 말과 행동이 바뀌었습니다. 가해자,가해자부모님에게서 자꾸 연락이와서 저는 너무 힘들었습니다. 하지만 가해자는 가해자측 부모님께 제가 자꾸 연락와서 무섭다?라는둥 또 허위진술을 하였고 결국 전화번호를 바꾼사람은 저고 아직까지도 전화번호를 안바꾼 사람은 가해자입니다. 그후 가해자측 부모님(아버지)의 연락이 오는게 싫어 저는 전화번호, 모든 SNS계정, 핸드폰을 바꾸었습니다. 왜 항상 가해자가 피해자인척을 하고 정말 오로지 힘든건 왜 피해자가 다 감당을 해야하는지 전혀 모르겠습니다. 너무 고통스럽고 힘듭니다. 아직도 뻔뻔하게 카페를 운영하며 인스타그램에 흥보하는 가해자가 싫습니다. 사업을 할 자신이있으면, 저런짓을 하지말았어야지요. 저는 매우 사는게 힘듭니다.....얼마나 더 참고 얼마나 더 버텨야 이세상 ‘성범죄‘피해자들이 행복한순간이 올까요..이런 처벌로 과연 피해자들이 행복할수있을까요?...저는 이제 지쳐갑니다....제게 단지 가해자측 부모님이 안쓰러워 저희 친어머니가 안쓰러워 선처아닌 선처를 우선적으로 한건데..어떻게 이제와서 저렇게 행동을 할수있는건지. 선생님 집안이라며 늘, 그렇게 자랑스럽게 얘기하던 가해자가 부모님이 선생님이라 돈도많다, 연금이 빵빵하다며 얘기하고 다니는데 버젓이 카페까지 차려주고 도와주기까지 합니까?....제가 하루라도 이 고통속에 빠져나올수 있도록 여러분의 도움이 필요합니다...제발 부탁입니다 한번만 저 가해자가 제대로 벌 받을수 있도록 도와주세요. (모든내용의 사항은 최대한의 증빙자료가 있는것을 근거로하여 사실만을 얘기한것을 밝힙니다.)",
  "num_agree": 1217,
  "petition_idx": "590191",
  "title": "\"성범죄,상해죄,모욕죄,협박죄,무단침입죄, 자기가 저지른게 범죄인지 모르고 뻔뻔하게 카페를 낸 카페사장 \""
}