{
  "category": "정치개혁",
  "begin": "2020-06-29",
  "content": "오늘 더불어민주당 김두관 의원님께서 제 인생의 큰 울림을 주는 명언을 남기셨습니다. “조금 더 배우고 필기시험 합격해서 정규직됐다고 비정규직보다 2배 가량 임금을 더 받는 것이 오히려 불공정” 이 명언을 듣는 순간, 지금까지 더 많은 급여를 받기위해, 잠안자며 공부하고, 스펙 쌓고 , 자기 발전을 위해 몇년간 쏟아 부은 내 모든 행동이 얼마나 불공정스러운 결과를 위한것이 었는지 크게 반성하게 됩니다. 더불어민주당 김두관 위원님 좋은 가르침 정말 감사드립니다. 그렇다면 우리 많이 배우시고 훌륭하신 국회의원님들도 이에 동참해야 한다고 생각합니다. 많이 배우셨다고 고액 연봉을 가져가시는건 너무 불공정 하지 않습니까? 공정한 세상을 만들기 위하여 국회의원 월급을 최저임금으로 지급해 주십시오. 솔선 수범하는 국회의원님들 기대하겠습니다.",
  "num_agree": 77827,
  "petition_idx": "590196",
  "title": "국회위원님들의 월급을 최저시급으로 맞춰주시기 바랍니다."
}