{
  "category": "경제민주화",
  "begin": "2020-06-29",
  "content": "저는 *****를 운영하고 있는 가맹점주입니다. 먼저 제가 청원을 하면서까지 6년의 시간을 바친 나의 매장을 없애달라고 하는지 눈물도 나고, 왜 개인과 기업의 일을 정부에게 해결해달라 하시는분들이 계시겠지만 오죽하면 제가 청원에 올리겠습니까? 저도 불가능이라 생각하지만 제발 도와주십시오. 필력이 좋지 못하여 매끄럽지 못 할수 있으나, 저의 고통이 잘 전달될수 있도록 차분히 써보도록 하겠습니다. 요즘 하루매출이 10만원입니다. 뭐 더 매출이 오르는 날도 있지만, 매장을 운영할수 있는 수준은 아닙니다. 그 하루 10만원 매출로 제품매입, 임대료,전기세, 세금, 관리비, 인건비 감당 못합니다. 하루에 10만원 팔면서 알바도 쓰냐 하실테지만, 평일 5일동안 10시에 출근해서 저녁 9시에 퇴근합니다. 6살 아이가 있어 주말엔 알바를 씁니다. (본사에서 매장 휴무 못하게 합니다) 다른 아이들은 하원해서 엄마랑 놀이터도 가고, 놀다 집에가서 밥 먹고 9시정도에 잠을 자죠. 저희 아이는 4시에 하원해서 9시까지 엄마랑 매장에 있다가 집에 갑니다. 그나마 주말알바를 써야 애기랑 놀아줄 시간이 납니다. 코로나의 여파로 경제가 어려워서 손님이 없을 수 있습니다. 하지만 *****는 코로나보다 본사 갑질 때문에 가맹점들이 절벽에 내몰리고 있습니다. 첫째,직영몰에서는 모든 *****제품을 판매하면서 로드샵(가맹점)에서는 팔수 없는 제품들이 있습니다. 온라인전용제품이라면서 본사 맘대로 행사해서 고객들을 온라인으로 유도합니다. 하루에도 몇번씩 온라인제품 찾다 돌아가는 고객들 보면 왜 같은 ***** 제품인데 온라인전용으로 구분지어 놨는지 울화통이 터집니다. 둘째, **의 과도한 할인으로 매장은 테스터 하는 곳으로 전락했습니다 왜 본사는 가맹점을 모집해놓고 더 싼 가격으로 **에 공급하는걸까요? 온라인 전용 브랜드를 따로 만들어 팔면 되지, 왜 가맹점에서 힘들여 키워온 브랜드를 온라인에 무임승차 판매 하는건지 도무지 이해가 되지 않습니다. 가맹비내고 가맹계약서에 사인할때 온라인에 판매한다는 조항은 없었습니다. 셋째, 본사의 무분별하고 과도한 매장 오픈으로 가맹점은 더 힘듭니다. 저희 가맹점주들은 **에서의 ***** 철회와 동일한 정책을 요구하면서 본사앞 집회와 공정위 제소까지 했지만 본사의 일관적인 모르쇠로 너무나 지쳐있습니다. 본사가 원하는 온라인전용 브랜드로 전환하시고, 전국의 ***** 매장을 모두 없애주십시오. 저희도 힘들다고 가맹버린 본사와 더 이상 같이 일할 생각없습니다. 단, 가맹비 다 물어내고 손해배상 해주십시요. 저희도 있는돈 없는돈 다 대출받아서 *****매장 차린겁니다. 폐점하고 싶어도 임대기간 남아있고 본사계약 기간 묶여있어 폐점도 못합니다 저 하나 이렇게 청원 올린다고 뭐가 달라지겠냐만은 정말 하루하루 죽고 싶은 심정으로 매장에 나오고 있습니다. 알바보다 못한 저희가 이렇게 간절하게 씁니다. 온라인판매를 위한 테스트매장으로 이용하지 마시고 **에서 철수하든지 가맹비등 보상하고 가맹사업 철수해 주세요!!! [본 게시물의 일부 내용이 국민 청원 요건에 위배되어 관리자에 의해 수정되었습니다]",
  "num_agree": 1460,
  "petition_idx": "590184",
  "title": "전국의 ***** 매장을 없애주세요."
}