{
  "category": "교통/건축/국토",
  "begin": "2020-06-29",
  "content": "서민들의 자금과 개인사정 고려없이 6월 17일 부동산 규제를 하루아침에 기습적으로 발표하여 서민 피해를 야기하고 가중시키는 부동산 규제정책을 철회하고 무효로 해야 합니다 일부 개인들의 이해관계와 몰상식하고 비합리적인 아이디어가 반영되어 각 지자체가 투기지역 및 조정지역 해제를 요청하고 있습니다 일부 지역에게는 규제없는 시혜와 특혜를 일부 지역에게는 규제를 가하여 부동산 정책과 규정을 믿고 청약 및 부동산 매수, 매도를 위해 계약한 분들에게 피해를 주는 22번의 부동산 규제는 모두 철회되어야 합니다 국토부장관 및 금융위원회의 무리한 부동산 대책으로 인한 사과와 반성을 위한 기자회견을 제안합니다 규제는 또다른 부작용을 낳고 시장경제를 야기시킵니다 공인을 위하고 서민 주거안정이라는 잣대로 가상의 투기꾼을 설정하고 국민사정 고려없고 법률을 소급하고 위헌을 야기하고 법률 유예도 없는 변덕스러운 규제 무질서한 규제정책을 철회해주세요 기존 정책을 신뢰한 국민의 당연한 권리이자 침해되서는 안되는 사적 재산권을 보호해주세요 1.무주택자 및 1주택이상자가 비조정지역에서 청약한 경우 기존대로 대출한도 70 ,1주택자는 60프로 해주세요 2. 서울 및 수도권 무주택자 및 1주택자 보금자리론 및 신혼부부 소득기준을 완하하여 종전 7천만원 또는 신혼부부 맞벌이 8500만원의 기준을 없애고 모두에게 공평하게 대출 70프로 해주세요 3. 주택처분서약없이 비조정지역 청약당첨되신 분들에게 기존 약속대로 주택처분없이 대출 60프로 이상 나오게 해주세요 4. 2주택자 이상이 집을 매도시에 양도세 중과 없애주세요 5. 비조정지역 분양권 2개소유하신분들 모두 중도금대출 및 잔금대출 모두 계약당시 약속대로 시세의 대출한도 60프로로 해주세요 6. 서울아파트가 시세가 오르고 있어서 집을 매수하기 힘드니 최경환 부총리님 정책처럼 대출 70프로 나오게 해주세요 그당시 서울아파트 대출 70프로 일으켜 잔금치루고 서민주거안정이룬 지금의 기성세대와 평등하고 공정하게 해주세요 7. 인천공항공사 비정규직을 정규직화한 후에 정규직은 공부많이하였다고 2배 임금 받으면 안된다는 국회의원이 있다면 그분의 월급책정 산정기준, 그분도 국회의원되어 그리 많은 국민세금으로 이루어진 월급을 받아도 합당한가 라는 의문점 풀어주세요 내로남불 내가 하면 로망 남이 하면 불륜인 지긋지긋한 규제 및 차별정책 철회해주시고 공정하고 정의로운 사회로 회복시켜 주세요",
  "num_agree": 660,
  "petition_idx": "590161",
  "title": "6월 17일 부동산 정책 전면 무효 백지화 해주세요"
}