{
  "category": "인권/성평등",
  "begin": "2020-06-29",
  "content": "안녕하세요? 소녀상 지킴이들 지금 종로경찰서 로 부터 탄압과 무시을 당하고있습니다. 소녀상 지킴이 농성 6일째 , 자유연대 김**과 안** 단체에서 소녀상을 지키는 반아베 반일투쟁 (일명, 소녀상 지킴이 ) 에게 참아 입에 담을수없은 헌담과 욕설 에 학샌들 수치심을 느낄정도로 막말을 하고있습니다. 그러나 옆에 있는 종로서 경찰들 그냥 지켜보고만 있을뿐입니다. 그리고 종로서 경찰은 학생들에 빗꼬우식 으로 애들을 대하고있으면 모임장소에 안** 단체가 일본 전범기 걸어 그걸 치우러고하는 소녀상 지킴이들 근데 여기서 종로서 경찰은 학생들아니 점범기을 보호하고 그걸 치울러하는 학생들에게 물리적 진압 까지 행사 했습니다. 소녀상 지킴이들의 안전을 최우선으로 보장해주고 , 종로서장과 경비과장은 사과를 소녀상 부근으로 안** 김** 자유연대 집회 신청을 취소해주실거을 바랍니다.",
  "num_agree": 2199,
  "petition_idx": "590176",
  "title": "종로경찰서는  소녀상 지킴이들을  우선 보호하라 !!!!!"
}