{
  "category": "보건복지",
  "begin": "2020-06-29",
  "content": "2020-06-24 질병관리본부 보도자료에 업로드된 표제의 건으로 청원 제기 합니다. 방문판매 업체, 물류센터발 확진이 아직도 문제가 되고 있는 지금과 같은 시기에 치료소에서 격리 중인 양성 확진자의 퇴소를 결정한 정부에 강력하게 청원을 제기 합니다. 당사는 선박 대리점으로 선원의 출입국 및 승하선을 관리하는 업체입니다. 지난 4월 중순부터 현재까지 400명 가까이 되는 선원의 입국 및 출국 선박 승하선을 핸들링 했으며 현재도 관리중인 선원이 수 십에 이릅니다. 2020-06-25 18:40 경 안성제1치료소 담당자로부터 \"코로나19 확진자의 격리해제 기준 변경사항\"에 의거하여 당사에서 관리 중인 선원 1명이 2020-06-26 12:00 까지 퇴소를 해야 한다는 통보를 받았습니다. 근거는 해당 환자가 PCR검사(6월20일 시행) 결과 양성이 나왔지만 확진 후 10일이 경과했으며, 이 기간 동안 증상이 발생하지 않았기 때문입니다. 상식적인 생각으로... 사회적으로 코로나19 확진이 계속되고 있는 이 시점에 무증상 양성환자를 픽업해간다고 하는 차량이 있을까요? 출국하기 전까지, 혹은 선박에 승선하기 전까지 머물 수 있게 해주는 숙박시설이 있을까요? 음성확인서가 없이 출국은 가능하겠지만, 도착지에서 받아 줄까요? 선박에 승선 한다고 하면 승선은 가능할까요? 하지만 치료소 담당자는 중수본의 지침이고 전문진의 판단이라고만 하며, 해당 환자는 대중교통을 탈 수도 있고 비행기에 탑승해도 된다고 이야기 했습니다. 또한 퇴소일인 2020-06-26 12:00 까지 픽업이 이루어지지 않는 경우, 해당 환자를 터미널까지 모셔드린다고 했습니다. 6/15 부터 제출서류 및 자세한 지침은 내놓지 않은 채 국가시설 격리대상 선원의 조건부 조기퇴소 안을 공고만 하고 1주일 가까이 전화통화 한 통 하기 어려웠던 중앙사고수습본부의 외국인출입국관리팀 책임자는 오늘도 역시 연락이 되질 않았습니다. 내일 어떻게 해야 할지 결정을 못내리고 있던 와중에 치료소에서 19:30 경 다시 연락이 왔습니다. 내용인 즉, 내일 퇴소 예정이던 해당 환자가 인후통 등의 증상이 발현하여 퇴소 결정이 취소되었다는 내용이었습니다. 만일 이 환자가 오늘 저녁에 증상이 발현되지 않고 퇴소후 증상이 발현되었다면... 그에 대한 책임은 누가 지는 겁니까? 이 환자를 받아줬던 호텔이 영업을 못하게 되었다면 그 피해는 누가 보상해 줍니까? 이런 상황까지 모두 감안하고 고민한 뒤에 이런 지침을 내놓는 것인지 정말 의구심이 듭니다. 문제가 터졌을때 피해를 볼 당사자들의 생각은 하면서 정책을 시행하시기 바랍니다. 이 환자의 사례를 통해서 전문가들의 의견인 \"코로나19 환자 발병 후 10일 경과 시 타인으로의 전파 가능성 낮음\" 은 문제가 있다고 생각되며 빨리 \"코로나19 대응지침(지자체용) 개정안(제9판) 개요\"의 공고에 대한 철회를 요청합니다. 더 큰 문제는 당사 담당 환자 말고도 10명의 양성확진자들이 확진판정을 받은지 10일이 경과하고 그 기간동안 증상이 없었다는 이유로 아직 검사결과가 음성이 아닌 양성임에도 2020-06-26 퇴소하여 우리 주변을 돌아다닐 수 있다는 겁니다. 해당 치료소의 퇴소예정 10인 또한 즉각 퇴소 철회를 해야 한다고 강력히 청원 드립니다.",
  "num_agree": 171,
  "petition_idx": "590187",
  "title": "코로나19 대응지침(지자체용) 개정안(제9판) 개요관련 청원"
}