{
  "category": "행정",
  "begin": "2020-06-29",
  "content": "안녕하세요. 저는 서울에서 원룸이나 오피스텔을 중개하고 있는 공인중개사입니다. 오랫동안 공인중개사일을 하느라 많이 걸어다녀서 그런지 아니면 나이가 많아서 그런지 현재는 족저근막염으로 고생하고 있습니다. 다름이 아니라 제가 최근에 구청 *** **과에서 공인중개사법위반에 대한 행정처분 에고장을 받았습니다. 그런데 저는 너무나 억울해서 *** **과에 하소연을 해봤지만 억울하면 행정소송하라는 답변을 받았을 뿐입니다. 사건을 말씀드리면 다음과 같습니다. 원룸을 구해달라는 의뢰인이 5월 마지막주 토요일 오후에 저희 사무실을 방문하셨고 의뢰인의 아들이 현재 근처 고시원에 사는데 공동취사시설,공동화장실로 불편하니까 최대한 저렴한 풀옵션 원룸을 구해달라고 요청하셨습니다.그래서 저는 성심성의껏 방을 구해드렸고방을 두변이나 본 후에 처음에는 의뢰인과 남편이, 그다음번에는 고시원에 거주하는 아들과 함께 두변이나 방을 본 후에 방이 마음에 든다고 하셨습니다. 그리고 계약을 할테니까 가격을 더 조정해 달라고 하셨고 저는 집주인을 설득해서 천만원이나 더 가격을 깍아서 의뢰인 마음을 흡족하게 해드렸습니다. 그리고 등기부등본을 발급해드렸고, 등기부 등본에 는 근린생활 시설(고시원)으로 표기되어 있는것과 근저당을 확인 시켜 드렸으며, 집주인 계좌번호를 알려드렸습니다. 토요일 늦은 저녁시간이라서 일단 가계약금 100만원만 집주인 계좌로 송금했고 계약서는 6월1일 월요일 오후 5시에 작성후 바로 잔금처리하고 입주하기로 했습니다. 계약한 방은 현재 거주하고 있는 분이 있어서 집주인께 급히 방을 6월1일 오전까지 비워달라고 요청드렸습니다. 저는 정말 최선을 다해서 중개를 해드렸고 의뢰인도 흡족해 하시면서 고맙다고 인사까지 하셨습니다. 그런데 그 다음날 무슨 이유인지는 잘 모르겠지만 일요일 오전에 게약한 집이 근린생활 고시원인데 원룸으로 꾸민 위반 건축물이라고 주장하면서 게약을 해지하겠다는 문자를 보내왔습니다. 그리고 배액배상인 200만원을 달라고 요구하셨습니다. 계약당시에는 위반건축물이면 계약을 파기하겠다는 특약은 없었습니다. 저는 이 집을 한반도 게약한 적이 없어서 위반건축물이 맞는지 부랴부랴 건축물 대장을 열람해 봤는데 다행히도 위반걱축물이 아니었습니다. 그래도 저는 불안한 마음에 집주인한테 확인을 했고 집주인은 10년전 다세대주택을 풀옵션원룸으로 리모델링 하면서 합법적으로 건축과와 세무서의 허락을 받고 리모델링을 했다고 하시면서 저에게 문자로 집주인의 주택임대 사업자 등록증까지 보내왔습니다. 저는 이사실을 게약한 의뢰인에게 그대로 전달했는데 의뢰인은 자기가 일하고 있는 회사의 이사님이 군포시청 에 40년동안 근무했고 건축과에서도 근무를 했는데 위반건축물이 맞다고 집주인이 불법을 저지른 거라고 집주인이 저까지 속인거라고 했습니다. 그래서 저는 집주인에게 계약금을 돌려 드리는게 어떻겠느냐고 권유했고 처음에는 집주인이 무슨말이냐고 펄쩍 뛰셨습니다. 집주인 입장에서는 현재 거주하고 있는 임차인까지 내보냈는데 계약이 파기가 되서 난감해 하셨습니다. 그래도 제가 계속 계약금을 돌려 드리는게 어떻겠냐고 사정을 했고,의뢰인이 가계약금의 두배를 요구한다고 전달해 드렸습니다. 그래서 집주인이 정 의뢰인이 싫다고 한다면 계약을 일방적으로 파기한 사람을 일단 부동산 사무실로 오게 하면 가계약금 100만원을 돌려 주겠다고 했습니다. 저는 집주인말을 의뢰인에게 전달해 드렸는데 의뢰인은 자기가 왜 부동산에 다시 가야 하는지 모르겠다고 하면서 저한테 과태료 500만원 맞을 각오나 하라고 협박을 하면서 일방적으로 전화를 끊었습니다.그리고 이틀후에 *** **과에서 저한테 전화가 왔고 사실 확인을 위해서 방문하라고 했습니다. 저는 토요일 밤 늦게 까지 그 의뢰인을 위해서 일을 했느나 수고비 단 한푼도 받은 적 없었고 게약서를 작성한 적도 없는데 *** **과에 불려가서 진술하고 확인서까지 작성하고 돌아왔습니다. 그리고 며칠전에 *** **과에서 업무정지 일개월 예고 통지서가 등기로 날라왔습니다. 이유는 위법 건축물이 아니라고 설명했다고 신의성실 위반이라고 합니다. 저는 너무 억울해서 하소연을 했으나 억울하면 행정소송을 하라는 답변만 받았습니다. 저는 위법건축물이 아니라고 말한적 없고 건축물 대장에 위반 건축물로 되어 있지 않다고 공부상에 나온대로 설명 한 죄밖에 없습니다. 의뢰인은 가계약금 돌려 받았고 저는 업무정지 1개월 예고통지서 받았습니다. 저는 너무 억울하고 분해서 지금까지 짐도 잘 못자고 일에 대한 의욕도 떨어져서 일도 하기 싫고 손님들도 다 무섭습니다. 코로나 바이러스로 인해서 손님도 없고 매출도 많이 떨어져서 근근히 생활하고 있는데 이런 일까지 겪으니까 세상 살기가 싫어집니다. 해당구청 **과에 전화해서 왜 이건물을 위반건축물로 등재 안시켰냐고 하니까 그 건물이 위반인지 자기들도 그동안 몰랐다고 합니다. *** **과에 따지고 자기들은 죄없으니까 전화하지 말라고 합니다. 부디 저의 억울함을 풀어 주시길 간곡히 부탁드립니다. 감사합니다. [본 게시물의 일부 내용이 국민 청원 요건에 위배되어 관리자에 의해 수정되었습니다]",
  "num_agree": 287,
  "petition_idx": "590143",
  "title": "힘 없는 공인 중개사를 도와 주세요"
}