{
  "category": "문화/예술/체육/언론",
  "begin": "2020-06-26",
  "content": "MBC 뉴스데스트 팩트의무게는 편파적인 보도로 사실관계를 왜곡하고 편집했습니다. 이에 방송통신심의위원회를 통한 시정조치 및 정정보도를 요구합니다. 팩트의 무게에서 보도한 내용은 인천국제공항공사 직고용전환대상자들이 직고용됐을때 제1노조가 되서 생기는 부작용, 이미 도로공사, 서울교통공사, 한국철도공사에서 일어나고있는 부작용은보도하지않았습니다. 그들이 제1노조가 되면 교섭권을 가져와서 발생하는 내용 역시 현안과 밀접한 관련이 있는 중요한내용입니다. 도로공사와 서울 교통공사, 코레일의 직고용사례를 추가보도하여 국민의 알권리를 보장해야합니다. 두번째 저들이 시험을 치고 입사한다고 청원글의 팩트를 거짓이라고 말하였습니다. 2017년 5월 이전 입사자 1100여명에 대해서는 채용시험없이 입사하는것이 팩트이고 이렇게 보도했어야 했지만 그렇지 못했습니다. 세번째 2017년 5월이후 전환대상자인 800명이 치르는 시험이 왜 공개채용과 같다고 거짓보도하였습니다. 서류통과기준을 보도하고 그들이 같은 수준의 기준을 적용받는지 보도하여야하지만 그렇지않았으므로 거짓보도입니다. 네번째 이들의 입사과정에 전국민들이 기회를 제공받지 못했다는 사실을 빼놓고 보도하였습니다. 그자리에 만약 공석이있고 직고용된다는 것을 알았다면 경쟁이 있었을 것이나 이들의 채용과정에 경쟁이 누락되어있다는 사실을 보도하지않았습니다. 마지막으로 다섯번째 전환대상자를 비정규직이라고 보도하였습니다. 그들은 이미 자회사 정규직은 약속받았습니다. 이사실을 얘기하지않은것은 명백한 오보도입니다. 위 5가지 이유를 들어 MBC의 보도는 명백한 오보도이며 시정조치를 요구합니다.",
  "num_agree": 965,
  "petition_idx": "590114",
  "title": "인천국제공항 관련 MBC의 편파적 팩트체크(?) 정정하고 방통위에서 시정조치하길 요구합니다."
}