{
  "category": "기타",
  "begin": "2020-06-29",
  "content": "대한민국 남자라면 20대 청춘을 잠시 접어두고 나라의 국방의 의무를 가지고 나라를 지키로 2년동안 타지에가서 개고생을합니다 근데. 국회 직원 여직원이라는 사람이 아주 군인과 전역자를 비난하는 글이 있습니다 우리나라 전쟁나면 누가 지키죠? 아시죠? 군인입니다 또 누구죠 예비군 60만명입니다 우리나라 전쟁나면 강력한 전투력이 어디서나요? 예비역 입니다 저도 군대를 전역했고 저런 글 너무 화가 치밀어올라서 6월27일 02시 10분에 작성합니다 내용은 #여의도_옆_대나무숲_1417째_외침 20. 6. 26. 오후 2:09 제출됨<직원 인증> 장교인니 머시긴지 출신 한(국)남(자)들은 적성찾아서 간 군대 그냥 말뚝박지 왜 사회에 나와서 악영할을 끼치는지 정말 모르겠다 나한테 일미치고 사무실 필요한용품 장봐오라는건 무슨일이며 스템플러는 왜 나한테 찍으라고 하는걸까 손이 없는걸까? 9:1성비 진짜 재밌네 ㅎ 곧 말로만듣던 커피 심부름도 할듯^^ 직업비하아니고요ㅠ제가 만난 직업군인은 다 그렇다고요 ..(머쓱) 내가 군대에 다녀오기라도 해야하나.. 아니다 그냥 군대갔다온사람 믿고 거를래요😢 면제 최고🥰 한남 한남 한남 우리나라 남성 비하발언이죠? 직업군인도 욕을하고 장난합니까? 2년동안 개고생해서 전역하고 여자보다 뒤늦게 대학교를 졸업하고 사회에 뛰어드는데 강력하게'처벌'해주시기 바랍니다. 이건 6ㆍ25 참전용사님들에게도 아주 모욕적입니다 지금도 나라지키느라 눈뜨고 계시는 군인분들께 감사합니다.",
  "num_agree": 889,
  "petition_idx": "590169",
  "title": "여의도 국회 여직원 막말녀 강력하게 처벌해주세요"
}