{
  "category": "교통/건축/국토",
  "begin": "2020-06-29",
  "content": "김현미 국토교통부 장관이 6·17 부동산 대책 발표 후, 부동산을 잡기 위해 정부가 다주택자를 압박하고 있는 가운데 일부 청와대 참모들이 집을 두채 이상 보유하지 말라는 정부 정책 기조와 달리 집을 팔지 않고 있는다는 지적에 대해 공감하면서 여전히 다주택자로 남아 있는 것에 대해 “아쉽다”며 유감을 표시했다. 지난해 말 노영민 청와대 비서실장이 직접 집을 두 채 이상 갖고 있는 참모들은 6개월 내 팔라고 했지만, 정작 한 명만 집을 매각한 것으로 알려졌다. 김현미 국토부장관은 \"집을 팔면 좋았을텐데 저도 아쉽다\"라고 했다. 선량한 서민은 무주택이어도 투기꾼이라고합니다. 위헌이어도 소급적용이랍니다. 일부 청와대 참모는 그냥 ... 아.쉽.다.! 이게 다입니다.. 선량한 서민들도 좀 아쉬웠으면 좋겠는데요.. 아직도 다주택자인 청와대 참모들 명단 공개좀 해주십시요! 그리고, 왜 아직도 그들은 다주택을 유지하고 있는지 직접 물어 소명해주십시요! 아!쉽!다!",
  "num_agree": 389,
  "petition_idx": "590165",
  "title": "\"아쉽다\""
}