{
  "category": "문화/예술/체육/언론",
  "begin": "2020-06-30",
  "content": "안녕하세요 제주해녀문화보전회 장정애입니다. 여러분께 청원을 올리는 이유는 제주해녀를 지키기위해서입니다. 긴 글이지만 읽어주시고 공감해주셨으면 합니다. 최근 해녀문화유산과가 통폐합될 위기에 처하여 해녀문화유산보전에 위기를 맞고있습니다. 제주해녀는 제주의 어머니입니다. 제주해녀문화는 유네스코 인류무형문화유산으로 등재될 만큼 세계적으로 그 문화적인 가치를 인정받았습니다. 제주특별자치도는 제주해녀문화를 보전하기 위하여 해녀문화유산과를 설치하여 그 업무를 수행하여 왔습니다. 그런데 최근, 해녀문화유산과를 해양산업과와 합쳐 해양해녀문화과로 통폐합하려는 제주특별자치도의 움직임을 보면서 제주해녀와 도민들은 비통함과 배신감을 감출 수 없습니다. 2016년 11월 제주해녀문화가 유네스코 인류무형문화유산으로 등재가 확정되었을 때 제주해녀문화의 가치를 지키고 보전하겠노라고 77억 전세계인들에게 약속까지 하였습니다. 만일 통폐합될 경우, 제주해녀문화 관련업무는 일개의 과가 아닌 계로 전락하면서 향후 그 업무가 현저하게 축소될것입니다. 이는 인류무형문화유산이며 제주의 혼인 제주해녀문화를 지키고 보전하기에는 너무나 취약한 구조가 될 것입니다. 제주해녀들은 제주특별자치도가 제주해녀들을 이용하였고 이제는 그들을 배신하고 져버렸음을 느끼며 통곡하고 있습니다. 제주의 약 9천800명의 해녀들은 허탈함과 상실감으로 울부짖고 있습니다. 해녀문화유산과가 현행대로 존속되어야만 제주해녀의 생명과 가치를 지켜갈 수 있습니다. 제주특별자치도가 그 약속을 지키도록 여러분, 마음을 모아주십시오. 해녀문화유산과가 축소통폐합되지 않고 존속되도록 청원해주시길 간곡히 부탁드립니다",
  "num_agree": 192,
  "petition_idx": "590208",
  "title": "제주해녀를 지켜주세요."
}