{
  "category": "기타",
  "begin": "2020-07-01",
  "content": "안녕하세요. 저희는 6명의 소상공인 자영업자들입니다. 저희 대부분은 한 장소에서 15-20년 가량 영업을 하고 있습니다. 그리고 저희 영업장 바로 옆(약5m)에는 대기업 매장이 있습니다. 큰 대형매장입니다. 그 대기업과 저희는 바로 옆 이웃으로서 10년 이상 서로 상생하면서 주변의 상권을 형성해 왔습니다. 그런데 작년 7월 임대인은 그 대기업과 대지계약을 체결했다고 하면서 우리에게 임대차 해지를 통보하였습니다. 그 대기업은 지금보다 더 큰 매장으로 이전을 위하여 저희가 임차하고 있는 건물을 철거하고 대지만 임차하여 본인들이 직접 건물을 신축한다고 합니다. 이런 계약은 일반적으로 그 대기업이 아니면 주변 상권이 형성된 도심에서 발생하기 어려운 계약입니다. 일반적으로 건물을 철거하여 신규 임대차 계약이 발생하는 경우는 건물 노후 등으로 인하여 임대인이 재건축을 하거나, 건물 또는 토지를 매도하여 발생하는 경우입니다. 저희는 어떤 경우가 발생하더라도 현재 상권을 지켜야 하기 때문에 임대인과 임대료 협상 등에 응할 생각을 가지고 있었습니다. 그런데 그 대기업은 임대인에게 훨씬 좋은 임차 조건을 제시하여 계약하도록 유도함으로써 저희들은 협상할 기회조차 얻지 못했습니다. 저희들이 파악하기로 그 대기업과 임대인의 계약 조건은 위에서 언급한 ‘임대인이 건물을 신축하여 신규 계약하는 경우’ 등과 비교해 봐도, 임대인에게 훨씬 더 좋은 조건으로 계약한 것으로 알고 있습니다. 물론 임대인 입장에서는 수입이 늘어나므로 마다할 이유가 없을 것입니다. 하지만 함께 더불어 사는 사회에서 바로 이웃의 소상공인들을 이런 방법으로 내모는 것은 대기업의 상도가 아니라고 생각합니다. 특히 저희 소상공인들은 그 대기업이 판매하는 제품과 동종 제품을 판매하는 업체들도 있는데 이렇게 대기업이 시장을 독점해 나간다면 소상공인 자영업자들은 설 자리가 없을 것입니다. 그리고 그 대기업은 현재 매장에서 10년 이상 계속 영업을 해왔고 현재 계약을 연장 할 수도 있기 때문에 굳이 저희가 영업하는 장소로 옮길 필요가 없습니다. 그런데 조금 더 큰 매장에서 영업하기 위해 옮긴다는 이유로 이웃 소상공인들의 상권을 침범하는 것이 과연 옳은 일일까요? 오랫동안 경기 침체와 최근 코로나 사태가 겹쳐 저희 소상공인들은 어려운 환경에서 생활하고 있습니다. 그런데 오랫동안 닦아온 삶의 터전까지 빼앗기는 것 같아 화가 나고 마음이 아픕니다. 특히 바로 옆에서 오랫동안 함께 영업해왔던 대기업에서 이런 일을 하니 더 황당하기만 합니다. 임대인은 그 대기업이 좋은 조건을 제시하자 우리들과 전혀 협의도 하지 않고 대기업과 계약을 체결한 후에 계약 해지를 통보하였고 결국 명도소송을 하였습니다. 저희 소상공인들은 상가임대차 보호법상 계약기간이 남아있는 업체도 있고 여러 가지 법적 다툼의 소지가 있는 업체도 있는데, 임대인은 대기업이 원하는 일정에 맞추기 위해 성급히 계약을 진행한 것입니다. 실제 이번 계약을 주도한 사람은 임대인(임대인이 법인입니다)의 대리인인데 해당 법인의 이사장을 맡고 있습니다. 이 대리인도 우리와 같은 지번에서 임차인으로서 공인중개사 사무실을 운영하고 있기 때문에 그 대기업과 계약을 하면 본인 상가도 철거를 해야 해서 손해를 보는데, 어떤 이유로 이런 결정을 했는지 궁금하기만 합니다. 현재 저희는 명도소송에 대처하고 있지만, 단지 상가 임대차 보호법으로만 올해 계약 만료가 임박한 업체들이 대응하는데 법적인 한계가 있고 저희가 계속 대응할 수 있을지도 자신이 없습니다. 부디 저희 소상공인들의 삶의 터전을 보호해주시길 부탁드립니다. 덧붙여서 위와 같은 내용과 공정거래법 위반에 대해 법률자문을 받은 내용으로 공정거래 위원회에도 신고 접수(공정거래위원회 신고 신청번호 : ***-****-*******)하였습니다. 그런데 해당 내용에 대해 조사여부를 결정하고 또 조사를 하는 데 많은 날이 소요된다고 합니다. 그럼 저희 소상공인들은 삶의 터전에서 나갈 수밖에 없습니다. 그래서 부디 이 사안에 대해 공정거래위원회에서 공정하고 신속한 조사를 할 수 있도록 권고해 주시기를 부탁드립니다. [본 게시물의 일부 내용이 국민 청원 요건에 위배되어 관리자에 의해 수정되었습니다]",
  "num_agree": 163,
  "petition_idx": "590249",
  "title": "대기업의 무분별한 확장을 막아주세요"
}