{
  "category": "육아/교육",
  "begin": "2020-06-30",
  "content": "코로나19로인하여 유치원퇴소 원아들이 늘고있습니다 사립유치원은 주변유치원과 연합하여 입학금환불을 거부하고있습니다. 교육청은 5월초에 부모의어려움을 덜고자 코로나19 휴업기간 사립유지원 학부모부담금 전액환불을 발표하고 유치원지원사업을 한시적으로 발표했으나 입학금은 반환은 해당사항이 없다고 안내했다 코로나로 인한 퇴소는 입학식도 등원도 교육도 받지못하는 특수한 상황이고 입학금또한 퇴소원아에있어 가장큰 부담금이다 이는 코로나19로인하여 학부모부담금 전액환불발표에대한 모순이다 교육부는 유치원시행령의 입학규정을 내세워 등원도못하고있는 아이들에게 입학을간주하며 특수한이상황을 일반화된시행령으로 적용하고있다 그러나 유치원 시행령10조에의거한 수업료나 입학금반환사유는 이사태를 적용을 안해주며 초지일관 입학금환급은 어렵다는 안내뿐이다 이는 유치원시행령을 근거삼아 귀에걸면 귀걸이 코에걸면 코걸이와같은 해석으로 보이며 입학금환불에대한 원장의재량권이 있음에도 불구하고 교육청은 강제집행력이없다는이유로 부모의 피해를 알면서도 한발짝뒤로 물러서있는 교육부의 소심한 행정으로보인다 코로나19로인한 신규아동의 입학금 환불은 정당하다고 보는바이다 정부는 입학금에 부합하는 교육해택을 받지못한체 돈만지불하고 퇴소하는 원아의 정당한 입학금 환불을 보장해주기바란다",
  "num_agree": 140,
  "petition_idx": "590204",
  "title": "코로나19로인한 사립유치원 입학금 환불요청"
}