{
  "category": "보건복지",
  "begin": "2020-07-01",
  "content": "최민준 본인은 지난해9월9일 서울광운대역 노후시설 개량사업 일환으로 지하철 프레트홈 내 노후전기시설 철거작업도중 협력업체 사장님의 지시 속에서 작업중 이동 하던중에 지하철 탑승구 스크린도어 상부위의 조명시설과 전기케이블선 철거 작업을 마치고 뛰어내리는 도중 양쪽다리 뒤꿈치 종골 골절로 산업재해로 부천 순천향병원에서 입원후2주후 수술시행 받았고 그후협력병원에서 2주마다 다친부위의 소독및 경과를 보며 기다리고 있었습니다 그런데 계속적인 통증과 다리에 마비를 호소하여지만 계속적으로 기다려라 말밖에 없어 아는 지인에게 부탁드려서 대구영남대학병원에 본인의 CT촬영사진을 지인에게 보내서 확인한 결과 수술을 빨리 시행하여야 한다며 대구로 내려오라고 하여 급히내려가 대구박병원에서 수술을 시행하여 주겠다고 약속했지만 그후 2주후본인에게 의사말인즉슨 본인은 수술할 실력이없어 큰병원에 가셔서 수술하세요 말함 이런병원이 부산에 세일병원 입니다 그후 근로복지공단 초량지역본부 에서 왼쪽종골에 대한심사를 통하여 다시 대구영남대학병원 박철현 의사님에게 부탁하여 그곳영남대병원에 수술날을 통보받아 전원신청하여 그곳에서수술을 하기위한 진료를 받던중 수술을 할수없다 이유인즉 시기가 늦어 할수없다 통증을 생각하여 발목 고정 수술을 해야한다며 저에게 권하여 본인은 그수술만큼은 하지않겠다 포기하고 밖으로 나와있는데 다른환자분의 소개로 근로복지공단 대구병원을 소개하여 그곳에서 입원하여 재활 치료를 받고있는 도중 대구코로나발병 때문에 근로복지공단 대전병원에 전원하고 이곳에서 담당의사님 께서 추천하여 병원에서 시행하는 검사를 시행하는 결과 종골골절과 요천수신경총의 손상 한국분류번호S9200. S344. 검사결과를 해당 근로복지공단 대전 병원 이곳에서 하지마비 및 신경손상으로 판명받았으며 그후 추가적인 치료를 위한 추가상병을 신청하였지만 근로복지공단 에서는 본인의 지병으로 처리하여 불승인 처분을 받고 너무나도 화가 많이나는 이유는 마비증상을 가지고 어떻게 주간 야간 작업을 할수있겠습니까 지금 저가 원하는것 수술과 치료입니다 제발 자멸에 빠져 있지않게 도와주세요 국민청원에 동참하여 주세요 부탁드립니다",
  "num_agree": 251,
  "petition_idx": "590274",
  "title": "치료 받기를 원해요"
}