{
  "category": "일자리",
  "begin": "2020-06-30",
  "content": "안녕하십니까. 저는 대한민국의 평범한 청년입니다. 감염병과의 전쟁, 국내외적으로 혼란스러운 시기에 더욱 더 국정운영 하시느라 힘드실 것이라 생각합니다. 힘든 시기 대한민국을 위해 더욱 더 다양한 생각을 포용하여 정책을 결정해 주시면 하는 바람에 청원 올립니다. 생산가능인구계층의 입장에서 IMF, 글로벌경제위기, 코로나19 크게 3번의 사건을 통해 고용안정성에 많은 비중을 두고 취업을 희망하게 되었습니다. 그 결과로 점차 공무원, 공공기관 선호도가 높아지게 되었고 더욱 치열한 경쟁을 통해 입사하기 위해 노력하고 있습니다. 그 과정에서 외부의 불공정한 힘이 작용하지 않게 하기위해 블라인드 채용을 도입하여 시행중에 있습니다. 그런데 지금의 블라인드 채용은 블라인드가 아닌 필터링채용이라고 생각합니다. 블라인드채용은 채용과정(서류·필기·면접) 에서 편견이 개입되어 불합리한 차별을 야기할 수 있는 출신지, 가족관계, 학력, 외모 등의 항목을 걷어내고 지원자의 실력(직무능력)을 평가하여 인재를 채용하는 것입니다. 그런데 공공기관의 채용에서 출신지, 학력, 성별 등 모든 것을 가리고 오직 입사 시험만으로 채용을 하여야 하는 블라인드 채용이 혁신도시에 속한 대학(최종학력)에 어떠한 조건(예를들어 학점 4.0 이상 등) 없이 채용목표 할당을 주는 것이, 비수도권지역인재를 도입하여 혜택을 주는 것이 과연 블라인드 인가 생각합니다. 부디 지역인재 폐지를 통해 공정한 블라인드 채용을 실현해 주세요. 추가제안내용으로....... 국토균형발전을 실현하기 위해 채용을 이용하는 것을 반대 하지만 수도권에 집중된 인구를 분산시키기 위해 지역인재라는 전형이 필요 하다면 최종학력(대학)이 아닌 해당 지역에서 몇 년 이상 거주하는 실 지역민에게 그리고 노력한 '인재'에게 그 혜택이 돌아가야 한다고 생각합니다. 또한 블라인드 채용의 필요성에서 언급된 직무중심 채용을 통한 사회적 비용감소 필요에서 과연 전공시험 < NCS시험 인가에 대한 논의도 부탁드립니다.",
  "num_agree": 629,
  "petition_idx": "590211",
  "title": "기회는 평등하고, 과정은 공정, 결과는 정의로운 취업, 진정한 블라인드 채용을 진행해 주세요."
}