{
  "category": "기타",
  "begin": "2020-06-30",
  "content": "코로나 19는 누구의 잘못이 아닙니다. 각자의 불안을 멈추고 다음 글을 읽고 잠시 생각하여 주시면 감사하겠습니다. 그리고 언론은 부디 제대로 확인도 하지 않은 채 사람들의 공포를 조장하는 잘못된 보도 관행을 개선하여주시기 바랍니다. 고통 안에서 쓴 제 글이 게시판의 특성에 맞지않을까 망설이다가 올려봅니다. 최근 전북 **의 *번 확진자의 조카 이**입니다. 그리고 다음의 글은 어머니 장례를 마치고 슬퍼할 겨를도 없이 엄마를 가장 사랑했던 이모의 코로나 19 확진 판정에 자가 격리 된채 쓴 제 일기입니다. 제대로 된 확인없이 기사를 쏟아내어 아픈 이모와 슬픈 저희 가족의 가슴을 멍들게한 언론과 익산시의 안일한 대처에 대하여 반성하게 하고싶습니다. 모든 사람들이 나를 걱정해준다. 고마운 일이다. 내가 못 살아오진 않았구나 싶게.. 그러나 그 방법이 다들 자기 식대로이긴 하다. 내가 괜찮다고 하여도 니가 뭐가 괜찮겠니.. 하고 내가 힘들긴 힘들지 하면 다 지나가.. 라고 한다. 그렇다. 정말 힘들다. 엄마가 아플 때도 엄마가 죽을까봐 힘들었다. 오늘은 있는데 내일은 내 곁에 없을까봐. 엄마랑 내가 몸이 달라서 엄마가 아픈게 어떤 느낌인지 몰라서 미안했고 그게 너무 괴로웠다. 내가 잘 먹고 잘 지내면 아픈 엄마에게 미안했고 내가 엄마를 돌보느라 다른 가족과 함께 하지 못할땐 나머지 가족에게 미안했다. 내가 가르치는 아이들에게 소홀할까 두려워 잠을 줄였고 엄마가 한 입이라도 더 먹을 수 있을까 싶어 잠을 줄여가며 음식을 했다. 엄마가 죽을때 엄마를 보지 못할까봐 다섯살배기 아들을 떼어놓고 병원에서 쪽잠을 자고 새벽 간병을 하며 출근을 했다. 그래도 나는 기뻤으나 아픈 엄마가 살아주길 기적이 일어나길 매일 기도했으나 엄마는 결국 죽었다. 심지어 나는 죽어가는 엄마조차 코로나19라는 전염병 덕분에 보지 못했다. 엄마를 묻기 전 새벽.. 텅빈 장례식장에서 사무치는 슬픔 속에 홀로된 엄마의 영정 아래 누웠다. 사람들 틈에서 상주 노릇을 하느라 허깨비처럼 돌아다닐 땐 몰랐었는데.. 갑자기 우리 엄마가 너무 많이 보고싶었다. 내가 너무 사랑했던 우리 엄마. 이제 이세상에 진짜 없는데... 사람들 앞에서 마이크를 잡고 엄마에게 마지막으로 쓴 편지인 고사를 읽으며 생각했다. 천천히 읽어야지. 빨리 읽으면 엄마랑 빨리 헤어질테니까... 엄마를 묻던 날 엄마의 무덤은 참 좋아보였다. 다행이었다. 하지만 그도 잠시.. 나는 슬픔의 긴 강에 뜬 나룻배에서 정신을 차리지 못하고 슬퍼하기 시작했다. 이렇게 슬플바에야 죽는게 낫겠다 싶을 만큼 슬펐다. 사람이 이렇게 슬프면 제정신이 아닌거구나 싶게 가슴이 아프고 아렸다. 몇몇 사람들은 그렇게 넋 달아난 나를 미쳤다고 했을지도 모른다. 그리고 걱정했을 것이다. 얘가 얼마나 슬프면 이러냐 했을 것이다. 그러다.. 이번엔 갑자기 이모가 아팠다. 이모도 아마 엄마의 죽음을 나만큼 슬프고 아파했었다. 엄마가 아플 때 엄마가 죽으면 어쩌나 매일 애달프게 엄마에게 기적이 오라고 기도했었다. 그런 이모가 코로나 19로 실려갔고 사람들이 잘 알지도 못하고 불안한 마음에 앞서 우리 이모를 헐뜯고 조롱하고 두려워했다. 그냥 이사람 저사람정도도 아니고 온나라가 온지역이 떠들썩하게.. 갑자기 찾아온 병마보다 오히려 그것이 더 무서울 수도 있는데.. 사람들은 자기만 아니면 되는가보다. 사람들의 불안은 원래 사람을 뜯어먹을 만큼 무서운 것이라는 걸 난 예전에 이미 알았지만 이번엔 솔직히 너무 아팠다. 지금 나는 아픈채 격리된 이모도 걱정이고 따뜻한 위로의 마음으로 엄마의 장례에 온 많은 사람들의 안위도 걱정이다. 아무일도 없어야 할텐데.. 모두가 무사해야 할텐데.. 원불교 성직자인 동생과 아버지는 집안에 갇힌 채 그들 모두와 돌아가신 어머니를 위해 한번에 한시간 하루에 6번 6시간씩 기도를 한다. 나는 이모의 코로나 19 확진 덕분에 엄마 잃은 고통과 슬픔의 강을 나룻배 타고 건너다가 갑자기 제트보트로 갈아탔다. 그리고 벌써 육지에 도착했다. 슬퍼할 겨를도 없이.. 이건 돌아가신 엄마의 뜻인가보다. 슬퍼하지말고 정신을 차려 잘 듣거라. 눈 감았다 뜨는거란다. 아가.. 혜전아.. 유정아.. 너와 헤어지는 것은 슬프지만 회자정리를 니가 내게 알려주던 날을 기억하렴. 너와 행복했었다. 다 지나갈것이다. 지금은 아프겠지만. 오늘을 살아라. 한번에 하나씩만 생각하면서.. 청정일념.하거라. 하신다. 사람들이 그만 그쳤으면 좋겠다. 코로나 19는 전염병이지 누구의 잘못이 아니다. 우리 엄마를 결국 죽음으로 몰아간 병마가 누구의 잘못도 아니었던 것처럼. 그리고 그렇게 죽음으로 갈라진 우리 가족의 슬픔이 우리 잘못이 아닌 것처럼 우리 이모도 코로나 19에 걸리고 싶어 걸린 것이 아니다. 그 무서운 병을 사람들에게 옮기려고 자신이 가장 사랑하는 언니의 장례식장에 찾아온 것도 아니다. 모두에게 죄송하지만 그 또한 우리 가족의 잘못이 아니어서 누구에게 사죄를 구해야할지 모르겠다. 나는 죽어가는 우리 엄마도 보지 못하였다. 코로나 19가 덮친 병동의 중환자실에는 보호자가 하루 30분 등록된 1명만 들어갈 수 있었다. 일을 하며 다섯살 아이를 키우고 칠순이 넘은 아버지를 돌보며 남편과 함께 살아야되는 나에게 허락되지 않은 오전 10시 30분 부터 11시까지. 엄마가 죽을지도 모른다는 소식을 듣고 부랴부랴 아버지를 모시고 엄마에게 달려갔을 때 엄마는 이미 싸늘했다. 나는 차가워진 엄마의 두 볼을 부비며 아가.. 너희 엄마가 왜이렇게 차냐?고 물어보시는 내 아버지의 모습을 눈물을 삼키며 지켜보아야 했다. 그것이 우리 가족의 탓이던가.. 누가 누구를 원망하고 누가 무엇을 두려워하며 탓하는가.. 부디 모두가 원망심을 멈추고 자신의 불안을 스스로 잠재우고 이 시기를 함께 잘 극복해 갔으면 한다. 나는 엄마를 잃었고 가장 사랑하는 이모와 다른 가족을 코로나 19로 잃을지도 그리고 나조차 그 무서운 병에 걸릴지도 모르는 가운데서도 혹시나 우리 엄마의 죽음을 애도하러 온 누군가에게 폐가 될까 염려가 된다. 솔직히 이순간 내 죽음보다 더 두려운 것은 사람들의 공포심이다. [본 게시물의 일부 내용이 국민 청원 요건에 위배되어 관리자에 의해 수정되었습니다]",
  "num_agree": 150,
  "petition_idx": "590221",
  "title": "언론은 제발 코로나 19의 불안으로 인한 공포를 자극하지 마세요."
}