{
  "category": "기타",
  "begin": "2020-07-01",
  "content": "본 사고는 전남 여수시 **읍 **리 ****번지 소재 **** 건립공사 현장에서 2020년 6월 9일 9시 40분에 발생했습니다. 해당공사의 발주자는 ****이고 시공사는 ****건설, 사고자는 차량번호 전남******* 운전자 ***입니다. 사건내역 : ****의 토목공사용으로 시공사인 ****건설이 골재를 주문하였고 본 사고는 2회째에 발생했습니다. 당시 현장에 신호수나 안전요원은 전무했고, 시공사가 요구하는 장소에 하차하라는 지시 즉 후진으로 하차지에 접근 대기하다가 굴삭기사의 하차신호를 받고 하차중 차량의 전복사고가 발생하였습니다. 사고직후 ***은 119의 긴급후송으로 여수전남병원에 실려 갔습니다. 사건현장에서 **** 사장은 ***의 차량 지입사 상무와 팀장에게 치료비와 차량수리비 일체를 책임지겠다는 말을 했고 이에 따라 비로소 전복된 차량에 대한 수습절차를 진행한 바 있습니다. 통상 현장내 차량사고의 경우 사건의 책임여부가 일단락이 되지 않으면 차량은 전복된 그대로 현장에 보존되어야 합니다. 그러나 이 경우 ****측이 시공사이자 주문자인 ****건설 및 운전자간에 책임소재를 명확히 해주었던 결과입니다. 해당사고로 인한 사고차량 수습비용과 수리비용은 4천만원이상입니다. 운전자의 상해정도는 갈비뼈골절 4개와 타부위 다발골절과 이로 인한 폐손상등으로 막대한 치료비가 발생했습니다. 이러한 상황이오나 당시 모든 책임을 지겠다던 ****측은 전혀 다른 주장을 합니다. 그저 도의적인 책임은 지겠으나 피해액을 한푼도 부담할 수 없다. 운전자 운수소관이니 알아서 해라 식으로 소닭보듯 상대도 안하겠다는 태도입니다. 또한 본 사고의 당사자인 ****건설 또한 자신들로선 따로 해줄 수 있는 방도가 없다며 연락마저 두절입니다. 운전자인 피해자는 사고차량 한 대로 하루 벌어 하루를 호구하며 살아온 탓에 저축도 없고 집도없는 무일푼의 서민입니다. 당장에 일을 하려해도 밀린 병원비를 정산하고 퇴원해서 차량은 수리를 마쳐야 하는데 이처럼 오도가도 못하게 발목잡혀 있으니 어찌해야 하는지 참으로 감당키 어려운 절벽에 봉착하였습니다. 누군가는 법으로 배상을 청구하는 수밖에 없다지만 이 경우 법에 밝고 재정이 넉넉한 저들을 상대로 무언가 해볼 도리가 없습니다. 이대로라면 누구에게 하소연도 못한채 졸지에 전재산인 차도 잃고 온전치 못한 몸으로 온식구가 길바닥에 나앉게 되었습니다. 바램이라면 사고당시에 피해보상과 치료는 염려하지 말라던 사람들이 나서서 다만 얼마라도 책임을 다할것을 바라오나 말로만 도의적인 책임타령이고 줄돈은 단한푼도 없다며 배째라식이니 그저 세상이 원망스럽습니다. 사고 현장인 ****은 여수시에서도 어항과 경관이 수려한 해변으로 이어진 길목에 소재합니다. 주변은 호텔과 리조트, 펜션들이 밀집된 곳입니다. 이처럼 유명관광지의 요지에 ****을 건립하는 거대공사에서 이처럼 응당한 책임을 지겠다며 피해자를 우롱해놓고 이제와 내몰라라 피눈물을 강요하는 저들의 행위는 벌받아야 합니다. 원컨대 법으로 할 수 있게 무료소송을 주선해주시던가 저들에게 책임추궁할 수단을 강구해주시던가 이 가족이 감당키 어려운 이 총체적으로 재난인 상황을 벗어날 구명책을 주시기 바랍니다. [본 게시물의 일부 내용이 국민 청원 요건에 위배되어 관리자에 의해 수정되었습니다]",
  "num_agree": 485,
  "petition_idx": "590255",
  "title": "현장지시에 따랐다가 전복된 덤프차량을 다 책임지겠으니 빨리 차를 치워라 해놓고 이제와 배째라 하는 현장과 운전자는 차잃고 몸상하고 무일푼으로 길바닥에 나앉고..."
}