{
  "category": "일자리",
  "begin": "2020-07-01",
  "content": "회사는 인천 서구 중고차수출단지인 ******에서 10년째 내수 및 수출을 하고 있는 업체입니다. ****** 중고차수출단지가 형성된 초기에 입주하여 현재까지 10년간 월임대료 300만원씩 꼬박꼬박 납부하고 영업을 하고있는 업체입니다. 현재까지 임대료로 납부한금액만 3억 6천만원이상이 되며, 직간접적으로 우리와 관련된 사람들 100여명이 길거리에 나 않게 되었습니다. 지금 ******을 관리하고 있는 **(******)에서 대기업인 *****의 출고장을 만들려고 예전부터 준비해 왔으며, 원래 중고차수출단지로 조성할려고 하는******의 취지와도 어긋나게 운영되고 있는 상황입니다. 지금 대기업인 ** 과 *****과 중소상공인들을 모두 죽이려 하고 있습니다. 기존에 있던 업체들에 대해 말도 안되는 이유들은 들어서 내쫒고 있으며, 또한 기존 업체들을 *****에서 사용하기 위해서 다른 장소로 이전을 시키고 있는 상황입니다. 또한 **에서 필요에 의해 이전을 시키면서 업체들의 이전비용을 업체들에게 전가시키고 있는 상황입니다. 저희 상황을 말씀드리자면 **에서는 우리한테는 어떠한 이야기도 하지 않고 무조건 나가라고 합니다. 며칠전에 저희 사무실이 원인모를 화재가 발생하여 모든것이 전소된 상황입니다. **은 도의적으로 도와주지는 못 할 망정. 오히려 **은 전기도 단전하고 계속하여 사람들을 보내 언제 나갈건지 재촉을 하고 은근히 위압감을 조성하고 있습니다. 솔직히 하루 벌어 살아가는 우리 소상공인들이 현재 코로나로 인한 상황에서 대기업이 나가라고 하면 나가야 하는지 의문이 듭니다. 코로나로 인해 수출 및 내수가 힘들어진 상황에서 **에서는 그런거는 상관없이 대기업 입장에서 무조건 나가라고 갑질을 하고 있습니다. 저희 같은 소상공인들은 대기업이 하라고 하면 해야 하지만 솔직히 현재 코로나로 인한 모든것이 멈춘 상황에서 저희 소상공인들은 너무 힙듭니다. 하지만 대기업인 **은 그런건 안중에도 없이 소상공인들에 대해 무조건 나가라고 합니다. 화재의 정확한 원인도 저희는 모르겠습니다. 모든것이 화재로 인해 소실된 상황에서 전기까지 연결해 주지 않고 어떡하든지 영업을 하기 위해 옆집에 양해을 구하고 전기을 사용할려고 하였는데, 왜 우리한테 연결해주었냐며 옆지도 전기을 끊어버린 상황입니다. **은 대기업으로서 소상공인들에 갑질을 하는 건 아닌가 생각이 들어 이렇게 올립니다. 문재인 대통령께서는 상생을 강조 하셨습니다. 현재 코로나 상황은 서로가 조금씩 양보하면서 같이 나아가야한다고 생각합니다. 하지만 **은 그런 상황을 악용하여 소상공인들을 모두 내쫒고 대기업 위주로 운영을 할려고 하는 것 같습니다. 제발 저희을 살려주세요 저희는 일을 하고 싶고 수출을 해서 우리나라에 일조을 하고 싶습니다. [본 게시물의 일부 내용이 국민 청원 요건에 위배되어 관리자에 의해 수정되었습니다]",
  "num_agree": 174,
  "petition_idx": "590245",
  "title": "대기업의 갑질로 인해 소상공인은 죽어갑니다."
}