{
  "category": "육아/교육",
  "begin": "2020-07-02",
  "content": "오늘 한 뉴스기사를 보았습니다. 양육비 7년간 미지급한 나쁜아빠에 관련한.. 우리나라 양육비 미지급 관련 건 검색만 해도 수백개의 기사와, 질문으로 가득합니다 양육비가 뭐일까요 우리 아이들이 당연히 보장받아야 할 권리입니다. 양육비가 없으면 양육자는 돈을 벌기 위해 아이를 방치할 수 밖에 없습니다. 우리나라 외의 다른나라들은 양육권 미지급에 대해 정말 강력한 처벌을 하고 있다는 것도 잘 찾아볼 수 있었습니다. 美, \"양육비 미지급은 개인 간 채무 아닌 사회 공공의 문제\" 라는 뉴스기사를 보며 우리 역시 좋은건 배우고 우리도 개정해야 한다고 생각합니다. 아이를 양육하면서 얼마나 많은 정성과 돈이 필요하다는 것을 키우시는 부모님들은 다 이해하실겁니다 물론 세상에 썩어빠진 부모가 많아 양육비 받아 지 배 불릴수도 있죠 하지만, 그 역시 조건부로 개정되어야 할 법안이라고 생각합니다. 아이를 키울 때 돈이 없어, 아이를 양육함에 소홀하다면 그건 아동학대가 다름없습니다 하지만 양육비를 줘야 하는 부모가 양육비를 주지 않는것은요? 그 역시 명백한 아동학대 중죄라고 생각합니다. 제발 부디 우리나라에서도 우리 아이들의 권리를 찾아주기 위해 노력해주십시오 양육비 미지급하는 나쁜 아빠, 나쁜 엄마를 처벌할 수 있도록 .. 그리고 아이들이 양육비를 받아 굶지않고 인간다운 권리를 보장받아 성장할 수 있도록 도와주세요. 양육비 미지급하는 나쁜 부모에 대한 강력한 처벌을 위한 법률 개정 모두 함께 힘써주세요",
  "num_agree": 1617,
  "petition_idx": "590288",
  "title": "양육비 미지급에 관련한 법률 개정 꼭 정부에서 지지해주세요!"
}