{
  "category": "교통/건축/국토",
  "begin": "2020-07-01",
  "content": "1. 민원 신청인 소개 : ***** - 단체 소개 : 2015년 설립된 만18세 보육원 퇴소 보호종료아동의 자립을 지원하는 비영리 지원봉사 단체. 대한민국의 건강한 교회들이 참여하여 교회의 재정적 지원과 성도의 무급 자원봉사를 통해 운영. 참여교회 계속적 증가 추세임 - 입소생 인원 : 2020년까지 총 35명의 보호종료아동을 지원 - 지원 사업내용 : *****에서 준비한 숙소에 입소하여 1~4년 거주하며 멘토링, 주거 무료지원, 식자재 무료지원, 자립훈련, 진로지도, 교육비지원, 법률지원 – 구체적인 사업진행 내용은 홈페이지 www.**********.or.kr 또는 페이스북 ‘*****’에서 확인 가능, 네이버에서 오마이뉴스, 한겨레21, CTS 등에 나온 사업활동 확인 가능 2. 보호종료아동의 주거지원내용 및 이용 가능한 제도 : *****에서 취업과 자립훈련이 되었다고 판단하면 단체의 지속적인 지원이 가능한 인근지역에 LH공사에서 지원하는 소년소녀가정 전세임대 또는 청년전세임대를 신청. 본 제도는 보호종료아동이 현실적으로 이용할 수 있는 최선의 유일한 주거지원제도임. 3. ***** 입소아동 중 LH 전세임대 이용자 숫자(성남시 분당구 중심) 2015~2020년 까지 35명의 입소생 중 28명이 성남시 분당구에 거주. LH 전세임대 이용숫자는 총 10명, 성남시 분당구에서 전세임대를 신청 또는 신청희망 숫자가 총 10명. 나머지 8명은 학교, 직장, 유학 등으로 외부지역으로 전출할 예정. 앞으로 *****의 지원을 받기 위하여 성남시 분당구로 전입할 보호종료아동의 숫자는 계속 증가할 예정임. 4. *****의 LH공사 / 성남시청 민원 내용 : 취업과 자립훈련이 된 보호종료아동의 경우 성남시 분당구에 있는 다가구주택의 원룸을 LH 전세임대 받도록 도와주고 있음. 올해초부터 LH공사가 분당구에 소재한 다가구주택의 건축물대장의 '무단증축'이나 '무단대수선' 등의 '위법건축물' 문제를 트집 잡아서 더이상 전세임대 승인을 거부하고 있음. 지자체에서 건축물대장에 이 '위법건축물'에 대한 표기를 없애주지 않으면 더이상 전세임대승인을 허락할 수 없다는 입장. LH공사의 갑작스러운 태도변화로 인하여 피해를 받는 것은 지난 5년간 분당구에서 이 제도를 이용해서 주거지원을 받아온 보호종료아동들이고, 앞으로 저희 단체로 입소하여 LH전세임대를 얻는 도움을 받아야 하는 보호종료아동이라는 것임. 기존에 이 제도를 이용하던 청년들도 전세기한 2년이 지나서 재계약을 하려니 앞으로는 2년의 유예기간만 허용이 되며 더 이상은 이용이 안됨. 신규 신청자는 분당구의 다가구주택이 대부분 위법건축물인 관계로 전세임대가 불가능함. 그동안 LH공사에 이 문제를 가지고 민원을 하며 여러차례 방문과 읍소를 하였으나 결국은 지자체와 먼저 해결을 하라는 답변. 보호종료아동들은 이 제도가 아니면 분당구에서 월세나 고시원 아니면 주거를 유지할 방법이 없음. 아니면 직장과 학교가 있는 지역을 떠나서 위법건축물에서 자유로운 변두리 소도시로 이사를 가야하고, 그럴 경우 더이상 저희 단체의 도움을 받을 수 없음. 한국은 보호종료아동의 자립지원단체가 거의 없다보니 앞으로도 더 많은 보호종료아동들이 저희 단체로 입소를 하길 원할텐데 위에 언급드린 이 문제가 해결되지 않으면 더이상 아이들을 도와줄 수 없는 상황. 보호종료아동들은 주거가 안정되지 않으면 합숙과 혼숙같은 주거형태를 갖게 되고 그럴 경우 원치 않는 임신으로 자신과 같은 처지의 아이들을 출산하는 악순환의 고리를 만들어 낼 가능성 높음 – 별첨 자료 2건 첨부(LH공사, 성남시청 민원 문건) 5. 해결방안 : 성남시 분당구의 다가구 주택의 경우 무단증축은 100% 건축 당시 진행된 것으로 법적으로는 불법이지만 LH나 성남시가 지적하는 것처럼 ‘안전’에는 아무런 문제가 없음. 무단 대수선은 이 지역의 부동산 가격이 상승되면서 수익률을 올리기 위해 해당층의 방의 개수를 늘리기 위해 진행된 것임. 이 또한 건축사의 견해로는 안전에 문제가 없음. LH나 성남시가 진정으로 보호종료아동의 안전을 위해 이런 결정을 내렸다면 이 분야의 전문가인 ‘구조기술사’의 자문을 받아 결정을 내려야 함. 다가구주택의 위법건축물의 문제는 단지 성남시 분당구 만의 문제가 아니고 서울시와 집값이 상승한 수도권의 대도시에 상당 부분 해당될 가능성이 높기에 전반적인 조사가 필요함. LH가 건축물대장의 위법건축물에 대한 표기를 트집잡아 전세임대승인을 거부할 경우, 해당 도시에 거주하고 있는 기존 보호종료아동들은 2년의 유예기간 후 다니던 직장과 학교에서 멀리 떨어진 아무런 연고가 없는 변두리 중소도시로 이주해야 하고, 신규 보호종료아동의 경우 서울시와 수도권 대도시 - 생활하기에 편리한 주거지역, 직장을 얻기에 유리한 주거지역에 진입 자체가 막히는 결과가 초래됨. LH가 소년소녀가정 전세임대와 청년전세임대를 통해 주거취약계층의 주거복지를 지원한다는 공익광고를 하려면, 최소한 이 문제에 대한 해결방안이 마련될 때까지라도 신규계약과 연장계약을 허락해야 함. 단순히 LH가 ‘위법’이라는 문구에 대한 책임을 회피하기 위하여 주거취약계층인 보호종료아동이 주거지역의 제한을 받는 불평등이 발생하지 않아야 함. [본 게시물의 일부 내용이 국민 청원 요건에 위배되어 관리자에 의해 수정되었습니다]",
  "num_agree": 471,
  "petition_idx": "590275",
  "title": "LH공사 소년소녀가정 전세임대/청년전세임대의 성남시 분당구 다가구주택 원룸 승인거절의 건"
}