{
  "category": "반려동물",
  "begin": "2020-06-30",
  "content": "3일 내내 몽둥이로 강아지를 폭행한 경기 구리시 애견호텔 '***'의 원장의 면허를 취소하고 동종업계 취업을 제한해주세요!!!!!!!!!!!!!! 동물학대 언제까지 벌금만 물고 끝납니까! 동물 때리다 사람도 때리고 동물 죽이다 사람도 죽이는 걸, 다들 알면서 왜 아직도 안바꾸나요? 국회의원님들은 너무 바빠서 법 제정할 시간이 없으십니까? 아니면 그깟 *** 한두마리 쯤 맞아 죽는 건 신경 쓸 일도 아니라고 생각하시나요? 목이 터져라 동물학대 처벌 강화를 외쳐도 들은 척만 하고 한귀로 흘리는데 뭐가 바뀝니까!!! 강아지 상태가 안좋아보여 동물병원에 가 등 털을 싹 민 후에야 견주는 폭행 사실을 알아챘습니다. 호텔에 맡겼을 뿐인데, 초죽음이 되어 왔으리라고 누가 상상이나 하겠습니까? 그렇게 폭행해놓고 아무렇지 않게 돌려보낸 원장은 악마고 싸이코패스입니다. 동물학대 처벌 강화는 당연한 것이고! 동물과 관련된 어떠한 곳에도 취업을 제한하고 또 다른 피해를 막기 위해 얼굴도 공개 해주세요 !!! [본 게시물의 일부 내용이 국민 청원 요건에 위배되어 관리자에 의해 수정되었습니다]",
  "num_agree": 7855,
  "petition_idx": "590228",
  "title": "3일 내내 몽둥이로 강아지를 폭행한 *** 원장의 면허를 취소하고 동종업계 취업을 제한해주세요."
}