{
  "category": "외교/통일/국방",
  "begin": "2020-07-02",
  "content": "안녕하십니까 120억원 가량의 대북 식량지원 사업을 검토중이라는 기사를 보고 청원 올립니다. 현재 국내 양계계열사 및 농장주들은 몇십년만의 최대 불황을 맞이한 상황입니다. 국내 양계 계열사들은 2020년 여러가지 이벤트를 감안하여 전년대비 수요가 오를거라고 예상했고 육계 공급량을 종계 단계에서 증가 시켜논 상황이었습니다. 하지만 코로나라는 천재지변을 맞아 세계, 국내 경제 상황 악화와 학교 급식 감소, 오프라인 수요 감소라는 상황을 아무런 준비없이 맞이하게 되었습니다. 그 결과로 1분기 모든 계열사에서 역대 최대의 적자가 발생했고(하림 165억, 동우 40억, 마니커 152억, 체리부로114억) 2분기 시세도 좋지 못한 상황이라 1분기 이상의 적자를 면치 못하는 상황에 직면 했습니다. 또한 올 연말까지도 공급량이 많을것으로 예상되는 상황에서 냉동재고가 6월 15일 기준 1,707만수 수준으로 쌓여있는 상황입니다. 현재 국내 양계업은 치킨게임이 심화되어 매출이 발생할수록 적자를 보는 구조라 이 현상이 장기화될 경우 국내 양계업은 공멸의 상황으로 치달을 우려가 있습니다. 따라서 국내 양계업의 지속적인 발전을 위해 이번 대북 식량 지원사업 추진시 국내산 닭고기 지원도 검토해 주시면 감사드리겠습니다. 이상입니다.",
  "num_agree": 235,
  "petition_idx": "590293",
  "title": "대북 식량지원 사업 추진시 국내산 닭고기 지원도 검토 요청드립니다."
}