{
  "category": "보건복지",
  "begin": "2020-07-01",
  "content": "안녕하십니까. 요즘 코로나사태로 인해 대한민국 국민 모두 고생 많으십니다. 하지만 코로나는 함께 극복해 나가야할 문제이며 이로인해 원치않는 고통을 겪고있는 부분이 있어 고민끝에 글을 적습니다. 저희 아버지께서는 2020년 3월 30일에 72세의 연세로 소일거리, 용돈벌이 삼아 다니시던 직장에서 3M 높이의 그늘막 청소작업을 하시던 도중, 낙상사고로 머리를 크게 다쳐 현재 인공호흡기를 끼고 사지를 움직이지 못하는 상태로 병상에 누워 계십니다. 갑작스런 사고로 저희 가족들은 일상생활을 유지하지 못 하고 있음은 물론이거니와 정신적인 충격에서 아직 온전히 벗어나지 못한 상태입니다. 사지를 움직이지 못하시고, 인공호흡기 및 위루관, 소변줄, 욕창 등 보호자의 손길이 간절한 상황입니다만 요즘 거의 대부분의 병원들은 코로나 예방을 이유로 상주보호자 1인을 원칙으로 가족들의 출입 및 보호, 간병을 제한하고 있습니다. 물론 중환자실에서 계셨던 대략 5주간은, 면회자체가 금지되어 아버지를 뵐 수 없었으며, 지금보다 더 힘든 시기를 겪었습니다. 앞서 말씀드렸듯, 코로나사태는 국민 모두가 한마음으로 헤쳐나가야할 중요한 시대적 과제임을 알고 있지만, 갑작스럽게 아버지를 간병해야 하는 가족의 한 사람으로, 건의사항이 있어 말씀드립니다. 병원의 상주보호자 1인만을 원칙으로 하는건, 정부의 방침 및 강제성을 갖는 명령입니까? 아니면 병원 자체적으로 결정한 사안입니까? 정부의 강제성을 갖는 명령이라면, 최근들어 코로나 확진환자의 비율 및 확산정도에 따라 세부적으로 단계별 사회적 거리두기 방침을 새롭게 제정하여 시행할 예정이고, 코로나 확산의 주요 거점지였던 요양병원의 가족 면회를 철저한 방역수칙을 준수하여 허용할 것으로 알고 있습니다. 그렇다면 그에 맞게 병원의 상주보호자 1인의 원칙은 환자의 경중에 따라 허용할 수 있는 부분이 아닐런지요, 만약 병원 자체적으로 결정한 사안이라면 정부의 권한으로 코로나가 통제가능한 상황이라면 탄력적으로 환자의 경중에 따라 2인 혹은 간병인+직계 보호자 1인으로 가족과 환자의 재활의지를 유지해 나갈 수 있지 않을까요? 병원에서는 가족중 1인만이 간병하기 힘들다면, 간병인 업체를 이용하라는 말밖에 하지 않습니다. 저 역시 간병하면서 다른 병상의 간병인이 어떻게 간병하는지 보고 있지만, 절대 가족처럼 환자를 대하지 않습니다. 심지어 환자는 고통스러워 하는데 사적인 전화통화를 하거나 낮잠을 자는 등, 글로는 표현하기 힘든 상황이 많습니다. 물론 열심히 하시는 간병인들도 계시지만, 면접을 보고 간병을 맡길 수 있는 부분도 아니고 간병업체에서 그때그때 인력상황에 맞게 보내주는 간병인이 저희 아버지를 모시게 될 텐데...솔직히 둘이 해도 힘든 저희 아버지 같은 중증도환자들은 간병인 혼자에게 맡기기도 미안할 정도이며, 간병인이 스스로 포기하고 나가고 거부하는 경우도 많습니다. 간병인이 할 수 있는게 있고, 가족만이 할 수 있는게 있습니다. 갑작스럽게 이런일이 저희 가족에게 닥쳐 정신적으로, 육체적으로 많이 힘든 마당에 마음놓고 가족들 2인이 간병할 수 없다는 현실은 절망스럽습니다. 가족의 힘으로, 사랑으로 버텨보려는 현실에 오직 상주보호자1인, 그렇지 않으면 간병인을 이용하라는 병원의 요구는 무리하다 판단하며, 중증도를 가려 2인을 허용해 주어야 한다고 생각합니다. 이만 줄이겠습니다.",
  "num_agree": 268,
  "petition_idx": "590265",
  "title": "마음놓고 가족의 사랑과 힘으로 아버지를 간병하고 싶습니다."
}