{
  "category": "행정",
  "begin": "2020-06-30",
  "content": "한국산업인력공단은 매년 4회에 걸쳐 기사, 산업기사, 기능사 등의 국가기술자격시험을 주최하고 있습니다. 하지만 매 년 매 회차마다 발생하는 고질점을 공단에서는 방치하고 있습니다. 바로 고사장의 부족 문제입니다. 이러한 문제로 인해 시험접수가 진행되는 회차마다 어쩔 수 없이 모든 고사장이 마감되어 다음 회차의 시험을 기약하는 수험자가 나오고 있습니다. 세상에 어떤 시험이 \"항상\" 고사장이 모자라서 억울하게 다음 회차 때 시험 보는 \"다수의\" 인원이 \"매년 매회차마다\" 생기나요......? 이건 명백히 한국산업인력공단에서 해결해야할 문제점임에도 불구하고 알면서도 고치지 않는 업무상의 직무유기 행위입니다. 더 이상 수험생들이 수험생들의 자비를 들여서 시험을 보는데 고사장이 없어 피해보는 일이 없었으면 하는 마음에 청원을 올립니다.(심지어 2년 지나면 땄던 필기도 만료되어 다시쳐야함) +산업인력공단 직원분들께 문의전화를 해보면 그들은 정말 고생을 많이 하시고 있는 상황인것 같습니다. 직원분들의 노고에 감사드리며 공단 측에서는 수험자와 직원 모두의 애로사항을 아우를 수 있는 해결책을 제시해 주시길 촉구합니다.",
  "num_agree": 276,
  "petition_idx": "590222",
  "title": "한국산업인력공단 국가자격시험의 고질적 문제점의 개선을 요청합니다."
}