{
  "category": "안전/환경",
  "begin": "2020-06-30",
  "content": "청원인은 부산시 수영구 남천초등학교 부근에 사는 주민입니다. 작년에 공익사업인 주택 재개발 정비 사업으로 분양 되는 아파트에서 지자체에 기부 체납으로 공원이 조성된다 하여 지역주민으로서 개방되어 있고 주민들이 쉴 수 있는 공원이 생기게 되어 너무나도 기뻤습니다. 그러나 며칠 전 2020. 6. 25. 위 공원부지가 인근 한 아파트의 격렬한 민원과 수영구청 *** 과장의 차도 개설 접수 이전부터 협조(첨부파일)로 공원 부지 포함 보행 도로가 신규 차도로 개설 인허가 신청 접수된 것을 확인하게 되었습니다. 지역주민이 향유할 수 있는 공원이 없어질 수 있는 상황인 것도 문제되지만 더 큰 문제는 위 차도가 개설되면 어린이 보호구역 초등학교 반경 100m 거리이며 유아 또는 어린이의 유치원, 초등학교 등·하교 통학 시간에 수백 대의 차량이 쌍방 통행 한다는 사실입니다. 위 차도개설 부지는 경사도가 15도 이상 되는 가파른 도로이며 한 아파트만이 사용하는 차도로서 수백 대의 차량이 쌍방 운행하게 되면 유아 또는 어린이 노약자 및 인근 주민 들은 항시 교통사고 위험에 노출이 된다는 것입니다. 최근 제가 살고 있는 부산에서 2020. 6. 15. ‘해운대구 재송동 반산초등학교 앞 어린이보호구역에서 인도로 돌진한 승용차가 보행하던 모녀를 덮쳐 6세 여아가 숨지는 안타까운 사건’이 발생하였습니다. 각 시도에 스쿨존 사건들을 확인 하면 더욱 많은 사건 사고가 있을 것입니다. 현재 어린이 보호구역에는 정부에서 운행 속도 제한이나 주정차 위반에 대하여 강력하게 대응하는 것으로 알고 있습니다. 그러나 더욱 우선시 되는 것은 신규 차도 개설부터 인허가 승인나지 않아야 하는 것이 더욱 중요하다 생각합니다. 스쿨존의 안전에 대한 대책 없이 공익을 우선시 하는 수영구청 **과장이 앞장서서 신규 차도 개설을 협조한다니 애석함을 금할 수 없습니다. 어린이 보호구역에서 유아 또는 어린이의 보행 안전 만큼은 우리 어른들이 지켜주어야 된다 생각합니다. 아이들은 보호되어야 하고 아이들의 안전을 위해 앞장서는 것은 어른의 중요한 의무라 생각합니다. 이 글에 공감하시는 분들은 많은 동의 부탁드립니다. [본 게시물의 일부 내용이 국민 청원 요건에 위배되어 관리자에 의해 수정되었습니다]",
  "num_agree": 610,
  "petition_idx": "590241",
  "title": "구청 공무원의 공정을 잃은 업무로 진행된 스쿨존에 신규 차도 개설 결사 반대합니다."
}