{
  "category": "인권/성평등",
  "begin": "2020-06-30",
  "content": "그간 끊임없는 불법이 자행되어 힘없는 거주민과 세입자들의 가슴에 분노와 절망을 심어주었던 상도11구역에서 오늘 6월 29일 동트기도 전인 새벽 4시경 소위 철거 깡패라는 덩치들이 느닷없이 들여닥쳐 잠자던 거주민들을 강제로 끌어내고 살고 있던 집을 철거란 미명하에 마구 부수어 버린 말도 안되는 일이 있었습니다. 경찰도 보고만 있고 동작구청직원도 강건너 불구경하고 있습니다. 살던 집을 아무런 대책없이 부숴버리면 어디로 가라는 것입니까? 아무리 땅의 권리를 취득하였다하여도 살고 있던 집을 아무런 협의 없이 부셔버리면 어찌하란 것입니까? 그 와중에 집안에 있던 노인 2분이 다쳐 병원에 실려가는 등 말그대로 80년대를 배경으로 한 영화에서나 볼 수 있는 일이 2020년 오늘 현실에서 벌어졌습니다. 하다못해 정상적인 법원의 명령이라면 법원의 집행관이라도 있어야 하는데 이도 없이 석면이 노출되어 법적으로도 공사할 수 없는 상황인데도, 아니 그런 형식적인 것보다도 사람이 집안에 있는데 다치거나 말거나 밖에서 집을 부수다니 2020년 대한민국에서 어찌 이런일이 일어난다는 것인지 정말 상상도 할 수 없으며, 도대체 법은 어디에 있고 정의는 어디에 있다는 말입니까. 그들은 불법적으로 집을 부수고도 문제되면 벌금만 내면 그만이라고 말하곤 했답니다. 누구는 자기 평생 삶의 터전이 걸린 문제인데 고작 벌금만 내면 끝이라는 게 말이나 되나요? 정말 우리나라의 법과 제도가 돈과 백 있는 사람들 만의 것으로 돈없고 힘없는 서민들을 그냥 앉아서 당해야 하는 것인가요? 부디 부탁드리니 온갖 불법인 수단을 동원하여 기존 거주민과 세입자를 무자비하게 강제로 내쫒아버리는 상도11구역 재개발 사업 추진을 즉각 중단시켜 주시기 바랍니다. 아울러 그간 법적 지식없이 그냥 묵묵히 자기 터전을 지쳐온 거주민과 세입자들이 최소한의 거주할 수 있는 권리를 되찾을 수 있도록 정부 관계자 여러분들이 적극적으로 도와주실 것을 간절히 요청합니다.",
  "num_agree": 529,
  "petition_idx": "590239",
  "title": "상도11구역 불법철거 억울함을 풀어주세요!!"
}