{
  "category": "안전/환경",
  "begin": "2020-07-01",
  "content": "저는 해당호텔들이 있는 지역거주자입니다. 제가 사는 곳은 에버랜드가 바로 위치한 동네이며 500미터 내에 초등학교와 중학교가 있습니다. 지난 6월13일경 페이스북과 지역카페에서 올라온 글들때문에 그 지역에서 살고 있음에도 불구하고 그제야 알게 사실때문에 분노하고 있습니다. 호텔에 입국자들이 체크인한건 12일부터이구요. 우리나라 최대 테마파크가 있는 곳인데 학생들 그리고 노인분들이 밀집해 사시는 곳에 해외입국자 자가격리시설이 왠 말입니까? 그리고 바로 20미터 옆에는 어린이집이 위치해있습니다. 어린이집이 먼저고 호텔이 나중에 생긴거라 호텔옆에 어린이집이 왠말이냐고 하지만 어린이집이 먼저였습니다. 그리고 호텔바로뒤에는 상가들이 다닥다닥붙어있고 그 위에는 주민들이 살고 있습니다. 주민들도 5미터내에 다 살고있고요. 말그대로 바로 옆입니다. 그런데 이런 상태에서 격리시설호텔이 두곳이나 신청을 해서 버젓이 운영하고있습니다. 시청에서는 코호트격리로 안전하다하지만 시청에서는 확진자가 이곳에서 나와도 쉬쉬하고 격리자들이 이탈해도 괜찮다고나 합니다. 안전문자에서는 해외입국자로만 뜨더군요. 호텔측과 시청측은 의견도 틀리고 이쪽 지역단체에서는 호텔들과 협의중이라는데. 무슨 협의를 하는지 모르겠습니다.이미 격리시설로 질본이랑 정부에서 인정한거니 그냥 너희들은 받아들이라고 ..복지부에서 다 확인하고 간거라고.... 주민들의 안전을 생각하긴 한건지.. 사업체의 안녕만 생각한건지. 그 호텔들은 단기간이 아니라 코로나가 끝날때까지 운영한다고 하네요. 무얼 생각하고 격리시설수용을 받아준건지 모르겠습니다. 근처동네에서도 이동네는 가지말라고 하네요. 안전하다지만 주민들의 생각은 그렇지 않습니다. 호텔들이 다른 리조트처럼 떨어져있기만 해도 이러지않습니다. 오늘 아침에도 버스에서 내리는 입국자들을 봤습니다. 내릴때마다 경찰들이 칸막이를 들고 시야를 가릴려고 애를 쓰시더라구요. 그런게 버젓이 눈에 들어옵니다. 제발 아이들과 주민들이 맘놓고 다닐 수 있게 시설폐쇄를 부탁드립니다. [본 게시물의 일부 내용이 국민 청원 요건에 위배되어 관리자에 의해 수정되었습니다]",
  "num_agree": 723,
  "petition_idx": "590279",
  "title": "용인시 라**, 골*** 호텔 해외입국자격리시설폐쇄를 바랍니다"
}