{
  "category": "경제민주화",
  "begin": "2020-07-01",
  "content": "주식양도소득세 관련 다시한번 청원 올립니다 제가 어제 충격적인 이야기를 듣고 다시 한번 청원 올립니다 주식양도소득세에 외국인이 빠져 있다고 얘기를 들었습니다 그렇다면 외국인들은 주식 거래세가 폐지되면 양도소득세도 안내고 모든것에 정보 지식이 월등한 투자를 하고 있는 외국인들은 더욱더 유리한 투자를 할수 있는 환경을 만들어 주는것으로 판단 되어 집니다 여태까지의 주식 시장에서 개인들은 거의 손실 보고 거의 수익은 외국인인들이 거의다 수익을 차지했다는 것은 누구나 알고 있는 사실인데 이런 외국인들에게 거래세도 줄여주면서..양도세 까지 없는 완전 파라다이스 시장을 만들어 주실겁니까 왜 외국인들에게 양도소득세를 매기지 않나요 이건 글로벌한 경제 상황에서..완전 국민투자자들은 무시한 처사이며 납득이 가지 않습니다 양도소득세를 매길거면 모든 시장의 투자가들이 평등하게 매겨 주시거나 아니면 지금의 제도를 통해 외국인에게도 공평된 세금을 내는것을 유지해 주시길 바랍니다 외국인들이 우리시장에서 빠져나가는 것은 두렵고 우리 국민들이 부동산이나 다른 시장으로 빠져나가는것은 두렵지 않은지 납득이 가지 않습니다.. 강한 투자자들에게만 강한 사대주의 정부가 다시 되려는 역사를 거꾸로 가는 정책같이 자꾸 느껴지네요 과연 이번 정책이 누굴를 위한 정책인지 다시 한번 의문이 가지게 되네요 다시 한번 급하지 않게 많은 국민 투자자들의 의견을 듣고 정부에서 정책을 만들었으면 좋겟습니다 그냥 단기적으로 뚝딱 만들어서 국민들은 그냥 받아 들여라 하는 정책이 아니라 민주 경제 사회의 꽃인 주식시장의 정책을 결정하는 것이니 만큼 다시 한번 제고 부탁드립니다 부족한 제글 끝까지 읽어 주셔서 감사합니다",
  "num_agree": 746,
  "petition_idx": "590248",
  "title": "주식양도 소득세 관련 개인만 포함되고 왜 외국인은 포함되지 않는 차별화된 정책입니까?"
}