{
  "category": "교통/건축/국토",
  "begin": "2020-06-30",
  "content": "하루하루 피가 마르는 조정지역시민입니다. 저는 금번 6.17대책에서 조정지역이된 양주시민입니다. 서울 거주하다 서울의 집값은 어림도 없이 치솟고 전세값도 감당못해 어쩔수없이 양주로 이사하게 되었습니다. 양주신도시가 아닌 신도시밖의 20년이 다 되어가는 구축APT (2억도안됨)에 살다보니 오래된 아파트라 보수할곳이 점점늘어 보수비용, 교체비 등이 너무 많이 지출되더군요 해서 남편과 고민고민 끝에 신도시에 분양을 받았습니다. 맞벌이를 늘상으로 여기며 힘들지만 덜먹고, 덜입고, 덜쓰고 아끼며 하물며 아이 학원비까지 아껴 새아파트로 이사한다는 꿈과 희망이 있어 즐거웠답니다. 그런 저희가족이 위기에 처했습니다. 하루아침에 조정지역이라는 날벼락을 맞게 되었습니다. 조정지역이라니요 서민이 그저 집한채 가져보고자한 것이 그리도 큰 욕심인건가요? 아파트 분양시 3년의 계획을 세우고 경제적 여건을 고려해가며 서민들은 그저 제대로 살 집한채 그것이 꿈인 사람들입니다. 그런데 그 하나의 꿈마져도 나라에서 이렇게 무너져 내리게 한다면 이제 서민들은 무슨 희망으로 살아가란 말입니까?? 대통령님께..아니면 장관님께 물어보고 싶습니다. 비규제지역이 아닌 조정지역의 20년되는 아파트 구입하러 쉽게 오시겠습니까? 양주하면 미분양이 바로 떠오를 만큼 얼마전만해도 미분양의 무덤이라 불리던곳을 예고도 없이 하루아침에 조정지역이라니요!! 1주택처분조건 되니까 괜찮다고 말씀하고 싶으시겠죠! 그것도 그나마 비규제지역일 때 얘깁니다. 조정지역으로 묶여있는 오래된 구축아파트를 얼마나, 어느정도의 금액으로 팔라는 말입니까?!! 팔리기는 할런지…… 조정지역으로 발표된 이후 양주는 중개업소마다 전화 한통 없다고 합니다. 주택처분이 안되면 전 분양받은곳 날려야하고 그걸위해 대출을 받아 이자와 원금을 갚을려면 길거리에 나앉아야 할 처지에 놓였습니다. 나라는 서민에게 거지가 되라 하는건가요? 큰 복지는 바라지도 않습니다. 제발 정부에서 바라는 똑똑한 집 한채 갖고자하는 서민의 일상을 저버리지 마십시요 속히 조정지역해제를 촉구하는 바입니다.!!",
  "num_agree": 703,
  "petition_idx": "590215",
  "title": "하루하루 피가 마르는 조정지역시민입니다."
}