{
  "category": "일자리",
  "begin": "2020-07-01",
  "content": "안녕하세요. 저는 **에서 하루도 쉬지않고 장사를 하고 있는 자식 둘있는 소상공인 애엄마입니다. 제가 이렇게 청원을 하게된 이유는 바로 과도하게 높은 임대료와 투명하지못한 관리비 그리고 **의 부조리함과 이기적인 매각으로 생계가 걸려 이렇게 글까지 쓰게 되었습니다... 심지어 코로나사태로 더 열악해진 지금 상황속... 비싼 임,관리비를 내지못하고 힘든 나날을 보내고 있습니다. 매출은 200만원도 안되는데 월세는 1000만원 가까이 나가는 상황이고,여러 상인들도 지금 위약금을 내는 상황입니다..이 억울함을 어디다 말해야할지 막막하고 눈물이 납니다. 설령 50퍼센트를 감면해준다 한들, 빚을져서 돈을 내야 하는게 바로 실제 저의 상황입니다. 그래서 저 포함 **상인들은 한치 앞을 모르지만 뭐라도 잡는 심정으로 지금도 **몰 앞에서 집회하여 소리를 외치고 있습니다.. 평당 관리비 20만원. 평당임대료 100만원. 평균 **의 매장규모 10평이상입니다. 현재상황 **는 매장이 층별로 40%씩 비어져 있습니다. 이번달만해도 10~12집이 나갑니다.. 점포 정리가 붙여있고 ..비워진 매장의 수는 점점 더 늘어만가고있습니다. 하지만, 모순적이게도 **측에서 해결하는방법은 현재 장사하고 있는 상인들의 임대료와 관리비로 매꿔 나가고 있습니다. 문제점이 많아진 **안에서, 손님마저 발길 뚝끊긴 상태로 저희는 장사를 해야하는게 지금 저희의 본 상황입니다. 문제점이 많으나, 실질적인 대표 문제점들 몇가지 알려드리고 싶습니다.. 첫번째. **의 6개의 엘리베이터중 현상황 2개로 줄었습니다. 그마저 한개는 공사중이라, 1층에서 엘레베이터를 타려고 해도 ***와 **** 매장때문에 휠체어를 타고 오신 고객분들이나 ** 동선을 잘 알지 못하는 다수의 고객들이 이용에 불편을 호소하고 매장들을 잘 보지 못합니다. 더 힘들어진 장사환경의 모습입니다. 두번째. 지하주차장은 창고와 사무실로 개조를 하여, 주차할 곳이 적어졌습니다. 차를 끌고 오는 손님이 많은 동대문에서 주차 자리가 없어 나가는 손님들을 보면 속이 타들어갑니다. 세번째. 몇년전 **에서 면세점을 유치하면서 **와 상생을 약속했었으나, 9층부터 15층 ** 상가들을 7층과 6층으로 내몰면서 위층을 면세점으로 영업을 해오고 **영업부에서는 이러한부분을 이용하여 부정부폐와 갑질로 일삼았습니다. 주변상가는 1년 무상임대 7-8개월 무상 자연재해로 세계가 힘들때 큰기업이 나라에서 지원 받지만, 오히려 ** 상인들은 임대료를 부담하지 못해 퇴점하는 점포들에게 위약금(계약 기간중에 퇴점을 하는것)을 부과하므로 영업손실로 보증금이 모두 소진된 상인들에게 부당하게 큰짐을 주고 있습니다. 그리고 상인들의 말에 귀를 닫은채, 매각으로 정리해버리려고 합니다. 매각이 진행되고 있는 상황도 몰랐습니다...눈앞이 깜깜합니다. 서로 맞춰가며 균형있는 환경을 만든다는것이 어려운 일이라는것은 알고있습니다.. 하지만 이렇게 문제점이 많은데 근본적인 문제를 해결해 나가려는 모습이 보였거나. 공정하게 터무니 없는 임대료,관리비에 현실적인 비용을 제안 하는등 모습이 보였다면, 이렇게 집회를 하게되었을까요? 위와같은 일련의 문제점을 고쳐가거나 시정할 의사도 전혀 하지 않으면서, 상인들로 하여금 과도한 임대비, 관리비들로 채워나가고 저희는 보증금을 다 날리고 먹고살길을 잃고있습니다. 어떻게 해야할지..하루하루 잠도 안오고 가슴이 먹먹해옵니다.. 시장경제 원리에 지역상권이나 상가가 죽으면 임대료,관리비를 낮추어 주고, 반대로 상가가 살면 그 비용을 올리는게 맞는데 **은 정부에서 보조를 받고 **는 상인들을 죽이고 있습니다... 결국 계약의 위반은 상인들만이 아니고, **몰 측에서도 적절한 영업환경을 제공하지 못하므로 일어나는 실질적인 문제들이라는 것... **몰이 책임을 다하지 못했음을 소리치고 싶습니다. .. 막막하고 힘들지만 지금도 앞에서 집회를 이어나가고 있습니다. 관심을 가져주십시오....도와주십시오.. 한명한명 관심히 너무 소중합니다..!! [본 게시물의 일부 내용이 국민 청원 요건에 위배되어 관리자에 의해 수정되었습니다]",
  "num_agree": 292,
  "petition_idx": "590262",
  "title": "저희가족의 생계가 달렸습니다. 과도하게 높은 임대료와 투명하지못한 관리비로 운영하던 **의 임차상인 동의없는 매각을 반대해주세요 도와주세요."
}