{
  "category": "반려동물",
  "begin": "2020-06-30",
  "content": "경기도 구리시 **동 *** 애견호텔사건 철저하게 조사해서 대응요청드립니다. 반려동물은 가족입니다. 내자식이고 내새끼의 반려동물을 때리고 학대하는사건을 이대로 눈감고 지나가는 나라가 선진국이라고 할수있을까요?? 철저하게 조사하고 이번일을 계기로 반려동물 학대 및 동물공장 철저하게 조사해서 선진국다룬 반려동물 문화가 자리잡아야합니다. 반려동물에 세금만 매길생각하지말고 반려동물 인프라 (호텔,펫시터,용품점) 의료수준(정책된 의료비용,검증된병원,의료절차) 부터 개선시켜줄 정책부터 마련해주세요 [본 게시물의 일부 내용이 국민 청원 요건에 위배되어 관리자에 의해 수정되었습니다]",
  "num_agree": 1402,
  "petition_idx": "590227",
  "title": "경기도 구리 *** 사건 철저하게 조사해주세요"
}