{
  "category": "기타",
  "begin": "2020-07-01",
  "content": "파렴치한 병원을 고발합니다. -사건개요- 저는 본 사건 환자의 외손녀입니다. 사건은 2020년 2월 17일 대구서구소재 **신경과, 내과병원에서 할머니께서 위, 대장내시경을 받으면서 시작 되었습니다. 시술하는 날 엄마가 동행을 하셨고 위내시경 시술 후 대장내시경 시술 도중 할머니께서 마취에서 깨어나셔서 고통을 호소하셨지만 시술중이라 담당의도 어쩔 수 없이 마무리를 했다고 합니다. 시술 후 개실이 많아서 시술하는데 어려움이 있었다고 하고 엄마가 내시경의 한 부분을 가리키며 저게 뭐냐고 묻자 약간의 작은 천공이 있을 수 있는데 일반적으로는 저절로 아무니까 며칠 잘 지켜보시고 혹시 이상소견이 있으면 바로 병원으로 오시라고 했습니다. 시술이후 2월 20일 오전부터 갑작스러운 복통으로 병원을 찾았으나 병원의사는 변을 못 봐서 배가 아픈듯하니 집에 가서 관장을 하시라고 하면서 두 분을 집으로 돌려보냈다고 합니다(벌써 복막염이 진행되고 있던 중으로 판단) 관장약을 사들고 집으로 오셨으나 견딜 수 없을 정도의 통증으로 결국 구급차에 실려 코로나로 폐쇄된 현실에서 불행 중 다행히 계명대학교동산병원 응급실로 이송되어 천공 의심으로 보인다며 변으로 다 찬 뱃속을 세척하고 인공항문을 배 밖으로 빼는 수술을 받고 중환자실, 일반병실 등을 거쳐 퇴원, 요양병원 입원, 다시 동산병원입원 장복원수술 등 3개월이 넘는 기간 동안 죽을 고비를 넘겨가며 수술을 하시고 지금은 집에서 홀로 요양 중이십니다. 만약 동산병원에서 받아주지 않았다면 부산으로 갈 수 밖에 없는 상황이었으며 그런 상황이 발생했다면 이송도중 사망했을 것입니다. 요양 중인 지금은 기력은 당연히 없으실 수밖에 없고 우울증 등으로 인해서 집밖으로 나다니실 생각 자체를 안 하시고 은둔하고 계시는 상황입니다. 사건초기 병원에서는 병원비는 걱정 마시고 치료에만 전념하시라고 해놓고 어느 순간부터 돌변하기 시작하여 간병비는 우리부담이 아니라고 시작해 전체 병원비는 서류를 떼 달라고 하여 약300페이지 분량을 떼어 전달 하였습니다. 그 이후 2주 이상이 지나도 아무런 연락이 없어 재차 연락을 취했습니다 병원관계자들은 그 사이 제출받은 서류로 어떻게 하면 책임을 회피할까라는 구상만 한 것으로 보입니다. 하여 6월18일 신랑과 엄마가 병원을 방문하여 1내과원장과 국장이라는 분과 면담을 시작하였는데 시작부터 본인들의 책임을 회피하고 1차적 책임은 없다고 책임을 최소화하기 위한 변명으로만 일관하였습니다. 그럼 내시경을 안했더라도 천공이 올수 있었냐라는 질문에 답변을 하지 못하고, 나름 알아본 것들을 얘기하자 처음에 제시한 내용에서 본인들이 무슨 큰 인심을 쓰는 듯 약간의 비용으로 회유를 시도하다 합의가 본인들 뜻대로 되지 않자 협박조로 그럼 소송을 하라고 소송하면 검사했던 2내과 원장이 병원을 그만 둘 것이고 그러면 소송당사자가 없어진다 또한 책임이 본인에게 돌아오면 본인도 병원을 그만두면 그만이다 라고 거꾸로 협박하는 쉽게 얘기해 주는대로 먹고 떨어지라는 말이죠 처음 수술할 때부터 지금까지 가족들은 수백 번, 수천 번 가슴을 쓸어내려야 했고 수술 전으로 다시는 돌아갈 수 없는 할머니모습에 가슴이 찢어 질거 같은데 지금은 병원의 이런 태도에 울화통이 터집니다. 모든 의사선생님들이 다 그런것도 아니고 사람이 하는 일이라 실수가 있을 수 있다는 것도 알지만 변명과 꼼수만으로 사건을 무마시키려 하는 모습에 분노를 감출길이 없습니다. 혹시 이 글을 보시고 이런 사건에 대해 조언이나 나아갈 방향을 제시해 주실 수 있는 분들이 계신다면 저희에게 힘을 보태주시길 간곡히 부탁드립니다.",
  "num_agree": 547,
  "petition_idx": "590278",
  "title": "파렴치한 병원을 고발합니다."
}