{
  "category": "정치개혁",
  "begin": "2020-06-30",
  "content": "대한민국의 정의는 죽었습니다. 대한민국의 한 국민으로서 통탄을 금할 길이 없습니다. 2017 제19대 대선 당시 드루킹 댓글조작 연루 의혹!(김경수 경남도지사 가담혐의,현재 재판 진행중...) 조국 전 법무부장관 청와대 민정수석 당시 유재수 부산 경제부시장 감찰무마 의혹!(조국 혐의 일부 일정...) 조국 아내 정경심 전 동양대 교수 자녀 입시비리(표창장 조작 혐의,허위 인턴 증명서 발급,교재 보조금 허위수령,PC하드디스크 증거인멸) 추미애 법무부장관 아들 군대 휴가 미복귀 감찰 무마 의혹! 415 총선 조작 의혹!(2020년 6월16일(화) 오후 10시50분! MBC PD수첩 방송!) 안보 무능!(북한의 거듭되는 도발 및 비핵화 거부에도 불구하고 집권 여당173인 종전선언 제안 추진...) 특검이라는 좋은 수단이 있음에도 불구하고 검찰개혁 외치면서 검찰의 손과 발,눈과 귀를 가리는 공수처 법 도입!(집권여당 및 대통령의 권력유지 수단으로 전락!) 대한민국 경제 파탄! 무분별한 퍼주기식 포퓰리즘 복지정책! 청년실업 문제! 일자리 부족! 자영업자 줄줄이 파산!(최저임금제) N포세대! 2017 대선 이전부터 여론에서 시끄러웠던 문재인 대통령 아들 문준용씨 기업 채용 특혜 의혹! 대한민국 헌법을 무시하고 숭고한 민주주의 정신을 훼손한 집권여당(더불어민주당)의 즉각 해체와 문재인 대통령의 대국민사과 및 하야를 촉구하는 바 입니다. A government of the people by the people and for the people shall not perish from the earth. 국민의 국민에 의한 국민을 위한 정부는 지구상으로부터 결코 사라지지 않을 것이다. -미국 제16대 대통령 Abraham Lincoln 게티스버그 연설-",
  "num_agree": 5750,
  "petition_idx": "590236",
  "title": "대한민국의 숭고한 민주주의 정신을 짓밟고 훼손한 집권여당의 해체와 문재인 대통령의 대국민사과 및 하야를 촉구 합니다!"
}