{
  "category": "기타",
  "begin": "2020-06-30",
  "content": "https://www1.president.go.kr/petitions/590163 상기의 청원글과 제가 지금 쓰는 청원은 청와대에서 답변할 사항이 아님을 잘 알고 있습니다 하지만 오해의 소지를 많이 가진 청원글이 공유되면서 피해자들이 발생하고 있어 아래 내용을 근거로 상기 링크의 청원 파기를 요청합니다 요청 이유는 본인이 피해자인 듯 이야기 하지만 부담금을 기 납부한 대다수 조합원들의 재산 및 정신적 피해를 야기하는 또 다른 가해자 이기 때문입니다. 아래의 글은 상기 청원의 글을 발췌, 하단에 그에 대한 반박글을 적었습니다. (주관적인 생각이며 조합 집행부와는 관계없이 조합 구성원으로서 개인의 재산을 보호하기 위하여 적은 글 입니다) 총회결의를 하지 않은 부담금은 조합원의 채권이라 할 수 없으므로 납부의무가 없을 것입니다 그런데 1차 추가부담금 명목의 선납금을 입주를 빌미로 세대당 1,400만원~ 2,100만원을 정당한 부과사유없이 계약서에 포함시켜 납부하게 한거죠 ---> 총회라 함은 조합원의 의견을 공개적이고 합법적으로 수렴하기 위한 도구로 인지하고 있습니다 재계약을 통해 계약서에 사인 한 것은 해당 부분을 인지한 상태로 동의했다고 볼 수 있을 것입니다. 다만, 증액된 공사비 및 사용 금원의 정당성 여부는 추후 법으로 따져야 할 것입니다. 계약 자체를 부정하면 기 등기 된 아파트에 대한 부분도 문제가 될 것으로 생각합니다. 1차 추가부담금에 대한 총회결의도 없었는데 2020.02.08 제6차 임시총회에서 2차 추가부담금에 대한 결의가 가결되었습니다 조합측은 2차 추가부담금 납기일 2020.06.19 넘겨 20% 연체이자를 부과하겠다고 합니다 ---> 위에 적힌 것과 같이 2/8일 총회 의결로 부담금이 결의 되었으나, 결의 된 부담금을 재계약서에 포함된 금원이 총회를 거치지 않았다는 이유로 불복하고 고의적으로 납부하지 않음으로 기납 조합원들의 재산상 불이익을 야기하므로 총회에 의결된 약정이자(최대 20%) 를 적용하는 것은 타당하다고 볼 수 있습니다. 그리고 부득이하게 납부하지 못하는 조합원에의 구제를 위해 조합에서는 납부 독려와 함께 구제를 위해 필요 서류를 제출하라고 하였으나, 고의적 미납자들은 그를 이행하지 않아 이자 20%가 부과된 것입니다. 현재 조합의 잔여재산(미분양아파트,상가)은 매입형분양대행업체가 분양업무중에 있습니다 하지만 계약서상 2020.05.15까지 잔여재산에 대한 잔금을 입금해주기로 했는데 코로나로 인한 재난사태로 잔금입금일은 연기요청하여 조합측에서 5%의 연체이자율 부과에 대한 계약서를 재작성하고 2020.06.30로 기간을 연기시켜준 상태입니다 잔금입금이 늦어지면 발생할 리스크가 있음에도 조합은 분양대행업체의 편의를 봐주었습니다 코로나로 누구나 어려운 이 시기에 총회성사 4개월만에 천만원이 넘는 돈을 납부하라며 납부기한을 어길시 20%의 연체이자를 부과하겠다는 조합은 과연 누구를 위해 존재하나요? 분양매입대행은 연체이율 5%적용 조합원에게 사채이자만큼의 20%적용 타당한가요? 적법한 절차를 거쳐 결의된 2차 추가부담금은 당연히 조합원으로써 납부는 해야겠지요 하지만 2차 추가부담금 납부에 앞서 **지역주택조합 조합원은 적법한 절차를 거치지 않고 1차 추가부담금명목의 선급금을 이미 조합에 납부한 상태입니다 그렇다면 1차 추가부담금 명목으로 선납한 금액은 부당한 부과금이므로 조합측에서 조합원에게 돌려줘야 하는것이 마땅하다고 생각됩니다 하지만 어짜피 조합원은 2차 추가부담금 납부를 해야하니, 돌려받아야할 1차 추가부담금 명목의 선급금으로 대체납입하고 차액은 돌려줘야 한다 봅니다 (선납금이 2차 추가부담금보다 많음) 시청에서 적법한 절차를 무시한 1차 추가부담금 명목으로 부과한 금액에 대한 중재를 바랍니다 ---> 연체 이자라 함은 지정기간에 납부하지 못한 사람에 부과되는 금원입니다. 조합에서는 부득이 납부하지 못하는 사람을 위하여 구제에 포함한 서류를 제출해 주십사 수차례 요청한 것으로 알고 있고 저도 안내 받았습니다. 그 서류도 제출하지 않고, 자신의 생각만으로 재계약서에 의하여 기 납부된 금원으로 해당 부담금을 대신한다는 주장을 펼치며 개인의 이익 만을 앞세우고 있습니다. 재계약에 포함된 금원이 부당하다면, 부담금 납부 후 법리적 검토를 통해 부당함을 증명하고 환수를 위해 힘써야 함에도, 자신의 이익 만을 위하여 기 납부한 조합원들의 피해를 일방적으로 강요하는 저 청원은 사리에 맞지 않는다고 생각합니다. 현 조합에서는 관련 부분을 국가기관에 의뢰하여 수사 중이며, 부당하게 책정된 금원은 합법적으로 확인하고 환수가능 한 부분은 환수 하려는 것을 수차례 강조하였으나, 일부 조합원은 그 이야기를 자신만의 생각으로 재 해석하여 의무는 다하지 않고 부당함만 주장하고 있습니다. 본인의 의무를 다하지 않고 권리만 요구하는 것은 바람직 한 자세가 아니며, 자신의 요구가 받아 들여지지 않는다고 하여 조합원들의 공익을 저해하는 행위를 두고 볼 수 없기에 이와 같이 청원합니다.",
  "num_agree": 299,
  "petition_idx": "590237",
  "title": "창원시 지역주택조합 추가부담금 중재요청 청원의 파기를 청원합니다."
}