{
  "category": "행정",
  "begin": "2020-06-30",
  "content": "안녕하세요? 저는 지방에 사는 직장인 입니다. 경단녀였다가 취업을 하게 되었는데 일하다보니 전공 보다는 자격증이 더 필요 하더라구요 디자인과 4년제 졸업 이였던지라 자격증이 별 필요 없다 생각했는데 실제 직장생활에선 자격증이 있어야 하기에 기사 자격증을 준비했습니다. 제가 도전한 시험은 시각디자인기사 자격증이고 필기는 합격 이번에 합격 했네요 그런데 문제가 있어요 실기 시험을 볼 수가 없어요 300명 안되는 사람들이 필기에 합격 했는데 정작 실시 시험 치는곳은 전국 몇곳도 안되요 제가 사는 충청도는 근처에 시험 장소도 없어요 애셋맘인 전 시험 치려면 서울로 가야 하는데 그마저도 .... 이 시험은 1년에 1번 밖에 없어요 그런데 실기 시험을 못치룬다면 2년 밖에 인정안해주는 필기 시험을 무한 반복으로 쳐야 할까요?? 실기 시험 치룰 수 있게 청원 드립니다 적어도 합격한 사람들에게는 기회를 줘야 하지 않나요?? 반도 안되는 자리수 가지고 내년에 치라는 건가요?? 시험 기회를 공평하게 해주세요 시험 신청을 못해 필기만 계속 치뤄야 하는 말도 안되는 일이 생기지 않게 해주세요",
  "num_agree": 268,
  "petition_idx": "590225",
  "title": "자격증 시험 보게해 주세요"
}