{
  "category": "교통/건축/국토",
  "begin": "2020-07-02",
  "content": "청약자체가 받을때부터 1순위 되기가 힘든데 운좋게 당첨되어 내집장만 하려는데 그때의 법적용이 아니라 급하게 바뀐 법을따르라고 하면 그자체가 위법 아닌가요? 나라에서 하라는데로 했잖아요~~~!!!? 그래서 분양받은건데 지금에 바뀐법을 따르라고하면 헌법에 나와있는 국민의 재산권 침해 그자체 잖아요 쉽게 버스를 타서 서울에서 부산까지 가는데 100원인데 중간지점에서 갑자기 요금이 올랏으니 50원 더내라 하는건랑 뭐가 틀릴까요? 지금 바뀐법은 앞으로 적용 하면 되는 겁니다. 예전에 받은 사람들은 어쩌라고요? 길바닥에 앉아요?",
  "num_agree": 835,
  "petition_idx": "590296",
  "title": "617대책 국민의 재산권은 꼭 지켜 주세요"
}