{
  "category": "교통/건축/국토",
  "begin": "2020-06-30",
  "content": "안녕하십니까 현재 울산광역시에 거주하고 있는 주민입니다. 현재 거주지(울산남구 소재) 뒷편 교회 재건축 및 신축공사현장의 공사로 인해 거주지 피해를 받고 있습니다. 2016년부터 기존 교회철거 당시에도 주민들에게 제대로 통보하지 않아 소음 및 진동에 시달렸으며 이후 2017년부터 교회 재건축을 위해 터파기 공사를 진행하여 소음과 분진. 그리고 진동으로 큰 피해를 입었습니다. 게다가 본 청원자를 비롯하여 인근 거주 주택지 라인에 CPR공법을 사용하여 거주지에 충격완화 등을 도모해야 함에도 지반에 암석이 많다는 이유로 CPR공법에서 토류판을 덧대는 공법으로 변경되어 시행되었고 드릴 코어공법을 사용하여 안전을 도모해야 함에도 굴삭기를 동원하여 지반 터파기 공사를 진행하여 진동이 심화되었고 지하수 추출작업을 병행함으로 인해 인근 주택들에 큰 균열이 가기 시작했고 지반이 불안정해지고 있는 강력한 의심을 하고 있습니다. 안전상을 이유로 시공사를 상대로 공사중지 가처분 소송을 진행했고 1심승소 2심패소를 당해 공사가 재 시작되었습니다. 현재도 본안소송이 진행중이지만 시공사와 발주처인 교회는 그 속에서도 주민들의 불편은 나몰라라 한 체 공사를 진행하고 있습니다. 이에 울산광역시 남구청 및 국토부에 문의 및 소음 신고등을 수도 없이 하였으나 돌아오는 대답은 형식적으로 소음 방지에 최선을 다하겠다고 말하고 단지 몇 번의 소음 측정을 통해 적발시 벌금을 물리는 형태로만 일할뿐 가장 중시되어야 할 주민들과 공사현장 간에 소음 저하 행정등이 극히 미비하고 단지 조용히 공사하라는 식의 통보만이 시공사측에 전달될 뿐입니다. 게다가 시공사측에서는 원 공사 조감 및 제출 도면, 그리고 주민들에게 한번 설명회를 개최하였을때 분명 CPR공법으로 공사를 진행하겠다고 하였으나 토류판으로 변경되어 공사가 진행됨에 인근 거주자들의 주택에 균열 등 큰피해를 주었음에도 불구하고 울산광역시 남구청 건축허가과에 공법이 바뀌게 된 이유 그리고 지하수 추출작업으로 지반에 피해가 감에 추출자료 등의 자료열람을 요청하였으나 이 건은 알려줄 수 없고 알고 싶으면 현재 소송중이니 법원에서 열람명령서를 들고오라며 무관심으로 대응하고 있습니다. 현재 본 청원자가 거주하는 주택은 균열이 눈에 띄게 확장 및 심화되고 있고 지진 등 자연 재해 발생 시 붕괴가 자명할 정도로 심화되고 있고 매일 소음 등으로 인해 거주지에서 누려야 할 휴식또한 보장받지 못하고 있습니다. 게다가 주민안전을 최우선으로 우려해야 할 지방자치단체에서도 이 건은 소송중이라며 무관심으로 일관하고 있는 현실에 화가 나고 또한 지자체를 불신하게 하는 큰 이유로 작용하고 있습니다. 부디 거주자들의 안전보장과 적극적이고 실용적인 행정 업무가 실현되거 하여 주십시오",
  "num_agree": 163,
  "petition_idx": "590233",
  "title": "교회 재건축 공사로인해 거주지 피해와 공무원들의 무사안일 태도를 성토합니다."
}