{
  "category": "성장동력",
  "begin": "2020-06-30",
  "content": "이번에 발표한 주식양도세시행 전면철회해야합니다. 일단 이번정책은 우리나라증시의 현실부터 잘못선정되어있읍니다. 대한민국증시는 전세계증시중 이머징증시국가에 포함되있읍니다. 일단 가장큰문제는 이머징증시국가중 주식에 양도세부과하는 국가는 없다는겁니다. 현재 선진증시국가만 주식양도세를 부과하고있는데 우리랑 경쟁증시인 대만도 주식양도세부과했다가 증시폭락해서 양도세부과취소한게 사실이죠. 아시아국가만봐도 중국 대만 홍콩 싱가포르등 일본제외하면 모든국가가 주식양도세부과하지않읍니다. 이게 가장큰 문제입니다. 시작부터 정부가 대한민국증시에대한 설정을 잘못하고 정책을 시행하는거지요. 현재 전세계증시는 글로벌자금이 어디라도 움직이면서 투자하는게 기본인데 이제 이머징국가중 유일하게 대한민국만 주식양도세부과한다면 개인큰손들은물론 일반개인투자자까지 다 해외로 옮길것이 자명합니다. 돈이라는게 조금이라도 수익보기쉬운쪽으로가는게 당연한데 증시가14년째 제자리이고 북한리스크까지안고있는 국내증시에 양도세까지부과하면 국내증시에 투자할 이유가전혀없지요. 14년째 제자리인 국내증시에 유일한 이점이 주식양도세비과세였다는건 주식하는 모든투자자가 알고있는사실입니다. 주식투자는 이익볼확률보다 손실볼확률이더큰 투자방식입니다. 그건 모든투자 통계자료를 봐도알수있구요. 그런데 여러번손실보다가 개인투자자가 어쩌다 한번수익보면 그것에 세금부과한다면 아무리 3년간 손실공제해준데도 이익은커녕 손실만 늘어날겁니다. 제발 정책을 펼때는 제대로된 시믈레이션을 해보고 정책을 만드시길 바랍니다. 지금 정부는 정치권 언론기관과함께 거래세부과이슈로 정말 큰문제인 주식양도세문제를 덮고있는걸로보입니다. 정말가장큰문제는 주식양도세인데 거래세문제를 이슈화해서 주식양도세문제는 감추고있지요. 우리나라증시는 14년째 제자리입니다. 이게 대한민국증시의현주소이구요. 정부는 이것부터 자각했으면 합니다. 다른나라 증시다올라갈때 왜 대한민국만 14년째제자리에있는지. 현실을 먼저 냉정히 파악하시고 정책을 펴기바랍니다. 지금 대한민국증시에 필요한건 증시활력을 떨어뜨리는 주식양도세 부과가아니라 제대로된 증시부양책입니다.",
  "num_agree": 1068,
  "petition_idx": "590214",
  "title": "주식양도세시행 전면 철회해야합니다"
}