{
  "category": "문화/예술/체육/언론",
  "begin": "2020-07-01",
  "content": "안녕하세요 한림예고 입시를 준비하고 있는 중학교 3학년 입시생입니다. 오늘 한림소식에 2021학년도 신입생모집을 중단한다는 게시물이 올라왔습니다 저는 처음에 믿기지가 않아 몇번씩 다시 읽어보다가 결국 학교에 사실 확인을 하고자 전화를 했습니다 학교 측에서도 방금 전달을 받았고 안타깝지만 2021학년도 신입생 모집을 중단이 맞다고 했습니다 믿기지는 않지만 학교측에서도 맞다고 하니 허무하고 한참을 눈물을 흘렸습니다 전 정말 누구보다 열심히 노력하고 있었기 때문입니다 학원이 문여는 시간에 가서 문닫는시간까지 연습을 하고 점점 나아지는 제 자신을 보고 뿌뜻했습니다 이렇게 목표만을 바라보면 달려가고 있습니다 이런 사람이 저 뿐만은 아닐 것입니다 전국적으로 입시생들이 많을 것입니다 현재는 코로나19사태로 인하여 학원 나오는 입시생들이 정말 급격하게 줄었습니다 하지만 저 처럼 열심히 하는 입시생들이 있습니다 이 입시생들은 아무리 적어도 학교의 인원수 만큼은 채울 수 있을 것입니다. 이렇게 열심히 하루하루 모자란 시간을 쪼개가며 사는 입시생들이 있습니다 이 입시생들은 코로나가 무섭지만 꿈을 위해서 노력하는 사람들입니다 코로나로 인해서 아프게 되면 입시도 못볼 것을 알면서도 열심히 예방수칙을 지켜가며 열정을 다해서 노력하는 사람들입니다 저 또한 1시간 넘는 거리를 왔다갔다 하며 매일같이 노력하는 사람중에 한 명입니다 하지만 이런 입시생들에게 기회조차 빼앗아 버리는것은 아니라고 생각합니다 이 입시생들이 다 붙을 수 없지만 그래도 붙기 위해서 한명한명이 피나는 노력을 하고있습니다 하지만 저희에게 기회라는 것 조차 주어지지 않는다면 미래를 위해 열심히 노력한 입시생들은 뭐가 되는거죠? 현재 한림예술고등학교 설립자이자 교장이신 이** 교장 선생님께서 안타깝게도 별세를 하셨다고 합니다 그래서 학력인정 학교였던 한림예고는 근거 법령이 평생 교육법에 의거,설립자의 지위 승계가 불가하여 신입생을 모집할 수 없고 학력인정 학교였던 한림예고는 이에 초.중등 교육법에 의한 학교로 추진한다는 공지를 내렸습니다 하지만 공지는 이미 너무 늦게 내려졌고 그동안 피나게 노력했던 저희의 노력이 물거품이 되는것은 아니라고 생각합니다 12년의 역사와 전통을 가지고 대다수의 연예인과 인재를 배출한 꿈의 학교 저희 05년생 입시생들도 그 중 인재가 되기 위해 도전을 하려 지금까지 피나는 노력을 해왔습니다 저희 05년생은 죄가 없습니다 저희는 동등한 대우를 받을 권리가 있습니다 교육부는 평생교육법을 재정해주시길 바랍니다 저희 05년생 입시생들은 열심히 준비하고 노력한거 밖에 없습니다 저희에게도 동등한 기회를 주세요 제발 도와주세요. [본 게시물의 일부 내용이 국민 청원 요건에 위배되어 관리자에 의해 수정되었습니다]",
  "num_agree": 10265,
  "petition_idx": "590259",
  "title": "한림예고 입시생들의 억울함을 풀어주세요"
}