{
  "category": "교통/건축/국토",
  "begin": "2020-07-02",
  "content": "무주택자에서 결혼생활 20년동안 그나마 애들 둘키우면서 청약이라는 것 처음으로 1순위 자격이 되어 분양을 받았는데 지금에 와서 입주 2달 남겨 놓고 소급적용 해버리면 이나라에서 살 가치가 없네요 청약도 넣을때 1순위 자격 요건도 까다로와서 여차여차 해서 간신히 자기집 무리해서라도 갖겠다는데 원분양자들 까지 투기 세력으로 몰아 넣는 그러한 무대포가 어디 있습니까? 당신들 주머니 털면 정말 깨끗 합니까? 세금 꼬박꼬박 내면서 45년 지금까지 이나라 국민이었다는게 정말 한숨만 나오네요 국토부 금융위 당신들은 집값잡는다고 말한마디 하지만 그 말한마디에 수많은 사람이 내몰리고 죽고 싶다는 생각을 심어 준다는건 생각 안하시나 보네요 그럼 청약 자체도 위헌이고 청약 힘들게 넣으면 뭘합니까? 나라에서 뒤집는데 청약도 돈 있는 사람만 받으세요 없는 사람헷갈리지 말게요 자기 통장에 수억있는 사람만요 없는 사람들에게 희망을 주지는 못할망정 그 희망마저 꺽어버리는게 나라에서 할짖인지 다시한번 아니 수만번 생각하고 말하세요 당신들은 없어본적이 없어서 그럴수 있는지 모르겠지만 말입니다. 이 대책후 아무일 없는것 같아 안심 하지 마세요 저 또한 죽고싶은 심정이고 이러한 생각을 가지고 있는 수많은 가장들 또한 가족들에게 비수는 꽂지 마세요 그렇게 안해도 지금 힘들어요",
  "num_agree": 651,
  "petition_idx": "590292",
  "title": "617대책 한마디에~!!희망이 꺽기고 좌절하게 하지 말아 주세요"
}