{
  "category": "반려동물",
  "begin": "2020-06-30",
  "content": "진짜 씨씨티비보다가 화가나서 못참겠습니다. 긴말필요없이 씨씨티비좀 봐주세요 그리고제발 반려동물을 위한 법을 강화시켜주세요 대한민국의 반려견들이 숨좀쉴수있게 도와주세요. ***의 주인을 강력히 처벌을 원합니다. [본 게시물의 일부 내용이 국민 청원 요건에 위배되어 관리자에 의해 수정되었습니다]",
  "num_agree": 39592,
  "petition_idx": "590223",
  "title": "구리-***에서 3일간학대로 돌아온강아지"
}