{
  "category": "보건복지",
  "begin": "2020-07-01",
  "content": "- 해외 입국자 중에 확진자 비율이 요사이 엄청 증가하고 있읍니다. - 모든 해외 입국자에 한해 출국지에서 먼저 코로나 검사를 통해 음성으로 판정 난 사람에 한에 입국허가토록하는 방법을 시행하면 일차적으로 선제적으로 필터링이 되기 때문에 효과적이지 않을까 판단 됩니다 !!!! * P.S. : 전세게적으로 국가간에 입국시 출국국가에서 코로나 음성판정을 받은 사람에 한해 출국허가가 되고 또한 입국국가에서 음성판정을 받은 사람에 한해 입국허가가 된다면 타국으로 코로나 전염을 시키는 증가율이 지금 보다는 확연히 줄어 들지 않을까 판단 됩니다 !!!",
  "num_agree": 624,
  "petition_idx": "590246",
  "title": "해외입국자에 대해 출국지에서 코로나 음성판정확인후  입국허가토록 조치 요망"
}