{
  "category": "교통/건축/국토",
  "begin": "2020-07-02",
  "content": "저는 40대 후반의 가장으로 가진 재산은 재건축을 추진중인 아파트 단지에 있는 1 주택이 전부 입니다.. 현재 중국에서 중국회사에 근무하고 있으며 가족과 함께 거주중입니다. 당분간 이 곳에서 근무하다 한국으로 돌아갈 계획입니다.. 참고로 중국은 타국민에게 영주권이나 시민권 발급 제도가 없으며 저 같은 경우는 취업비자를 연장하며 거주 하는 대한민국 국민입니다. 중국에서의 거주 형태는 월세를 내고 살고 있으며 중국엔 아무 재산도 없습니다.. 몇해전 중국으로 취업되어 오며 언젠가 한국으로 돌아올 때 새 아파트에 살고 싶은 마음으로 기존의 주택을 처분하고 재건축을 추진중인 아파트를 전세를 끼고 매입하였습니다. 이 곳에서 열심히 저축해서 한국으로 돌아갈 때 세입자에게 전세금 반환해주고 새 집 들어가 살자는게 제 인생 최대 계획이었습니다. 하지만 지난 6월 17일 발표된 부동산 대책 을 보니 저희 가족 같은 경우는 아파트가 재건축 될 경우 입주가 불가하다는 것을 알게 되었습니다. 2년 실거주 기록이 없으면 조합원 분양권을 주지 않으며 시세 보다 저렴하게 현금청산을 해야 한다는 내용 때문입니다. 저는 이 곳에서 당분간 계속 일을 해야 하는 처지입니다. 소유한 주택에서의 2년 거주를 위해 이 곳 직장을 포기 하면 제 나이 대 노동자의 재취업 문제와 일하는 분야의 한국내 불경기로 인해 국내에서 직장 잡기도 어려운 현실입니다. 여기 중국에서 학교 다니고 있는 아이도 모든 과정을 중지해야 하구요. 만약 이 곳에서 일을 계속한다면 나중에 귀국 했을 때 살 집이 없어지는 경우가 됩니다. 더하여 현재 저희 가족은 중국에 나온지 2년 이 초과하여 한국에 소유중인 아파트를 매도할 경우 1가구 1주택 비과세 도 못받아 양도세도 크게 내야 해 사실상 매도도 불가합니다. 이번 부동산 대책으로 1가구 1주택 소유주임에도 저는 직장을 포기하거나 집을 포기하거나 둘 중 하나를 선택해야 하는 처지가 되었습니다. 저는 현재 소유중인 아파트 구매를 위해 부모로 부터 증여나 상속 받은것도 없고 그간 직장생활 하며 스스로 모은 돈 으로 집 한 채 있는 것이 전부 입니다. 가지고 있는 집을 은퇴전에 빚없는 온전한 내집으로 만들자 는 것이 인생 최대 목표였습니다. 하지만 이번 발표된 부동산 대책으로 저의 인생 계획은 다 물거품이 되게 생겼습니다. 이번 대책에 저와같이 당장 한국으로 돌아올 수 없는 경우도 고려가 되었는 지 궁금합니다. 이 번 부동산 대책으로 저와 같은 재건축 아파트 소유자가 집을 팔게 하는게 정부의 목적이라면 2년 초과 해외 거주자에게도 1가구 1주택 일 경우 양도세 비과세를 적용해 줘야 하지 않을까 합니다. 해외로 영주권등의 취득으로 인한 완전한 이민한 사람이 아닌, 생업등의 이유로 해외에 거주중인 1가구 1주택 대한민국 국민에 대한 보완 대책을 감히 부탁드립니다.",
  "num_agree": 226,
  "petition_idx": "590285",
  "title": "617 부동산대책에 대한 해외거주자 고려 요청"
}