{
  "category": "기타",
  "begin": "2020-07-01",
  "content": "들어가며 코로나로 인한 여파로 주식폭락을 발생시켰고,동학개미 운동으로 어느정도 증시가 안정을 찻아가고 있는 작금에 주식소득 양도세라는 명목으로 소득의 20%를 국가에서 가져가겠다고 합니다. 주식은 부동산과 더불어 하나의 재테크 수다으로 있으며, 국민의60%가 관심을 가지고 있기에,주식투자자의 심리를 위축시키, 주무부처에서도 세수 확대의 효과가 없다고 말을하고 있어 굳이 도입할 이유를 찻지 못하겠기에 주식소득 양도세의 도입은 철회되어야 합니다. 1.국민들의 주식투자 주식투자는 자기가 확신하는 종목을 선택해서 5년이고10년이고 장기로 투자하는 것이 정석이라고 말합니다. 단타매매는 필패라고. 수년에서 수십년동안 비빌언덕이 주식이라고 생각하고, 하루하루 열심히 살아가는 선량한 주식투자자에게 일정소득 이상일때 20~25% 주식 소득 양도세를 부과하겠다는 것은 국민들의 주식투자 심리를 크게 위축시킬 것입니다. 주식투자 위축이 가져오는 효과는 기업이 충분한 주가상승의 효과를 보지 못하고 있을때 신기술 개발에 따른 시설을 확충하고자하는 기업이 충분한 자금을 확충하지 못하여, 중도나 시작도 하기 전에 무너져 버리는 심각한 상황이 발생할 가능성이 농후하며 경제발전을 저해할 것입니다. 1.정부의 해당부서에서는 말합니다. 세수가 예전과 비슷하여 주식투자자들의 95% 는 영향이 없고, 상위5%에만 영향이 있을거라고. 정책을 실시하고자 할 때에는 순기능이 역기능을 2배이상 가지고 있을때 하는 것이지, 동등하거나 그 이하일때 실시한다면 국론분열에 시간낭비만 될 것입니다. 1.주식과 부동산의 상관관계 이번 주식 소득 양도세의 부과로 주식시장을 떠나는 국민들이 상당히 있으리라 생각됩니다. 이 주식투자자들이 어디로 갈까요? 해외 아니면 부동산 쪽이 다분히 예상되며,그러면 결과는 안봐도 알수 있을 것입니다. 1.외국인 투자자와 개미투자자의 조세평등 소득이 있는 곳에 세금이 있어야 하는데 국민들에게만 있고, 국내증시에 못된짓(무차입 공매도와 신용)은 골라서하는 외국인 투자자에 대해서는 양도세를 부과하지 않는다는 것은 불공평 그 자체일 것입니다. 1.민의라는 것 현재 주무부처에서 주식투자자를 어떻게 파단하는지 모르겠지만, 일본의 자민당 아베총리는 10년째 총리직을 수행하고 있습니다.수 많은 실정과 구설수에도 총리직을 수행하는 것은 2011년 후쿠시마 원전 폭발 사고와 연관이 있습니다. 원전폭발보다 더한 잘못이 있기 전에는 민주당으로의 정권교체는 요원하며,자민당정권은 계속 유지된다는 것입니다. 실익이 없는 정책변환으로 민심을 잃는 우를 범하지 않았으면 합니다. 1.진실이라는 것과 고백 제 생각으로는 이번 양도세 도입으로 분명히 세수가 늘어난다고 생각합니다.후세를 위해서 세수의 필요성을 국민들에게 고백하고 설득하는 것이 박 근혜정권과 같이 담배세 인상을 국민건강이라는 허울을 씌워 진행하는 것보다 훨씬 진정성이 있으리라 봅니다. 1.세수 보전기간 3년의 문제점 주식투자를 하기 위해서는 어느정도의 자금을 축적하여 시작하거나, 조금씩 적게는 수년, 많게는 수십년을 모아 투자를 하게 됩니다. 혹은 대출을 받아하는 경우도 있구요. 혹여나 썩은 동아줄을 잡아 떨어지면 이를 회복하는데 3년이라는 세월로 가능할까라는. 긍정보다 부정적인 생각이 더 많이 드는 이유는 무엇일까요? 어찌보면 10%의 실효성을 위해 90%를 무시해 버리는 논리라 사려됩니다. 1.대책 현재 주식거래를 하면서 투자자들은 증권거래세와 증권회사에 중개수수료를 지불합니다. 진정 세수확대를 위해서라면 증권거래세0.2%와 양도세 20%가 아닌 소득구간을 세분화해서 1~5%의 세금을 부과하고 국민들에게 양해와 설득을 한다면 국민들이 받아들일수 있으리라 봅니다. 진정 대한민국의 주식투자자를 위한다면 공매도와 신용을 금지 내지 상환기간을 7일 이내로 축소하여, 정보와의 전쟁에서 무기의 불평등에서 오는 문제를 조금이나마 해소할수 있으며 대한민국 주식시장이 건전해지리라 생각됩니다. 후대와 대한민국을 위해!!!",
  "num_agree": 1115,
  "petition_idx": "590247",
  "title": "금융세제 선진화 추진 방안에 들어있는 주식 소득 양도세 철회를 청원합니다."
}