{
  "category": "교통/건축/국토",
  "begin": "2020-06-30",
  "content": "저는 수원 호매실지구 5단지 입주민입니다. 공공임대 조기분양이 이루어지고 있는 상황인데 이해할 수없는 부분이 있어 청원하려고 합니다. 저는 전세값이 한창 오를 2013년에 갈 곳이 없어 헤매고 있을 때 우연하게 미분양 공고를 보고 임대에 들어오게 되었습니다. 그리고 열심히 살고 있던 차에 조기분양이 이루어진다고해서 내집 마련의 꿈을 실현할 수 있겠구나 하고 감사의 마음으로 기대하던 중이었습니다. 그런데 들어올 때 청약통장을 쓰지 않았다는 이유로 대출이 40%라니...청약통장 쓴 사람은 70% !! 이게 말이 됩니까? 서민을 위한 임대아파트인 줄 알고 있습니다. 청약통장을 안써도 된다해서 안쓴 것 뿐인데...아무런 전달사항도 없다가 갑자기 투기지역이네, 40% 대출이네 하니 가슴이 먹먹합니다. 저는 투기꾼도 아닌데 투기꾼이 된 느낌입니다. 결론을 말하며, 청약을 썼든 안썼든 간에 서민을 위한 임대아파트라면 똑같이 70% 대출이 가능해야 한다고 생각합니다. 거주기간도 같은데 너무 억울하잖아요!! 도와 주십시오~",
  "num_agree": 189,
  "petition_idx": "590210",
  "title": "국민 공공임대 조기분양 체결시 청약통장 여부에 따른 대출 범위 격차"
}