{
  "category": "행정",
  "begin": "2020-06-30",
  "content": "6월 28일 중앙재난안전대책본부에서 사회적 거리두기1단계부터 3단계까지 단계별 기준과 공공시설 및 민간 다중이용시설에 대한 실행방안을 확정해서 발표하고 브리핑한 기사를 접했습니다. '사회적 거리두기 2단계에서는 실내 50인 이상, 실외 100인 이상이 대면으로 모이는 모든 사적·공적 목적 집합·모임·행사는 금지하는 행정명령이 실시된다. 다만 공무 및 기업 필수 경영활동에 필요한 경우 예외적으로 허용된다. ' 라는 게 방침이고 '사회적 거리두기 3단계에서는 공공시설은 모두 운영을 중단하고, 민간시설도 고위험·중위험시설은 운영을 중단하도록 한다.'라는 게 방침인데요. 저는 3월 중순에 결혼하기로 되어있었던 예비신부였습니다. 1월 19일부터 코로나19가 대한민국에서 발생되고 2월중순, 말부터 특히 급속도로 번지면서 결국 예식을 9월 중순으로 미루게 되었어요. 여름되면 그나마 괜찮아진다는 뉴스를 접하고 6개월을 미루게 되었거든요. 예식장에서 사정을 조금이라도 봐줘서 원래는 예식일 10일전이면 예식 총 금액의 35%를 배상해야되는데 대관료 50만원 올려서 받고 식대를 1000원씩만 올려서 받는것으로 조정을 해주셨어요. 예식일 기준으로 3달전까지만 100%환급이 되고 예식일 2일~9일전까지는 예식 총 금액의 50%를 배상해야되거든요. 예식일 1일전까지는 예식 총 금액의 90%를 배상해야 되구요. 예식당일은 예식 총 금액의 전부인 100%를 배상해야 됩니다. 100% 배상이면 최소800만원에서 1500만원의 금액을 저희가 다 떠안아야 되나요. 코로나19가 언제 종식될지 예상할 수 없는 시점이고 장기화가 예상되기 때문에 예식을 더이상 미룰수도 없는 형편입니다. 이 시국에 청첩장을 돌리기도 너무 죄송하고 죄인이 되어버립니다. 만약 사회적 거리두기 2단계가 시행이 된다면 미리 예식장을 예약하고 결혼날짜를 잡아둔 예비 신랑신부들은 예식장에서 결혼식을 치러야 하는데 예식장도 중위험시설로 분류되어 있어서 실내 50인 이하로만 제한된다는데 신부, 신랑측 가족이랑 친척들만 합쳐도 50명 넘는 게 다반사입니다. 친척들중에 우선순위를 정해서 몇몇분들한테 참석하지 말아달라고 부탁드리는 것도 너무 실례이지 않을까요. 친한 친구들도 결혼식 보고싶어하고 참석하고 싶어하는 지인들이 있는데 갑작스럽게 2단계 지령이 내려지면 참 난감하고 저도 정말 어찌해야 될지 당황스럽고 슬픈 결혼식이 될 것 같아요. 사회적 거리두기 2단계가 시행돼서 실내 예식장의 경우에 49명 하객만 모시고 결혼식을 올리더라도 최소 보증인원이 200명이기 때문에 나머지 150명에 대한 식대비용을 내야 합니다. 하객 제한에 따른 최소 보증인원이 채워지지 못한 것에 따른 보상금을 국가에서 주셔야 되지 않나요. 특히나 사회적 거리두기 3단계가 시행되면 예식장 이용 자체가 금지가 되어버리잖아요. 마른 하늘에 날벼락을 맞은 심경일듯해요. 예식앞두고 2주전이든 10일전이든 일주일전이든 몇일전이든 당일이든 자기 2단계나 3단계가 내려져버리면 예식을 앞둔 신랑신부는 어떻게 해야 되는건가요? 위약금 전액을 국가 차원에서 보상해주셔야 되는거 아닌가요? 참고로 6월 23일부터 전남 광주광역시에서는 결혼식에서 식사하지 않고 축하하기 캠페인을 벌이고 있더라구요. 결혼식 자체에서 코로나19가 전염된 사례는 없었던 것으로 압니다. 예식장 내부에 의자를 2m거리두기를 철저히 지키도록 배치해놓고 있으니 예식장내에서는 안심할 수 있는 반면, 결혼식 뷔페에서는 전염가능성이 있으니 차라리 예식장 뷔페만 금지해주시고 예식장 전체를 대상으로 뷔페대신 답례품으로 100% 제공해야 된다는 행정명령을 실시해 주십시오. 예식장에서는 뷔페를 운영해야 된다는 입장이라 답례품을 제공못해준다는 곳이 많고 답례품을 준비해주더라도 10%나 20%, 30% 이정도로 소량만 된다는 입장입니다. 울며 겨자먹기로 진행하고 있는 예비 신랑신부들의 입장을 배려해주시고 헤아려주시기 바랍니다. 정부 차원에서 사회적 거리두기가 필수적인 정책이긴 하지만 규제에 따른 대책마련을 신속히 해주시기 바랍니다.",
  "num_agree": 4666,
  "petition_idx": "590230",
  "title": "결혼식장 사회적 거리두기2단계,3단계에 대한 대책 마련해주시기 바랍니다."
}