{
  "category": "인권/성평등",
  "begin": "2020-07-01",
  "content": "안녕하세요 대한민국에서 태어나 헌법에 따라 그 권리와 의무를 다하고 있고, 평등사회를 간절히 바라고 있는 한 국민입니다. 다름이 아니오라, 포괄적 차별금지법 제정에 대한 문재인 대통령님과 현 정부의 결단을 강력히 촉구하고자 이렇게 국민청원을 올립니다. 노무현 정부에서 시작된 차별금지법은 아래와 같이 법무부 입법 예고와 국회의원 발의가 있었음에도 불구하고 이를 반대하는 세력의 각종 반대 운동에 부딪혀 임기 만료 폐기와 철회의 사유로 2020년 현재까지 이 법이 제정되지 못하고 있습니다. ●2007년 : 법무부 입법 예고 -> 임기 만료 폐기 ●2011년 : 민주노동당(권영길 등 10) -> 임기 만료 폐기 ●2012년 : 통합진보당(김재연 등 10) -> 임기 만료 폐기 ●2013년 : 민주통합당(김한길 등 51) -> 철회 : 민주통합당(최원식 등 15) -> 철회 또한, UN에서도 아래와 같이 포괄적 차별금지법 제정을 권고하고 있습니다. ●2017년 10월 9일 유엔 경제 사회 문화적 권리 위원회는 대한민국 정부에 2009년에 이어 재차, 성별·연령·인종·장애·종교·성적 지향·학력 등이 포함된 포괄적 차별금지법 제정을 권고함. ●2017년 11월 9일에 열린 대한민국에 대한 유엔 국가별 인권상황 정기검토(UPR) 제3차 심의에서 미국, 캐나다, 오스트레일리아, 프랑스 등을 포함한 24개국이 포괄적 차별금지법을 제정할 것을 권고함. 각국은 특히 구체적으로 포괄적 차별금지법에 인종, 성별, 성적 지향, 성별 정체성, HIV 감염 등의 차별 금지 사유의 항목이 들어가야 함을 적시함. 이렇듯 대한민국 국민들의 바람과 국제사회의 요청이 있음에도 불구하고 차별금지법 제정을 반대하는 일부 세력들의 전근대적이고 편향된 반대 운동으로 인하여 매번 차별금지법 제정이 무산되고 있습니다. 노무현 정부에서 시작하여 아직 미완성된 차별금지법 제정이라는 위대한 과업을 노무현 대통령님의 정신을 이어받은 문재인 대통령님과 현 정부에서 완성해 주시는 것은 마땅한 일이라고 생각합니다. 또한, 이 정부는 국민들의 촛불혁명으로 이룩한 정부이기에 더더욱 예전의 차별금지법을 뛰어넘은 '포괄적 차별금지법' 제정에 대한 열의를 보여 국민들의 촛불혁명 정신에 보답해야 할 것입니다. 문재인 대통령님께서는 취임사에서 '한 번도 경험하지 못한 대한민국'을 만들겠노라 천명하셨습니다. 포괄적 차별금지법이 제정되어 모든 사회적 불평등이 없는 평등국가를 이룩하는 것이야말로 진정 우리가 한 번도 경험하지 못한 대한민국을 이룩하는 것일 겁니다 그리고, 국제사회의 요청에 귀기울여 주십시오. 국제사회에서 요청하는 수준의 포괄적 차별금지법을 제정하여 국제사회와 어깨를 나란히 함으로써 국제사회로부터 대한민국이 깨어있는 선진국가임을 다시 한번 인정받게 될 것입니다. 다시 한번 더 문재인대통령님과 현 정부의 국민을 위한 국정운영에 깊은 감사의 인사를 드리며, 포괄적 차별금지법 제정에 대한 강력한 결단을 촉구합니다.",
  "num_agree": 3506,
  "petition_idx": "590269",
  "title": "포괄적 차별금지법 제정에 대한 문재인 대통령님과 현 정부의 결단을 촉구합니다."
}