{
  "category": "일자리",
  "begin": "2020-06-30",
  "content": "인천국제공항공사는 불공정한 특혜채용을 멈추고 청원경찰 1900명 전원에 대해 완전 공개경쟁 채용을 할 것을 청원합니다. 최근 인천국제공항공사 청원경찰 채용과 관련하여 많은 청년들이 분노하며 절망하고 있습니다. 일부 언론이나 정치인들의 주장과 달리 이 땅의 청년들은 결코 비정규직의 정규직화에 분노하는 것이 아닙니다. 청년들이 분노하는 진짜 이유는 자회사 정규직을 거부한 보안검색 요원들을 정규직화 시키는 과정에서, 1100여명에 달하는 인원들이 간단한 인성검사와 면접만을 통해 인천국제공항공사의 정직원이 된다는 사실을 알게 되었기 때문입니다. 이것은 분명 불공정한 특혜채용으로 결코 정의롭지 않습니다. 이를 바로잡기 위해서 청원경찰 1900명 전원에 대한 완전 공개경쟁 채용을 실시해야 하며, 그 이유는 다음과 같습니다. 첫째, 특혜채용은 청년들에게 불공평합니다. 일선에 알려져있는 것과 달리 보안검색요원 채용은 보안검색 자격을 가진 사람을 채용하는 것이 아닙니다. 오히려 일반인을 채용한 후 교육을 거쳐 보안검색 자격을 부여합니다. 즉, 인천공항 보안검색직은 보안검색 자격 소지와 관계없이 모든 청년들에게 열려있는 일자리입니다. (특히 남녀성비가 1:1이기에 성별관계없이 모든 청년들이 도전할 수 있습니다.) 그런데 청년들은 왜 아무이유 없이 1900개의 정규직 자리 중 오직 800개의 자리만을 놓고 경쟁해야 합니까? 그 무엇보다 공정성이 중요한 공기업 채용에서 왜 1100명은 간단한 면접만으로 입사하게 되는지 누구도 청년들에게 설명해주지 않고 있습니다. 앞으로 3년 안에 인천공항공사가 1100명 이상 채용할 일은 없다는 것을 청년들은 너무나 잘 알고 있습니다. 설령 그 이상의 인원을 채용한다 하더라도 한번 훼손된 공정의 가치는 결코 되돌릴 수 없으며, 청년들이 입은 상처는 그 무엇으로도 위로할 수 없을 것입니다. 둘째, 특혜채용은 모든 보안검색 종사자들에게 불공평합니다. 2017년 5월 11일에 입사한 보안검색 요원과 5월 13일 입사한 보안검색 요원 간에는 어떠한 노력의 차이가 있습니까? 인천공항에서 일하는 보안검색 요원과 김포공항, 인천항에서 일하는 보안검색 요원 사이에는 어떠한 역량의 차이가 있습니까? 왜 그들은 간단한 면접이 아니라 치열한 경쟁을 통해서만 입사할 수 있습니까? 노력과 역량의 차이를 증명할 수 없음에도 누군가에게만 인천공항공사 정규직 자리를 주는 것은 우리 사회가 말하는 공정과 너무나 큰 괴리가 있습니다. 단지 그 시간, 그 장소에 있었다는 사실만으로 누군가에게 특혜를 준다면 우리사회는 노력과 실력이 아닌, 운과 한방만을 바라보는 사회가 될 것입니다. 셋째, 특혜채용은 실제 특혜를 받는 1100명에게조차 불공평합니다. 인천공항 보안검색 요원들은 보안검색 업무가 전문적인 역량과 자격을 필요로 한다고 말합니다. 또 누군가는 매우 고된 일이기 때문에 청년들이 버틸 수 없으며, 어차피 지원하지 않을 비선호 일자리라 주장합니다. 그렇다면 완전 공개경쟁 채용을 통해 그들의 말을 증명할 수 있는 기회를 주어야만 합니다. 만약 이대로 채용이 진행된다면 그들은 평생 특혜채용, 반칙채용이라는 꼬리표를 달고 일하게 될 것입니다. 또한 기존 공사 직원들과 영원히 반목하게 될 것이 자명합니다. 그들에게도 정정당당히 경쟁할 기회를 주어, 그동안 쌓아온 역량을 증명하여 공사의 직원이 될 기회를 주어야만 합니다. 만에 하나 탈락자가 발생하더라도 이미 인천공항 사장님께서 탈락자에 대한 적절한 채용지원을 하겠다 약속하셨기에 분명 그 부작용도 적을 것입니다. ​완전 공개채용이 기존 노동자들의 일자리를 빼았는것이라 누군가는 말합니다. 하지만 저는 오히려 보안검색요원들이 자회사가 아닌 공사 정규직을 택한 정당성을 얻을 수 있는 절호의 기회라 생각합니다. 자회사를 선택한 8000명의 노동자들과 다른 특혜를 받는 이유를 스스로 증명할 기회입니다. 일각에서는 신규인력이 대거 채용되면 보안검색 업무가 마비될 수 있다는 우려를 보내기도 합니다. 하지만 신규인력이 보안검색 업무를 보기까지 오직 3주의 시간만이 소요되며, 코로나로 인해 인천공항 이용자가 전년대비 97%가 감소한 상태이기에 충분한 훈련시간을 확보할 수 있다고 합니다. 또 최소인원을 경력직으로 채용한다면 이러한 문제는 얼마든지 대비할 수 있을 것입니다. 인천국제공항공사는 이번 발표가 정규직 전환합의에 따라 진행된거라 합니다. 하지만 노조는 이번 발표가 정규직 전환합의를 위반했다 합니다. 심지어 보안검색 노조는 정규직 전환합의에 서명하지 않았다고 말합니다. 이러한 혼란스러운 상황 속에서 대통령님의 뜻을 왜곡하여 받아들이고 과잉충성 한 자들, 이를 이용하여 자신들의 욕심을 채우려는 자들, 그리고 갈등을 부추기는 언론과 정치인들이 지금의 사태를 만들었다 생각합니다. 하지만 지금 와서 누구의 잘못을 따지기에는 청년들의 분노와 절망이 걷잡을 수 없을 만큼 커져 있습니다. 부디 대통령님께서는 모두가 동의할 수 있는 공정한 경쟁의 장을 만들어 청년들의 눈물을 닦아주고, 특정 노동세력에 보은하기 위한 무리한 진행이었다는 근거없는 소문을 종식시켜 주십시오. 그럼으로써 이 땅에 기회의 평등과 과정의 공정이 다시 설 수 있게 해주시기를 간곡히 부탁드립니다.",
  "num_agree": 2575,
  "petition_idx": "590224",
  "title": "인국공 청원경찰 1900명 전원의 완전경쟁채용을 청원합니다."
}