{
  "category": "반려동물",
  "begin": "2020-07-02",
  "content": "안녕하세요~~길냥이 급식소 운영 합법화 관련 추진 부탁 드립니다 최근들어 길냥이 개체수 증가 관련 사회적 문제가 심각하게 발생하고 있습니다 아파트 및 주택가 음식물 쓰레기 수거구역엔 배고픈 길냥이가 먹다남은 흔적을 싑게 볼수 있습니다 누구도 치우지 않아 악취와 파리 모리들도 많이발생 하고요 또한 먹거리 부족으로 영역다툼하는 모습도 보입니다 길냥이 급식소는 이문제 해결을위해 자원자들이 스스로 먹이를 주고 치우고 개인사비로 중성자 수술진행 하여 개체수 증가 및 주변 환경도 보호하는데 매번 눈치보며 급식을 주고 있는 실정 입니다 어떤 구역은 길냥이 개체수는 많으나 관리사무소 직원 반대가 심해 길냥이 에게 급식 기회가 주어지지 못할반면 어떤개소는 육두문자와 멱살 폭행시도까지 하는 경우가 있습니다 이게 정말잘못된것인지 모르겠네요~~ 전국에 길냥이 급식소 운영하는 자원자 많이 있지만 상기 문제로 대부분이 늦은밤 이른새벽 급식을 주고 있습니다 욕먹기 싫어서요~~~ 많이 바라지는 않습니다 급식소 운영 합법화 하여 떳떳히 낮에도 경비원에게 인사하며 급식을 주고 싶습니다 이에 관련하여 청원 올립니다",
  "num_agree": 18391,
  "petition_idx": "590298",
  "title": "길냥이 급식소 합법화"
}