{
  "category": "교통/건축/국토",
  "begin": "2020-06-30",
  "content": "안녕하십니까 경차를 운행중인 소상공인 입니다. 요즘 경차 고속도로 통행료 할인 혜택이 하반기 법개정을 앞두고 있습니다. 경차란 서민의 발 입니다. 소상공인 들도 경차와 함께 어려운 시기를 극복하고 있습니다. 그런데 법개정으로 할인혜택을 없애고 전기차와 수소차의 할인혜택을 늘리겠다고 합니다. 전기차? 수소차? 서민들에게는 살수도 운행하기도 어려운 사회여건은 전혀 반영하지 않고 있습니다. 전기&수소차는 차량가격이 4천만원 이상의 차량을 서민들은 꿈도 못꾸는 상황을 전혀 고려하지 않고 서민의 발이 되어주고 있는 경차의 통행료 할인혜택을 줄인다고 합니다. 한번더 생각하고 또 생각 하셔야 합니다. 경차 할인혜택을 줄인다는 것은 경차를 사지 말라는 말과 똑같습니다. 경차의 고속도로 할인혜택 축소는 시행되어서는 안됩니다..........",
  "num_agree": 4566,
  "petition_idx": "590219",
  "title": "서민의 발  **경차**  고속도로 통행료 할인혜택 없어진다!!"
}