{
  "category": "교통/건축/국토",
  "begin": "2020-07-01",
  "content": "우리나라는 다른선진국들에비해 유독 오토바이 관련 규제가 후진국 수준에도 못미치는 부분이 많습니다. 오토바이 단속 규제만 더 만들려 하지마시고, 20만의 라이더들의 고충도 들어줘야하는게 아닌가싶습니다. 분명한것은 매년 라이더들의 수가 증가하고있는 시점에 오토바이 관련 규제 논의가 필요하다고 생각합니다. 첫째, 오토바이 자동차전용도로 진입을 허용해주세요. 오토바이에도 세금을 걷어가면서 자동차전용도로 진입을 막는건 모순이 아닌가 싶습니다. 얼마전에도 외국인이 한국여행왔다가 바이크타고 고속도로 질주했었죠? 자동차전용도로규제는 한국에만 있는 규제입니다. 자동차전용도로규제를 못풀겠다면, 세금을 아예 면제해주거나 절감해주시길바랍니다. 이것은 명백한 차별입니다. 자동차전용도로의 지정요건(도로법 제48조 1항) -도로의 교토량이 현저히 증가하여 차량의 능률적인 운행에 지장이 있는경우. -도로의 일정한 구간에서 원활한 교통소통을 위하여 필요한 경우. 위 내용을 확인했을때 오토바이는결코 교통량의 증가요건이 되지않습니다. 둘째, 제가 알기로는 현재 국회에서 모든 오토바이 앞에 번호판 의무부착 논의가 있는걸로 알고있습니다. 번호판 의무화 하시려면, 자동차처럼 고속도로 주행 가능하도록 해야합니다. 현대의 250cc이상 오토바이들은 고속도로 주행속도에 맞춰 달릴 수 있습니다. 아니 오히려 자동차보다 더 빠릅니다. 1970년대에 잠간 오토바이가 고속도로 진입이 허용되었으나 저속으로 인해 교통이 원활하지 못하자 오토바이 고속도로 진입을 막았는데, 당시의 규제가 현재까지 이어지고있습니다. 기술수준이 완전히 바뀌었는데 오토바이만큼은 옛날규제에 맞춰져 있기에 후진국이라는 말을듣는겁니다. 그리고 대한민국의 오토바이 및 용품 기술발전과 고용 및 먹거리 사업에도 지대한 영향을 주고있습니다. 그러함에도 오토바이 앞에 번호판 의무화 및 고속도로 진입을 허용하지 못하겠다면, 자동차와 똑같이 내는 세금을 면제해 주시길 바랍니다. 이것은 명백히 오토바이를 타는 모든 라이더들을 차별하는것입니다. 소수의 몰상식한 라이더들로 인해 교통 및 소음으로 피해를 끼치고 있음을 언론을 통해 익히 알고있습니다. 그러나 모든 라이더들로 확대 해석은 삼가해 주셨으면 합니다. 그리고 이러한 사회적 문제는 정부와 라이더들간에 소통이 이루어진다면 많이 개선되고 바뀌어질거라 믿습니다.",
  "num_agree": 263,
  "petition_idx": "590268",
  "title": "오토바이 규제 제도를 검토해주세요"
}