{
  "category": "정치개혁",
  "begin": "2020-06-30",
  "content": "김두관 의원님이 말하신것처럼 조금 더 배웠다고 두배받는건 억울하죠. 같은 의견 가지신 더민주당 의원분들 연봉 보좌관 수준으로 낮춰주시고 받는 특권들도 내려놓으시면 혈세 절감도되고 민주당 정책의 진심도 느껴질 듯 하네요. '조금' 더 배웠다고 실질적으로 발로 뛰는 보좌관분들과 차별받는게 말이됩니까?",
  "num_agree": 20749,
  "petition_idx": "590206",
  "title": "김두관 의원을 비롯한 더불어민주당 의원분들 연봉 보좌관 수준으로 낮춰주십시오"
}