{
  "category": "외교/통일/국방",
  "begin": "2020-07-01",
  "content": "군형법 92-6 토론회를 열어주세요! 헌법재판소에서 군형법 제92조의6을 심리하고 있습니다. 사법부의 독립이 중요하지만, 국민의 알 권리와 소통할 권리 역시 민주주의 사회에서 중요하다고 생각합니다. 특히 전 국군과 국민에게 미치는 여파가 큰 조항이기 때문에 국방부와 국회가 헌재의 판결만을 기다리는 것은 다소 무책임하다고 생각합니다. 국방부, 국회, 대통령, 그리고 국군 장병과 부모님들을 비롯한 전 국민이 함께 참여하여 이 조항의 수정·폐지에 따른 여파와 대응을 모색하는 토론회를 열어주세요! 군형법 제92조의6(추행) 제1조 제1항부터 제3항까지에 규정된 사람에 대하여(즉, 군인 및 준 군인에 대하여) 항문성교나 그 밖의 추행을 한 사람은 2년 이하의 징역에 처한다. 이 조항의 수정·폐지를 주장하시는 분들은 이스라엘군도 징병제이지만 비슷한 조항을 폐지하였다고 말씀하십니다. 이스라엘 군은 주말엔 거의 집에 가고 평소 출퇴근도 가능합니다. 군대 내 폭력도 거의 없습니다. 하지만 안타깝게도 대한민국 군대에서는 2019년에 군대에서 62명이 자살했습니다. 2018년에 56명이 자살했습니다. 자살했다는 것은 목소리를 내고 싶으나 낼 수 없었다는 뜻입니다. 내도 소용이 없었다는 뜻입니다. 즉, 군대 내 시스템이 제대로 작동하지 않고 있다는 뜻입니다. 가슴 아프지만, 우리는 현실을 직시해야 합니다. 이런 상황에서, 혹시라도 군형법92-6을 악용하여, 강압적인 성관계인데도 “합의에 의한 관계”라고 거짓 진술하라는 경우가 생긴다면 어떻게 적발하고 처벌할 것인가? 한국 군대는 계급에 따른 상하관계가 명확한데, 만에 하나 그루밍 성폭력이 발생하고, 그래서 피해자가 “합의에 의한 것”이라고 세뇌당하는 사태가 생긴다면 어떻게 대처할 것인가? 이제는 정말, 외부 조사위원으로 이루어진 국가조사단체를 설립해서 군대 내 폭력과 자살을 투명하게 조사해야 하는 시점이 아닌가? 이런 갖가지 사례들을 솔직하게 툭 까놓고 토론해봐야 한다고 생각합니다. 또한 휴가 갔다가 복귀한 병사들을 모두 에이즈 검사하는 규정을 검토해보아야 합니다. HIV 바이러스는 보통 12주 후에 검사에 나타나기 때문에, 복귀한 병사들을 12주에 검사하든지, 아니면 전 군을 3개월마다 에이즈 검사를 하는 등의 방법을 논의하는 것이 필요합니다. 정기적인 에이즈 검사는 몇몇 언론에서도 주장해온 바입니다. 왜냐하면 현재 대한민국 군에서 \"새로\" 에이즈에 감염되는 사람이 연평균 30여명이기 때문입니다. 자신이 에이즈에 감염되었는지도 모르는 상태에서, 만에 하나라도 다른 병사에게 전염시키는 사건이 생기지 않도록, 이에 대한 논의도 필요합니다. 에이즈 문제에 대해서도 이제는 침묵만 할 것이 아니라, 대한민국 군대 내 에이즈 ‘새 감염인’ 0명이라는 목표를 위해서 논의를 해야 합니다. 또한, 이 조항을 폐지하자고 하시는 분들은, 비밀스럽게 관계한 것까지 처벌하는 것은 위헌이라고 주장하십니다. 그런데, 만에 하나라도 두 군인과의 관계가 암암리에 알려지게 될 때, 예를 들면 “나의 부하가 나의 상관의 애인”이라는 소문이 나게 될 때, 혹시라도 군대 내 명령 지휘 체계가 위협받지는 않을지, 이에 대한 검토도 이루어져야 할 것 같습니다. 또한 군형법이 폐지되면, 이성애자 군인에게는 ―그들이 요구한다면― 성인용품을 허용해야 하는 문제가 발생하는데, 이에 대해 우리 국군이 대비할 준비가 되어 있는지도 논의해야 한다고 생각합니다. 동성애자들은 자신들의 성적 취향이 군 내에 있다는 이유로 성관계가 허용되는데, 이성애자 군인은 그렇지 않다면, 형평성의 문제가 발생하는 것입니다. 군대 건빵 옆에 리얼돌을 쌓아놓고 판매할 것을 요구해도 법적으로 제재할 방법이 없습니다. 리얼돌과 보이지 않게 은밀한 곳에서 관계한다고 할 때, 이를 제재한다면 형평성에 어긋나게 됩니다. 그렇다면 리얼돌 군납은 어디에서 받을 것인가. 이러한 여러 제반적인 문제를 비롯하여 국방부와 국회, 국민 간의 토론이 절실하게 필요합니다. 또한, 현재, 남녀 군인 간 성관계는 징계 수준인데, 이 수준을 형법 처벌 대상으로까지 강화하는 것은 어떠한지도 논의 대상이 될 수 있다고 생각합니다. 군형법 제92조의6을 국민 대다수가 모르고, 수정·폐지로 인한 여러 가능성에 대한 국민적인 고민과 토론도 이루어지지 않은 상태에서, 사법부의 결정에만 모든 것을 맡겨버리는 것은 조금은 덜 민주주의적이지 않나 생각합니다. 국방부와 국회와 대통령과 전국민이 헌법재판소의 판단만 기다릴 것이 아니라, 군형법 제92조의6의 수정·폐지로 생길 수 있는 다양한 예상 상황을 논의하고 대책을 세워야 합니다. 사랑하는 대통령님, 대통령과 국방부와 국회와 사법부와 일반 국민이 모두 참여하는 군형법 토론회 열어주세요!",
  "num_agree": 18759,
  "petition_idx": "590271",
  "title": "군형법 92-6 토론회를 열어주세요!"
}