{
  "category": "보건복지",
  "begin": "2020-06-30",
  "content": "박능후 보건복지부장관이 보건복지위원회에서 지금까지 국민이 만족할 수준의 실효성을 보이지 못했다고 공공심야약국을 낮게 평가하며, \"(화상투약기를 도입해도)파급효과가 클 것 같지 않다\"며 \"현재 입장은 이름 그대로 시범사업 내지는 특례규정이니 폐해가 있는지 없는지 검증해보고 싶다는 게 복지부 입장\"이라는 말을 했습니다. 하지만 화상투약기는 법제처 법령해석으로 명백한 현행의 약사법 위반임이 인정된 바 있는데 반해서, 현행법상 합법인 공공심야약국과 관련해서는 복지부가 단 한번도 시범사업을 추진하거나 지역약사회들이 어렵게 지자체를 설득하여 추진하는데 어떠한 도움을 준 적도 없습니다. 결국 복지부 장관이라는 자가, 현행법상 합법인 멀쩡히 존재하는 좋은 제도는 폄하하면서 현행법상 명백한 불법인 제도는 시행해보자고 공공연히 주장하고 있는 것입니다. 이는 국민의 보건복지를 책임지는 자리에 있는 사람이 해서는 결코 안될 행위입니다. 이에 박능후 보건복지부장관을 해임해주실 것을 청원합니다.",
  "num_agree": 4019,
  "petition_idx": "590240",
  "title": "박능후 보건복지부 장관을 해임해주세요."
}