{
  "category": "일자리",
  "begin": "2020-06-30",
  "content": "취업을 준비하는 대학생입니다. 현재 취업을 위해서는 기사자격증 한두개는 필수로 여겨지는 사회에서 기사시험을 주관하는 산업인력관리공단에 기사시험을 접수하면서 너무 답답함을 느껴 청원올립니다. 기사시험 접수를 위해서는 여러가지 절차를 거쳐야 합니다. 우선 접수 시작 시간이 되어 로그인을 하면 클릭 한번당 10분에서 30분까지도 걸립니다. 겨우겨우 절차를 거쳐가며 시험장 선택을 하려고 하면 집주변은 이미 다 차버리고 교통수단을 이용하여 이동하여도 1시간에서부터 멀게는 '도'를 넘나 들어가며 시험을 치뤄야 하는 경우는 다반사입니다. 필기시험 혹은 실기시험 중 필답만 치루는 분야는 그래도 한 시험장만 선택하기에 그나마 가능성이라도 있습니다. 그러나 실기시험에서 필답형, 작업형 두가지를 치뤄야 하는 분야에서는 원하는 날짜, 장소를 고르는 것은 하늘의 별따기 입니다. 필답형 시험장, 작업형 시험장 두가지를 모두 선택 해야만이 장소를 결정 지을 수 있습니다. 장소를 결정지었다고 가정하겠습니다. 마지막 장소를 최종적으로 확정을 하려면 결제를 진행하여야 합니다. 이때 많은 결제방식중에서 대부분의 응시자들에게는 '가상계좌 입금'만을 선택합니다. 가장 빠른 결제방식이기 때문입니다. 입금이 완료되고 결제가 완료 되어야만이 제가 결정한 장소를 확정지을 수 있습니다. 결제 확정 전에 다른 누군가가 결제를 하여 시험장이 만석이 되었다면? 저는 다시 처음부터 매 클릭 마다 10분에서 30분을 기다려 가며 다시 시험장을 선택하여 접수를 하여야 합니다. 이러한 과정을 5번, 6번 거치다 보면 시험장은 전국적으로 다 만석이 됩니다. 이렇게 되면 시험 응시자들은 세가지 부류로 나눠집니다. 1. 운이 좋아 원하는 시험장을 선택한 극소수의 응시자 2. 서울에 거주하지만 전라도, 경상도 심지어 제주도로도 시험을 응시하러 가는 응시자 3. 시험 접수 마감일까지 수시로 사이트에 접속하여 빈 자리를 찾는 응시자 3.의 경우 최종적으로는 2.의 경우처럼 서울, 경기에서 전라도, 충청도, 경상도 등으로 응시하러 가게 됩니다. 시험을 공부하는 것 보다 응시하는 것이 더 어렵다는게 말이 되는것인가요? 가장 시급한 것은 산업인력관리공단(큐넷)의 서버 증설입니다. 30분 전부터 PC방에 가서 자리를 잡고 핸드폰 어플과 PC로 로그인 하여 10시 딱 되면 전쟁을 시작하고 기본 2시간씩 걸립니다. 다음은 시험장 확보입니다. 시험 2~3주 전에 미리 응시하고자 하는 인원을 조사하여 그에 맞는 시험장을 준비한다던가, 응시 기간을 더 늘린다던가 많은 응시자들이 불만을 토로하여도 산업인력관리 공단은 개선의 여지도 없어 보입니다. 관심을 갖고 개선을 부탁드리겠습니다. 감사합니다",
  "num_agree": 260,
  "petition_idx": "590217",
  "title": "산업인력관리공단 개선해주세요"
}