{
  "category": "기타",
  "begin": "2020-07-01",
  "content": "현재 한국의 다문화 정책은 무분별안 국적의 남용으로 몸살을 앓고 있습니다. 대한민국의 국적을 너무 쉽게 남발하고 있으며, 이중국적까지 주고 있습니다. 대한민국 국적이 무슨 고스톱 3점 따기 입니까? 이로인하여 결혼사기 위장결혼 및 이혼, 해외 가족의 무분별한 초청까지 이뤄지고 있습니다. 결혼 이주여성에게 영주권만 주고 국적을 주는 제도는 폐지시켜 주시고 또한 이중국적 제도 역시 폐지하여 주십시오!",
  "num_agree": 1772,
  "petition_idx": "590252",
  "title": "결혼 이주여성에게 영주권만 주고 국적을 주는 제도는 폐지시켜 주시고 또한 이중국적 역시 폐지하여 주십시오!"
}