{
  "category": "정치개혁",
  "begin": "2020-06-29",
  "content": "청와대 및 국민 여러분 안녕하십니까? 저는 현재 여수시에 거주하고 있는 시민입니다. 제목과 마찬가지로 주철현 의원의 사퇴를 촉구하고자 청와대 국민청원 게시판에 글을 올립니다. 전에도 같은 내용으로 국민청원을 요구하였지만, 알 수 없는 이유로 청원이 비공개로 처리되었었습니다. 현재 저희 지역의 국회의원은 주철현 입니다. 해당 의원은 상포지구/웅천지구 관련하여 조카사위에게 부당한 이익을 취하게끔 하였습니다. 이는 엄연히 사실이고, 허위사실이 아님을 밝힙니다. 첫번째, 주철현 의원의 지난 2014년 여수시장 선거 경선과정에서 상대 후보에 흠집을 내기 위해 금품을 동원한 정치공작을 벌였다는 사실이 확인된데 이어 이와 비슷한 정치공작을 벌인 정황이 추가로 확인되었습니다. 뉴스타파의 보도 이후 주철현 의원과 5촌조카 사위간 대화를 녹음한 파일이 공개되면서 정치공작은 의혹이 아닌 사실로 밝혀졌습니다. 그런데 이 녹음 파일에는 박 씨 사건 외에 또 다른 정치공작이 담겨 있었습니다. 주철현 의원의 5촌조카 사위 김모 씨가 “물론 가지치기를 하겠지만 양 씨 문제는 민감한 부분이니까 신경을 써야 한다”고 조언한 대목입니다. 이 녹음파일에서 김 씨는 “자술서를 쓰고, 검찰 조사를 받은 양모 씨에게 A 씨가 200만 원을 줬다”면서 “검찰에 사실대로 말을 하네 마네하는 등 양 씨가 불안한 모습을 보여 A 씨가 만났지만 여전히 불안한 상태”라고 덧붙이기도 하였습니다. A 씨는 박모 씨가 관련된 금품수수 신고 공작에서도 2억 원의 돈을 마련해 준 인물입니다. 두번째, 주철현 의원의 5촌조카 사위는 지난 선거투표일 전날에 기자회견을 통하여 녹음파일에 나왔던 내용들이 모두 사실임을 인정하였습니다. 그리고 선거 다음날 해당 의원의 5촌조카 사위는 횡령으로 징역3년을 받아 구속되었습니다. 세번째 입니다. 뉴스타파의 후보자 검증 보도가 나가자 주철현 후보캠프 유세단장은 곧바로 가짜 뉴스를 만들어 사회관계망서비스(SNS)에 뿌렸습니다. 뉴스타파의 4.15총선 후보검증 리포트 도입 부분과 MBC 보도를 이어붙여 마치 뉴스타파가 이용주 후보에 대한 비판 기사를 쓴 것처럼 오인하게 만들 수 있는 내용이었습니다. 주철현 의원은 뉴스타파 보도가 특정 정치인과 교감하에 이뤄졌다는 허위 사실도 지역 언론에 유포하였습니다. 하지만 뉴스타파는 주철현 후보 검증 리포트와 관련 어떠한 정치 세력과도 교감을 했거나 정보를 주고 받은 적 없었다고 밝혔고 이는 사실로 검증되었습니다. 네번째 입니다. 더불어민주당 경선 투표당시에 해당 의원실의 선대본부장 박 모씨가 후보자의 명함을 대량으로 살포한 사실도 있습니다. 지역선관위에서 사실로 확인하여 서면으로 경고조치 하였습니다. 선거기간에 발생하는 불법선거운동 또한 범죄로 포함됩니다. 마지막 입니다. 상포지구 특혜 관련하여 위 의원은 5촌조카 사위를 알지 못한다고 주장하였지만 이는 녹취파일을 통하여 명백한 허위사실로 밝혀졌습니다. 개발이 되지 않던 땅을 5촌조카 사위의 회사에 허가증을 내주었던 사실도 있습니다. 주철현 의원의 5촌조카 사위에게 투자한 여수시 공무원들도 투자를 하며 \"인사상 이익을 기대했다\"라고 한 사실 또한 있습니다. 국민을 농락하고 지속적으로 의혹이 나오는 의원은 필요없습니다. 해외도피, 금품수수 등을 지시하거나 가담한 행위도 범죄입니다. 이에 주철현 의원의 의원직 사퇴를 촉구하는 바 입니다. 정확한 사실로 판명된 글 입니다. 제가 쓴 글에 어떠한 허위사실은 포함되지 않았습니다. 지난번과 마찬가지로 한번 더 국민청원이 비공개 처리가 된다면 청와대의 더불어민주당 감싸기 와 청와대 내부에 주철현 의원의 스파이가 있다고 생각하겠습니다. 감사합니다.",
  "num_agree": 1222,
  "petition_idx": "590201",
  "title": "주철현의원의 의원직 사퇴를 촉구합니다."
}