{
  "category": "인권/성평등",
  "begin": "2020-07-02",
  "content": "유튜브채널 “******방송”을 운영하며 술집을 운영중인 ***은 패악질이 일반 사회상식을 뛰어넘어 천인공노할 악성가짜뉴스 생산처입니다. 이미 청원게시판에 올라갔던 ******의 운영자 *** (시골을 돌아다니며 목조주택을 지어준다하고 다수의 사기사건으로 징역 출소후 유투브 개설, 그 채널로 선량한 사람 공격, 거짓으로 모함 그리고 유투브로 돈벌이 하는자)의 전 애인 관계였으며, 현재는 헤어졌을지 모르지만, 유투브방송에서 쌍욕과 악질적 행동을 같이 한 사람입니다. ****** 유튜브의 패악질을 돕던 그는 올해 4월에는 본인이 직접 유튜브채널을 개설하여, 본격적으로 선량한 다수의 구독자와 시청자들을 상대로 욕설과 남성비하와 성희롱적 발언과 저질성드립과 허위사실유포 및 거짓선동질을 해대는 통에 다수의 피해자가 속출하고 있습니다. 단골로 전화참여하는 미국 LA에 사는 **** 등 여러 전화 참여자들과 함께 거짓의 성적비하발언(‘남의 집에 빤스를 벗어두고 도망갔다’,‘** 국물에 밥을 말아 먹어라’ 등)을 하고 거짓흑색선전(‘***TV의 운영자의 딸이 성폭행을 당했다’,‘***TV 운영자가 마누라를 뚜드려 패고 옷을 벗겨 쫓아냈다’ 등)을 하는 등, 터무니 없는 허무맹랑한 내용으로 거의 매일 시청자와 구독자를 우롱하여 왔습니다. 이러한 패악질이 2달 이상 지속되어 왔기에 항의도 해 보았지만 항의도 묵살한 채 저질 방송과 남의 신상털기 방송으로 거짓선전과 성희롱방송의 끝을 향해 가고 있습니다. 아울러 ***은 본인의 딸이 불행한 사고를 당해 보상받은 치료비를 본인이 갈취한 것으로 보이며, 딸은 돌보지도 않았고 전남편이 보호하고 양육을 하엿으며, 그로 인해 성인이 된 딸은 2018년 자기모친 *** 명의의 아파트를 가압류하고 지금 현재 민사소송이 진행중인, 딸에게도 남편에게도 몹쓸짓을 하여 인륜을 버린 사람입니다. 물론 직업의 귀천은 없다고 하지만 평생을 물장사로 살아온 그런 여자가 그것도 입만열면 쌍욕이 나오는 여자가 자신의 영업관리 수단으로 유투브를 열어 남을 우롱하고 가르쳐서야 되겠습니까? 이에 그 채널의 운영자와 공모자들의 패악질을 철저히 수사하여 밝혀 주시고 더 이상의 피해자가 나오지 않도록 강력 처벌을 해 주세요. [본 게시물의 일부 내용이 국민 청원 요건에 위배되어 관리자에 의해 수정되었습니다]",
  "num_agree": 485,
  "petition_idx": "590291",
  "title": "유튜브에서 유언비어를 유포하고 노인학대발언 남성비하 발언으로 물의를 일으키는 “******방송”을 강력 처벌해 주세요"
}