{
  "category": "행정",
  "begin": "2020-07-01",
  "content": "양양군 현북면장은 2020년 6월 10일 어성전 2리 이장인 저에 대해 해임을 통보한 바 있습니다. 저는 당 행정행위가 정당한 절차와 내용에 의한 해임이 아닌 점을 들어 해임취소와 복권을 요구하는 바입니다. 1. 저의 해임은 이장 직무수행과 관련한 문제(결격사유가 없음)로 인한 해임이 아니라 우리지역 풍력발전단지 조성에 따른 반대의견을 견지해 온 사람에 대한 의도적 배척행위로 보입니다. 양양군 이장임명에 관한 규칙 제3조의 5항에 의거하였다고 하나 사실상 이 규칙의 취지는 1~4항 중 어느 하나라도 해당할 시 방법적으로 5항을 인용하여 세대수 과반의 연명으로 해임할 수 있음을 명시한 것으로 판단되는데 규칙의 자구상 허점을 이용하여 특별한 결격 사유에 대한 문자언급 없이 연명으로 해임한다는 것은 의도적 악용이라고 볼 수 있습니다. 2. 일부 풍력단지 추진세력들이 최초 이장 불신임 서명을 받아 현북면에 제출하였으나 과반이 되지 않아 무산된 바 있으나, 이후 재차 삼차에 걸쳐 면장이 공문으로 마을총회를 개최할 것을 계속 요구한 점은 주민자치권을 심각하게 훼손하는 월권적 행정행위입니다. 또 이장의 선출과 해임에 대하여는 전적으로 주민자치권의 범주로 봄이 마땅하나 양양군 현북면의 경우는 면장이 직접 서명부를 만들어 주며(5.22) 서명을 종용한 것은 자칫 풍력단지 추진업자의 하수인이 된 듯 의심을 하게 하는데 최종으로 이장해임 통지까지 총 7차례에 걸쳐 서명부 제출, 총회 개최 등을 종용한 사실은 이 같은 의심을 합리화하기에 충분한 조건입니다. 3, 또 이장해임 서명부에 서명한 사람 중 상당수가 실재로 우리마을에 거주하지 않고 주민등록만 옮긴 사람들인 점은 주민등록법 위반에 해당되고, 또한 이장에 대해 거짓 정보로 모함하며 서명하게 한 사실들이 있음으로 이들의 서명 또한 그 권리표현의 효력을 인정할 수 없습니다. 4. 양양군과 현북면장의 갑질적인 태도와 행정에 대해 시정을 요구합니다.(mbc 강원영동 방송-5월29일, 6월5일, 6월16일) - 이장해임 소식을 접한 주민들이 6월23일 면사무소에서 이장 해임 철회를 요구하며 시위를 하였는데 면장은 주민들을 무시하며 불순한 태도로 일관하며 소송하려면 하라는 식의 태도보임. - 이장해임에 대해 76세대 조사서를 이틀 시한을 두고 제출하라는 공문을 발송하는 행태. - 주민이 현수막 설치를 위해 양양군에서 정당하게 허락을 받고 자비를 들여 설치하였으나 양양군 도시계획과에서 철거하라는 압박이 들어와 결국 현수막을 철거한 사실. 정당하게 설치한 현수막도 철거하라고 압박을 가하는 양양군의 행정을 도무지 이해할 수 없습니다. 5. 풍력단지 조성사업과 관련하여 우리군 의회는 금년 4월27일 감사원에 감사청구를 하였고 현재 감사과정에 있습니다. 이 문제의 핵심은 양양군수가 현북면 상월천리~어성전 2리 일대 풍력단지 예정부지를 관통하는 임도를 농어촌 도로로 개설하는 행정행위에 있어 위법한 사실이 있어 감사요구를 한 것인데, 이 도로는(산림청에서 두 번이나 불협의 처리된 도로임) 사실상 풍력단지 진입도로 이용될 예정이며 그에 따라 양양군이 산림청으로부터 해당 도로부지를 매입하고 대금은 풍력추진업체가 대납하고 도로의 개설비용도 해당업체가 부담하여 완공 후에 양양군에 기부체납 한다는 계획에 대한 문제제기입니다. 이처럼 양양군이 업자들의 편에 선 듯한 상황에서 저와 다수주민들의 반대운동과 이에 따른 감사원 감사청구등의 활동을 물리적으로 저지하기 위한 이장해임의 과정과 결과라고 봅니다. 이것은 행정의 갑질이며 몰상식의 범주를 넘어 치졸하고 비열하다 할 것입니다. 이에 저는 이장직의 완전복권과 훼손된 주민자치에 대한 복원을 정중히 요구하며 양양군의 갑질행정을 강력히 규탄합니다.",
  "num_agree": 225,
  "petition_idx": "590270",
  "title": "갑질행정을 막아주세요."
}