{
  "category": "교통/건축/국토",
  "begin": "2020-07-01",
  "content": "1. 문재인 정부 들어 서울 아파트 값이 지난 3년간 50% 이상 폭등했습니다. 기타 수도권 지역을 포함 너나 할 것 없이 부동산 가격이 폭등하고 있습니다. 2. \"올해 신년사에서 문재인 대통령께서 취임 이전으로 집값을 낮추겠다고 약속했지만 현실은 정반대\" 인 상황입니다. 3. \"2018년 기준 한국의 주택 보급률은 104.2%로 전체 가구 수보다 약 84만채의 주택이 더 지어졌는데, 여전히 857만 가구가 무주택자\" 인 상황입니다. 4. \"이는 전체 가구 중 15%가 우리나라 전체 주택의 61%를 소유했기 때문입니다. 5. 주택 가격의 폭등은 결국 다주택자, 투기세력을 잡지 못한 결과입니다. 6. 다주택자, 투기세력을 잡기위한 법안을 아래와 같이 제안합니다. -수도권, 광역시, 인구 10만 이상 도시 1가구 2주택 이상 보유 금지 법안 -법인 주택 부동산 거래 금지 법안 -1가구 2주택 이상 보유자 / 법인명의 주택부동산 보유자 보유세 대폭 강화 -양도소득세 대폭 강화 및 비과세 폐지(부동산은 자산 증식 대상이 되지 않도록) -국회의원, 선출직 공무원, 고위공직자 1가구 2주택 이상 보유자 후보자격 및 임명 금지 -전세자금끼고 부동산 매수 금지 -주택 임대사업자 폐지",
  "num_agree": 1054,
  "petition_idx": "590251",
  "title": "부동산 다주택자, 투기세력을 잡기위한 법안을 제안합니다."
}