{
  "category": "교통/건축/국토",
  "begin": "2020-06-30",
  "content": "안녕하십니까 존경하는 대통령님 저는 현재 서울시 은평구의 빌라에 살고있는 사람입니다 제가 이렇게 국민청원을 올리는 이유는 얼마 전 은평구청에서 \"불법건축물 이행강제금\"이라는 내용에 등기우편을 받아서 입니다 내용익즉슨 저희집은 5층건물의 빌라 5충인데 현재 세탁실 및 방의 일부분이 베란다인데 샷시로 불법건축을 했다는 내용입니다 현재 벌금이 부과되어 낸 상태이고 철거를 하지 않으면 매년 1, 2회 지속적으로 끝도없이 벌금이 나온다고 하는데 철거를 하고 싶어도 앞에 말씀드렸다시피 해당 부분이 세탁실과 방으로 철거를 할 수 가 없는 상황입니다 제가 2012년에 집을 그매하였는데 그때 당시에는 결혼과 동시에 집을 생애 처음 구매하는 상황으로 해당 법조항에 대해 잘몰랐고 집 내부에 들어와서 구조 및 크기를 보니 맘에 들어서 구매를 한 것이라 저희집에 일부분이 불법으로 지어진 불법건축물이라는 것을 인지하지 못했습니다 이렇게 8년이 지나 갑자기 불법건축물이라고 적발되어 철거하라는 내용의 우편을 받고 보니 너무 당황스럽고 어찌해야할지 모르겠습니다 구청담당자에게 물어보아도 철거를 하거나 매년 1, 2회 벌금을 내야한다는 답변만 들었고 불법건축물이니 만큼 벌금은 낼 수 있지만 그 집에 살고있는한 평생 벌금을 내야한다는 것이 너무 답답하고 또 이상태면 집 자체가 매매도 안될 것으로 예상되기 때문에 앞으로 어떻게 해야할지 너무 난감하고 이런 불법건축물에 대해 잘 모르고 집을 구매한 제 자신이 너무 한심하다는 생각이 듭니다 대통령님 바쁘시겠지만 조금만 돌아보시면 서울의 빌라들을 보면 4층부터 그 위로는 저희집과 같은 불법건축물이 없는 건물은 거의 없을 것입니다 그래서 저 처럼 답답한 심정인 분들이 한둘이 아닐것으로 생각되며 벌금을 물더라도 어느정도 해법이 있었으면 하는 것이 제 절실한 심정이며 또한 건축사에서 건물을 지을 때부터 불법건축인것을 알면서도 벌금자체를 그 집에 살고 있는 집주인에게 청구하니 건축사에서 그 것을 악용하여 건물을 짓고 분양하는 것으로 생각되고 이 부분은 건축사에서 아예 불법건축물을 짓지 못하도록 하는(영업정지, 건축사에 벌금 청구등) 원초적인 해결방안이 있어야 앞으로 저와 같은 일을 겪는 분들이 없을 것으로 사료됩니다 대통령님!! 제 심정과 생각이 정확하게 표현되었는지는 모르겠지만 너무 답답하고 해결방안을 어떻게 찾아야할지도 모르겠고해서 이렇게 간절한 마음으로 국민청원을 통해 하소연 합니다. 부디 해당내용을 검토해주시고 구제해 주실 수 있는 방안을 찾아주셨으면 합니다 부탁드립니다 감사합니다",
  "num_agree": 254,
  "petition_idx": "590213",
  "title": "불법건축물 이행강제금 및 양성화 대하여..."
}