{
  "category": "기타",
  "begin": "2020-06-30",
  "content": "대한민국 코스닥 시총3위인 바이오회사의 오너가 자칭 원대한 목표라는 슬로건을 통하여 약의 개발자인 중국계 미국인 영입과 복잡한 일을 하기위한 자금이 부족하여 주주들에게 유상증자를 통해 3000억이라는 금전을 마련했는데 그돈을 옵티머스라는 펀드에 400억을 투자했다가 원금손실 가능성이 있는 위험에 처해버렸습니다 치킨집과 은행원출신인 회사의 오너가 원래의 목적이 아닌 본인의 돈놀이를 위해 투자를했다가 손실이라니 기가찹니다 그리고 그걸발표한 날이 유상증자의 목적이되는 본래목적인 중요한날에 발표를해버려서 주주들이 이미투자한 자본과 유상증자로 또다시 투자한 금액들 모두 중대한 손실을 하게될 순간이 왔습니다 대한민국 바이오 기업의 계속된 악재들이 많아지고 있기에 더한 악재가 발생하기전 대대적인 단속과 사전예방이 필요하다고 생각합니다 코로나로 인해 금융시장에 활기를 뛰게되었지만 메기들의 물흐림을 막아주시면 감사하겠습니다",
  "num_agree": 489,
  "petition_idx": "590242",
  "title": "대한민국 코스닥 시총3위 회사의 잘못된 회사운영"
}