{
  "category": "외교/통일/국방",
  "begin": "2020-07-02",
  "content": "대한민국 국방부는 2019년 04월01 일부로 현역병 전원에게 핸드폰을 소지할수 있도록 허용 하였습니다. 그 이후로 병사들의 자기 개발 및 사회와 단절을 최소화 하는 효과가 되었습니다. 다만 사용시간을 제한 시행 하여 병사들의 휴일 및 저녁 휴식시간에 사용케 하였습니다. 파격적인 이런 조치에 환영하며, 병사들 사기와 군대에 자식을 맞긴 부모 또한 자식과의 소통의 시간이 많아 지면서 긍정적인 효과가 발생 한듯 합니다. 또한, 요즘 코로나19 때문에 군 휴가및 외출,외박이 월활치 않으면서 휴대폰이 유일한 가족,지인과의 소통의 수단이 되었습니다. 이에 발맞추어서 이동통신사 또한 군인요금제라는 요금제를 출시하여 병사들의 통화 및 데이터 사용을 용이 하게 하였습니다. 그러나, 이동통신사는 군인요금제를 LTE(4G)요금제 에만 적용하고 5G 요금제는 적용하고 있지 않습니다. 그러면서 발생하는 문제점을 몇가지 나열 하여 보겠습니다. 1. 요즘 출시하는 핸드폰은 전부 5G 핸드폰이라서 LTE(4G) 군인요금제를 선택 할수 없습니다. 2. 5G 폰을 사용하다 군 입대하여 군인요금제로 변경 요청 해도 변경 불가라 합니다. 3. 5G 폰으로 LTE 요금제를 사용중 군인요금제 변경 요청 해도 5G요금제로만 변경 할수 있다고 하며 불가라 합니다. 군인 요금제를 사용 하려면 구형 단말기(LTE폰)만 가능 하다 보니 군인요금제를 사용 하려면 구형 단말기를 구입하여 사용 해야 한다는 이야기 입니다. 이에 이동통신사는 요금제 제도 개선이 필요 하다 생각 합니다. 이동통신사의 정책이며 국가의 의무사항은 아닌것으로 생각 하지만, 이동통신사가 진정으로 우리 국방의 의무를 다하는 군인을 생각 한다면 허울뿐인 요금제가 아닌 진정 군인들이 사용할수 있는 요금제를 만들어서 실질적으로 해택이 돌아 갈수 있도록 개선이 필요 하다고 생각 합니다. 제 아들이 S통신사를 사용하다 보니 S사를 기준으로 글을 쓰게 돼었습니다.(S사에 개인적인 감정은 없습니다) 타 통신사 또한 별반 다르지 않다고 생각 됩니다. 국방의의무를 하고 있거나 추후 국방의의무를 지게될 모든 젊은 아들,딸에게 해택이 갈수 있도록 시대에 뒤처지는 통신사 요금제를 개선 될수 있도록 많은 관심 부탁 드립니다. 긴글 끝까지 읽어 주셔서 감사 합니다..",
  "num_agree": 177,
  "petition_idx": "590284",
  "title": "허울뿐인 이동통신사의 군인요금제 개선을 요구 합니다."
}