{
  "category": "육아/교육",
  "begin": "2020-06-30",
  "content": "지금 고3인 학생입니다. 지금 교육부에서 지원받아 설치가 되어있는 열화상 카메라를 지나갈 때에 체온이 44도 이상이라고 뜨는 일도 있었고 비접촉 식의 체온계로 체온을 측정하였을 때, 37.5도 이상이 나와 교무실로 가서 다시 측정하니 정상 체온이 나오기도 하였습니다. 제가 다니는 학교 외에 다른 학교에서는 체온이 높을 경우 '앞머리가 있기 때문' 혹은 '체육을 하고 왔기 때문'이라며 조퇴를 하지 못하게 하거나 37.5도 이상이 측정되었을 때, 선풍기 앞에서 체온이 낮게 측정되도록 기다리게 하거나 열을 식히게 한 후 다시 측정하는 등 아이들이 조퇴를 하지 못하게 하고 있습니다. 또한 불안감에 자주 체온을 측정하다가 37.5도 이상이 나올 경우 이를 선생님에게 말하였을 때, 오히려 체온을 재지 말라고 하시기도 하였습니다. 자가진단도 몇명이 학급의 전체 인원의 생일을 알고 대신 해주는 일도 있기에 정확성이 떨어지는 것 같습니다. 지금 등교개학이 재개되고나서 1달 정도가 지난 지금 시점에서 학교 생활을 살펴보면 -등교개학 시작 시에 체온을 2번 쟀지만 현재는 한번도 재지 않습니다. -확진자가 공식적으로 현 시점에 나오고 있지 않은 지역의 학생들은 방역 지침을 안일하게 생각하여 복도를 돌아다니거나 매점을 갈 때, 마스크를 착용하지 않거나 턱에 마스크를 걸쳐놓은 채로 다닙니다. -등교 초반에는 잘 사용하던 칸막이는 책상에 걸린 채로 한 교실의 1~2명 정도만 사용하고 있습니다. -급실실에 갈 때에는 계단 1칸의 간격도 없이 따닥따닥 붙어 서있습니다. -교무실에서 선생님들이 마스크를 착용하지 않다가 수업에 들어오시기 때문에 마스크를 종종 까먹고 오셔서 그냥 수업하는 경우가 있습니다. -복도를 걷거나 교실에 있을 때, 그 아무도 거리두기를 하지 않습니다. (선생님 포함) 제가 다니는 학교에는 보았을 때 확실하게 드러나는 것은 이것들 같습니다. 제가 다니는 학교 외에는 더 심한 곳도 있겠지만 제가 잘 모르니 적지는 않겠습니다. 하지만 더 심한 곳도 있을 수 있다는 것을 알아주십시오. 제가 등교를 중지해달라고 하는 이유는 방역 지침 미준수 뿐만이 아닙니다. 이번에 베이징에서 전염력이 10배 강해진 변종 코로나 바이러스가 발견되었다고 하더군요. 입국 제한을 하고 있지 않은 우리나라에서 무증상인 변종 코로나 바이러스 확진자가 유입되어 학생이 전염될 시에 어떻게 될지를 생각해보시길 바랍니다. 50명 이상 확진자가 2주 이상 나오면 등교를 중지하시겠다는 말씀과 다르게 이번에 말을 바꾸신 것을 보면 등교 중지는 어떻게 해서든 하지 않겠다는 의지가 있는 것으로 보입니다. 하지만 지금 현재 시점에서 한 학교의 대부분이 감염되고 그 중에는 변종 코로나 바이러스 감염자가 있다라고 가정을 해보면 어떤 분의 입지가 흔들릴지 생각해보시길 바랍니다. 그리고 교육부면 학생의 건강과 목숨을 우선적으로 생각해주시길 바랍니다.",
  "num_agree": 1476,
  "petition_idx": "590226",
  "title": "등교 중지를 요청합니다."
}