{
  "category": "교통/건축/국토",
  "begin": "2020-07-01",
  "content": "수원시에 거주하는 시민입니다. 수원시는 수십년 전부터 도청소재지로써 오래된 주거지가 많이 형성되어있습니다. 그러다가 최근에 재개발이 진행되어 아파트가 다양하게 분양되면서 점차적으로 조정지역으로 지정되었고 최근에는 전 지역이 투기과열지구로 묶였습니다. 그런데 큰 문제가 있습니다. 신축아파트가 많이 올랐으면 오른 아파트만 규제하면 될 것을 수원시내에 존재하는 오래된 단독주택, 연립, 다세대, 빌라 등은 전혀 오르지 않거나 가격이 보합세인데 아파트를 제외한 모든 주택을 일괄적으로 규제하다 보니 너무나 황당하고 답답한 서민을 죽이는 정책이라는 생각이 강하게 듭니다. 가령 수원시의 오래된 빌라18평형은 반지하는 시세가 3-5천만원이고 지상은 시세가 6천-9천만원 정도합니다. 모두가 서민들이 열악한 환경속에서 거주하고 있는 상황입니다. 그나마 돈이없는 서민들은 이런집들도 은행융자를 받아서 어렵게 마련하는데 은행대출을 다 막아버리면 서민들은 계속 월세나 내면서 살아야합니까? 몇일전에도 은행에 대출문의를 하니 집이없는 사람도 빌라감정가로 6천이하는 전혀 대출을 할수없다고 합니다. 감정가 6천만원은 실제 매매가격으로는 7-8천만원 합니다. 이렇게 해서야 가뜩이나 어려운 서민들이 어떻게 집을 마련할수 있습니까? 가뜩이나 힘든 서민들이 계속 월세를 살아야 합니까? 지금 가뜩이나 힘든 경제상황에다가 코로나19로 국가 비상사태며 서민의 생존마저 실질적으로 위협을 받고 있는데 청와대 정책실장과 국토부는 무었을 하는것입니까? 책상에 앉아서 탁상공론하는것이 너무나 한심할 따름입니다. 빌라뿐만 아니라 단독주택도 가격은 거의 제자리인데 방공제다 머다 해서 대출은 거의 않나옵니다. 이래서는 서민들이 살수가 없고 희망을 가질 수가 없는 나라인 것입니다. 부디 높은자리에 있을 때 서민들을 헤아려 살필줄 아는 청와대가 되길 바랍니다. 그 자리만 연연해서 지키려 하면 모든 것이 일장춘몽으로 끝날것입니다. 7-8천짜리 빌라가 정녕 제대로 된 집입니까? 이런곳도 들어가서 살겠다는데 이걸 막는다는게 말이 됩니까? 대오각성 하시고 청와대 정책실과 청와대 근무자들 국토부 공무원들 양심에 손을대고 생각해 보시기 바랍니다. 그대들이 국민을 서민을 위해서 일하고 있는지를요. 답답하고 울화통에 터져서 막 글을 씁니다. 이렇게 라도 글을써서 어려운 수원시민, 서민들 대변하고자 합니다. 속히 답변주시고 제발 정책을 촘촘히 잘 만드시길 당부합니다.",
  "num_agree": 239,
  "petition_idx": "590264",
  "title": "수원시 오래된 빌라,단독주택 규제 해제하라"
}