{
  "category": "정치개혁",
  "begin": "2020-06-30",
  "content": "********* *****라는 체널이 있습니다. 그채널은 태극기를 발로 밟고 불태우고 가래침을 뱉습니다 그리고 한국인들을 전부 학살해야 한다는 친일파 다운 말을 합니다. 그리고 한국어의 20%는 일본제 단어라는 ** 같은 소리를 합니다 그리고 ********* ***** 말고 또 다른 친일파 계정이 있으니 그 계정들도 삭제해 주세요. [본 게시물의 일부 내용이 국민 청원 요건에 위배되어 관리자에 의해 수정되었습니다]",
  "num_agree": 319,
  "petition_idx": "590229",
  "title": "********* *****라는 체널을 삭제합시다"
}