{
  "category": "경제민주화",
  "begin": "2020-07-01",
  "content": "이건 아니지 않나요?대학과 학생이 협의해서 해결할 일이고 정부는 대학을 압박해서 원만한 합의를 이끌어내도록 도와주면 된다고 봅니다. 이걸 세금으로 지원해주면 대학 안가고 취업해서 세금내는 젊은이들은 뭔가요? 대학들이 지금껏 젊은이들을 미래의 빚쟁이로만 만들고 이 시국에 제대로된 대책 하나 내놓지 못하고 비싼 등록금만 아무이유없이 아무것도 안하고 축내고 있는데 그걸 국민혈세로 도와주는건 배부를 사람은 계속 배불러야되고 시민들은 그냥 착취당하는 대상으로만 생각하는 추경예산편성이라고 생각합니다. 국민이 피땀흘려 만든 세금이라는건 적어도 대부분의 국민이 공감할 수 있는 곳에 쓰여야 '올바른' 것이라고 생각합니다.",
  "num_agree": 1478,
  "petition_idx": "590250",
  "title": "등록금 반환을 위한 대학 추경 지원을 반대합니다"
}