{
  "category": "교통/건축/국토",
  "begin": "2020-07-02",
  "content": "2019년 살기좋은 아파트 국무총리상을 받은 **건설. *****이라는 브랜드를 내세워 전국에서 분양 및 임대 완판을 지속적으로 하고 있습니다. 허나, 그 이름이 무색하게 현재 여수의 건설 현장에서는 각 종 의혹이 넘쳐나고 있습니다. 2017년 12월 당시 높은 분양가로 분양한 여수문수*****. 당시 3억에 육박하는 분양가를 기록하여 여수시에서 최고 분양가를 갱신하는 기록을 세우기도 하였습니다. 허나 입주가 얼마남지 않은 이 시점에서 건설사의 시공 능력 및 주위 보상 관련하여 내용들이 도마위에 올랐습니다. 그 중 하나가 요즘 신식 아파트에 세탁기가 안들어가는게 말이 안되는 것 같습니다. 16년도에 설계 승인을 받다보니, 세탁기 1대 12kg 들어갈 정도로 설계했다는게 건설사의 일관된 주장 입니다. 요즘 아기키우고 이러면 23kg정도 넣는 집에 다반사인데, 그리고 건조기까지 올려서 사용하는게 기본인데 그런건 아에 고려하지 않고 있다고 합니다. 요즘 세상에 신축 아파트에서 세탁기가 안들어 간다는게 말이 되나요? 건설사는 설계를 하다보면 도면을 수정할 수도 있는 부분이고, 입주자들에게 공지할 의무는 없다는 입장 입니다. 또한 회사가 부도가 나면 우리 책임이냐! 입주자만 손해 아니냐! 라는 식으로 일관하고 있습니다. 현재 **건설에서 다른 지역에 짓는 임대 아파트 보다 못한 실정 입니다. 분양아파트인데 말이죠. 주변 아파트들에 대한 보상 내역도 공개하지 않고 있습니다. 몇 십억을 주변아파트에 보상을 다해주고 정작 입주할 아파트에는 원패스,주차유도시스템 등 신식 아파트에 기본적으로 해주는 시스템은 하나도 갖추어져 있지 않아, 입주민들의 원성을 사고 있는 상황 입니다. 또한 입주자협의회 전임 2기 회장과 건설사와의 커미션 의혹도 갈수록 커지고 있는 상황 입니다. 돈을 받았다는 의혹, 코아루 (전임 2기회장이 코아루 대표임)에 대한 보상, 본인 집에 대한 리모델링 요구 등 의혹도 갈수록 많이 생겨나고 있습니다. 물론 입주민들을 위해 반영된 사항도 많습니다. 허나, 건설사에서 투명한 공개 입주민들의 평생 자산인 만큼 알 권리를 공유해야 된다고 생각 합니다. 주변 보상 등으로 인하여 부실공사도 있을 수 있다는 불안감도 감출 수 없는 대목 입니다. 현재 여수시청, 국민신문고 등 입주자협의회에서 상기 관련 내용들에 대하여 민원을 지속적으로 제기하고 있는 상황 입니다. 내 집 마련 정말 어려운 시대 입니다. 실거주 목적으로 개개인별로 한땀한땀 땀 흘려 모은 돈으로 내 집 마련을 한 사람들이 대부분 입니다. 저 역시도 마찬가지구요. 꼭 좀 해결해 주셨으면 합니다. [본 게시물의 일부 내용이 국민 청원 요건에 위배되어 관리자에 의해 수정되었습니다]",
  "num_agree": 1016,
  "petition_idx": "590297",
  "title": "한 건설사의 무책임한 횡포! 세탁기가 안들어가는 신식 아파트!!"
}