{
  "category": "안전/환경",
  "begin": "2020-06-30",
  "content": "현재 코로나19로 전 세계는 물론 한국 역시 심각한 상황이며, 최근 수도권을 중심으로 다시 확산되는 코로나19로 인해 국민의 건강과 안전이 매우 염려되는 상황입니다. 이러한 국가위기적 상황에서 정보통신부와 SKT가 오는 7월6일부터 01x 식별 번호를 가진 2G 이용자의 통신 사용을 강제로 종료 시킨다고 합니다 7월6일 강제종료가 시행 된다면 현재 이용자 30만에 달하는 01x 식별전화번호를 가진 2G 국민은, 코로나19에 대한 정보를 받을 수도 없고 혹시 모를 위급 상황이 발생해도 가족 및 그 누구에게도 연락을 취할 수도 없는 위험한 상황에 처하게 됩니다. 또한 더욱 심각한 우려는 통신 강제종료로 인해, 만일 30만 이용자 중 발생할 수도 있는 코로나19 양성환자를 보건복지부와 질병관리본부가 어떤식으로 연락을 취하여 그들을 찾아내어 격리하거나 치료 할 수 있겠습니까? 이것은 굉장히 심각하고 위험한 상황이라고 생각됩니다. 7월6일 01x 식별 번호를 가진 2G폰 이용자의 통신 사용의 강제 종료를 강행 한다면 이는 심각한 N차 감염과 무방비적 의심환자의 통제 불능 상태만 야기될 뿐입니다. 지금 우리 국민에게 그 무엇보다 중요한 일은 코로나19의 방역과 확산을 방지하는 일입니다!!! 2G 통신 강제종료는 전 세계적 위기인 코로나19가 종식된 이후 논의하는 것이 바람직할 것입니다. 보건복지부와 질병관리본부가 나서서 01x 식별번호를 사용하는 2g 이용자의 통신 강제종료의 연기를 요청해 주십시요. 대통령과 정보통신부 및 관련기관에 요청해 5천만 국민의 안전과 코로나19 조기 종식을 위해 앞장서 주시기 부탁 드립니다. 대통령과 정부의 우선순위는 국민의 안전과 국민의 건강입니다. 01x 식별번호를 사용하는 2g 이용자도 이 나라의 국민입니다. 7월6일 강제종료로 인해 위험한 상황이 발생 되지 않도록 부디 국민이 우선인 정책, 상식이 통하는 정책을 펼쳐 주시기 간곡히 부탁 드리며 청원글을 마칩니다.",
  "num_agree": 455,
  "petition_idx": "590231",
  "title": "7월6일 SKT의 2G 회선 강제종료를 연기해 주세요!"
}