{
  "category": "일자리",
  "begin": "2020-06-30",
  "content": "한 두번이 아닙니다. 지금 기사시험 시스템에 대해 한마디 올리려고 합니다. 너무 합니다. 지금 코로나로 인해 1,2차 통합 시행에 1차 실기 합격률은 최저 수준인 6퍼센트대에 불과하며 인원수는 두배로 늘었는데 기사 실기자리는 턱없이 부족하게 해놓고 기다려라 증원하겠다라는 말만 합니다. 이게 말이됩니까? 시험조차 볼수가 없는 이 시험에 사람들은 일자리를 얻고자 목숨을 걸며 지원합니다. 헬조선 헬조선 하는게 다른 이유가 있나요? 공부를 열심히 해도 기회조차 없는 것이 말이 안됩니다. 최선을 다하겠다는 말만 하면 다입니까? 너무 착잡하고 답답합니다. 애초에 말이 안되는 것이 필기 합격자 못해도 천명은 넘었을 텐데, 실기를 볼 수 있는 인원이 300명정도이면 이건 700명은 뭐 다음 기회에 보라는 겁니까? 그러면 또 다른 필기합격자 1000명과 합쳐져 1700이 되고 1700이 다음번에는 2400이 되는 구조인데 이런 구조를 언제까지 계속할겁니까? 실기 4회차를 열어주거나 아니면 상시 실기시험제도를 활성화 시키는 것이 공기업의 의무라고 생각합니다.",
  "num_agree": 370,
  "petition_idx": "590220",
  "title": "한국산업인력공단"
}