{
  "category": "행정",
  "begin": "2020-06-30",
  "content": "변호사,행정사,세무사,공인회개사,변리사,법무사,국가기술자격검정(기술사,기사,산업기사) 등의 자격증을 취득하려면 국가에서 개별법(변호사법,행정사법,세무사법,공인회개사법,변리사법,법무사법,국가기술자격법)에의해 시행되는 논술형또는 단답형 필기시험에 합격하여야 자격증을 취득할 수 있습니다. 하지만 위 시험모두는 응시자에게 채점기준표와 본인답안을 확인시켜주고 있지 않습니다. 행정절차법 제3조에는 다른 법률에 특별한 규정이 있는 경우를 제외하고는 이 법에서 정하는 바에 따르도록 규정하고 있으므로 이러한 처분은 행정절차법 제23조를 위반하는 처분이고 행정청의 신의성실 및 신뢰보호에도 위배되며 헌법 제12조에서 규정하고 있는 적법절차의원칙에도 어긋납니다. 사람이 채점을 하다보니 채점과정에서 실수가 발생할 수 있는데 본인이 작성한 답안과 채점기준표를 확인시켜주지않아 실수를 정정하여 합격할 수 있는 권리도 막고있습니다. 행정청이 위법하게 처분하는 것은 둘째치고라도 국가에서 인증해주는 자격증을 취득하여 조금더 나은 생활을 하기위해 열심히 자격시험을 준비하시는 분들이 정당하게 평가받을 수 있도록 주관식 자격시험의 제도 개선을 요청합니다.",
  "num_agree": 154,
  "petition_idx": "590205",
  "title": "불합리한 국가자격시험제도 개선해주세요."
}