{
  "category": "교통/건축/국토",
  "begin": "2020-07-02",
  "content": "4식구의 평범한 40대 가장입니다. 이번 6.17 부동산대책 발표전 의무거주5년, 전매제한 8년, 공공분양 아파트 청약에 당첨되었습니다. 청약공고가 19년 12월 30일에 있었고, 청약발표가 20년 1월 15일, 계약은 20년 3월, 입주 예정이 21년 9월입니다. 당첨 이후 계약전 2.20 부동산대책 발표로 LTV가 60%에서 50%로 줄었습니다. 그런데 이번 대첵으로 조정 지역엑서 투기과열지역으로의 변경에 의해 LTV40%로 변경되었습니다. 위헌적인 소급적용 규정에 의해 대출 가능 금액이 공고 당시 보다 20% 줄었습니다. 20% 금액을 2년도 되지 않는 기간에 마련해야 하는데 이게 가능하다고 보시는지요? 의무거주 5년에, 전매제한 8년의 아파트에 당첨된 제가 아파트투기자로 낙인찍인것 같아, 대한민국 국민으로 자랑스럽게 삶을 살아가던 저는 국가로부터 배신을 당한 느낌입니다. 결혼 후 많은 빚을 지고서라도 집을 마련해야 한다는 주변의 의견을 마다하고, 조금씩 조금씩 모아 집을 마련하려했으나 도저히 가격 상승에 대응할 방안이 없어, 그래도 제 형편에 입주 가능할 만한 아파트에 청약 당첨되어 기뻤었는데 그 기쁨도 이젠 없어지는군요, 잔금을 마련하지 못하면 지금 납입된 계약금도 포기해야하는데, 이건 정말 이해가 되지 않습니다. 제가 무슨 잘못을 했길래... 이러한 상황이 발생하는거죠? 부동산 대책 발표 전에 모든 것이 합법적으로 발생한 일이 부동산대책 발표로 불법이 되어버린것 같네요. 부동산정책을 보면 항상 느끼는거지만 정책 결정자들의 이해/기득권은 포기하지 않고 힘없는 서민만 고생해봐라 하는 느낌이네요....",
  "num_agree": 501,
  "petition_idx": "590290",
  "title": "6.17 부동산대책, 의무거주5년, 전매제한8년에 당첨된 제가 투기꾼입니까?"
}