{
  "category": "기타",
  "begin": "2020-06-30",
  "content": "안녕하세요 저는 택배업을 하고 있는 개인사업자 입니다 코로나19사태 이후 핫한 택배업계에 대해서 말씀드리고자 합니다 비댕션 비접촉으로인하여 택배물량이 코로나 사태 전후 30프로 이상 증가한 상태입니다 다름이아니오라 인터넷쇼핑이나 홈쇼핑광고등 여러가지 다방면에서 택배비 책정이 너무낮아 호소하고자 두서없이 몇자적어봅니다 아시다시피 c사는 대량으로 나오는 거래처들은 터무니 없는 택배단가로1600원1800원2000원 계약단가로 무분별하게 영업을 하고 있으면 이로인해 택배기사들 수수료가 낮아지는 악영향을 끼치고 있습니다 집하도 개인이 보내는 택배물건 최소4천원부터 보내고 있는걸로 알고있습니다 또한 택배비는 낮게 받으면서 실제로는 고객들에게 2500원 받는 업체들이 수없이 많으며 고객들이 진정한 택배서비스를 받지못하는 실정입니다 하지만 물품배송건의 대한 수수료는 적게는6백원 많게는900원을 받으며 점심을 굶어가며 배송을 하고있는 실정입니다 시골의 경우 1개배송을 하기위해 왕복50키로 넘는 구역도 많습니다 택배사들의 수수료 차이가 있지만 택배요금을 허위로 등록해 피해를 보고있는 소장들이 많이 있습니다 그리고 업체들의 빽마진을 이용하는 업체들도 태반입니다 언론의 기사를 통해 알수있을것입니다 의식주값은 올라가는데 유독 택배비만 내려가는게 우리 나라 현실입니다 현장에서 가족을위해 헌신하는 집배송 소장들의 귀와 입이 되주시길 간곡히 호소합니다 물건 집배송하는 소장들이 기본적으로 최소 천원씩은 가져갈수있도록 도와주십사하고 글을 몇자적습니다 긴글 읽어주셔서 감사합니다",
  "num_agree": 225,
  "petition_idx": "590212",
  "title": "택배비에  관해서"
}