{
  "category": "보건복지",
  "begin": "2020-07-01",
  "content": "소위 평등을 주장하며 국가인권위의 권고라 하여 우리 국민들의 피같은 세금으로 외국인에 대해서 까지 재난지원금을 준다는 것이 너무 어이가 없습니다 . 외국인 챙기기에 앞서 국민의 4대 의무 국방 , 납세 , 근로 , 교육의 의무를 성실히 이행하고 있는 국민부터 챙겨야 하는게 올바른 국가의 책무 아닌가요 ? 외국인은 그냥 우리나라에 잠시 머물 다 가는 손님일 뿐입니다 . 그런 시람들 까지 다 챙기기에 우리나라가 그렇게 풍족한 나라인지 , 국민들 세금로 정책을 펴 나가는 당신들이 이렇게 할 권리는 있는것인지 ? 자기돈 아니라고 함부로 집행하고 다수의 국민들의 반대의 목소리는 다 묵살해 버리는 건가요 ? 자기돈 아니라고 막쓰는 ** 나라가 되지 않기를 비랍니다 . 외국인에 대한 재난지원금 을 반대합니다 ! 우리나라 국민부터 먼저 잘챙기기를 바랍니다 . [본 게시물의 일부 내용이 국민 청원 요건에 위배되어 관리자에 의해 수정되었습니다]",
  "num_agree": 1868,
  "petition_idx": "590282",
  "title": "외국인 재난지원금"
}