{
  "category": "행정",
  "begin": "2020-07-01",
  "content": "우리나라는 오래전부터 \"돈만 많으면 참 살기좋은 나라야\"라는 자조적인 말이 통용되고 대다수의 많은 국민에게 뇌리에 박혀 있는 생각입니다. 그러한 돈이 이제는 거대한 장벽을 쳐서 아마 '세계에서 계층상승'이 가장 어려운 나라가 되었을 겁니다. 왜냐하면, 죽자사자 공부에 매달여서 계층상승하는데도 이미 돈의 힘이 그 노력을 넘어서 버렸기 때문이지요? 이것은 세계 제일의 '사교육'시장이 대변해줍니다. 이러한 사회구조에서 그나마 자본도 뭣도 없는 서민이 자신만의 노력으로 이뤄지기 힘든 꿈이 지언정 '가능하다고 생각하는' 유일한 돌파구가 아마 주식투자를 통한(위험을 감수한, 그리고 대단한 노력이 필요한) 길이 었을 겁니다. 이 주식투자를 통한 신분상승의 어려움은 이 번에 기재부에서 말한 상위 5%정도만이 2,000만원 초과소득으로 양도소득세 부과 대상이 된다는 개소리가 증명하지요? 그러나 생각해보셨나요? 이것은 비록 소득이 아니라, 매년 손해를 입어도 개인이 꿈을 꿀 수 있는 어찌보면 우리나라에서 부자부모를 두거나 여러사정으로 많이 공부를 하지 못한 사람들의 \"꿈을 짓밟아 버리는 짓입니다.\" 이나라가 변화하길 바라면서, 그 동안 줄기차게 문재인정부 지지해왔는데 정말 참담함을 금할 수 없네요, 제발 이번에 잘못된 양도세부과를 철회해주세요, 이것은 없는 자들의 끝없는 도전에 대한 꿈을 꺽는 것입니다. 이것은 박정희, 전두환시대의 군부독재 시절만큼이나 싫은 세상입니다. 꿈 없이 살 수 있나요?? 그리고 그나마 이번 제도가 공평하지도 않잖아요? 결국 증세는 개인이 다 떠안은 꼴 아닙니까? 제발 잘못된 정책 결정 되돌려 주세요, 기존 거래세도 이기지 못해서 허덕이면서도 꿈을 꾸면서 도전하는 개미들 꿂을 짓밟지 말아주세요.",
  "num_agree": 895,
  "petition_idx": "590253",
  "title": "개인에게 부과된 주식양도소득세를 철회해주세요"
}