{
  "category": "일자리",
  "begin": "2020-07-01",
  "content": "안녕하십니까, 저는 ***항공에 직원입니다. 먼저 ***항공의 성장을 지켜본 한 사람으로 상황이 이렇게 까지 되어 정말 마음이 아프고 안타깝습니다. 이렇게 된 회사의 상황이 너무나 많은 이해관계가 얽혀져 있고, 코로나라는 변수로인해 상황이 더더욱 어려워지고 있는 것 같습니다. 여기서 대주주, 인수자 등등을 언급하지는 않겠습니다. 다만, 이러한 상황으로인해 6개월 넘도록 고통을 받고 있는 사람은 바로 1600명의 ***항공의 직원들입니다. 4개월 넘도록 무임금으로 생계를 이어가고 있습니다. 하지만 회사측의 4대보험과 의료보험 미납으로 은행에서의 대출도 어려운 상황입니다. 그들중 가족의 생계를 책임져야하는 가장인 사람들은 처자식을 먹이기 위해 밖에나가 닥치는대로 일을 하고 있으며, 또다른 직원들은 하루하루 회사에 관련된 뉴스만 찾아보며 잠도 못자고 걱정으로 하루하루를 보내고 있습니다. 처음 비행기 한대로 시작하여 이렇게까지 자리매김하기까지 ***항공 직원들의 노력이 정말 컸습니다. 그런 직원들이 이렇게 고통을 받고 있는데, 정부는 이 상황을 외면하고 있다고 생각합니다. 노동자들이 덜 고통받을 수 있도록 적극적으로 개입하여 문제를 해결 해 주십시오. 코로나19로 경제 상황이 안좋아 짐에 따라 문재인 대통령님은 고용안정이 최우선이라고 하셨습니다. 하지만 지금 1600명의 직원들이 한꺼번에 실직 될 위기해 놓여있습니다. 부디 ***항공의 상황을 객관적으로 판단하여 노동자들이 하루빨리 이 고통에서 벗어날 수 있도록 노력해주십시오. 진심으로 부탁드립니다. [본 게시물의 일부 내용이 국민 청원 요건에 위배되어 관리자에 의해 수정되었습니다]",
  "num_agree": 2630,
  "petition_idx": "590256",
  "title": "***항공의 문제가 해결될 수 있도록 정부는 적극적인 노력을 해주십시오."
}