{
  "category": "기타",
  "begin": "2020-07-02",
  "content": "주식 광고, 도박사이트 광고, 로또 문자 등등 불법 사이트 및 사설 사이트 광고 문자 발송자 및 업체의 강력한 처벌 촉구합니다. 이순간에도 많은 국민들이 이러한 문자로 인해 금적적인 손해를 보고 정신적인 피해를 입고 있습니다. 몇몇 이들은 휴대폰 번호를 제공하지 않았음에도 불구하고 불법사이트, 사설 사이트 업체들은 무단으로 국민들의 휴대폰 번호를 수집하여 광고 문자를 발송하고 있습니다. 대포폰을 사용하여 문자를 보내는 행위, 그리고 무단으로 휴대폰 번호를 수집 또는 제공한 혐의 등을 수사 촉구합니다. 그리고 그에 상응하는 강력한 처벌을 촉구합니다. 아래 번호들은 약 2년간 문자를 보내온 광고 업체 번호 입니다. 이력 등을 조사하여 강력히 처벌 부탁드립니다. [본 게시물의 일부 내용이 국민 청원 요건에 위배되어 관리자에 의해 수정되었습니다]",
  "num_agree": 436,
  "petition_idx": "590286",
  "title": "주식, 도박 사이트 광고 발송자 강력한 처벌 촉구합니다."
}