{
  "category": "보건복지",
  "begin": "2020-06-30",
  "content": "안녕하십니까? 초등2.5 두아이를 키우는 소시민 엄마입니다 사상초유의 코로나19사태로 국민안전을 최우선하며 일선에서 땀흘리는 노고에 감사드립니다 아이들의 온라인수업이 주4일 진행되는 시점에서 높아지는 기온으로 인해 실내온도는 벌써부터 29도를 웃돕니다 아침부터 에어컨을 켜야하나 갈등합니다 전기세 걱정없이 7.8월 적용되는 전기누진세 할인대책을 6월에도 적용시켜주실것을 청원하는 바입니다 또한 할인폭도 늘려주실것을 거듭 청원합니다 집안에서의 생활이 주가 되면서 아이들은 더위에 지치고 육아에 전념하는 엄마들도ㅡ보육에 애쓰시는 여러분들ㅡ지칩니다 부디 국민을 위한 답변이 제시되길 희망합니다",
  "num_agree": 150,
  "petition_idx": "590203",
  "title": "코로나관련 가정보육을 위한 전기료 인하의건"
}