{
  "category": "문화/예술/체육/언론",
  "begin": "2020-07-02",
  "content": "130만 명의 구독자를 보유한 송**이라는 유튜버는 28일 자신의 유튜브 채널에서 ********의 음식을 배달 시켜 먹는 모습을 방송했습니다. 그는 방송 중 시청자들에게 치킨에 누군가 한 입 베어 문 자국이 있다고 하였고, 피자의 양이 6조각이 아닌 4조각이 왔다며 분노하는 모습을 보였습니다. 그는 그 판매업체와 전화 통화하는 모습을 시청자들에게 공개하며, 업체의 뻔뻔한 모습에 대해 시청자들의 분노를 끌어냈습니다. 하지만 업체의 사실확인 결과 사실이 아닌 것으로 확인되었고, 이러한 사실이 알려지자 그 유튜버는 곧바로 그 영상을 삭제하고 모든 댓글 창을 비활성화시켜놓았습니다. 이 모든 것은 자신의 유튜브 조회수를 올리기 위해 자극적인 콘텐츠를 만들려는 그의 조작된 연출이라는 합리적인 의심을 하지 않을 수 없습니다. 현재 우리는 많은 분노 속에 살아가고 있습니다. 사회 곳곳에서 보이는 불법과 불합리, 불공정들에 우리는 분노하고 변화시키려 안간힘을 씁니다. 하지만 이러한 분노를 웃고 떠드는 콘텐츠로 사용하고 자신의 돈벌이로 이용하는 일부 사람들이 있습니다. 이러한 행위는 사회의 도덕과 윤리체계를 망가뜨리고, 사회 공동체원 사이의 신뢰를 깨 서로 불신하는 사회를 만듭니다. 건강한 사회를 만들기 위해서는 이러한 거짓된 행위들에 대한 강력한 처벌이 꼭 필요합니다. [본 게시물의 일부 내용이 국민 청원 요건에 위배되어 관리자에 의해 수정되었습니다]",
  "num_agree": 4590,
  "petition_idx": "590295",
  "title": "조회수를 위해 거짓 상황을 만들어 한 브랜드와 자영업자에게 심각한 피해를 준 유튜버를 처벌해주세요."
}