{
  "category": "정치개혁",
  "begin": "2020-07-01",
  "content": "대법원전원합의체 심리 종결 후 7월 또는 8월 선고 예상이 나오는 상황에서도 1,2심 법원의 판결문 전체를 읽고 기사 작성이 아니라 한쪽의 일방적 주장만을 사실이라고 보도를 하는 기자들과 sns 유튜뷰등 이재명 지사 지지자들에 의해서 일방적 주장이 퍼져 있습니다. 침묵을 해서 말을 하지 않아서 유죄 판결이 아니라 토론 발언이 객관적 사실에 부합하지 않기 때문입니다. 이재명 지지자들은 2심 부당성을 지적하며 이런 가짜뉴스도 유포합니다 토론에서 점심 뭐 먹었냐 질문에 잘못 답변하면 유죄라는 궤변을 하지만 전혀 사실이 아닙니다 18년 대법 확정 판결 판시 중 \"당선 목적 허위사실공표죄의 대상이 되는 행위는 일상생활의 모든 행위를 말하는 것이 아니라 적어도 후보자의 자질 성품 능력등의 지표로 삼을 수 있어야 하고 선거인의 공정한 판단에 영향을 미치는 것이어야 함\" 1심 2심 모두 이재명 지사의 강제입원 지시 사실을 인정 및 이재명 토론 발언은 부합 아니다 판시 후 유무죄 결론에서 180도 다른 결론이 나온 이유는 \"토론 이재명 발언이 선거인 판단을 그르칠 정도로 의도적으로 사실을 왜곡한 것인지\"에 대해서 1심은 이재명 기준 판단 유권자가 보기엔 허위로 인식할수 있지만 발언 다의성,토론 특성 이유로 의도적 사실 왜곡은 아니다 2심은 유권자 기준 판단 1심 무죄 근거 전부 반박 후 유권자 입장에서 판단 및 강제입원 지시 숨길려고 한 의도 설명 대면 없는 의사 진단까지 지시를 했고 재판중 현재까지 자신의 입원 지시를 외부에 말한적 없었다 지금도 입원 지시 사실 없다며 2주 입원을 강제진단이라고 하고 있고 형 강제 입원 지시는 후보자 도덕성 판단 기준 기자들이 보도를 하지 않아서 알려지지 않았지만 2심의 유죄 근거는 또 있습니다 대법원 2부 주심 노정희 대법관이 과거 광주고법 부장판사때 판결 군수 토론회에서 상대방의 과거 행위 질문에 대해 그런 사실이 없다 아니다고 한 발언에 대해 TV토론에서 상대후보 질문에 과거 자신의 행위에 대해 답변 허위 사실 공표는 유권자 공정한 선택 방해라 유죄판결 경기신문-리얼미터 여론조사(5월31일~6월1일) 2018년 지방선거 토론회 당시 이재명 지사 발언이 당선에 영향을 끼쳤다고 생각하느냐 질문에 대해 34.9%가 영향 있었다 답변 큰 영향을 미쳤다 15.3% 약간 영향을 미쳤다 19.6% 별로 영향을 미치지 않았다 27.3% 전혀 영향을 미치지 않았다 22.3% 잘 모르겠다 15.5% (경기도 거주 18세 이상 1000명 대상 유무선 각50% 신뢰수준은 95% 표본오차는 3.1%) (경기신문 사이트에서 기사 검색하면 조사 결과 확인 가능) 전원합의체에서 어떤 결론을 내릴지는 알 수 없지만 만약 무죄 판결을 내린다면 토론을 할 필요가 있을까요? 거의 유사한 토론 발언에 대해 과거 유죄 판결을 했고 유권자 3명 중 1명.(잘 모르겠다 포함하면 2명 중 1명)강제입원 지시 부정 발언 영향 있었다고 하는데 토론회에서 유력한 후보가 도덕성 판단 기준에 대해 진실이 아닌 답변을 해도 문제가 없다면 후보자 검증을 위한 토론회는 왜 해야 할까요? 이재명만 다른 판단을 해야 할까요? 18일 전원합의체에서 \"토론 이재명 발언이 선거인 판단을 그르칠 정도로 의도적으로 왜곡한 것인지를 살펴봤다\"고 하니 유권자 기준 선거 공정성 측면에서 누구나 납득 가능한 판결을 내려주길 바랍니다",
  "num_agree": 3400,
  "petition_idx": "590276",
  "title": "이재명 지사 판결문 왜곡 가짜뉴스 중지 촉구합니다"
}