{
  "category": "교통/건축/국토",
  "begin": "2020-06-29",
  "content": "대한민국 국민,시민이자 힘없는 운전자입니다. 개정촉구 글에 앞서 고 김민석어린이의 사고에 대해 진심어린 애도를 표합니다. 어린이보호구역 민식이법은 금년 3월에 시행하여 코로나바이러스라는 무서운 병으로 유치원 초등학교 중학교 개학연기 휴원 등으로 인해 현재까지는 다행히 큰 사건사고는 없었다 5.6월에 개학으로 인해 사고가 발생하기시작하여 사망사건도 있었는데 우리의 아이들이 안전하게 걷고 안전하게 놀며 자동차운전자들이 더 조심하자고 만든게 민식이법인데 이로인해 이제는 어린이들이 자동차따라잡기라는 놀이가 전국적으로 유행한다고합니다 어린이들이 자동차운전자를 놀래키고 어른들을 갖고 놀아서야 되겠습니까? 또 그런 순간의 장난으로 사고 사망사고가난다면 누가 책임지겠습니까? 아이들이 유행처럼 운전자놀리기 놀이를 하고 취미처럼 즐기고 생활하고 합의금받고 대학교학자금 미리준비하고 그럼되겠네요 대통령님 국회의원님들 법관님들 검사님들 이분들중 운전자라고 생각해보십시요 운전은 안하시겠지만요 사고를 예방하자고 만든법이 오히려 법을준수하고 규정을지키는 운전자를 죄인으로 몰고 돈벌이로 전락할수도 있습니다 법을 폐지하라고하는게 아니고 형평성에 맞게 개정을 바라는겁니다 두번다시 아이를 먼저보내는 일도없었음하고 억울한 운전자도 없길바랍니다ᆞ",
  "num_agree": 1905,
  "petition_idx": "590202",
  "title": "민식이법 개정촉구합니다"
}