{
  "category": "행정",
  "begin": "2020-07-06",
  "content": "30년 이상 주식 거래를 해 왔읍니다. 몇 년 전부터 군 불을 지피더니, 드뎌 발표 하는군요. 울 나라 증권시장에 맞지도 않는 주식 양도세를 왜 하려는지 답답 하네요! \"(세법)선진화!\" 새마을 운동 시절에 많이 듣던, 용어네요! 뭐가 선진화 인지 모르겠네요! 미국, 일본에서 하니까? 1.증세는 없다? 5%만 해당! 역으로 생각해 봅시다. 증세 없다면, 뭐하게 바꾸나요. 양도세 받는게 \"선진화\"라서? 거래세는 외국인,기관, 개인을 대상 올리기가 힘들죠! 반면, 양도세는 개인에게만 해당 힘 없는 개인들 다루기 좋죠! 거래세 감소분은 고스라니 개인에게 전가 됩니다. 5%에게만 해당 된다는 지능적인 개인간 싸움 붙이로 반발을 피해가며, 공제금이 2천만원이라고요, 필요하면 언제든 낮출수 있읍니다. 또한, 추후 준 조세인 건강보험에 연계 시킬 목적도 보임니다. 목적이 보이는데, 증세 아니라고 우기지 마시고, 증세가 필요 하면, 거래세 올려서 기관,외국인,개인 모두에게 부담 시키세요! 선진화라는 명목으로 개인만 잡지 마시고! 2. 외국 증권시장으로 자본 이탈 없을 거다? 정부에서 말합니다. 울 나라 공제금(2천) 크고, 환전수수료 크고, 양국에 증권회사 수수료 커서 매리트 없다! 지금도 해외 투자 점진적으로 늘어나고 있읍니다. 늘어 날수로 증권사 수수료 낮출거고, HTS고도화 시키면 연쇄적으로 해외 투자 증가 할겁니다. 더욱이, 이런식으로 한국 실정에 맞지도 않는 양도세 부과 하면, 매리트 없어져서 자금 이탈은 기하급수적으로 늘어날 겁니다. 숫자로는 개인 5%로지만, 자본으로 50%가까이 되는 자금이 해외 이탈 할수 있다는 생각을 해 보기나 했는지? 입안자 에게 묻고 싶읍니다. 3.나라 걱정! 거래세는 시장 변동에도 그 나마 안정적으로 세수 확보가 되지만, 양도세는 증권시잠 침체기에는 대폭 감소 될수 있읍니다. 그 때는 어떻할 겁니까! 왜 굳이 안정적인 세수 확보처를 놔두고, 위험한 방법을 구하는지 도대체 이해가 가지 않읍니다. 3.외국 사례! 아직도 필요 하면, 머리 꽁지 다 자르고, 유리한 부분만 가져다 댐니다. 미국, 일본, 독일은 어째뜨라~~ 울 나라 아직, 선진국 아니고, 기축 통화국도 아니고, 10년 이상 박스권 증권시장 매리트도 없읍니다. 제도를 가져올때 그 나라 상황도 설명하면서 비슷한 환경의 제도를 가져오세요 이제는 제발! 맥락없는 구 시대적 선진국 타령 그만좀 합시다. 4. 기타 어거지 손실분 3년 반영, 월별 원천징수, 환급은 다음년도 5월에 신고 하고, (현실적으로 7월쯤 환급) 증권사 월별 징수 한 돈은, 국가 납부전 까지 증권사 운영자금? 환급 때 까지 1년 가까이 개인들 자금 묶어 놓고 시장이 살아나기 기대 합니까? 소득 있는 곳에 세금 있다! 인정하고, 필요 합니다. 그런데, 주식은 세금 안 냅니까, 거래세로 세금 내고 있읍니다. 부동산처럼, 양도세 여야 하는 이유가 뭡니까? 과세 대상인 주식은 이자소득,부동산과는 성격이 많이 다릅니다. 수익이나 손실위험이 매우 큼니다. 수익이 상대적으로 보장 되는 다른 상품과는 다른데, 그에 맞는 제도를 적용 해야 될것 아닙니까! 5. 아무것도 하지 마세요! 요즘 부동산이나 고용 등 경제정책 보면, 손대는 것 마다 이상 합니다. 정책 입안 하시는 분들, 명예 혹은 공무원 윤리땜에 실제로 주식을 못 해 보셔죠! 혼자 생각하지 말고, 실제 경험자 애기좀 많이 듣고 입안 하세요 차라리 아무것도 하지 말고, 그 냥 시장에 맏겨 두시던지요!",
  "num_agree": 439,
  "petition_idx": "590358",
  "title": "주식 양도세 폐지가  당연"
}