{
  "category": "육아/교육",
  "begin": "2020-07-03",
  "content": "안녕하세요~ 지금 대한민국은 몇달간 지속된 코로나로 인해 많은 분야의 사람들이 고통을 겪고 있고 있습니다. 모두가 힘들지만 특히 워킹맘들과 자녀들의 고통은 심각한 수준입니다. 저희 아이는 초등학교 3학년인데 몇달째 집에서 혼자 방치되고 있습니다. 엄마 아빠가 출근하고 난 이후에 혼자 잠에서 깨서 수시로 무섭다고 전화가 옵니다. 그리고 학교 온라인 수업을 혼자서 들어야 하는데, 컴퓨터를 해본 적도 없는 서툰 손으로 나름대로 해보지만 링크된 영상만 클릭해서 보는 수준이고, 제대로 된 학습은 이루어지지 않고 사실상 학습은 포기한 상태입니다. 학습은 포기하더라도, 당장 심각한 것은 식사 문제입니다. 아침에 차려놓은 밥은 퇴근해보면 차갑게 굳어 있는 경우가 많고, 전자렌지에 데워먹는 방법 등을 알려주었지만 익숙하지 않은지 그냥 차갑게 식은 밥을 몇숟갈 먹고 맙니다. 배달음식을 주문해줘도 봤지만, 2인분 이상만 배달돼서 잔뜩 시켜놓으면 집에 와서 보면 쫄면이 그대로 사각형 틀 모양으로 굳어져버린 경우가 많습니다. 왜 안먹었냐고 물어보면 어떻게 젓는지 몰라서 그냥 좀 먹어보다 말았다고 합니다. 아무튼 차린지 몇시간 된 식어버린 밥은 어른인 제가 봐도 먹기 싫은 것이 이해가 됩니다. 가장 심각한 것은 정서적으로 아이가 불안을 겪고 방치되고 있다는 것입니다. 혼자 집에서 엄마아빠가 출근해 있는 9시간 내내 있으니 너무 무섭고 심심하고 티비만 보고 있습니다. 10살 아이를 이렇게 집에서 혼자 하루종일 있게 하는 것은 외국에서는 아동학대에 해당하여 처벌을 받는 심각한 상황입니다. 아직 우리나라에서 아동학대에 대한 인식은 때리거나 밥을 굶기는 것이라고 받아들여지지만 정서적 학대나 방치도 매우 심각한 수준의 아동학대입니다. 저는 퇴근하여 딱딱하게 굳어진 밥을 보며 매일 눈물을 흘립니다. 하루에 몇십명씩 걸리는 확률의 코로나에 대한 걱정보다도, 100%의 확률로 매일 집에서 방치되고 있는 아이에 대한 걱정으로 하루하루를 보내고 있습니다. 학교 등교에 대한 여론이 부정적인 것은 압니다. 그러나 등교를 원하지 않는 학부모들의 의견과, 저처럼 등교를 간절히 원하는 학부모들의 의견도 모두 수용해줄 수 있습니다. 원하는 학생만 등교하게 하고, 원하지 않는 학생들은 집에서 온라인으로 수업을 듣게 하면 될 것입니다. 왜 일괄적으로 돌아가며 등교를 해야 할까요? 현재 한달에 학교에 4회 가고 있습니다. 이게 무슨 의미가 있을까요? 학교에 현 상황에 대해 부탁해보았으나 공간 부족으로 인해 더이상 긴급돌봄 인원을 늘릴 수 없다는 이야기만 합니다. 초등학교에서 설문조사를 하여 원하는 학생은 등교하게 하고, 원하지 않는 학생은 온라인으로만 해도 모두 출석으로 인정해준다면 시급한 문제는 해결될 것이라고 생각합니다. 등교를 원하는 엄마들은 코로나에 대한 위험성을 감수하고라도 당면한 더 심각한 문제가 있기 때문에 보내는 것이므로 위험 감수에 대한 서약서 등을 받으면 될 것이고, 가정학습을 시킬 수 있는 엄마들은 보내지 않도록 하면 불만이 줄어들 것입니다. 저는 지금과 같은 상황에서는 조만간 사표를 낼 수 밖에 없는 상황입니다. 제가 사표를 내게 되면 제가 맡고 있는 다른 아이들에게도 피해가 가게 되고, 교사라는 저의 직업도 포기해야하지만 당장 제 아이가 방치되고 있는 상황에서 어쩔 수 없는 상황입니다... 최종 제안 : 1. 초등학교에서 설문조사를 하여 원하는 학생은 등교하게 하고, 원하지 않는 학생은 온라인으로만 해도 모두 출석으로 인정해주세요~ 2. 1번이 안된다면 코로나로 인해 등교하지 않는 자녀를 돌볼 수 있도록 특별 휴직(무급)과 같은 제도를 만들어주세요 긴글 읽어주셔서 감사합니다. 너무나 심각한 상황이니 꼭 교육 정책을 결정하시는 분에게 이 글이 전달되었으면 합니다. 형식적인 답변이 아닌 실질적인 방안을 마련해주십사 부탁드립니다. 감사합니다. 꾸벅",
  "num_agree": 497,
  "petition_idx": "590321",
  "title": "등교 자율화를 원합니다. 워킹맘들의 자녀들은 지금 아동학대를 당하고 있습니다."
}