{
  "category": "일자리",
  "begin": "2020-07-03",
  "content": "2017년 5월 문재인 정부 출범 이후 국민이 주인인 정부, 더불어 잘사는 경제를 국정지표로 하며 일자리 확대와 청와대에 일자리수석 등을 두어 청년 고용정책을 추진하며 많은 고용이 촉진되고 있음을 잘 알고 있습니다. 저희 ***항공승무원들과 조종사 그리고 지상에서 일하는 모든 직원들은 어린시절의 희망이었던 항공사 객실승무원이 되기위해, 조종사가 되기위해 그리고 항공사에서 일하기 위해 대학을 졸업 후 오랜기간동안 아르바이트등을 하면서 준비하여, ***항공의 직원으로서 당당히 합격을 하고, 현재까지 누구보다 이 일을 자랑스럽고 즐거워하며, 힘들고 어려운 교육과정을 즐겁게 이수하고 ***항공에서 행복하게 일을 해 왔습니다 지난해, 일본과의 국가 관계가 어려워지며 시작된 일본제품 불매 및 일본관광객의 수요격감으로 1차 경영에 어려움을 호소하던 중 저희 회사인 ***항공사는 2019년말 **항공에서 인수합병 결정 소식을 들으면서 합리적인 경영과 안정된 자본을 통해 좀더 든든한 회사로 성장을 할 수 있겠다는 기대를 하게 되었습니다. 그러나 2월부터 시작된 코로나-19사태로 인해 비행 편수는 줄어 들고, 결국 3.24일 셧다운 결정으로 많이 불안해 하는 가운데, 회사에서는 경영상의 어려움을 다같이 이겨내고자 정규직 선배님들과 동일하게 2월 급여 40%지급, 3월은 지급연기도 함께 견디고, 동참하면서 회사의 모든 구성원들과 고통을 분담하면서라도 열심히 회생할 수 있기를 기대하고, 하루빨리 코로나19 사태가 종식되고 회사가 정상적으로 회생할 수 있기를 희망하고 기도하였습니다. 그러나 3.31일자로 수습부기장 80명의 계약해지 언론기사와 함께, 4월 정규직 전환을 일주일가량 앞둔 인턴 객실승무원 23명 또한 아무 소식을 접하지 못한채 일방적인 해고 통보를 회사 고위간부를 통해 전달 받고 크게 상심을 하였으며 뒤를 이어 기존의 ***항공 직원들 또한 일자리에 있어서 안정감을 찾아볼수 없기에 이를 청원하기 위해 글을 올리게 되었습니다. 부디, 경영이 정상화 될 때까지라 지금 있는 기존 직원들과 같이 무급으로 휴직을 할지라도, 이제 한 회사의 일원으로 더 크게는 사회를 이끌어 나아가는 일원으로서 실업자 상태로 사회로 내몰리어, 사회를 비관하고 국가와 회사를 원망하기 보다는 힘들지만 ***항공사의 구성원으로 남아 회사의 회생을 위해 모두 한마음으로 힘 닿는데까지 노력을 할 수 있게 되기를 청원합니다. 실제로 코로나19로 경영난을 겪고 있는 저비용 항공사(LCC)에 정부의 노력으로 시중은행이 무담보로 거액의 운영자금을 지원하고, **항공이 인수한 ***항공의 인수자금에 대해서도 공동지원을 하겠다는 기사를 접할 때, 정부와 은행이 어려운 가운데에도 LCC를 포함한 항공업계를 우선하여 지원하는 취지또한 힘없는 직원들을 희생양으로내쳐서라도 회생을 하라는 의미보다는, 문재인 정부의 더불어 잘사는 경제(서민과 중산층을 위한 민생경제), 내 삶을 책임지는 정부에 더욱더 다가 갈 수 있을수 있다고 생각을 합니다. 부디 코로나19사태 극복을 위해서 전 세계와 대한민국 정부와 기업, 그리고 온 국민이 노력하는 가운데, 사회의 그늘에서 힘없는 국민이 피해를 보고 희생되어 소외되지 않도록 힘을 보태 주시기 바랍니다. 마지막으로 지금 일자리를 잃은 수습부기장 80명과 인턴승무원 23명 그리고 ***항공의 모든 직원들이 서로 고통을 분담해서라도 회사의 구성원으로 남아 힘을 보탤 수 있는 기회를 간곡하게 부탁드립니다. [본 게시물의 일부 내용이 국민 청원 요건에 위배되어 관리자에 의해 수정되었습니다]",
  "num_agree": 514,
  "petition_idx": "590347",
  "title": "***항공이 다시 날 수 있게 해주시길 부탁드리겠습니다."
}