{
  "category": "교통/건축/국토",
  "begin": "2020-07-03",
  "content": "지난수십년간 경기도는 서울기준 남부지역과 북부지역의 심각한 불균형으로 현재의 기형적인 부동산 가격차이와 인구분포를 보이고 있다. 이는 여러가지 원인이 있겠지만 예산의 집행과 투자가 경기남부와 북부에 불평등하게 이뤄진 것에 기인한다. 남부지역에 인프라등 투자나 예산집행이 많다보니 인구도 더 몰리고 또 인구가 많아지다보니 또다시 예산집행과 투자가 남부쪽으로 쏠리는 빈익빈부익부 현상이 지금까지 수십년에 걸쳐 경기도 남쪽과 북쪽에 나타는현상이며 지금의 부동산가격 및 인구밀집도가 이를 여실히 말해주고 있다. 이럴바에 경기도를 행정구역상 그냥 경기남도 경기북도로 나눠서 과거 불균형한 부분을 소급해 적용해달라는것도 아니고 지금이라도 공정하게 반반씩 예산집행하고 투자가 이뤄지길 바란다. 지금 달랑 지하철 3호선을 파주 운정신도시까지 연장해달라는 경기북부 지역민의 수년간의 요청조차 경제 타당성이라는 논리로 외면받고있는 현실이 너무나 억울하고 안타깝다. 21세기 통일대한민국이 반드시 이룩해야만 할 우리 조국의 제 1순위 사명이자 말그대로 우리의 소원일 것이다. 그럼에도 불구하고 지난 수십년간 서울 기점 북부지역은 철저히 소외되었다. 과거 수십년간의 경기 남부와 북부의 불평등한 인프라투자 및 예산집행차별을 보상해주고 21세기 통일대한민국을 대비한 적극적인 인프라 투자를 정부는 늦었지만 지금이라도 적극 즉시 빠른속도로 집중적으로 진행해주길 바란다. 경기북부도 파주도 운정도 전략적으로 투자하고 예산투입하여 선행적인 인프라구축을 뒷받침해준다면 교통,학군,병원,문화시설 등 완성도가높아지고 살기좋다는 입소문이나게되면 통일대한민국 거점도시 파주,파주의 중심 운정신도시의 인구수도 자연스레 증가할것이고 경기남부와 북부 균형발전의 상징적인 도시로 발돋움할것이고 통일대한민국의 명실상부한 거점도시 파주,운정이 될 것이다. 닭이먼저냐 달걀이먼저냐 논하기엔 지난 수십년의 지역 불균형의 간극이 너무나 크다.늦었지만 지금이라도 경기북부 지역 파주 운정을 필두로 정부의 교통 사회편의시설 관공서 문화시설 등 전략적인 인프라투자를 강하게 요청한다!",
  "num_agree": 363,
  "petition_idx": "590348",
  "title": "경기도는 남북 균형발전 절대필요"
}