{
  "category": "교통/건축/국토",
  "begin": "2020-07-03",
  "content": "안녕하세요 올해 38살이 된 1983년생 일반인 입니다. 저는 서울에서 부모님과 함께 35살까지 함께 지내왔으며 36살부터 인천 서구에 거주하고 있는 일반 국민입니다. 저는 원래 서울에서 부모님을 모시고 살려고 하였으나 가정사와 이런저런 안좋은일들이 겹치면서 부모님과 독립해서 현재 거주하고 있는 인천으로 이사해서 살고있습니다. 제 가정사를 왜 장황하게 늘어놓냐고 한다면 할말없습니다만 현재 저의 부모님은 서울에서 임대아파트에 살고 계십니다. 저는 가진것 하나 없이 직장생활만 하는 대한민국 평범한 사람중에서도 지극히 평범한 서민입니다. 그런 저에게도 한가지 목표가 있으니 그건 바로 내집을 갖고 부모님을 모시고 사는것입니다. 그래서 저는 36살에 인천으로 이사를 왔고 인천에서 약 2년가까이 거주를 하고있으며 운좋게도 이번에 추첨제 청약당첨이 되어서 2022년경에 입주하는 검단신도시 아파트 계약을 하였습니다. 저는 드디어 내집마련의 꿈을 이루게되었다고 생각하였으며 부모님에게도 이 사실을 말씀드리고 드디어 제가 부모님을 모시고 살면서 효도를 할 수 있다고 말씀드렸습니다. 부모님도 울먹거리시며 좋아하시던 모습이 아직도 기억납니다. 물론 대출을 받고 앞으로 열심히 일해서 갚아나가야 하지만 그정도는 지금까지 지내왔던 고생에 비하면 정말 아무것도 아니라고 생각했습니다. 그런데 이번 617부동산대책이 발표가 되면서 모든것이 틀어지게 되었습니다. 저는 사실 부동산에 대해서 정말로 아무것도 모르는 사람이었습니다. 하지만 청약통장의 기준이 되면 아파트분양을 받을 수 있는 기본적인 정보는 알고 있었고 검단신도시 아파트는 분양가도 타지역 수도권과 비교해서 부담이 덜 되는 금액이어서 검단신도시에 분양계획을 세웠습니다. 저는 분양을 받을 당시 주변사람들에게 문의하여 현재 인천 서구 검단신도시는 비규제지역이므로 분양을 받고 계약금 10%를 지불하고 중간중간 중도금대출로 6번에 걸쳐서 10%씩 총 60%의 대출을 받고 추후 나머지잔금대출시 KB시세의 70% 주택담보대출을 받아서 기존 중도금을 대환하고 현재 제가살고 있는 전세집 전세자금 9천만원을 잔금 및 이사비용으로 생각하여 입주할 계획이었습니다. 하지만 이번 617 부동산대책이 나오면서 많은것들이 꼬이게 되었습니다. 어떤 부분이 문제가 생겼는지 몇가지 정리해서 말씀드리겠습니다. 1. 잔금대출의 문제 저는 최초 분양당시 추후 잔금대출은 KB시세의70%를 받을 것으로 예상하고 최악의경우 그래도 분양가의 70%를 잔금대출받을것으로 예상하여 잔금을 준비하였습니다. 하지만 현재 617부동산 대책이 나온이후로 잔금대출시에는 새로운 투기과열지구의 LTV40%로 잔금대출을 진행하거나 또는 중도금대출 범위내에서만 대출을 받을 수 있다고 합니다. 이는 분양가의 60% 또는 KB시세의 40% 라는 이야기입니다. 제가 분양받을때의 기준과 많이 다릅니다. 제가 분양받은 아파트의 분양가는 336,600,000 입니다. 약 3억4천정도의 분양가입니다. 최초 3400만원가량 계약금지불을 하였고 중도금대출로 60%를 받을 예정이며 추후 LTV70% 담보대출을 받아 잔금을 지불할 예정이었습니다. 계약금 10% + 담보대출70% + 잔금20% = 100% 하지만 현재 최소 분양가의 10%를 더 모아야하는 상황이 되었습니다. 제가 막 월급 천만원이상 고액 연봉자면 아무 문제가 안되겠지만 저는 일반적인 평균월급보다 약간적게 받으며 생활하는 일반 서민입니다. 잔금 3천5백만원가량을 2년안에 모아라? 현실적으로 불가능합니다. 무주택자들에게는 대출제한을 좀 풀어주십시오. 정말 서민들이 대출받아 집사는거지 투기꾼들은 대출로 집사지 않습니다. 이미 투기로 부풀려놓은 현금자산으로 집을 구매하고 돌려막기 하겠지요. 2. 소급적용의 문제 현재 온라인상이나 여러 까페들 글을 보면 아시겠지만 소급적용에 대한부분이 계속 지속적으로 이야기가 나오고 있습니다. 김현미 장관님께서도 한 라디오방송에 출연하여 기존 계약자들은 소급적용하지 않는다고 했는데요? 라고 인터뷰 하신것을 보았습니다. 하지만 위에 1번에서 설명했듯이 KB시세의 70% 잔금대출을 받는 것으로 알고 계약한 사람이 KB시세의 40% 또는 중도금대출범위내에서의 LTV70%(중도금은 거의 모두 60%로 진행함), 실질적으로는 분양가의 60%로 대출금액이 줄어들었습니다. 이 부분을 소급적용이라고 다들 이야기하는겁니다. 저는 솔직히 다주택자분들의 입장은 제가 잘 모릅니다. 지금까지 전,월세만 살아왔고 이제 겨우 분양을 받아서 1주택자가 되는 상황입니다. 하지만 위에 설명한부분만 봐도 소급적용이 된다고 생각되지 않습니까? 만약에 정부정책이 투기가 예상되어 지속적으로 규제지역을 늘린다고해도 정부의 정책이니 따라야겠지요. 하지만 규제이전의 조건 및 기준으로 알고 계약한 사람들이 정당하게 계약을 한 이후에 바뀐정책으로 인해서 피해를 보게된다면 이는 맞지않다고 생각합니다. 617이전 계약자들은 비규제지역과 동일하게 추후 잔금대출시 KB시세의 70%로 진행할 수 있도록 해주십시오. 3. 정부정책의 신뢰문제 이번 투표에서 민주당은 압승을 거뒀습니다. 국민들이 거는 기대가 크다는 거지요. 하지만 이렇게 한두가지 큰 문제가 생기면 지지하던 마음도 사라집니다. 현실적으로 타격을 입기 때문이죠. 집이 생긴다고 해서 보수화가 된다? 서민은 민주당편이다? 말도 안되는 이야기입니다. 국민들은 국민들에게 신뢰를 주고 국민의 입장에서 생각하는 쪽을 지지하게 되어있습니다. 촛불로 일으킨 정부를 이렇게 불신을 주고 말바꾸기식의 정책을 펼치면 과연 지지할까요?? 다주택자 정치인들이 많다고 합니다. 사실 그분들의 재산이 많던 적던 저랑은 사실 크게 상관없습니다. 하지만 이렇게 무주택자 다주택자 할것없이 강력하게 규제하는 사람들이 다주택자이고 부동산으로 이미 수억의 재산을 늘렸다? 말이 안되지 않습니까? 다시 한번 요청합니다. 비슷한 청원글이 많이 올라오는 것으로 알고 있습니다. 왜 그럴까요? 정말로 내집마련을 하기 위한 서민들의 아우성을 모른척하지 말아주시고 이번 617부동산정책이전의 계약자들에게 기존의 기준대로 탈출구를 만들어주세요. 부탁드립니다.",
  "num_agree": 979,
  "petition_idx": "590313",
  "title": "617부동산정책 서민들을 살려주세요"
}