{
  "category": "미래",
  "begin": "2020-07-03",
  "content": "1. 국방의 의무 헌법상 모든 국민은 법률이 정하는 바에 따라 국방의 의무를 지며, 누구든지 병역의무의 이행으로 불이익한 처우를 받지 않는다. 국토방위의 의무가 국민의 의무로서 헌법에 규정된 것은 프랑스혁명 이후의 일이다. 모든 국민이 국방의 의무를 지는게 맞는데 왜 여성만 지원해서 가는거죠? 물론 달마다 생리 기간에 몸이 너무 아프고 힘든거 충분히 이해합니다 거기에 대해 나쁘게 생각 하는건 하나도 없습니다 하지만 남자는 몸이 불편하거나 군생활에 문제가 있는경우 공익으로 사회복무 하는데 여성은 왜 아무것도 안 하는지 의문입니다. 지금 군 생활을 하고있는 여성 부사관,장교 분들께서도 맡은 임무를 최선을 다해서 열심히 완수 하시고 계신데 여성이라고 부족한거 하나 없이 각자의 자리에서 잘 해주시고 계십니다 다른 여성 분들도 최소한 현역 입대는 아니더라도 사회복무 정도는 기간 맞춰서 하는게 그게 양성평등 입니다. 국방의 의무를 남자만 지는건 양성평등에 어긋난거 같습니다 여성도 대한민국의 국민으로서 국방의 의무를 지게 해주세요 2. 여성 가족부 여성가족부는 여성 및 가족과 청소년의 정책 기획 및 권익보호 를 위해 설립되었고, 여성가족부는 크게 여성, 청소년, 가족과 다문화 가족 등을 돕는 일을 합니다. 여성에 대해서는 여성에 대한 폭력 피해 예방 및 보호를 돕고 있습니다. 그 외에 여성 정책의 기획, 종합 및 여성의 권익증진을 위해 일하며 정책과 성별 영향 분석 평가를 하고 여성 인력 개발, 활용 등 다양한 일을 통해 사회 참여 확대를 돕고 있습니다. 성매매 예방 및 피해자 보호에도 노력하고 있습니다. 이렇게 여성 가족부의 하는일을 정리한 글을 봤습니다. 이름 부터 여성 가족부 이거 부터 틀렸다고 봅니다 남성 가족부 가 따로 있는것도 아니고 일반 가족부도 아니고 여성 가족부 이게 양성평등 맞습니까? 여자라고 여자의 입장에서 남자라고 남자의 입장에서 이런걸 상관 안하고 공통으로 바라보는게 양성평등입니다 여성 가족부의 이름을 가족부로 바꿔주세요 저희 나라는 의무 교육인 초,중학교 에서도 양성평등에 대하여 토론, 글쓰기 등 활동을 하고 있습니다 아직 까지도 이렇게 평등하지 않은 나라에서 양성평등 이라는 말이 나올수 있을까요? 청원 부탁드립니다.",
  "num_agree": 624,
  "petition_idx": "590322",
  "title": "양성평등 나라에서 먼저 시작해주세요"
}