{
  "category": "보건복지",
  "begin": "2020-07-06",
  "content": "안녕하세요 대부분의 사람들이 살아갈때필요한 의식주중에 단장증후군으로인한 먹는삶이 없는 나날을 이어가고있습니다. 어느순간 갑자기찾아온 질병으로인해 소장이너무짧아져 정맥관(주사액)으로 지내는힘든시간을 보내고있습니다. 우리몸엔 최대4개의정맥관이있는데 이마저도 다써버린다면 그다음엔 어떻게해야할지도막막하고요.우리나라에는약200여명의 단장증후군 환자들이있는데 이마저도 선천성만 산정특례혜택을받고 후천적인질병으로인한단장증후군은 산정특례도못받아 병원비약값등 힘들어지는상황에 정맥관이필요없는 신약은 1년에2억정도의비용으로 엄두도못내는상황입니다. 근본적인해결책은소장이식인데 다른이식의 간이나신장등등은 의료보험혜택이되는데 소장은이마저도안되어 이식비용른 감당조차어려운상황입니다.국내에 200여명의 희귀질환인데도 선천성외에 산정특례도안되고 정맥관이필요없는신약과 소장이식 혜택이 전무한상황입니다.이에 여러분들의 응원을받고자합니다. 제발 한명한명의삶이나아질수있도록 국민의한사람으로서 부탁드립니다.",
  "num_agree": 385,
  "petition_idx": "590354",
  "title": "단장증후군으로 살아가는삶을 응원해주세요"
}