{
  "category": "미래",
  "begin": "2020-07-06",
  "content": "배달* ** 요** 등의 회사들은 무인승차를 하는것이 문제점이다. 포스기(pos)는 가맹점과 카드체크기사(van)의 거래로써 일정금액을 납부하여 거래가 되는 일종의 랜탈 개념의 물건으로써 van가 제공하는 포스프로그램을 쓰기 위한 목적으로 서로간의 거래가 이루어진다. 물론 가맹점주가 프로그램을 알아서 쓰는 것은 상관이 없다. 하지만 여기서 문제는 1. 배달***의 프로그램을 포스기에 무단으로 설치하여 사용한다. 2. 포스기에 제공되는 용지를 무단으로 사용한다. 3. 카드체크기 업무를 배달하는 라이더 회사에서 일정부분의 수수료를 모든것을 가져 간다. 이로 인해 van사는 업무가 더욱더 많아지고 이것이 과연 일자리와 연관성 있는지 묻고싶다. 사람을 더 많이 쓰는 것은 좋은일이다. 하지만 이번 경우는 갈수로 배달의 수요가 많아지고 또한 1. 카드체크기의 수명이 짧아진다. 2. 국가에서는 스마트 시대라고 하지만 이건 시대를 역이용하는 처사로 용지를 마구 잡이 배달* ** 배달용으로 쓰여지고 있다 용지는 제공은 포스회사의 몫이다. 3. 포스기기의 수명도 짧아진다. 4. 포스기기에 배달* **의 프로그램 오류로 인해 기기를 고쳐야 하는 업무가 많아진다. 5. 포스기기에 스피커를 설치도 배달* **의 업무임에도 불구하고 가맹점주들의 요구에 의해 또 스피커 설치도 이루어진다. 6. 배달* **의 경우 원격시스템도 없고 밤에는 약간 업무 차질이 생기곤 한다. 배달* **도 밤 업무가 되지만 그로 밴사 카드체크기사도 배달* **의 프로그램으로 출장을 가서 포스기기를 전체적으로 점검을 한다. 밴사는 갈수록 페이가 많아져서 수입이 점점 줄고 있는 판국에 리베이트 행위 , 배달* **, 요** 배달전문 회사로 인해 더욱더 갈길을 잃어 가고 있다. 도대체 국가는 일자리 만드는 건지 없애는 건지 이해가 안간다. 밴사도 사람이고 일자리를 생산할수 있는데 제재는 점점 심해지는데 목적과 다르게 무인승차를 하고 있는 저런 회사는 어떻게 가만히 보고 있는지 이해가 되지 않는다. 국가는 누구의 편인가? [본 게시물의 일부 내용이 국민 청원 요건에 위배되어 관리자에 의해 수정되었습니다]",
  "num_agree": 455,
  "petition_idx": "590389",
  "title": "배달***  요** ****** 서비스 문제점 카드체크기사를  힘들게 하는 이유?"
}