{
  "category": "외교/통일/국방",
  "begin": "2020-07-03",
  "content": "탄 원 서 업체명 파리바케트 주 소 대전 유성구 자운로 97번길 410 자운쇼핑타운 1층 1. 탄원인은 국군복지단과 2014.10.월 위 업체에 대한 임대차 계약서를 체결한 다음, 1년 단위로 계약을 연장하여 현재 5년을 지나 6년째 계약조건을 철저히 준수하면서 성실히 영업하고 있고, 내년에도 당연히 재계약이 체결될 것으로 믿고 있습니다 2. 그런데, 탄원인에게 국군복지단 자운대쇼핑타운사장은 위 업체 에 대한 계약종료일이 2020.12.31.임을 통보하였습니다 3. 탄원인은 위 통보서를 받고 확인해보니, 내년 계약은 월세 납부(매출액비례 수수료 납부에서 정액의 월차임으로)를 변경하 여 일반공개경쟁입찰방법으로 시행한다고 합니다 4. 그러나, 탄원인은 계약방법과 조건을 변경하여 시행하는 것은 위 업체의 영업기간 10년을 약속하여 지금까지 믿고 성실히 운영하고 있고 아무런 잘못도 없는 등 아래와 같은 사유로 부당한 처사라고 생각하고, 자운대쇼핑운영사업은 국가에서 하는 사업이라 영업기간 10년의 보장 약속을 철썩같이 믿고 있었는 데 갑자기 사업종료 통보를 받게 되어 탄원서를 드립니다 아 래 가. 자운쇼핑타운 입찰사업설명회 때 최초 계약자에게는 계약이행 에 잘못이 없을 경우 최소한 10년의 영업기간을 보장(별지1 자운쇼핑타운 37개 입점업체 탄원서 참조)한다는 구두상 약속을 한바 있고, 계약조건과 방법을 변경하는 행위는 탄원인 등 입점업체들과의 신뢰관계를 저버리고 탄원인 등에게 불이익을 가하는 행위입니다 나. 탄원인은 영업기간 10년 보장 약속을 믿고 파리바케트 운영에 필요한 영업시설비 등으로 은행 대출까지 받아 2억5천만 원 상당을 투자하였는데, 5년만에 계약이 종료된다면 탄원인에게는 투자한 돈을 회수도 하지 못하고 은행 대출금만 남는 등 너무나 큰 경제적인 손해를 입게 됩니다 다. 탄원인은 위 업체를 운영하면서 지속적인 매출증가와 신용을 유지하므로서 자운쇼핑타운의 대외적인 홍보에도 커다란 공헌을 한 사실 등을 배려받지 못한 점은 임대인이 국가기관으로서 커다란 잘못입니다. 라. 상가건물임대차보호법에도 임차인을 보호하기 위한 보장장치로서 -.임차인의 계약갱신 요구를 정당한 사유없이 거절하지 못하고 임차인에게 최초의 임대차기간을 포함 10년을 초과하지아니 하는 범위내에서 행사할 수 있도록 하였으며 -.상가건물에서 영업을 하는자가 영업시설, 신용, 영업상의 노하우 등 유형.무형의 재산적 가치의 양도 또는 이용대가로서 임차인에게 보증금 등 이외에 지급하는 금전적인 대가를 권리금이라는 명목으로 보호하고 있습니다. 5. 그렇다면, 탄원인이 위 업체를 운영하면서 기여한 공로등을 배려함이나 우선권 등을 고려치 아니하고 똑같은 조건으로 공개 경쟁의 방법으로 입찰에 참가하라고 한다면, 탄원인에게는 너무나 커다란 경제적인 손해와 심적인 고통을 안겨 줌은 물론 상가건물임대차보호법과 소상공인 보호 및 지원에 관한 법률의 근본적인 취지에도 맞지 아니합니다 6. 탄원인이 위 업체를 운영하게 된 동기는, 탄원인은 국가유공자로서, 최소한 10년 동안은 안정적으로 생계를 유지하는데 도움이 될 것으로 기대하여 왔음으로, 내년에 재계약이 성사되지 아니한다는 것은 상상조차 할 수 없습니다. 7, 탄원인은 처음 사업설명회때 자운쇼핑타운 운영에 관한 소개, 안내 받았던데로 10년의 계약기간 약속를 지켜주시기를 바라고, 탄원인은 복지단의 설명회때의 약속를 믿고 위 업체를 운영하였으며, 심지어는 영업기간 10년 보장 약속를 믿었기 때문에 복지단의 무리한 요구까지 받아들이면서 까지 위 업체을 운영케 되었으므로, 영업기간 10년을 지키지 못할 바에는 이에 따른 책임을 져 주셔야 할것입니다. 8. 또한, 현재 국가에서 지원하는 소상공인에 대한 대책은 많지만, 현실적으로 탄원인 운영 업체에는 그러한 대책이 적용되지 않고 있습니다. 요즘같이 경기가 어려운 상황에서도 탄원인 운영 업체는 소상공인 지원 대상에서 왜 배제되어야 하는지 궁 금하고, 국군복지단도 같은 국가기관임에도 소상공인 지원 정책이 다르게 집행되는 점에 관한여 의문점을 갖지 않을 수 없 습니다. 9. 탄원인은 국군복지단에서 신속히 위 사실관계를 확인하시어 탄원인의 권익이 보호받음과 동시에 권리가 구제되기를 바랍 니다 10. 귀 기관의 발전을 기원합니다. 2020. 6. .",
  "num_agree": 268,
  "petition_idx": "590336",
  "title": "국군복지단 (자운대 쇼핑타운) 처음 약속한 임대기간(10년) 보호를 요청합니다"
}