{
  "category": "인권/성평등",
  "begin": "2020-07-03",
  "content": "안녕하세요. 저는 성평등 문제에 관심이 많은 학생입니다. N번방, 박사방 등 성착취 문제들이 불거지고 있는 사회 분위기 속에서 시대 흐름에 맞지 않는 민감한 주제의 웹툰이 연재되고 있어서 글을 적게 됐습니다. 네이버 웹툰 ****의 줄거리는 간략하게 인터넷 방송을 하는 같은 학교 남자 주인공의 비밀을 알게된 여자 주인공이 비밀을 빌미로 성적인 스킨쉽을 요구하며 진행되는 이야기입니다. 교복을 입은 미성년자에게 키스를 요구하는 여주인공의 모습이 얼마전 온 나라를 떠들썩하게 만들었던 성착취 범죄자들과 매우 닮아보이는건 저만의 생각이 아닐거라고 생각합니다. 스마트폰 보급이 가속되는 만큼 웹툰을 즐기는 연령대도 매우 어려지고 있고 성인 열람 제한도 걸려있지 않아 성적 가치관이 확립되지 않은 어린아이들도 쉽게 볼 수 있어 이런 성범죄적인 내용의 웹툰을 보고 잘못된 성가치관을 가지게 될까 너무 두렵습니다. 비슷한 예시로 2009년에 방영된 얼마전 안녕자두야 용변편 몰카 문제로 징계를 당한 사례가 있습니다. \"어린이들에게 무의식적으로 몰카 촬영 장면이 인식돼 모방 범죄를 조장하게 할 가능성이 있다고 본다. 법정제재감이라고 생각하지만 처음이고, 해당 에피소드 편성을 중단한 점을 감안해 행정지도 의견을 낸다\", \"현실 세계에서 이런 일이 있다면 디지털 성범죄\", \"한국사회 성인지 감수성이 빠르게 높아졌는데 머리로는 따라가도 체화하지는 못한 상태\" 라는 위원들의 의견으로 징계가 결정되었습니다. 저는 이 웹툰이 안녕자두야 논란과 같은 맥락의 더 엄중한 문제라고 여겨졌고 모방범죄를 조장하게 할 가능성이 있는 이 웹툰의 연재 중지를 청원합니다. [본 게시물의 일부 내용이 국민 청원 요건에 위배되어 관리자에 의해 수정되었습니다]",
  "num_agree": 2121,
  "petition_idx": "590331",
  "title": "네이버 웹툰 **** 연재 중지 시켜주세요."
}