{
  "category": "교통/건축/국토",
  "begin": "2020-07-06",
  "content": "안녕하세요 공공분양 일반공급 청약만을 간절하게 기다리는 직장인입니다. 현, 공공주택 청약제도는 특별공급 80%+일반공급 20%로 이루어졌습니다. 일반공급도 35% ->20%로 줄은 바람에 청약금액 커트라인도 점점 올라가고 있어서 일반공급만 바라보는 사람에게는 20% 물량 자체가 간절함입니다. 최근 청약제도 개편예정으로 특별공급 100%, 일반공급물량을 없앤다는 기사를 봤습니다. 17년 아니 20년이상 내 집 마련의 꿈을 갖고 있는 사람들의 희망은 없애지 말아주세요 대통령님 일반공급 물량은 유지시켜주시길 간곡히 바랍니다.",
  "num_agree": 845,
  "petition_idx": "590382",
  "title": "공공분양 일반공급 물량 건들지 말아주세요"
}