{
  "category": "육아/교육",
  "begin": "2020-07-03",
  "content": "안녕하세요. 중학교 3학년 동생을 둔 학생입니다. 우선 국민 청원을 올리게 된 요점부터 말씀드리자면, 오늘(2일) 서울시 교육청이 서울공연예술고등학교가 특목고 재지정 평가에서 탈락해 일반고로 전환될 예정이라고 발표했습니다. 서울시 교육청에서 발표한 재지정 탈락 주요 이유는 '지난해 학내 비리 및 부적절한 행사에 학생들을 동원했다.'입니다. 제가 아는 바로는 학교장 및 비리 관련 인물들을 파면 처리하고 학교의 시설들도 많이 개선되었다고 합니다. 물론 학생들이 언론을 통해 폭로한 많은 문제들은 부정할 수 없는 잘못이긴 하지만, 이번 특목고 지정 취소는 예술적 자질을 함양한 많은 학생들의 꿈을 좌절시키는 계기가 될 수 있습니다. 특목고 지정 취소가 이루어질 경우 서울공연예술고등학교는 예술 중점 일반 고등학교로 전환될 것입니다. 이렇게 될 경우, 서울 지역 거주 학생들을 제외한 타 지역 학생들은 서울공연예술고등학교에 지원할 수 없습니다. 특히, 제 동생을 포함한 실용무용과 지망생들이 지원할 수 있는 고등학교는 전국에 '한림예술고등학교', 그리고 '서울공연예술고등학교' 단 두 곳뿐입니다. 한림예술고등학교 또한 신입생 모집을 중단한 상황에서 서울공연예술고등학교 또한 서울을 제외한 타 지역 학생들은 지원할 수 없다면, 지금까지 예술고등학교 하나만 바라보고 진학을 준비했던 학생들은 방황할 수밖에 없습니다. 특목고는 초·중등교육법에 따르면 5년 주기로 운영 평가가 이루어집니다. 이는 특목고 지정 여부를 판단하는 추이가 됩니다. 이 사실을 부정하거나 비난할 생각은 없습니다. 하지만 몇 년씩 준비한 학생들의 꿈을 한순간에 짓밟는 것은 옳지 않다고 생각합니다. 특목고 지정 취소가 확정이 될 경우 확정이 된 익년(올해 특목고 재지정 평가에서의 탈락이 확정될 경우 2022년 신입생) 혹은 후년(올해 특목고 재지정 평가에서의 탈락이 확정될 경우 2023년 신입생)에게 최소 1년 전 공지를 해주는 것이 옳다고 생각합니다. 학생들의 오랜 기간 동안의 노력이 물거품이 되지 않게요. 실용무용과 학생들은 입시를 위해 미리 ‘작품’을 준비하는 경우가 많습니다. 특정 곡으로 창작한 안무를 선생님께 받거나 본인이 직접 창작한 안무를 최소 몇 개월 전부터 준비합니다. 선생님께서 창작하신 안무를 받을 경우 그 비용은 만만치 않습니다. 이는 몇 백만 원은 족히 소비되는 과정입니다. 제 동생 친구들의 이야기를 들어보면 이미 작품 연습을 진행한 학생들이 많다고 합니다. 이렇게 돈뿐만 아니라 시간, 열정, 노력으로 뭉친 하루하루가 한순간에 날아가 버렸습니다. 과연 어떤 방법으로 이 학생들을 위로해 줄 수 있을까요? 서울시 교육청이 공정하고 객관적이고 합리적인 방법으로 평가를 진행했을 것을 의구심을 품는 것은 아닙니다. 하지만 이번 특목고 지정 취소는 재고가 필요하다고 생각합니다. 21세기의 예술을 이끌어갈 능력 있고 감각적인 학생들에게 기회를 주세요. 현재 서울공연예술고등학교는 서울시 교육청이 주관하는 청문을 하게 될 예정입니다. 만약 확정될 경우 예술 계열 특목고는 교육부의 동의를 얻을 필요조차 없기에 빠른 결정이 이루어질 것으로 전망됩니다. 서울공연예술고등학교도 이 결정에 반발하고 있는 지금, 여러분의 소중한 의견이 모여 많은 학생들에게 힘이 되었으면 좋겠습니다. 도와주세요. 부탁드립니다.",
  "num_agree": 353,
  "petition_idx": "590323",
  "title": "서울공연예술고등학교의 특목고 지정 취소(일반고 전환)을 재고해주세요."
}