{
  "category": "교통/건축/국토",
  "begin": "2020-07-03",
  "content": "장항선개량 2단계 철도건설(신성-주포)은 신성과 주포를 직선으로 연결시켜야만 합니다. 1. 장항선 복선전철화 사업은 2010. 4.경 타당성조사 및 기보계획을 착수한 이래 홍성군 신성역과 보령시 주포역 구간에 대한 노선에 관해서는 4번의 노선 변경을 거쳐 홍성군 구간에서는 신성역 – 현 광천역을 경유하는 일부 곡선구간으로 설계하였고, 홍성군과 보령시 접경지역에서부터 주포역 구간까지만 직선화하는 방법으로 노선을 획정하여 현재 철도설계를 시행하고 있는데, 위 노선은 국토교통부와 철도시설공단이 위 구간 중 광천읍에 거주하는 극히 일부 주민들의 자기 편의적 민원에 굴복 또는 편승하여 백년대계가 아닌 근시안적인 시각으로 설계한 것이므로 이를 철회하고 신성역과 주포역을 직선화시는 노선으로 변경 시켜야만 할 것입니다. 2. 철도시설공단이 위와 같은 노선을 추진 중인 이유는 위 구간이 기존의 철도노선을 따라 시행하는 사업이기 때문에 광천읍 일대에 산재하는 석면구간에서 발생되는 피해를 최소화시킬 수 있다고 주장합니다. 그러나 위 구간에도 석면피해가 전혀 없다는 것은 아니라고 합니다. 3. 그렇다면 굳이 기존 광천 역사를 존치하여 곡선구간을 만들어 운행거리를 연장시키고 운행시간을 지연시킬 필요가 없는 것인데, 철도시설공단 스스로가 곡선구간인 광천읍내 한복판을 경유하는 방법으로 철도노선을 획정하려고 시도하고 있는 것은 철도시설공단이 권한을 남용하는 것이고, 만일 철도시설공단이 외부 세력의 압력에 굴복하여 위와 같은 노선을 획정하려 한다면 그 외압세력과 함께 운행거리의 연장에 따라 추가적으로 발생하는 예산만큼의 국고를 낭비하는 것이고, 곡선구간의 철도는 당연히 운행시간의 지체를 초래하므로 단 1초라도 시간을 아껴야 하는 4차산업혁명시대의 시대정신에도 맞지 아니하므로 기존 광천역사를 경유시키지 말고, 홍성군 신성역에서 보령시 주포역에 이르기 까지 직선으로 연결시켜야 마땅할 것입니다. 만일 철도시설공단이 광천역사를 존치시키는 방법으로 노선을 확정시킨다면 이에 대한 책임은 철도시설공단과 철도시설공단에 압력을 행사한 세력이 민형사상 책임을 져야 할 것입니다. 4. 따라서 장항선2단계 철도건설구간인 홍성군 신성역에서 보령시 주포역 구간은 직선화시키는 방법으로 노선을 획정하여 예산을 낭비하지 아니하고 후손들이 불편을 겪지 않도록 노선을 획정해야 하겠습니다.",
  "num_agree": 286,
  "petition_idx": "590312",
  "title": "장항선 철도개량사업 구간 중 홍성군 신성역과 보령시 주포역 구간은 직선으로 노선을 획정해야 합니다."
}