{
  "category": "기타",
  "begin": "2020-07-03",
  "content": "수도권 갭투기를 막겠다고 시행한 6.17 전세대출규제로 인하여 지방의 아파트 가격이 난리가 났습니다. 최근 급격한 상승을 한 부산 수영구 ****** , 해운대구 해운대**, 동래구 **아파트 외에도 부산진구 범전동 ********** 아파트가 올해 1월 경에는 4억원 대였는데 최근 몇개월 사이에 8억원까지 올랐습니다. 서울 사람들이 부산 아파트를 갭투기로 싹쓸이한 뒤, 몇채를 몇억원 높은 가격에 서로 맞교환 매매하여 실거래 가격을 올려 놓고, 이후 지방 사람들이 높아진 그 가격으로 아파트를 사기 시작하면 서울 사람들은 사두었던 아파트를 되팔고 먹튀하는 일이 반복되고 있습니다. 문재인 대통령님, 김현미 장관님, 처음 듣는 내용인가요? 매매가격이 오르면서 전세금도 몇달 사이에 1억원 이상 올라 전세 만기가 되면 세입자들 대부분이 쫓겨날 판입니다. 갭투자? 이건 투자가 아니라 투기입니다. 아니 성실하게 일해 모은 돈으로 집을 장만하려는 착실한 사람들의 꿈을 짖밟고 의욕을 완전히 꺽어버리는 잔인한 경제범죄입니다. 주가조작은 강력한 처벌을 하면서 부동산가격조작은 왜 처벌하지 않는 것인지요? 때문에 기업들 뿐만 아니라 심지어 20대, 30대들까지도 갭투기 열풍에 휩쓸리고 있는 실정입니다. 주변에는 정작 본인들은 월세로 살면서 1억원으로 갭투기를 하여 3억, 4억하는 아파트 2~3채를 가지고 있는데 이게 정상적이라고 보십니까! 지금 일어나는 현상이 수도권만을 규제한 6.17 전세대출규제로 인한 투기자금의 지방으로 이전, 즉 풍선효과라는 것은 당연히 아실 것입니다. 아시면서 왜 막지를 않는지요? 수도권 투기자금이 지방 갭투기로 이어지지 않도록 6.17 전세대출규제를 전국으로 확대하여 주시기를 간절히 청원드립니다. 아니 수도권처럼 부동산가격이 엉망진창이 되지 않도록 아예 수도권 부동산 자금들이 지방에 유입되는 것을 원천 봉쇄하여 주실 것을 청원드립니다. [본 게시물의 일부 내용이 국민 청원 요건에 위배되어 관리자에 의해 수정되었습니다]",
  "num_agree": 326,
  "petition_idx": "590326",
  "title": "6.17 전세대출규제를 전국으로 확대 적용하여 주십시오."
}