{
  "category": "기타",
  "begin": "2020-07-06",
  "content": "저는 집배원 우정 7급 (2020.7.1) 승진한 우정직 공무원 입니다. 10급폐지 이전 임용되어 9급승진시 1호봉삭감, 8급승진시1호봉삭감 (총2호봉삭감), 7급승진시1호봉삭감 (총3호봉)삭감되었습니다. 10급 폐지 이후 임용되는 우정9급공무원들은 8급승진시 1호봉삭감, 7급승진시1호봉삭감(총2호봉 삭감) 됩니다. 같은 8급이면서 10급 폐지(이전.이후) 우정공무원(2호봉삭감된우정8급공무원과. 1호봉삭감된 우정8급공무원) 간의 호봉이 불평등 합니다. 10급이 폐지 되면서 9급 승진호봉(삭감호봉 1호봉)한 시행령을 개정.개선해 주시길 바랍니다. 10급 폐지 9급을 1호봉삭감한 호봉을 돌려 주세요.",
  "num_agree": 332,
  "petition_idx": "590392",
  "title": "호봉불평등"
}