{
  "category": "안전/환경",
  "begin": "2020-07-03",
  "content": "1. 낙후된 지역의 주민도 대중교통을 통해 출퇴근 전쟁에서 벗어나 가족과 함께 인간 다운 삶을 보장 받아야 합니다. 대부분의 서민은 서울에 직장을 두고 있으며 높은 서울 집값을 감당할 수 없어 상대적으로 저렴한 집을 찾아 수도권에 거주하고 있습니다. 특히 요즘처럼 높은 서울 집값은 일반 서민의 소득으로는 따라 잡을 수가 없는 수준이며, 전세값도 감당이 안되어 있습니다. 점점 직장에서 , 서울에서 주거지는 멀어지고 있습니다. 전쟁같은 출퇴근 시간에 학생과 직장인은 버스를 수 없이 갈아 타거나, 지옥같은 경인전철을 통해 짐짝처럼 실려 나가고 있습니다. 특히 인천 남부권, 부천, 시흥과 광명시는 지하철을 접근하기도 매우 어려운 열악한 교통환경을 지닌 곳으로 유명합니다. 모라자는 잠을 희생하면서 생존을 위해 버티고 있습니다. 그 야말로 먹고 사는 문제요, 생존권과 관련된 간절한 요구입니다. 반드시 낙후된 지역의 시민들도 기본권에 해당하는 교통 편익을 누릴수 있도록 해야 합니다. 시민편의를 위해, 인간적인 삶을 위해서라도 약속하고 계획된 제2경인선과 구로기지창이전을 전제한 신규 지하철의 건립을 요청 드립니다. 2.구로 기지창 이전에 대한 광명시의 반대 입장을 보면 환경 문제를 가장 크게 문제삼는 것으로 보입니다. 백번 양보해 광명시 입장을 수용한다 하더라도 모순된 점이 있습니다 첫째 환경문제를 과학적으로 객관적으로 검증해 문제가 없다는 결론이 나왔다면 무조건 반대하는 것이 잘못된 것이기 때문입니다. 단순한 혐오시설을 회피하는 지역 이기주의요, 반대를 위한 님비현상 입니다. 대한민국 정부에서 정해진 절차에 따라 공정한 검증과 평가가 이뤄졌다면, 그 결과를 그대로 받아 들이고 수용해야지 바른 자세라 생각합니다. 특히 지자체의 장(長)이 이를 자기 정치적 이슈로 옮겨 ,부당하게 정치화 시키고 주민을 분열 시킨다면 매우 부적절한 태도로 보입니다 코로나19로 전국민이 생명에 위협받고 있는데, 세금을 낭비하면서까지 준공무원을 동원하고 특히 ,노약자분들을 중심으로 데모를 지휘한다니 걱정이 앞서며 매우 잘못된 리더쉽이라 지적하지 않을 수 없습니다. 찬성하는 많은 시민의 의견을 무시하고 독단적인 시정을 운영하면서 민주적인 절차를 무시하고 있는 것이기 때문입니다 둘째, 광명시장과 광명지역 국회의원 도의원 시의원들께 묻고 싶은 질문이 아래 같습니다. 광명에는 그토록 혐오스럽고 환경 문제를 야기하는 골치덩어리 기지창이 왜! 서울 한복판에 그것도 30년 이상을 있었어야 했습니까? 지금 있는 기지창을 서울 구로만 갖고 있어야 하는 이유가 무엇입니까? 왜 ! 지금부터 영원히 지속적으로 지니라고 하십니까? 서울과 구로구가 그토록 광명에 잘못한 것이 무엇입니까? 언제까지 지역이기주의만 고집해 주민들을 분열시키실 것입니까? 광명 정치인분들께 부탁드립니다! 지역이기주의가 아닌 진정한 리더십을 발휘해주세요. 국가에서 과학적으로 검증해 환경문제 가 없다면 진실을 수용하시고 왜곡 주장 그만해 주세요! 낙후된 지역 주민들도 교통 편익을 누리며 인간답게 살 수 있도록 도와주십시요.",
  "num_agree": 7465,
  "petition_idx": "590330",
  "title": "구로차량기지 이전으로  인간다운 삶을 보장해 주세요! ( 신속한 지하철 건립 요청드립니다)"
}