{
  "category": "행정",
  "begin": "2020-07-06",
  "content": "층간소음으로 7년째 고통 받고 있습니다. 저는 아이들이 뛰어다니는 것은 괜찮습니다. 현재 15년째 살고 있는 아파트에서, 2013년에 누군가 이사를 왔고, 매일 공사를 하고 있습니다. 이사를 하면 큰 공사는 원래하는 것 인데, 밤 11시에도 기계소음, 망치, 드릴소리 때문에 깊은 잠자리에 들지 못해, 일상에서도, 제 삶에도 큰 불편을 겪었습니다. 승강기 안에서 담배를 태우는 모습을 2번 봤었고. 게시판에 흡연을 하지 말아 달라고, 글을 쓴 적이 있습니다. 이틀 뒤 새벽 1시쯤에 연기 때문에 숨을 쉴 수가 없어서, 취침 중 일어나서 거실에 나오니 화장실에서 무엇을 태우는지 아래층까지 연기가 들어와서 숨쉬기도 힘들고, 잠을 잘 수 없었습니다. 제가 이 얘기를 하는 이유는, 상식이 통할 것 같지 않아서 입니다. 토요일, 일요일, 공휴일, 시간에 상관없이 매일 작업을 하기 때문에, 여러 가지 방법을 강구해 봤고, 경찰에 신고하거나, 이웃사이센터에 신고하는 것은 도움이 될 것 같지 않습니다. 상식이 통할 것 같지 않고, 바로 위층에 사니깐 자주 보면서 불편해 지기 싫고 요즘은 페인트냄새까지 나기 때문에, 머리가 아파서, 게시판에 자세히 글을 적었습니다. 그리고 다음날 아침 7시부터 심한 드릴 소리 때문에, 정말 위층에 올라갈 뻔 했지만, 참았습니다. 분명히 올라가면 감정적으로 흥분할거고, 아파트 게시판에도 층간소음으로 절대 위층에 올라가지 말라고 당부합니다. 고민 끝에 쓴 글이고, 상세정보는 음영처리해서 전문을 올리겠습니다. 아이들이 뛰어다니는 것과, 성인 어른이 집 안에서 공사를 하면서, 야외에서 걷는 걸음으로 움직이는 것은 차원이 다릅니다. 새벽 이른 시간이면 매일 잠에서 깨고, 오늘도 그랬습니다. 출근도 하지 않고, 매일 집 안에서 공사를 합니다. 늦은 시간 초인종을 누르지 않고, 현관문 앞에서 문 열어라 소리를 쳐서, 아파트 전체가 시끄럽습니다. 방에 문을 어떻게 개조를 했는지, 문을 열고 닫을 때 마다 꽝하고 바퀴 굴러가는 소리가 들리는데, 제발 층간소음 처벌을 강화해 주세요. 부탁드립니다. 현재 층간소음을 대처할 수 있는 방안들은, 현실적 도움이 전혀 안 됩니다. 전문ㅡㅡㅡㅡㅡㅡㅡㅡㅡㅡㅡㅡㅡㅡㅡㅡㅡㅡㅡㅡㅡㅡㅡㅡㅡㅡㅡㅡㅡㅡㅡㅡㅡㅡㅡㅡㅡㅡㅡㅡㅡㅡㅡㅡㅡㅡㅡㅡㅡ “아파트 전체에 울리는 기계소음에 대해서”.. 매일 작업을 하시는 것인가요? 아침 이른 시간과 늦은 새벽에 들리는 기계소음 때문에 고민 끝에 몇 글자 적습니다. 6년 정도 전부터 깊은 잠자리에 들지 못해 일상 업무에서 불편을 겪고 있습니다. 편히 휴식을 취하지 못해 집 안에 있는 것이 고통스럽습니다. 밤 12시 30분경 기계소음 때문에 1층에서 계단을 밟고 꼭대기까지 올라갔는데, 1층 승강기 앞에서도 기계소음이 울립니다. 그리고 분명히 13층부터는 소음이 크게 들렸습니다. 소음이 나더라도 절대 위층과 아래층에도 올라가지 말아야 하는 이유가, 소음의 근원지가 위아래 옆에서 인지 알 수가 없습니다. 이웃사이센터에 신고를 하면 전문가가 직접 가정집을 방문하여 소음측정을 하게 되고, 보통 힘든 일이 아닙니다. 방문날짜에 주인이 상주하고 있어야 하고, 해결이 안 되면 민사소송으로 가야 합니다. OOOO아파트는 현재 시공한 지 오래된 아파트이고, 매일같이 들리는 기계소음, 망치, 드릴소리 때문에 건물이 무너질까 걱정입니다. 특히나 취침 중 옆으로 몸을 돌리고 베개에 귀를 붙이면, 아파트 전체에 울려 퍼지는 소리가 작업하실 때 발소리와 무거운 물건을 떨어뜨리는 소리가 너무나 선명하게 들립니다. 아파트에 입주하신 분들 중 10년 이상 거주하셨거나, 보통은 일반 가정집이 대부분인 걸로 알고 있습니다. 공동주택에 거주하시면서 집안에서 매일 시끄러운 일을 하시는 것은 지양해 주시길 부탁드립니다. 무슨 작업을 하시는지 알 수 없지만, 이웃에 대한 배려를 정중히 부탁드립니다. 아이들이 뛰어다니는 것은 이해할 수 있고, 리모델링 공사도 공사기간을 공지하기 때문에 괜찮습니다. 하지만 개인주택이나 야외에서 해야 하는 작업을 아파트 같은 공동주택 안에서 하시는 것은 입주민 전체에게 피해를 주게 됩니다. 층간소음이 사회적 문제가 되는 지금 이 시국에 이웃에 대한 배려를 간곡히 부탁드립니다. 많은 고민 끝에 어렵게 말씀드리는 것도 양해를 부탁드립니다. ㅡ 아파트 입주민 ㅡ",
  "num_agree": 281,
  "petition_idx": "590356",
  "title": "층간소음 7년 피해자 입니다. 층간소음 처벌을 강화해 주세요."
}