{
  "category": "인권/성평등",
  "begin": "2020-07-06",
  "content": "촉법소년제도를 폐치해주세요 요즘 촉법소년들의 범죄가 나날이 늘어나고 있습니다. 특히. 촉법소년들의 자동차운전자를 대상으로하는 일명 민식이법놀이 라고하여 어린이보호구역에 진입한 자동차를 대상으로 그자동차 뒤를 쫒아가는 이상행동 등을 하고있습니다. 심지어. 10살정도로 보이는 어린이가 친구랑 대화하는것을 우연히 듣게되었는데 \"자동차가 알아서 피해갈거야. 우리를 어떻게 할 수없어\" 라는 말을 하는것을 직접 듣기 까지 하였습니다. 이는 저학년 초등학생조차 민식이법을 악용하는 사례라고 보입니다. 그리고 어린이들 자전거타고 서슴없이 역주행도하고 갑자기 튀어나와 사고를 내기까지합니다. 촉법소년의 사고를 악용하여 그의 부모들이 고액의 보험금을 타내는 사례가 매우 빈번합니다 엄연히 가해자가 되어야 할 어린인데. 촉법소년이라는 이유로 억울하게 성인이 전부 덤탱이 씁니다 또한 고학년인 촉법소년들은 더더욱 이 법을 악용하여 온갖 못된 범죄를 저지르고 다닙니다. 부디 촉법소년제도를 폐지시켜 대한민국 헌법에 위헌이 되지않게 누구나 법앞에 평등할 수 있도록 해주십시요 대한민국 헌법 제11조 ①모든 국민은 법 앞에 평등하다. 누구든지 성별·종교 또는 사회적 신분에 의하여 정치적·경제적·사회적·문화적 생활의 모든 영역에 있어서 차별을 받지 아니한다. ②사회적 특수계급의 제도는 인정되지 아니하며, 어떠한 형태로도 이를 창설할 수 없다. 촉법소년제도는 위헌이라 생각합니다. 1. 촉법소년도 대한민국 국민입니다. 촉법소년을 사회적신분에 의해 보호할 의무는 없다고 봅니다. 2. 촉법소년을 사회적특수계급으로 볼 수는 없습니다. 따라서 촉법소년제도를 폐지하여 누구나 법앞에 평등하게 하여 촉법소년제도를 폐지하여 대한민국에서 출생신고가 되는순간부터 범죄소년으로 적용하도록 해야합니다.",
  "num_agree": 1406,
  "petition_idx": "590355",
  "title": "촉법소년제도 폐지 해주세요"
}