{
  "category": "교통/건축/국토",
  "begin": "2020-07-06",
  "content": "정말 간절히 원합니다. 원분양자에게는 기존 주담대를 적용해 준다고 들었습니다. 6.17 대책 이전에 분양권을 매수한 사람에게도 기존 주담대 적용 부탁드립니다. 마른하늘에 날벼락으로 대책발표 이전에 분양권 매수를 한 사람들은 이렇게 될 지 전혀 모르고 기존의 주담대 비율만 믿고 계약을 하였고, 이제 계약을 파기할 수도, 분양권을 다시 팔 수도 없고 심지어 대출을 못받아 사지도 못하고, 지금 살고 있던 집에서 나가게 되어 길거리에 앉게 될 국민을 생각해 주십시오. 저는 인천 송도에 살고 있는 이제 곧 태어날 태아 한명이 있는 신혼부부의 가장입니다. 송도에 전세로 살다가 이제 집을 마련하기 위해 6.1에는 비규제 지역이였던 송도가 주담대 70%였고, 저희는 비규제 지역에 해당하는 룰에 맞춰 법에 합당한 선에서 모든 방법을 동원하여 분양권을 매수하였는데, 갑자기 정부의 정책으로 인해 다시 팔 수도 없고, 대출도 못 받게 되어 살수도 없어 이제 곧 태어날 아기와 길거리에 앉게 생겼습니다. 새로 살 집에 들어갈 입주 날짜에 맞춰 살고 있던 전세도 정리하고, 모든 계약이 완료 되었습니다. 근데, 갑작스럽게 6.17 대책이 발표되면서...주담대가 분양권 매수자에게는 40%밖에 적용이 안된다고 하여 길거리에 나앉게 생겼습니다. 저희는 분양권 매수 관련 매매계약과 구청에 거래신고까지 완료하여 계약을 취소할 수도 없는 상황이고, 정해진 명의변경 및 잔금대출 기간이 있어서 6.17 대책 발표 후 적용 전에 대출을 받을 수도 없었습니다. 신혼부부이자 이제 곧 태어날 한명의 아이를 책임지는 가장으로써 가정이 정부의 정책으로 인해 풍비박산나고, 길거리에 앉게 생겼습니다. 제발 부탁드립니다. 원분양자 외에 6.17 대책 이전에 분양권을 매수하고, 구청에 거래신고까지 완료한 분양권 매수자에게 기존의 룰을 적용하여 주세요. 정부에서 국민을 지켜주셔야지 국민을 망하게 하지 말아주세요. 부탁드립니다.",
  "num_agree": 281,
  "petition_idx": "590370",
  "title": "6.17대책 이전에 분양권매수자도 기존의 주담대 기준 적용부탁드립니다."
}