{
  "category": "육아/교육",
  "begin": "2020-07-03",
  "content": "저는 한림예고와 서울공연예술고등학교 입시를 준비중인 지방에 사는 중3 학생입니다. 어제 한림예고 홈페이지에 2021년도 신입생을 모집하지 않는다는 공지가 떴고, 오늘 서울시 교육청은 서공예의 특목고 지정을 취소한다고 발표하였습니다. 그렇게 되면 모집 단위가 전국단위에서 서울권 한정으로 바뀌게 됩니다. 오로지 이 두학교만을 목표로 오랜기간 준비해온 저로서는 처음 이 소식을 접하였을때 꿈이길 바랐습니다. 날벼락이 아닐 수 없습니다. 매일 학원에 일찍가서 연습을 하고 수업을 마친뒤에도 늦은 시간까지 남아 연습을 하였습니다. 때로는 새벽연습을 하며 학원에서 밤을 지새운 날도 있었습니다. 처음에는 많이 부족하였지만 점점 성장해가는 저의 모습을 보며 너무나도 뿌듯했습니다. 대중문화예술분야에서 제일 인정받고있는 이 두 학교중 한 곳에 입학하여 더 많은 것을 배우고 성장해갈 제 모습을 꿈꿔왔습니다. 그렇게 열심히 준비해온 저에게는 이제 기회조차 없습니다. 학교의 특별한 사정이나 서울시 교육청의 입장도 이해가 가지만, 왜 그 피해를 학생들이 고스란히 받아야하는지 이해가 되지 않습니다. 입시가 겨우 4개월 남짓 남은 시점에 이렇게 일방적으로 기회를 박탈당하는 것은 너무나 부당하다고 생각합니다. 저와 같은 꿈을 꾸고 열심히 준비해온 전국에 있는 수많은 입시 준비생들이 모두 같은 마음일거라고 생각합니다. 저희에게도 기회를 주세요. 여러분들의 도움이 필요합니다.",
  "num_agree": 719,
  "petition_idx": "590324",
  "title": "한림예고와 서울공연예술고등학교 입시준비중인 중3 학생을 도와주세요."
}