{
  "category": "안전/환경",
  "begin": "2020-07-06",
  "content": "안녕하세요. 저는 2017년 10월 18일 회사 출장 중 기계 도비 작업을 하다 쇳덩어리가 얼굴로 날아와 하악골 골절(우측 우각부(턱)) 사고를 당하였습니다. 10월 20일에 병원에 입원, 24일에 수술을 했는데 우각부 부위에 신경마비가 왔습니다. 또, 추가 검진 결과 우측 광대뼈에도 금이 가있는 걸 확인했습니다. 26일에 퇴원을 했습니다. 치아에 미니 스크루를 고정시켜서 22일 동안 음식을 씹지 못하고 미음과 죽을 먹어야 했습니다. 수술 후 왼쪽 치아가 잘 다물어지지 않고 오른쪽으로 턱을 돌려야 물려 11월 21일 다시 병원에 내원하였습니다. 2018년 1월 16일에는 고정해 놓은 금속판 스크루가 일부 탈락하여 2018년 5월 8일 국소마취하에 금속관 스크루 제거술을 시행하였습니다. 지금까지도 신경마비로 차가운 것과 뜨거운 것에 대한 불편함을 안고 있는 상태입니다. 산재팀과 수시로 연락을 취하며 2018년 7월 31일경 장애급여청구를 신청하였습니다. 치료의 효과를 더 이상 기대할 수 없었기에 장애급여를 신청하였는데 증상미고정상태(부정교합은 재수술로 개선될 수 있다, 감각이상에 대해서는 치료 종결 후 재판정을 요한다.)로 불승인 되었습니다. 이후로도 꾸준히 담당자와 연락을 취했습니다. 서류를 추가로 준비하는 과정에서 재검진을 요청하였기 때문에 대형병원을 연계하여 2018년 9월 21일 재검진을 하였습니다. 재검 결과 부정교합은 재수술로 개선될 수 있다고 하지만, 그 수술 방법은 간단히 말해 양악수술입니다. 양악수술이 쉬운 수술도 아니고, 의료진도 수술이 성공적이리라는 100%의 확신을 주지 않으니, 일반인으로서는 양악수술 받기를 선뜻 결정하기 어렵습니다. 2018년 10월 4일, 부정교합으로 인해 우측 아래 어금니가 파절이 되어 발치했습니다. 그 후로 부정교합이 호전되는 것 같아 장애급여청구를 다시 신청하는 중에, 발령으로 산재팀 담당자가 바뀐다는 소식을 들었습니다. 그러면 다시 원점으로 돌아갑니다. 다시 처음부터 시작하려면 얼마나 힘들지 안 봐도 앞이 캄캄합니다. 2018년도 지나고 2019년, 해가 바뀌었습니다. 재청구를 신청했지만 2019년 8월 14일 또 불승인이 떨어졌습니다. 계속 치료를 요하는 상황입니다. 수술 결과를 100% 보장하지 못하는 상황에도 무조건 수술을 요하는 산재심사팀도 원망스럽습니다. 수술이 무섭고 겁나는데, 또 수술하면 회복되는 과정에서 얼마나 걸릴지 모르는 시간 동안 죽만 먹으며 살아야 한다고 하는데... 서류를 준비하여 또 장애청구신청을 하였습니다. 준비하는 과정에서 담당자와 수시로 연락을 취하였습니다. 또 해가 바뀌어서 2020년, 수개월을 기다리고 기다리다 2020년 4월 22일에 심사위원회가 열렸습니다. 결과는 또 불승인이었습니다. 결국 무섭지만 수술로 결정을 내렸습니다. 재검진한 대형병원에 가서 수술에 필요한 검사를 마치고 산재 승인만을 기다리다 청천벽력과 같은 소식을 들었습니다. 병원에서는 수술비가 약 1,000만원에서 1,500만원 정도 나온다고 합니다. 산재팀에서 자가 부담이 있을 거라고 해서 어느 정도일까 물어보니 잘 모른다고 합니다. 1,000만원도 나올 수 있겠냐는 물음에 그럴 수 있다고 합니다. 치과 쪽은 비급여가 많다고, 담당자는 치과보험 들어놨으면 치과보험을 청구해서 수술하라고 합니다. 또 이런 사례가 처음이라고 답변도 잘 못해주는 상황이라고 합니다. 이게 말이 됩니까? 수술 못 받겠다고 할 때는 수술하라고 하고, 수술한다고 하니 수술 비용은 개인 부담이라고 합니다. 말도 안 되는 상황이 아닌가요? 부서별로 진행 상황을 몰라 근로자들은 답답할 뿐입니다. 어떻게 이럴 수가 있나요. 산업재해는 다 나을 수 있게 해 주는 공단이라 들었는데 이럴 거면 산재보험을 뭐 하러 듭니까? 개인 보험으로 청구해서 치료하면 아무 소용 없는 산재보험. 근로자들은 재해를 입어 힘들고, 형편도 넉넉하지 않습니다. 수술 받고 치료하는 중에는 평소와 같이 일할 수 없기 때문에 생활이 더욱 힘들어진다는 것을 알아주셨으면 합니다. 안일한 일처리로 고통받는 근로자들이 없길 바라며 2년 8개월 동안 힘들게 지내 온 날들이 헛되지 않았으면 합니다. 현실적인 답변을 바랍니다. 감사합니다.",
  "num_agree": 191,
  "petition_idx": "590388",
  "title": "산업재해로(하악골 우측 턱 골절) 산재보험을 청구, 수술하고 치료하던 중 부정교합이 왔어요. 부정교합수술비 중 자가 비용이 1000만 원 넘게 나올 수 있다고 합니다."
}