{
  "category": "교통/건축/국토",
  "begin": "2020-07-06",
  "content": "저는 진해에있는 주식회사 *** 직원입니다. 지금 저희회사는 *******(주)로부터 토지개발이라는 이유로 강제수용 당하게 되었으며 **의 턱없이 부족한 보상으로 인하여 회사를 이전 할 수도 없게 되었으며, 회사가 없어지게 되었으며 직원은 다니던 직장을 잃게되었고 직원과 가족 100여명이 생계의 위협을 받고있습니다. 너무부당하고 억울합니다. 회사가 이전은 할 수 있도록 보상을 해 주어야 하지 않습니까. 실업자를 줄이지는 못할망정 늘어나게 하지는 않아야되지 않습니까? [본 게시물의 일부 내용이 국민 청원 요건에 위배되어 관리자에 의해 수정되었습니다]",
  "num_agree": 178,
  "petition_idx": "590373",
  "title": "토지개발에 대한  부당함"
}