{
  "category": "교통/건축/국토",
  "begin": "2020-07-03",
  "content": "금융위는 6.17 잔금대출 규제는 일관되게 적용해 오고 있다고 주장하고있습니다. 또한 종전에 대한 계약건에 대해서는 소급적용이 아니다 라는 입장이구요. 이에 대한 답변을 주셨으면 합니다. 저는 법.행정법 이런거 자세히 모릅니다. 다만 사회통념상 금융위에서 하고 있는 행정은 명백한 소급적용이라는 겁니다. 한가지 예를 들어) 물건을 12개월 할부로 카드 결제하기로 하고 구입하였습니다. 그런데 카드사에서 수익면에서 맞지않는다며 수수료를 인상하겠다고 합니다. 하여 물건구입처에서는 수수료가 인상돼서 손해가 날것 같으니 카드 할부를 취소하고 일시불로 전환하겠다고 합니다. 그러니 카드대금을 일시불로 결제하라고 합니다. 이것은 소급적용입니까 ..아닙니까? 이것은 계약위반입니까..아닙니까? 분양아파트도 마찬가지 경우입니다. 한두달만에 아파트가 지어지는것도 아니며 시공.입주하는 기간까지 고려하여 자금계획하고 계약을 하였는데 법이 바꼈으니 계약조건을 변경하겠다고 합니다. 예전에도 이렇게 새로운 규정을 적용했으니 이번에도 일관되게 적용하는거라고 따르라고 합니다. 금융위에서 소급적용으로 일관되게 시행하고 있는거지 소급적용이 아니다라고 말할수는 없는거지요. 금융위에서는 국민들에게 보도자료 하나 던져주고 이에 따르는 문의에 대한 답변이 없어 몇가지 찾아보았습니다. 아래내용에 의거하여 소급적용 아니라 단언할수 있는지 의문이 들더군요. *소급적용 - 어떤 법률. 규칙 따위가 시행되기 전에 일어난 일에까지 거슬러서 미치도록 적용하는 일. *헌법13조2항 - 제13조 ①모든 국민은 행위시의 법률에 의하여 범죄를 구성하지 아니하는 행위로 소추되지 아니하며, 동일한 범죄에 대하여 거듭 처벌받지 아니한다. ②모든 국민은 소급입법에 의하여 참정권의 제한을 받거나 재산권을 박탈당하지 아니한다. ③모든 국민은 자기의 행위가 아닌 친족의 행위로 인하여 불이익한 처우를 받지 아니한다. *사회통념 - 사회 일반에 널리 퍼져있는 공통된 사고방식 *제5장 법률행위 제103조 (반사회질서의 법률행위) 선량한 풍속 기타사회질서에 위반한 사항을 내용으로 하는 법률행위는 무효로 한다. 제104조(불공정한 법률행위) 당사자의 궁박,경솔 또는 무경험으로 인하여 현저하게 공정을 잃은 법률행위는 무효로 한다. *신의성실의 법칙 계약관계에 있는 당사자들이 권리를 행사하거나 의무를 이행할때 상대방의 정당한 이익을 배려해야 하고 신뢰를 저버리지 않도록 행동해야 한다는 원칙. 민법(2조)은 '권리의 행사와 의무의 이행은 신의 좇아 성실히 해야 한다' (1항) '권리는 남용하지 못한다'(2항)고 규정하고 있다. 금융위에서 은행관련법에 의거하여 일관성있게 시행하고 있다는 대출규제는 위 법률에 의거하여 소급적용입니까? 아닙니까? 사회통념상 분양아파트는 계약금.중도금.잔금대출을 따로따로 보지않고 하나의 진행과정이라고 생각하는데 이는 묵살되어야 하는 상황인겁니까? 위 내용을 기준으로 판단할 경우 소급적용임에도 금융위는 잘못된 관행을 고치지않고 왜 소급적용을 일관되게 시행하고 있는겁니까? 이전자료에도 없는 행정지도 갖다붙이면서 왜 국민들로 하여금 재산상 손해를 보게 하는건지요? 국민들에 목소리에 귀를 귀울여주시길 바랍니다. 과연 당신들이 하는 있는 일들이 진정 소급적용이 아니라고 단언할수 있는지 묻습니다.",
  "num_agree": 430,
  "petition_idx": "590315",
  "title": "소급적용이라는 기준은 사람마다 다른가요?"
}