{
  "category": "보건복지",
  "begin": "2020-07-03",
  "content": "약국을 운영 중인 약사입니다. 국회 예산결산특별위원회 3차 추경안 심사과정에서 홍남기 경제부총리가 한 발언에 대해 사과를 요청합니다. 또한, 청와대 역시 홍 부총리와 같은 의견인지 묻고자 합니다. 아래는 해당 기사입니다. https://www.kpanews.co.kr/article/show.asp?idx=214377&category=C 기사에서 홍 부총리의 발언 중 일부를 발췌하였습니다. 홍 부총리는 “약국이 아니고 만약 편의점에서 팔았다면 편의점 주인한테 마스크를 제공해야 하는지 그 필요성에 대해 다르게 생각이 든다”며 “(약국과 종사자에 대한) 지급대상이 필수지급대상이라고 생각지 않아서 의아하다”고 답했다. 이어 “기본적으로 환자를 직접 다루는 의료인이라든가 정말 어려운 계층에 대해서는 하루 100만명 이상에게도 정부가 무상으로 제공했다”며 “약국 주인한테 제공하는 것 까지는 저는 생각 못했다”고 밝혔다. 아래부터 청원 내용입니다. 홍 부총리의 발언 중 단어 하나만 바꿔 보겠습니다. \"약국이 아니고 만약 '주민센터'에서 공적마스크를 공급했다면 '주민센터 공무원'한테 마스크를 제공해야 하는지 의아하다\" 만약 주민센터에서 공적마스크를 공급하면서, 주민센터 공무원들에게 마스크 한장 제공하지 않았다면 그것은 정당했을까요? 대다수의 국민들이 약국에서 마스크를 구입하도록 제도를 만들어 놓고 정부는 약사와 약국에 어떤 방역, 위생에 대한 지원(마스크 한장 조차)도 하지 않았습니다. 확진자가 방문한 약국은 2주간 문을 닫기도 하고 근무했던 약사와 직원들은 자가격리에 들어가기도 했습니다. 약사들은 자체적으로 투명 가림막을 설치하고, 약국을 소독하며 지역주민들이 마스크를 구하기 위해 방문하는 약국이 집단감염의 발원지가 되지 않기 위해 최선을 다했습니다. 그런 노력들로 인해 많은 지역주민들이 약국을 매주 방문하였음에도 약국에서는 다수의 확진자가 발생하지 않았다고 생각합니다. 공적마스크 제도는 코로나 위기 사태에서 국민 건강과 감염병 확산 방지를 위해 도입한 제도입니다. 일반적인 소매품이 아닌, 코로나 확산 예방을 위해 전국민이 필요로 하는 보건용품입니다. 약사들은 매주 바뀌는 지침(주당 2장, 3장, 10장, 대리구매 불가, 미성년자 대리구매 확대 등)을 한장의 공문도 없이 뉴스를 통해서 숙지하며 공적마스크를 공급해왔습니다. 시행 초기의 혼선, 일부 주민들의 폭언과 항의 등을 겪으면서도 묵묵히 역할에 충실한 소규모 1인 약국도 많았습니다. 홍 부총리의 발언처럼 '약국 주인', 소매업 점주라서 이렇게 노력해 온 것이 아닙니다. 보건의료인, 대한민국의 약사로서 감염병 예방을 위해 '공적'인 역할을 수행한 것입니다. 홍 부총리는 단 한 주라도, 국민들처럼 약국에서 공적마스크를 구입해 본 적이 있습니까? 지금도 '약국 주인에게 마스크를 제공하는 일'이 의아하십니까? 그 부당한 발언 때문에 지금껏 마스크 공급을 위해 노력한 많은 약사들이 분노와 허탈감을 느끼고 있습니다. 정식으로 그 발언에 대해 사과하시기 바랍니다. 4달 간의 공적마스크 공급은 이제 마무리 단계입니다. 매주 약국에 방문하여 마스크를 구해 가시는 주민들께서는 감사와 격려를 아끼지 않으셨고 저 역시 그 분들께 힘든 시기를 잘 극복해 나가자고 말씀드리곤 합니다. 긴 청원글을 읽어 주셔서 감사합니다.",
  "num_agree": 6574,
  "petition_idx": "590334",
  "title": "'약국주인에게 마스크를 제공하는 것'이 의아하다는 홍 부총리의 발언에 대해 사과를 요청합니다."
}