{
  "category": "인권/성평등",
  "begin": "2020-07-03",
  "content": "저는 전 남자친구에게 데이트폭행을 4차례 당한 피해자입니다 사랑해서 때렸다라는그런 뻔한 변명에도 받아준 제가 어리석었던 것을 인정합니다. 하지만 더 이상 그의 행동과 말에 휘둘리기 싫어 찍어두었던 폭행 사진들과 협박성 문자 등을 증거로 토대로 고소를 진행하였습니다. 1년가량 교제를 이어나가면서 차마 입에 담을수없는 모욕적인 언행들과 욕설 폭언을 들어왔으며 폭행당시에도 말도안되는 피해망상으로 인해서 사실이 아닌일로 억울하게 맞은 상황임을 알려드립니다. 그사람은 폭행을 했을당시에 \"억울하면 고소해보던가 아무것도모르는게\"라는 말을 하고 \"맞을짓을 안하면 때리지않는다\"라는둥 자신의 범죄 사실에 전혀 반성하는 태도를 보이지 않았습니다. 고소를 진행한 이후에도 고소 취하를 안해주면 자살하겠다며 유서를 수십번 저에게 보냈으며 자신이 자살한이유는 다 저때문이라는둥 자신의어머니가 변호사라고 1년교제하는당시에도, 그리고 고소를 한이후에도 \"우리엄마 무슨일하는지알지 ? 유명한 로펌회사 팀장이다 \" \"우리 엄마가 니 때문에 매우 화가났다\" \"너도 너 죗값을 받아야지\" \"합의는없다 갑질하지마라 \" \"걸레는 빨아도 걸레다\" \"꽃뱀짓 그만해라\" 라고 말하였으며 그리고 계속해서 협박을 일삼았고 또 지속적인 연락으로 욕설을 보내왔으며 자신의 sns (페이스북,인스타그램) 에 저의 이름을 기재해서 허위로 비방하는글을 올리는둥 제 3자에게 저의 명예를 실추시켰으며 이것을 토대로 협박죄와 허위사실적시 명예훼손죄를 추가로 고소진행을 하였습니다 .이렇게 현재까지도 반성하는 태도를 전혀 보이지않고있습니다 . 4번째 폭행당시에 저의 목을 2차례 조르며 \"니 죽이고 감방에 갈것이다\" 라고 말했으며 저는 그때 생명의 위협을 느꼈습니다. 내가 이렇게 죽는구나 싶었고 그 상황이 너무나도 두렵고 무서웠습니다 . 그리고 양팔을 폭행당하여 전혀 움직일수없는 상황이었고 저는 손을 쓰는 직업을 가졌는데 피멍이 들어서 한동안 일을 하지못하였습니다 그리고 고소 이후에 형사 조정이 이루어졌는데 거기서 수사관님이 \"좋았던 추억으로 남길려면 합의해주는게 좋을것이다\" 라는말을 들었습니다 좋았던 추억이라니요 .. 정말 저는 이일로 인해서 저희가족은 물론이고 제 자신또한 다 망가졌습니다 .. 하지만 피의자는 저로 인해서 자신의가족들이 인생이 망했다고 평생 죄책감을 가지고 살아라고 말하였습니다. 저는 이사건으로 인해서 10개월 이상 잠을 제대로 이루지못하는 불면증에 시달리고있으며 현재까지도 수면제없이는 쉽게 잠에 이루지못하고 수면제를 복용하고 잠에 들어도 중간에 계속 잠에서 깨고 꿈에서 비슷한상황이 자꾸만보이는둥 일반사람이라면 누구나 누릴수있는 잠자는 권리를 잃고 산지 오래입니다. 그로인해서 일상생활이 불가능한 상태이며 매일 두통에 시달리고 길가다가 그사람과 비슷한 체형 비슷한 모습의 한사람만 봐도 극도로 불안해하고있으며 현재 정신과 치료와 상담치료를 받고있는 상황입니다 정신과에서 외상후 스트레스 장애, 불안장애, 수면장애,우울증 처방을 받았으며 그로인해서 제가 지금 하고있는 일들도 집중할수없는 상황입니다. 하지만 어짜피 벌금형이랍니다 그 사람은 군대에서 고양이를 삽으로 때려 죽였다고 자랑스럽게 저에게 말하는 사람이었고 그만큼 폭력적인 사람인데 벌금내고 끝이랍니다. 제가 당사자가 되어보니 와닿았습니다. 우리나라 법이 아직까지 피의자 유리하게 되어있다는것을 느꼈습니다. 법이 강력해질 필요가있습니다. 그리고 이 사건이후에 저는 제가 생각한거보다 데이트폭행을 당한 피해자분들이 많다라는것을 들었습니다. 그 피해자들은 어짜피 벌금형인 이 사건을 굳이 공론화 시키지 않았다고 말하는 피해자분도 계셨습니다. 아직까지는 우리나라 법의 처벌이 미약하여 자꾸만 이런 사건들이 일어남에도 불구하고 피해자들의 피해는 더욱더 커져가고있습니다. 저는 대한민국 국민으로써 그리고 이 사건의 피해자로써 이렇게 데이트 폭행을 당한 피해자들을 위해서라도 법이 더 강력하게 바뀌어야할 필요가 있다고 느낍니다. 그리고 아직까지도 데이트폭행을 연인간의 사랑싸움이라고 치부하는 대한민국 의식개선이 필요하다고 느낍니다",
  "num_agree": 1286,
  "petition_idx": "590333",
  "title": "데이트 폭행 처벌 강화 해주세요"
}