{
  "category": "교통/건축/국토",
  "begin": "2020-07-03",
  "content": "작년 저희는 ****으로부터 임대아파트 분양을 계약하고 계약금을 지불했습니다. 이후 **** 임대 분양이 성사되지 않았습니다. 그렇다면 ****은 저희에게 계약금을 마땅히 돌려줘야 합니다. 그러나 ****은 계속해서 일자를 미루면서 계약금을 돌려주지 않고 있습니다. 그리고 임대 분영 계약금도 돌려주지 않으면서 일반분양을 지금 시도하고 있다고 합니다. 저희는 ****에 묻습니다. 과연 당신들이 짓는 그 아파트가 정직한 아파트입니까? 임대분양자들의 계약금을 날도둑처럼 떼어 먹고는 일반분양을 하는 것이 말이 됩니까? 많은 시민 여러분 저희 피해자들의 목소리를 꼭 들어주십쇼. 그리고 ****의 비도덕적행위와 사기행각을 꼭 알아주십쇼. 저희는 아파트를 계약하는 날 기뻤습니다. 그러나 지금은 분양사무소 앞에서 저희의 돈을 달라고 요구하고 있습니다. 저희 돈인데 왜 달라고 하는지도 의문입니다. 계약이 성사되지 않으면 즉시 돌려줘야 하는데, 그 돈이 지금 어디에 있는지도 모르겠습니다. ****의 행각을 널리널리 알려주십쇼 제발 부탁드립니다. [본 게시물의 일부 내용이 국민 청원 요건에 위배되어 관리자에 의해 수정되었습니다]",
  "num_agree": 598,
  "petition_idx": "590350",
  "title": "**** 임대분양금 날도둑"
}