{
  "category": "교통/건축/국토",
  "begin": "2020-07-06",
  "content": "수도권 주민의 출퇴근 교통지옥과 출퇴근 시간의 획기적 단축으로 2000만명이 넘는 시민의 편의를 제공하고 지옥철의 고통을 해소하고자 GTX A/B/C 사업이 진행되고 있습니다. 이 국가적 사업에 일부 지역의 이기심으로 GTX가 또다른 지하철과 같은 노선으로 전락할 위기에 처해 있습니다. GTX A노선 광화문?이 그것이요 GTX C노선 왕십리? 인덕원?이 그 다표적 사례입니다 대다수 2000만 시민에게 통행시간을 획기적으로 줄여주는게 GTX의 핵심인데 당초 정부가 계획한 노선 중간에 우후죽순 정차역을 요구함으로써 지하철 10호선 11호선 12호선이 될 우려를 하지 않을 수 없습니다. 만약 노선 사이사이에 하나라도 예외를 인정해준다면 또다른 지역이기주의가 계속해서 발생할 것임은 추호도 의심할 여지가 없습니다. 부디 GTX사업의 본 목적을 충실히 달성하고 2000만 시민 대다수의 염원을 져버리지 않기를 바랍니다. 또한 정부도 원칙을 가지고 원안을 통해 끝까지 신속하게 완료하여 2000만 시민의 숙원을 풀어주시기 바랍니다. - 감사합니다 -",
  "num_agree": 2890,
  "petition_idx": "590375",
  "title": "정부는 GTX 전노선을 원안으로 신속히 진행해 주세요"
}