{
  "category": "성장동력",
  "begin": "2020-07-06",
  "content": "안녕하세요? 저는 양계장의 아들로 태어나 부모님이 계란팔아 공부도 시켜주시고 유학까지 다녀온 국민입니다. 유학후 전공을 살려일을 하다가 아버지가 뇌출혈이 오셔서 쓰러지시는바람에 제가 농장경영을 맡게 되었습니다. 그렇게 양계장에 들어와서 일을 하다보니 농장만 경영해서는 사료값도 못주는 현실에 봉착하게 되었고 결단을 내려야했습니다. 그래서 농림부에서 지원사업으로 내려주는 \"계란유통센터지원사업\" (계란의 위생을 강화하기위해 식용으로 판매되는 모든계란을 유통센터를 거쳐서 판매하게 하는 법을 시행하기위한 지원사업)에 선정되어 총 50억원가량의 지원사업을 시행하고 있습니다. 최초에 자금계획을 세울때 농가는 신용도 좋지않고 담보력도 부족하기때문에 자부담금을 충당하기위하여 신용보증기금과 중진공으로부터 총 45억원의 보증서와 정책자금통지서를 발급받았으나 그걸 정상적으로 시행해주는 은행은 없었습니다. 이유는 담보력과 신용도가 낮다는 이유로 거절되는 것이었습니다. 제가 신용도가 낮은 이유는 계란의 가격결정이 유통상에 의해 일방적으로 결정되는 기형적 유통구조를 가지다보니 사료값을 낼 수 없을 정도로 사업이 어려워 사료값을 충당하기 위해 부채가 늘어날 수 밖에 없었고 농업회사의 현실상 담보가 지방에 소재하다보니 담보인정을 서울에 비해서 현저하게 낮게 책정하는 것이 일반적이기때문입니다. 참고로 저는 대한민국의 농업기술을 발전시킬 수 있는 기술력을 보유하고 있고 그 기술은 미국에 한 스타트업이 빌게이츠등으로부터 2500억원을 투자받았을정도로 유망한 농업혁명기술입니다. 이러한 기술력의 우수성을 인정받아 농림부장관표창도 받았고 농업회사로는 최초로 주식형크라우드펀드도 성공한 기업이 되었습니다. 하지만 금융권에서는 이를 외면하고 있는 것이 농업의 현실이며 저는 농업 경영인으로서 제가 할 수 있는 것을 다 했습니다. 이제 중진공에서 배정해주신 자금만 집행하면 준공해서 최소 1조원의 부가가치, 일자리창출, 우수농산물 수출로 국가경쟁력을 상승시킬수 있는 기반이 마련될텐데 그 산을 넘지못해 공사가 중단되어있는 상황입니다. 부디 농업도 어디가서 무시당하지 않고 당당하게 사업할 수 있는 시스템이 마련되면 좋겠습니다. 감사합니다. **양계 대표 황**드림 [본 게시물의 일부 내용이 국민 청원 요건에 위배되어 관리자에 의해 수정되었습니다]",
  "num_agree": 304,
  "petition_idx": "590391",
  "title": "대한민국에서 농업해서 죄송합니다!"
}