{
  "category": "육아/교육",
  "begin": "2020-07-06",
  "content": "대통령님! 문화 예술은 대한민국의 미래 동력입니다 서울공연예술고를 살려주세요 서울공연예술고등학교는 수많은 아이돌 스타를 배출하여 세계적인 한류스타를 배출하였습니다. 방탄소년단은 물론 수지, 이하이, 워너원 등 수많은 한류스타들이 있습니다 문화예술분야의 고등학교가 특목고 폐지라니요! 연기, 보컬, 아이돌스타가 다니는 예고가 특목고가 아니라면 그 무한한 끼와 잠재력을 어떻게 이끌어 낼수 있겠습니까! 문화 예술분야의 미래 성장동력 아이들이 일반고처럼 정형화된 틀속에 획일적 교육으로 잠재된 끼와 재능을 끄집어 낼수 있겠습니까! 2년 전 서울공연예술고등학교는 과장된 왜곡 보도로 인하여 여론의 뭇매를 맞고 사실과 다른 내용의 억울함이 있습니다 거의 무혐의 처리되고 사실과 다른 일부 특정인들의 언론플레이로 희생양이 되었습니다 백번 양보하여 국내 사립학교 재단들이 잘못이 있다한들 최고 한류스타 산실의 예고를 순간의 결정으로 잘라내는 것은 국가적 손실입니다 아이들을 술자리 공연에 내보낸게 아닙니다 *** *** 연말 주간 시상식장에 공연초대를 받아 공연활동을 한겁니다 **시상식장에 맥주병이 놓였다는게 술자리라니요 예술고는 국가에서 충분한 예술적 환경지원이나 제도적 정비가 되어 아이들을 키워낼수 있을때까지는 특목고 형태의 자율학교가 현실적입니다 각고의 노력으로 문화예술을 지향하는 아이들에게 대책도 없이 특목고 폐지로 아이들의 꿈과 미래를 죽이실 겁니까! 문화 예술의 미래는 이러한 대책없는 교육적 제도로 이루어지지 않습니다 서울공연예술고등학교가 계속된 한류스타의 산실을 유지하도록 특목고 폐지를 막아주십시오. 적어도 국가가 문화예술 분야의 인재육성의 커리큘럼이나 제도적 배출시스템이 완성될때까지 유보해주세요 오늘도 서울공연예술고등학교의 아이들은 한류의 발전을 위해 새벽부터 열심히 자유영혼으로 꿈을 키워가고 있습니다 대통령님 간절히 청원합니다 도와주세요 [본 게시물의 일부 내용이 국민 청원 요건에 위배되어 관리자에 의해 수정되었습니다]",
  "num_agree": 3051,
  "petition_idx": "590398",
  "title": "문화예술, 한류스타들의 산실인 서울공연예술고등학교를 지켜주세요"
}