{
  "category": "문화/예술/체육/언론",
  "begin": "2020-07-03",
  "content": "부적절한 행동을 한건 이사장과 교장인뎅 왜 지금 열심히 꿈을 향해 달려가는 학생들이 피해를 봐야 하는지 납득하기 정말 힘드네요 .그리고 그런 잘못된일을 고발하고 시정해달라고 호소한것이 왜 우리 아이들이 감당해야 할까요 서울 교육청에서는 학생들을 생각 해보시고 특목고 지정 취소라는 결정을 하신건지 ....저희 아이들이 무슨죄입니까 힘들게 학교에 들어와서 열심히 꿈을향에 달려가는 아이들인데 다시 검토해야 한다고 생각합니다. 이같은결정은 잘못다고 생각합니다. 특목고 타이틀걸고 열심히 배우는 것임으로 그만한 학비를 낸다고 생각합니다. 하지만 특목고 지정취소 한 후의 그 학비는 의미가 있을까요? 인문계의 1년치를 1분기에 내는 인문 예술고. 한번 다시 생각해주시길 바랍니다. 저희 아이들 정말 이 학교 들어오려고 피땀눈물 흘리며 노력했습니다.",
  "num_agree": 2580,
  "petition_idx": "590344",
  "title": "서울공연예술고등학교의 예술계 특목고 지정취소는 잘못되었습니다"
}