{
  "category": "문화/예술/체육/언론",
  "begin": "2020-07-06",
  "content": "6월 28일 중앙재난안전대책본부에서 사회적 거리두기1단계부터 3단계까지 단계별 기준과 공공시설 및 민간 다중이용시설에 대한 실행방안을 확정해서 발표하고 브리핑한 기사를 접했습니다. '사회적 거리두기 2단계에서는 실내 50인 이상, 실외 100인 이상이 대면으로 모이는 모든 사적·공적 목적 집합·모임·행사는 금지하는 행정명령이 실시된다. 다만 공무 및 기업 필수 경영활동에 필요한 경우 예외적으로 허용된다. ' 라는 게 방침이고 '사회적 거리두기 3단계에서는 공공시설은 모두 운영을 중단하고, 민간시설도 고위험·중위험시설은 운영을 중단하도록 한다.'라는 게 방침인데요. 지금 드ㅇㅇ웨딩홀, 라ㅇㅇㅇ웨딩홀, 제ㅇㅇㅇ웨딩홀, 데ㅇㅇ웨딩홀 등 확진자가 다녀갔습니다. 웨딩홀에서 열체크를 안한것으로 알려져 있으며, 이번주에도 예식이 있는것으로 알고 있지만 예식 한팀당 50명을 넘어선 안된다는 공문을 받았다고 합니다. 그러면서 답례품은 150명으로 가능하다고 결론은 200명 보증인원 다 내야되는 말입니다. 답례품은 저희가 따로 준비해도 되는 부분인데 말이죠. 그리고 50명은 사진작가, 플래너, 헬퍼 친지가족 하면 50명될거같은데 이러면 스몰웨딩으로 예약을 했을겁니다. 처음부터 이렇게 스드메 이렇게 준비를 안했을것입니다. 코로나가 언제 잠잠해질지 모르지만 지금 너무 확진자가 급증했기에 예식을 미루려는 신랑신부들이 불안해하고있습니다. 열체크도 제대로 안했던 웨딩홀로 인해 코로나 확진자가 나왔을수도 있고 코로나 확진자 가 다른데서 옮겨서 무증상이였을수도 있었겠지만, 일단 웨딩홀에서도 열체크를 안한점을 고려하여 2020년에 예식하는 신랑신부들을 생각해주셔서 예식연기를 하는경우 웨딩홀측 수수료를 면제해주고, 진행하게 되더라도 보증인원 최소한의 금액을 정해주셨으면 합니다. 예식을 어쩔수없이 진행하는경우엔 웨딩홀에 보증인원은 없애주시고, 식대가 기본 40,000원이다 하면 10~20% 할인된 금액으로 진행을 해주셨으면 하는 바램입니다. 결혼을 앞두고 코로나때문에 힘들어하는 신랑신부를 위해 광주 뿐아니라 모든 지역에있는 웨딩홀에게 이렇게 대처해주셨음 하는 바램입니다.!! 웨딩홀이 혹시 자율적인 개인사업장이더라도 꼭 열체크 마스크착용기본적으로 했으면 좋겠습니다 웨딩홀뿐 아니라 자율적인 개인사업장 법인사업장 인곳, 열체크 방명록작성 마스크필수 의무화했으면 좋겠습니다. 시청에 전화해서 여쭤보니 자율적인 사업장이면 어쩔수 없다고 하더군요. 볼링장이든 소규모 학원이든 자율적인 사업장이라고 열체크 방명록작성 마스크안쓰던데라고 물어보니.. 꼭 의무화 로 바꿔주세요",
  "num_agree": 235,
  "petition_idx": "590399",
  "title": "광주 코로나 급증으로 인해 예식연기수수료면제 및 자율업종사업장 열체크,마스크,방명록작성의무화"
}