{
  "category": "인권/성평등",
  "begin": "2020-07-02",
  "content": "[청원] 고 최숙현 선수 사건의 철저한 조사와 재발 방지를 청원합니다 안타까운 사건이 또 벌어졌습니다. 언제까지 체육계의 반인권적인 모습을 봐야 하는 건지 되묻지 않을 수 없습니다. 앞날이 창창한 청년 선수가 극단적 선택을 했습니다. 전 소속팀인 경주시청 팀에서 일부 지도자, 동료의 폭언에 지속적으로 시달려 왔던 게 이유라고 합니다. 고 최숙현 선수는 가만히 있지만은 않았던 것 같습니다. 대한체육회 스포츠인권센터와 트라이애슬론협회, 지자체와 심지어 경찰에게까지 도움을 요청했으나 결국 제대로 된 구제 조치를 받지 못했다고 합니다. 누구를 위한 체육회이며 지자체입니까? 한 선수가 끝없는 고통 속을 헤매일 때 관계자들은 도대체 무엇을 하였습니까? 지금까지 그래왔던 것처럼 개인의 나약함으로 책임을 돌린 것입니까? 작년 초 쇼트트랙에서 발생했던 성폭력 사건을 기억합니다. 그때도 체육계는 \"다시는 비극을 반복하지 않겠다\"며 믿어달라 외쳤습니다. 믿음의 결과는 배신이었습니다. 여전히 체육계의 인권 문제는 현재진행형이라는 게 확인되었습니다. 피해자에 대한 보호와 구제보다는 자기 안위를 위한 진상 은폐, 타성에 젖은 일처리가 먼저라는 게 증명되었습니다. 정부는 조속히 철저한 사건 규명에 나서야 할 것입니다. 그리고 가혹행위가 사실로 확인된다면 관련자들을 일벌백계해야 할 것입니다. 무엇보다 이번 사건은 인권 문제에 있어 지방정부와 체육단체의 무능력을 그대로 드러낸 사건입니다. 그러나 인권의 최종 책임은 국가에 있습니다. 체육계의 폭력 문제로 홍역을 치른 게 불과 작년입니다. 특단의 대책을 또 다시 강구하지 않으면 국가는 그 의무를다하지 못한 것입니다. 저는 고 최숙현 선수와는 인연이 없는 사람입니다. 그러나 인권 강의를 하며 선수들을 만나왔습니다. 언제가 스쳤을 수도, 언젠가 만날 수도 있었던 분이겠지요. 안타까움에 조의를 표하며 청원을 올려봅니다.",
  "num_agree": 17113,
  "petition_idx": "590303",
  "title": "[청원] 고 최숙현 선수 사건의 철저한 조사와 재발 방지를 청원합니다"
}