{
  "category": "안전/환경",
  "begin": "2020-07-06",
  "content": "예식장.사우나.다단계.종교활동등 어쩌면 하지말아야할 위험천만한 다중이용장소를 그리들 다니셔서 광주는 지금 확진자들로 쑥대밭이 되고 아이들이 위험한 상황에 처해있습니다. 다들 마스크는 쓰고 계셨을까요? 밖에서의 마스크 착용은 필수입니다. 살기위해서요. 그나마 일상을 누리던 도시가 무서운 도시가 되어버렸습니다. 빨리 마스크 착용을 법제화 해주십시오. 아이를 둔 애미속만 까맣게 타들어가네요. 돌아가는 상황(꼬라지를)을 보니 이런 상황에 애를 낳겠습니까? 어쩜 이리 어른들이 무책임하고 무식할까요? 마스크착용 법제화 시키셔서 안한사람들 벌금때려주세요. 밖에서는 산소처럼 마스크 쓰는게 습관이 되도록요. 아이들좀 지킵시다. 어른들. 정신좀 차리세요.",
  "num_agree": 585,
  "petition_idx": "590365",
  "title": "광주에서 마스크착용,선택이 아닌 필수"
}