{
  "category": "교통/건축/국토",
  "begin": "2020-07-06",
  "content": "수원시 영통구에는 “수원시어린이교통공원”이 있습니다. 어린이교통공원은 경기도에서 그 수를 합해도 약 20개 내외로 어린이들에게 교통질서 등에 대하여 자연스럽게 공원을 방문함으로써 습득할 수 있는 상당히 좋은 공간입니다. 이러한 공간을 수원시와 영통구에서 없애고 축구장 건설과 약200대 주차가 가능한 지하주차장 설립. 향후 체육공원으로 리모델링을 추진하고 있습니다. 정부는 출산을 독려하고 있고 직장맘을 위한 정책을 꾸준히 성장하고자 노력하고 있는 것으로 알고 있습니다. 이는 예로부터 “어린이들은 나라의 꿈이다”라고하여 국가 성장의 원동력은 국민이고 저출산시대에 출산을 독려하여 국가성장을 도모하고자 하는 것으로 이해하고 있습니다. 그런데 어른들이 ‘도시계획’이라는 명목하에 어린이들은 위한 공원을 리모델링한다는 이유로 이를 없애고 축구장을 건설하고 지하에 약 200대 가량의 주차장을 지으려고 하고 있습니다. 과연 위와 같은 행동이 ‘도시계획’에 부합하는 것일까요? 아니면 현 상황에서 실적이나 업적 그리고 예산배당을 위한 것일까 심히 염려 스럽습니다. 위 ‘수원시어린이교통공원’은 주말마다 유아부터 노인까지 가족들이 마음편히 아이들을 데리고 방문하는 공원입니다. 또한 주 이용 주민이 유아(특히 미취학아동)여서 유아들이 성인 또는 청소년들과 부딪힘없이 마음껏 뛰어놀 수 있는 공간입니다. 도시계획(?) 기획(?)을 하는 사람들이 과연 위 장소를 방문하고 계획 또는 기획을 했을까요? 만일 방문하고도 이러한 계획이나 기획을 했다면 그것은 본인들의 사리사욕을 위한 것이라 말하고 싶습니다. 수원시어린이교통공원이 그대로 유지되어야 하는 이유는 아래와 같습니다. 1. 어린이들을 위한 공간을 어른이 뺏어서는 안됩니다. 영통구청의 입장은 약 180억원의 예산이 지급되고 축구장 건설을 조건으로 위 공원이 리모델링 될 수 있다고 합니다. 위 예산과 축구장 건설이 그렇게도 중요한 것인가요? 축구장을 과연 유아들이 이용할 수 있을까요? 혹자는 청소년도 이용가능하고 어린이도 이용가능하다고 하겠죠. 그러나 위 체육시설은 예약제로 운영이 될 것이고 이러한 운영은 특정 단체에 그 이용이 상당히 편중되어 있으며 특정 단체나 소속이 없는 유아나 어린이들은 사용할 수 없는 것이 현실입니다. ‘공원’은 특정인이 이용하는 공간이 아닌 누구나 이용할 수 있는 공간입니다. 그럼에도 궤변을 늘어놓는 시와 구의 입장을 이해할 수 없습니다. 또한 어른이 어린이들을 위한 공간을 뺏다뇨. 부끄럽지도 않습니까? 도시계획, 리모델링을 하려면 그 본질을 유지하는 뱡향으로 해야하지 않나요? 영흥공원에 건설하기로 했던 축구장이 민원에 의해 무산되자 왜 갑자기 어린이교통공원에 건설을 하나요? 어린이들이 우습습니까? 아니면 어린이들은 투표권이 없어서 막 대하는 건가요? 어린이교통공원을 리모델링 한다면 교통공원을 최대한 유지한 채 교통박물과 건설이나 수목을 보충하여 나무숲체험을 하는 쪽은 생각할 수 없는건가요?? 어른이 어린이들을 위한 공간을 뺏는 정책을 한다는 것은 이유를 불문하고 시행되어서는 안됩니다. 2. 약200대의 지하주차장이 건설될 공간이 아닙니다. 수원시어린이교통공원은 왕복 8차선이 교차하는 사거리 코너에 위치하고 있을 뿐만 아니라 해당 교차로는 고가도로고도 있으며 교통사고 유발 지역입니다. 이러한 위치에 지하주차장이라니 말도 안됩니다. 인근 망포역 및 상가이용 주차에 대한 민원을 해결하기 위함이라는 이유는 설득력이 없고 상가이용을 위한 주차공간은 상가가 마련해야함이 먼저이고 망포역에는 주차장 설립을 위한 공간이 있었음에도 이를 매각하고 매각을 이유로 위 어린이교통공원에 대안이 될 수는 없을 것입니다. 3. 인근 50m에서 1-200m이내에 주거공간이 밀집되어 있습니다. 직선거리로 가깝게는 50m 멀게는 1-200m 이내에 주거공간이 밀집되어 있는 공간에 소음과 빛 공해, 그리고 공기 공해까지 유발하는 축구장과 지하주차장 건설이 말이나 됩니까? 위 공해를 수원시와 영통구가 제어가 가능하다고요??? 어이가 없네요. 도대체 왜 위 정책을 추진하고자 하는 이유가 무엇일까요!? 주민의 환경권과 생활권을 침해하는 정책이 과연 올바른 정책인가요? 그렇게 축구장을 건설하고 싶다면 해당 민원을 제기하는 사람들의 인근 지역에 건설하세요. 위 정책을 재고하여 어린이들 그리고 가족들과 노인까지 아우를 수 있는 수원시어린이교통공원을 지켜주시기 바랍니다. 어린이들에게 부끄럽지 않은 어른이 되어 주시기를 부탁드립니다.",
  "num_agree": 429,
  "petition_idx": "590387",
  "title": "수원시에서 추진중인 어린이교통공원 리모델링 사업(축구장 등 체육공원으로의 변경과 지하주차장 건설)이 과연 어린이들을 위한 겁니까!!!!!!"
}