{
  "category": "기타",
  "begin": "2020-07-06",
  "content": "기초생활 수급자 할머니께서 통신료를 납부하기위해 경남 창원시 성산구 **동소재 **직영 대리점 (주)** 텔레콤에 방문 하였습니다. 응대하는 직원분께서 할머니께 요금 수납만 하면 되는데 잔여 할부 8개월 남은 단말기의 월 13407원의 통신료보다 싼 요금제가 있다고 사리분별 능력이 낮은 고령의 할머니께 영업을 했습니다. 그리고 통신사 ** 에서 **로 기기변경이 아닌 신규가입을 하시고 마치 위약금을 없애 주는것처럼 계약을 설명 하시고 고령의 사리분별 능력이 떨어지는 고객에게 57만원상당 5G폰 삼성 A31폰을 5G 슈퍼플랜 플러스 요금제 월11만원이 넘는 요금제로 변경 신규가입을 시키셨습니다. 이제 1년3개월째 사용중인 멀쩡한 단말기 삼성 A600은 보상판매로 회수 하시고요... 할머니께서는 수납을 하러 가셨다 직원분이 요금을 더 저렴하게 해 준다는말만 믿고 이렇게 새롭게 계약이 체결 되시는걸 모른체 직원분께서 청약서 및 계약서에 빠른말로 설명 하시며 서명란에 서명만 하시면 된다는말에 전혀 계약관계를 이해하지 못 하시고 서명 하셨습니다. 월 13407원의 요금제를 그것보다 저렴하다는 감언이설로 월 11만원 상당 ** 5G 요금제로 홀린듯 계약하고 댁으로귀가 하시어 자녀에게 계약사실을 고지 하였습니다. 자녀들은 화들짝 놀라 창원시 성산구 **동 소재 ** 직영점 ** 텔레콤에 문의하여 계약이 잘 못 된것 같다고 철회를 요청 하였지만 개통되 단말기는 7일 이내라도 청약철회를할 수 없으며 계약서에 서명을 하였으니 불완전 판매가 아니다 라고 하십니다. ** 고객만족팀에서도 계약서에 서명을 하셨으면 고령의할머니께서 계약내용을 미숙지 하였다는 합리적인 의심이 들어도 청약철회의 방법은 없다고 하십니다. 여기서 드리고 싶은 말이 있습니다. 지금은 저출산,핵가족,고령화 시대입니다. 젊은 사람들도 휴대폰관련 계약내용을 제대로 숙지 하지 못 하시는분들이 많은데 어떻게 고령자분께서 한번에 숙지 하시는분께서 몇분이나 계시겠습니까? 통신판매법 개정을 해서라도 만60세 이상의 고령자에게는 계약관계를 인지하지 못 하였으면 7일이내 청약철회가이루어져야 된다고 생각되며 **본사도 비상식적인 계약에 대해서는 도의적인 책임을 가지고 계약사항을 점검 해야 할 것 입니다. 어떻게 기초생활 수급권자인 고령의 할머니께 월 13407원의 요금제를 전혀 계약내용을 이해하지 못 하시는 11만원 상당의 ** 5G 슈퍼플랜 플러스 요금제에 부과서비스 시즌과 지니뮤직을( 부과서비스는 고가의 요금제는 무료 )계약 하실수있는 시스템을 대한민국 대표 통신사들이 버젓이 판매 할 수 있는지 그리고 이런 불완전 판매를 청약 당일에도 철회 할 수 없는지 묻고 싶습니다. ** 통신사 및 직영점 여러분께서도 기초 수급자인줄 뻔히계약서에 명시 하시고 이런 상품을 판매하고 양심의 가책도없이 떳떳 하신지 묻고 싶습니다. 비정상이 정상이되는 이런 세상을 시민들은 선진 시민의식으로 극복하고 국가는 마음으로 국민이 따르게하며 이런 불합리한 사태를 막을수있는 법치로써 다스릴수있는방법을 모색해 더 이상 이리나 승냥이때같은 이들로부터 사회적 약자가 짓 밟히지 않는 사람답게 살 수 있는 세상을 만들어 주십시요 [본 게시물의 일부 내용이 국민 청원 요건에 위배되어 관리자에 의해 수정되었습니다]",
  "num_agree": 161,
  "petition_idx": "590362",
  "title": "고령자 불완전 통신판매"
}