{
  "category": "교통/건축/국토",
  "begin": "2020-07-06",
  "content": "7월에 신축아파트에 입주할 실 입주자입니다. 생애 첫 새집 장만이기도 하구요 617 정책 발표이후. 생활이 엉망이 되었습니다. 입주를 2주 앞둔 시점에 정책이 발표가 되고, 대출서류 접수까지 된 상태에서, 입주자들 피해는 전혀 고려치도 않고 투기과열이네, 조정지역이네 하며 발표를 하셨죠 ~ 지금 입주 대상자들 하루 하루 어떻게 살아가고 있는지 아십니까 !!! 명확하지 않은 발표덕분에 은행들은 금융위지침이 내려오네 안내려오네,, 하면서 명확하지도 않은 대출기준을 계속 번복하고 입주민들한테 공지하고 있습니다. 10~20% 차이가 작은지 아십니까, 최소 5천만원이상 단기간에 자금을 마련해야 하는 상황입니다. 입주만 기다리면서 살고있는 집도 다 처분하고 입주날만 기다리면서 월세를 주고 지내고있습니다. 매일 매일 대출은행권들과 연락하고 방문하고, 2주 동안 다닌 은행만도 10여차레 이상입니다. 서류들도 다시 가서 상담받고, 하루이틀뒤 또 안된다고 연락받고, 다시 서류가지고 다른은행들 다니고, 오늘도 k은행은 별도의 지침을 저희 입주자 카페에 대출기준을 공지하여 재방문하여 서류를 다시 접수했습니다만 , 금융위 지침대로 한다고 하고는 6시간여 지나서 미안하다, 금융위 지침이 바뀌었다 다시 사과공지를 합니다. 대체 얼마나 서민들, 등골을 빼셔야 합니까. 하루하루 한시간 한시간 은행들 눈치보랴 피가 마를 지경입니다. 저는 분양자는 아닙니다만, 정상적인 전매가능기간에 일부 프리미엄을 지불하고 아파트를 구매했습니다. 구매당시 대출조건등 감당할수있는 범위내에서요 !!! 국회의원, 장관님들, 그리고 대통령님!!! 제가 50여년 살면서 이렇게 정부에 민원 호소를 하기는 생전 처음 입니다!! 대체.. 어디 까지 국민들 힘들게 하실겁니까 정책을 발표하시려면, 충분히 피해상황도 고려하시고 발표를 하시지요 !! 경험없는 정치인을 뽑아준 대가를 이렇게 국민들이 치뤄야 하는건가요!!! 그래도 선거를 하고 투표를 했을때는 서민을 위한, 국민을 위한 정치를 해주실분들은 뽑았습니다. 이렇게 바위돌로 뒤통수 맞을줄은 모르고 말이죠!! 금융위, 국토부 다시한번 617정책 검토하시어, 이렇게 국민들 피눈물 나지않도록 해주세요. 제발 부탁드립니다. 입주가 바로 코앞이라 정말 간곡히 청원합니다!!!",
  "num_agree": 1705,
  "petition_idx": "590383",
  "title": "(동의 동참 부탁드립니다) 617 정책발표후 갈피 못잡는 금감위. 은행. 국토부 담당자들 모두 경질해주세요 !!!!!!"
}