{
  "category": "안전/환경",
  "begin": "2020-07-06",
  "content": "안녕하세요. 저는 횟수로 3년째 층간소음에 대해 고통받고 있는 국민입니다. 이제는 아파트에서 벗어나고 싶은게 제 평생 소원입니다. 이 글을 보신다면 제발 진중히 검토해주시고 생각해봐주시길 바랍니다. 현재, 윗집과는 상당히 안좋은 관계로 지내고 있으며, 현재도 매일 층간소음이 진행중이라는 겁니다. 저는 현재 거주지에서 18년째 살고 있습니다. 윗집도 마찬가지구요. 여태 현 거주지에 살면서 저의 학창시절과 대학생 시절까지 보냈습니다. 학교를 다닐때는 아침 일찍 나가서 12시가 다 된 밤 늦게 들어오니 층간소음에 대해 인지 하지 못했었습니다. 그러다가 제가 재택근무를 하게 되면서 집에 있는 시간이 많아졌습니다. 재택근무를 하게 되어 층간소음이 난게 아니라 저희 부모님의 말씀으로는 이 전에도 절구질이며 각종 소음에 대해 참아오셨다고 합니다. 저희 윗집에는 노인 할머니가 살고 있습니다. 아파트 3층에서 시골주택에서나 할 온갖 농사일 및 시골라이프를 즐기십니다. 거기에 새벽이든 아침이든 낮이든 저녁이든 밤이든 상관없이 본인 마음대로 발망치 및 찧는행위 큰 호박등을 바닥에 쪼개는 행위 등 상상이상의 일들을 펼칩니다. 층간소음으로 인해 좋게도 말해보고 관리사무소를 통해도 보고 애원도 부탁도 해보고 아파트에서 소집된 층간소음 관리위원회 까지도 투입이 되었었고 이 마저도 안되어 윗집과 싸움까지도 갔습니다. 실내화만이라도 착용해달라고 실내화까지 선물로 사다주었습니다. 실내화가 싫다면 매트를 까는 방법도 생각해 달라 부탁도 했지만, 실내화도 못신겠다, 매트도 못깔겠다. 윗집은 '늘 너희는 그래라, 나는 한다' 태도로 안하무인 입니다. 심지어 저는 층간소음으로 인해 새벽마다 잠을 깨어 면역력 체계가 깨지고 병원 입원까지 했었고 층간소음 스트레스로 인해 심장이 비대해지고 가슴압박 및 통증까지 일으켜 삼성병원까지 내원한 적이 있습니다. 늘 두통에 시달리고 예민한 상태로 스트레스 때문에 피부 간지럼증까지 와서 항히스타민제를 늘 복용하고 있습니다. 정신과까지 가보고 일상생활을 할때에도 큰 영향력을 줄 만큼 삶의 질이 떨어져 있습니다. 늘 층간소음에 있어서 윗집은 갑인 태도로 아랫층의 삶의 고충을 전혀 이해하지도 않으려한채 가해자와 피해자로 살아간다는 겁니다. 층간소음에 관한 기사들을 보면 항상 아래층은 보복으로 인정되고 형사입건까지 되는 기사들을 보게 됩니다. 직접 올라가서도 안되고 아래층은 어떠한 행위 조차도 할 수 없고 위층은 수시로 발망치 및 층간소음을 일으킵니다. 뉴스에 층간소음으로 살인사건 및 각종 사건들이 나올때마다 뼈저리게 공감됩니다. 살인자를 옹호하는게 아닙니다. 그만큼 층간소음이 살인까지 불러올수 있다는 것이 십분 공감된다는 겁니다. 편안하게 안정을 취하고 가족간에 휴식을 취할 거주공간에서 매일같이 지옥같은 고통속에 살고 있습니다. 제가 말씀드리고 싶은건, 대한민국에서 사회적 문제가 되는 층간소음에 관해서는 거주권에서 갑을 관계가 형성되고 있습니다. 기준 데시벨로 나눌게 아니라 층간소음에는 소리말고도 발망치마다 천장이 울리는 울림때문에 두통이 옵니다. 울림으로도 상당히 괴로운데 소리만 기준되는 데시벨 측정으로만 층간소음 여부를 판단하지 말아주시고 대한민국에서 층간소음에 대한 강력한 규제 및 엄벌이 없기에 윗집은 늘 '데시벨 재라~, 일상생활인데 어쩌냐~' 늘 돌아오는 답은 똑같습니다. 저는 윗집이 일상생활을 하지 말라는 것이 아닙니다. 층간소음은 특별한 일을 해서가 아니라 늘 일상생활속에서 일어난다는 것입니다. 부디 죽을것같은 아래층의 국민의 삶도 헤아려주시고 다른 나라들의 층간소음에 대한 규제 및 방법들도 살펴봐주셔서 대한민국에서 아파트에서 각 층층마다 서로를 배려할 수 있는 층간웃음이 될수 있도록 강력한 규제 및 방법을 만들어 주십시오.",
  "num_agree": 309,
  "petition_idx": "590369",
  "title": "문 대통령님 꼭! 해결방안을 만들어주십시오. 층간소음에 대한 강력한 규제 및 방법을 만들어 주십시오."
}