{
  "category": "기타",
  "begin": "2020-07-06",
  "content": "안전한 수익을 보장하며 투자를 권유해서 튀자를 시작했습니다.1000만원을 3000만원에 수익을 올너주겠다고 했는데잠깐 몇분사이에 그돈은 1억 3천이 되어..수수료에 35%를 현찰로 입금을 해야 바로 환급을 받을수 있다기에 코로나19로 인해 아파트 담보대출금으로 생활자금을 받은돈을 송금하고 조금만 더 구해지면 700정도는 그사기꾼이 보태준다는 말을 믿고 다시 대출을받아 총 5000만원에 피해를 보았습니다. 경찰서에가서 문의를 해보니 동의하에 거래가 이루어진거라 사이버수사신청도 할수가 없다고 하고 대출금 갚을수 다는말에 딱 그만큼만 원했것인데 액수는 상상하지못할 액수로 커져버렸습니다 이혼가정으로 두아이를 키우며 살아가야 하는데 코로나 19로 인해 일해오던 방과후 수업도 할수가 없는 상태이고 지금제가 있는 광주는 코로나 19로 아르바이트도 할수가 없습니다. 그사기꾼을 잡아 처벌할수 있게 부탁드리며 아이들과 살수 있게 피해금액도 찾을수 있도록 부탁드립니다. 대출금 갚고 아이들 용돈을 줄생각에 정신이 팔려있었던것 같습니다 저와 같은 피해자가 많이 나오고 있다는걸 사기를 당하고 나서 알게 되었습니다. 며칠을 우니 아이들이 묻더군요 혼자사는거 아니니까 같이 상의하자고 너무 미안한마음에 눈물만 나서 이야기를 하기힘들었습니다. 아이들은 괜찮다고 하는데 코로나 19로 언제 학교에가서 방과후 수업을 하게 될지 기약이 없습니다.. 꼭 수사가 진행되고 피해금액을 받을수 있게 그것도 안된다면 변제 받을 수 있게 간곡히 부탁드립니다 변호사를 선입할 돈도 없습니다. 카드론으로 대출받으면 된다고 해서 수수료 내면 바로 입금된다는 말에 빌렸습니다. 보이스피싱이 전화로만 가능한게 아니더라구요. 교묘한 수법으로 피해자가 늘고 있구요. 저도 순식간에 모든걸 잃었습니다. 죽을수도 없습니다 ㅜㅜ 제가 죽으면 빚은 고스란히 아이들몫이 될테니까요. 아이들과 웃으며 살수 있게 도와주세요",
  "num_agree": 236,
  "petition_idx": "590374",
  "title": "아이들과 웃을수 있게 도와주세요"
}