{
  "category": "교통/건축/국토",
  "begin": "2020-07-03",
  "content": "저는 안산에 살고있는 무주택자 입니다 혼자 애들키우며 힘겹게살다 애들이 직장을다니니 월세로 사는것보단 융자받아서 열심히 갚으면 되겠구나 하고 빌라를 찿으러다녔는데 여기 안산단원구는 투기지역으로 지정되서 융자가 안나온다더군요 1억조금넘거나 2억조금넘는 집을사는데 투기지역이라니 우리같은 서민은 평생 월세로 살아야 하나요? 우린 투기도 모르고 .정말 갭투자니 모니 하는사람들 아파트사서 이렇게 됐다는데 모르는 그분들이 원망스럽기도 합니다. 우리는 이 집하나사면 자식한테는 월세사는집 살게하고싶지 않아 어떻게든 열심히 갚으며 살고싶은데 왜 무주택자도 똑같이 융자가 40프로 50프로 나오나요? 그 전에는 70프로도 나왔다해서 마련할까 했는데 제발.부탁입니다 우리 같은 집없는 사람이 집사게 융자좀 풀어주세요 무주택자만이라도요~ 요즘 이것땜에 이것저것 많이 보았는데요 핀셋정책 모 이런거 하신다는데 아파트를 잡는다던지 이런것도 아니고 뭉뜬거려서 투기지역으로해서 돈없는 사람까지 융자막아서 무주택자는 어떻게 조금한집도 못사게하나요 투기하는사람들.돈있는사람들은 융자없이도집살수있어요 아시잔아요 제발 서민들을 위해서 일을해주신다면 저희같이 무주택자들 돈 조금밖에 없어서 융자라도 받아서 조금한 누울곳 마련하게 예전처럼융자좀 풀어주세요",
  "num_agree": 540,
  "petition_idx": "590314",
  "title": "무주택자에 대한 융자는 풀어주세요"
}