{
  "category": "교통/건축/국토",
  "begin": "2020-07-03",
  "content": "부동산 대책 후 투기과열지구 대책을 펼쳤습니다. 물론 좋은 의도였지만 결과는 오히려 지방에 투기를 부추기는 현상만 발생하였습니다. 정말로 집값을 잡을 생각이 있으신가요? 정말 그런 의지가 있으시다면다 실거주 기한 3년을 전국에 다 적용시키는 것이 가장 좋은 방법인것 같습니다. 예를 들자면 현재 거주하고 있는 진주지역에은 공기업 근무자 실 거주를 위해서 우선분양권을 주고 정착시키려 했는데 과연 현재 몇명이나 살고 있습니까? 오히려 공기업에서 투기를 부추기고 외부 투기자들이 갭투자를 하여 신규아파트 프리미엄이 8천에서 1억까지 거래되고 있으며 대부분 외부 투기에 의해서 지속적으로 상승했습니다. 공기업에 우선 분양권을 준 것이 투기하는 사람들의 갭투자를 부추기고 그로 인해 가격이 지속적으로 상승해 실거주자들이 피해를 보고 있습니다. 대책이란 문제를 바로 잡기 위해서 실행하는것 입니다. 투기 문제를 잡을려면 실거주 3년(전세세입 불가, 세대주분리 불가)만 적용시켜도 충분히 해결된다고 봅니다. 투기하는 타지역 인원이 가족 전체를 데리고 투기지역에서 그 먼거리를 다닌다는것은 말도 안되기 때문입니다. 또한 실거주가 없을 경우 대출불가 및 대출금을 회수하고, 다 주택자 주택 매도 시 세금을 대폭 올린다면 부동산 투기가 없어져 실거주자가 손해보지 않을것이라고 생각됩니다. 또한 부동산법인에 대한 과세를 늘리고 대출에 대한 규제 입주 시 3년 이내 전세금지를 법으로 실시시키고 법인세 과세를 주택수에 맞도록 더 증가시킨다면 투기는 자연스럽게 사라질것 입니다. 실제 무주택자들이 손해보지 않는 정책을 세워서 갭투자 투기와 규제로 인해 서민들이 피해를 받지 않도록 정책을 세워 집값을 잡아 주십시오. 그리고 대통령님 지방의 인구도 국민입니다. 정책을 펼치실때 수도권과 위성도시만 보지마시고 지방도 고려하여 과연 정책을 실행시켜 피해지역이 생기지 않도록 해주십시오. 서민은 내 집마련이 꿈에 가깝습니다. 집은 많이 지어지지만 그 집이 다주택자들과 투기법인이 가지게된다면 결국 실거주자만 피해를 입게되니 정책에 대해서 한번 더 살펴 개선을 해주십시오. 규제지역을 두지 않아도 투기를 할 수 없는 그런 정책을 행해주십시오.",
  "num_agree": 278,
  "petition_idx": "590316",
  "title": "지방아파트 투기 개선이 필요합니다"
}