{
  "category": "교통/건축/국토",
  "begin": "2020-07-03",
  "content": "현재는 저는 전세집에 살고 있습니다. 전세집에서 살면서 남편과 돈을 열심히 모으며 집 매매를 생각하며 살았는데 서울 규제로 인해 수원 집값이 갑자기 1억 많게는 2억씩 올랐습니다. 6월에 규제하면 나아지겠다고 생각했지만 오른 집값은 전혀잡히지 않고 오히려 대출 규제로 인해 무주택자들은 매매하기가 더 힘들어졌습니다. 정말 있는 사람들만 현금 갖은 사람만이 집을 살 수 있는 규제. 누굴 위한 규제인지 모르겠습니다. 분양을 꿈꿔오며 청약을 넣었지만 한번도 당첨 되지 않았고 30대에 젊은 사람들은 청약이 정말 되기 힘들어요. 하지만 이젠 당첨이 되어도 6~7억 아파트를 어떻게 살 수 있을까요. 대출 규제로 분양 받을 아파트 마저도 없네요. 무주택자를 위한 방안을 좀 더 생각해주셨으면 좋겠습니다. 전세도 얻기 힘들고 매매도 힘들면 어떻게 하나요. 매매라도 할 수 있게 무주택자들만 대출 규제좀 완화해주세요.",
  "num_agree": 686,
  "petition_idx": "590319",
  "title": "무주택자 규제 완화"
}