{
  "category": "보건복지",
  "begin": "2020-07-06",
  "content": "저는 23년전 제가 4살때, 일을 하다 사고를 당해 척추를 다쳐 하반신이 마비된 아버지의 딸입니다. 하반신이 마비만 된 것이면 그나마 다행이었겠지만, 극심한 통증이 있어 하루 24시간 중 23시간정도를 이를 악물며 울부짖어 이도 다 부러져서 틀니까지 끼십니다. 병원에서 23년째 처방받는 약에 마약성분이 조금 들어있지만 그런 약도 통증을 이기지는 못합니다. 그런 아버지를 대신하여 어머니께서 대리인 자격으로 매달 한두번씩 약을 타러 병원에 가시는데, 이번에 병원에서 어머니께 '이제 약을 복용하는사람도 같이' 와야 한다며, '정책이 바뀌어서 어쩔수 없다' , '코로나때문에 지금 그냥 드리는거다' 라는 말을 했다고 합니다. 약을 타러오는 대리인들이 힘들어서 대신 탄 약을 먹고 목숨을 달리 하는 경우가 있어 그렇다고 합니다. (어머니께 전해들은 말이라 정책이 바뀐이유는 다를 수 있습니다) 여러분들은 이런 장애인들이 밖에 한 번 나가기가 얼마나 힘이 드는지 아시나요? 정책을 이렇게 바꾼다고해서 과연, 죽고싶은 사람들이 안죽고 싶을까요? 왜 힘든 사람을 더 힘들게 할까요? 가끔 힘이풀려 침대에서 휠체어로 몸을 옮기다가 바닥에 떨어진 아버지를 보는것도 23년째 죄송하기만 합니다. 1cm의 낮은 턱조차 휠체어는 넘기 힘듭니다. 병원에 가는데, 장애인택시가 바빠 택시라도 한번 이용하면.. 휠체어에서 택시안으로 옮겨타는게 힘든건 물론이고, 뒤에서 엄청 빵빵거립니다. 휠체어가 보일텐데도..아버지 본인은 내색하지 않으시지만 저도 그사람 차를 내던지고싶은데 아버지 속은 얼마나 타들어갈까요. 숨만 쉬어도 아프셔서 매일매일 돌아가실까봐 마음을 졸이고, 제가 대신 아플수도 없어 죄송한데, 이제 약도 대신 타올수없게 된 나라때문에 또 죄송합니다. 저희 아버지 뿐 아니라 다른 모든 장애인들이, 다른 모든 장애인들의 가족들이 같은 마음이라 생각합니다. 저는 그저, 아버지를 비롯한 같은 처지에 있는 사람들이 몇 시간이라도, 아니 몇 분이라도 편히 있기를 바라는 마음입니다.",
  "num_agree": 404,
  "petition_idx": "590366",
  "title": "장애인이 직접가야 약을 받을수있는 정책을 바꿔주세요."
}