{
  "category": "경제민주화",
  "begin": "2020-07-03",
  "content": "현재 코로나 여파로 인하여 상인들은 아주 어려운 상황에 놓인지 벌써 5개월째 입니다. 갑자기 40% 넘게 줄어든 매출과 계속 이어지는 산발적인 지역감염으로 모두 불안하고 힘든 이 시기에 안전하게 방문하고 식사할 수 있도록 테라스 영업을 허용해 달라는 민원을 올렸는데요. 환경위생정책과에서 회의후 부결 되었다는 소식을 전해 받았습니다. 부결 사유는 내년 1월1일부터 시행예정에 있기 때문이라는데요....... 테라스 영업을 허용 해달라는 취지는 코로나로 인한 실내 밀폐공간의 감염 위험성 때문인데.. 코로나가 내년 1월1일부터 유행인가요? 유럽에서는 현재 감염확산 방지 조치로 실내 영업은 허용하지 않고 외부 테라스 영업만 허용하고 있는 상황이고 일부 지자체별로 허용하는 지역도 늘어나는 추세인데...... 어차피 내년부터 시행예정이니 7개월만 더 죽어가며 기다리면 된다는 말인가요? 이미 5개월간 빚은 늘어날대로 늘어났고 더이상 대출을 받을 수도 없습니다. 코로나 상황이 이렇게 오래 갈거라고는 초기에는 상상도 못했고 버텨야 좋은 시기도 맞을 수 있는 생각에 가능한 대출은 모두 받아 직원들 급여를 챙겨주고 기다렸지만 상황은 이미 암울하며... 좋아지기를 기다리기 보다는 코로나와 함께 살아갈 수 있는 방법을 찾아가야 한다는 현실은 우리 모두 아는 상황입니다. 환기 시설이 없는 밀폐된 공간은 집합금지 명령을 내리고 다중의 집합 모임이 있는 곳도 집합금지 명령을 내리고....다음은 어디 차례인가요....... 밀폐공간의 다중 집합은 감염 위험성이 가장 크다는 것을 알면서 왜 환기가 잘되는 사유지 테라스 영업은 안되나요? 내년부터 시행예정이라는건 이미 준비 단계중이었다는 건데.. 생각지도 못한 이런 전세계적으로 어려운 감염시기에 왜 안되지요? 정부에서 1차로 돈빌려주고 2차로 쓰라고 재난지원금 주고 그리고 음식점에 사람이 모이니 경각심이 떨어져 자제하라고 하고...... 돈을 빌려주는 것도 좋지만 갚을 수 있는 방안도 모색해 줘야 하지 않겠습니까... 재난 지원금주고 지역상인 살리자고 하니 안심하고 식사할 수 있게 해야하지 않겠습니까..... 식당내 거리두기 시행으로 테이블로 줄이고 칸막이도 설치 했는데 뺀 테이블은 환기가 되는 테라스에 두면 안되겠습니까.... 계속 단속은 나오고 있고 다음엔 영업정지 7일 이라고 하네요... 저희 매장도 이달부터는 직원 감축을 하기로 결정하였습니다. 정말 어렵습니다... 정말 너무 힘이 듭니다...조금이라도 나아질 수 있도록 도와주세요.... 테라스에서 식사도 하고 커피도 마시고 빵도 먹을 수 있도록 허용해 주세요................................",
  "num_agree": 127,
  "petition_idx": "590309",
  "title": "식약처에서 내년 예정이라 부결 되었되었다는데요......"
}