{
  "category": "보건복지",
  "begin": "2020-07-06",
  "content": "안녕하세요 대한민국 국민입니다. 아래 6월30일 개정 7월1일 시행된 확진환자 이동경로 정보공개 반대 창원할려고합니다. 우리구(**구)예를들면 안전문자와서 들어가보면 뭐 참고할 내용없습니다. 볼것도없고요 증상발현2일전??부터공개요?? 증상없이 무증상자 속출하고있는데 그럼 그럴경우는 기준을 어떻게 잡고 공개할건가요?? 잠복기14일 이내 무증상으로 이곳저곳 다 싸돌아댕기고 이사람 저사람 다감염시키고 증상없으면 공개안하나여? 말도안되는 개정안 만들어서 사회에 더 혼란하게 하지맙시다. 그전처럼 확진자 다녀간곳 장소 상호 정확히 밝히세요!!!!!! 침해?? 바이러스가 우글거리고 감염될지도모르는 시국에 말도안되는 소리 하지마세요 제발 국민을위한다면 투명성있는 개정안을 들이밀고 국민에게 박수를 받는 정부가 됫으면합니다. 이글 동의하시는분들은 동의해주세요 「확진환자의 이동경로 등 정보공개 기준」 주요 내용 [중앙방역대책본부-확진환자의 이동경로 등 정보공개 안내 3판, '20. 6. 30 개정/'20. 7. 1. 시행] 1. 공개범위 (개인정보) 성별, 연령, 국적, 거주지 및 직장명 등 개인을 특정하는 정보를 공개하지 않음 (시간) 증상 발생 2일 전부터 격리일까지 공개함 (장소·이동수단) 확진자의 접촉자*가 발생한 장소 및 이동수단을 공개함 * (건물) 특정 층 또는 호실, 다중이용시설의 경우 특정 매장명, 특정 시간대 등 * (상호) 상호명 및 정확한 소재지 정보(도로명 주소 등) 확인 * (대중교통) 노선번호, 호선·호차 번호, 탑승지 및 탑승일시, 하차지 및 하차일시 - 시간에 따른 개인별 동선 형태가 아닌 장소목록 형태로 공개함 - 해당 공간 내 모든 접촉자가 파악된 경우 공개하지 않음 2. 공개기간 확진자가 마지막 접촉자와 접촉한 날로부터 14일 (공개 기간이 경과 후 정보 삭제)",
  "num_agree": 252,
  "petition_idx": "590368",
  "title": "6.30개정된 확진자 이동경로 정보공개 개정안 반대청원"
}