{
  "category": "기타",
  "begin": "2020-07-03",
  "content": "욕 먹을 수도 있지만 너무나도 답답해서 올려봅니다 ***학교 재학중인 학생입니다. 저희 학교 기숙사는 **건설에서 만들어 운영권을 가지고 있습니다. 현재 환불신청서까지 제출하였지만 5월말 6월말까지 공지 한두개 올라오면서 늦게 환불되는 것을 이해해 달라고 합니다. 기숙사비가 한 두푼도 아닌 백만원을 넘어가는데 이자는 커녕 7월이 되어 학교가 종강한 지금까지도 원금인 기숙사비 자체를 받지 못하는 실정입니다. 등록금도 아니고 이용하지도 않았던 기숙사비는 제깍제깍 돌려주는 것이 맞으나 여태까지 안 주는 것은 정말 아니라고 생각합니다. 전 우리학교를 굉장히 자랑스럽게 여기고 좋아합니다. 하지만 이번 일만큼은 정말 아니라고 생각합니다. 긴 글 읽어주셔서 감사합니다. [본 게시물의 일부 내용이 국민 청원 요건에 위배되어 관리자에 의해 수정되었습니다]",
  "num_agree": 447,
  "petition_idx": "590342",
  "title": "기숙사 환불 / **건설"
}