{
  "category": "경제민주화",
  "begin": "2020-07-03",
  "content": "최근 주식투자에 양도소득세를 과세하는 방안이 발표되었습니다. 소득이 있는 곳에 세금이 있으니 주식투자 매매차익에도 당연히 양도소득세가 과세되어야 합니다. 하지만 양도소득세 과세는 형평성 측면의 문제로 접근하지 말고 투자와 투기의 문제로 접근하는 것이 바람직합니다. 주식투자의 본질은 성장성이 높은 기업을 발굴해서 투자하고 기업의 성장과 함께 하는 장기적인 동업자가 되는 것입니다. 그런 차원에서 주식을 장기로 투자하는 올바른 투자자에게는 양도소득세율 감면 또는 비과세해 주는 별도 조항이 필요합니다. 장기투자자에게 세제 혜택을 주면 단타 중심의 투기가 줄어들고, 우량한 기업에 장기투자하는 문화를 만들 수 있습니다. 그리고 우량한 회사에 장기투자하게 되면 결국 먹튀하는 기업들이 사라지고 정말 실력과 기술을 갖춘 기업들에게 큰 도움이 될 것입니다. 만약 현행 방안대로 일률적으로 과세하는 경우 정부의 의도처럼 생산적이 되기는 커녕, 투기꾼들은 어떻게든 과세를 회피하는 방안을 찾을 테고, 결국 과세의 의도와 달리 올바르게 장기투자하는 투자자들이 더 큰 피해를 입게 될 수도 있습니다. 주택을 주택 본래의 목적인 주거의 목적으로 활용하는 사람에게 세제 혜택을 부여하듯이 주식을 주식투자 본래의 목적에 맞게 장기투자하는 투자자에게 혜택을 주는 조항을 삽입해 주시기 바랍니다. 대주주에게 과세하니까 소액주주도 과세해야 한다, 양도소득세를 부과하니까 증권거래세를 깎아줄께... 이런 식의 싸구려 명분보다는 올바른 주식 장기투자 문화를 만들기 위해 단타 중심의 투기꾼에게는 과세하고 장기투자자에게는 세제 혜택을 주겠다는 이런 명분이 더 국민들의 공감을 얻지 않을까요? 정부의 현명한 선택을 바랍니다. 대한민국 국민들의 올바른 투자와 행복한 노후를 기원하는 유튜브 **** 이** 올림. [본 게시물의 일부 내용이 국민 청원 요건에 위배되어 관리자에 의해 수정되었습니다]",
  "num_agree": 1867,
  "petition_idx": "590318",
  "title": "장기투자자에 대한 주식 양도소득세 비과세 방안이 필요합니다."
}