{
  "category": "교통/건축/국토",
  "begin": "2020-07-03",
  "content": "안녕하세요 30대 평범한 맞벌이 가정입니다. 2년 전 용인의 한 아파트에 신혼부부 특별공급으로 당첨된 무주택자이자 원분양자입니다. 당시에는 용인은 비규제지역 이였고 평범한 맞벌이 가정으로 남들이 부러워 할만큼 많이 벌지 못하지만 적금한다는 생각으로 알뜰살뜰 지금껏 모아왔습니다. 그런데 이번 6.17 대책으로 인해 모든 계획이 뒤엉키고 있습니다. 좀 기다리면 추가대책이 나오겠지라고 생각했는데 나올 기미가 없고 김현미 국토부 장관님은 현재 대책은 아무런 문제가 없다라는 식으로 나오니 황당할 따름입니다. 아파트 분양 당첨 전에는 미쳐 몰랐는데 막상 당첨 되니 중도금, 잔금 외에도 취득세, 중도금 대출, 확장비 등 나가는 액수도 제법 크고 많더군요. 저희는 대출의 최대치(LTV 70%)까지 받을 계획은 없었지만 그동안 모은 돈으로 분양 잔금 외에 것들을 내고 잔금시 필요한 금액에 대해 주택담보대출을 활용하려고 했습니다. 그러나 이번 소급 적용으로 계획했던 자금이 부족한 상황이라 모자란 돈을 어찌 메워야 할지 막막하기만 합니다. 저희 가정만 특별히 이런 건가요? 청원을 보면 저희 같은 사정을 가진 가정들이 부지기수인걸로 보입니다. 6.17 대책 이전 분양권 또는 계약자들에게 원래의 대출 적용이 그렇게 특별한 예외 조항인가요. 모든 법은 시행 이후 적용되는데 왜 유독 대출만 소급적용 되어야 하는지 납득이 잘 안됩니다. 현재 정부의 부동산 정책 기조가 다주택자의 투기 수요를 잠재우고 무주택자, 1주택자 가정에 안정적인 주택 마련을 위하는게 아닌지요? 저희와 같은 가정을 투기 세력으로 단정 지을 수 있을까요? 부디 보통의 평범한 삶을 꿈꾸는 가정에게 피해가 없도록 대출규제 소급적용에 대한 대책 마련을 해주시길 부탁 드립니다.",
  "num_agree": 857,
  "petition_idx": "590317",
  "title": "6.17 대책 이전 계약자들에게 적용 된 소급적용을 철회해주세요."
}