{
  "category": "문화/예술/체육/언론",
  "begin": "2020-07-02",
  "content": "지금까지 체육계 내에서 만연한 폭력행위, 인권탄압 등 반인륜적인 행위가 지속적으로 자행되어왔고, 여러 젊은 체육인들이 스스로 목숨을 끊었습니다. 이런 비극이 발생할 때마다 체육계는 사건을 무마하고 은폐하는데 치중하였습니다. 그러나 이런 비극이 수차례 반복되었고, 국민들의 지탄도 수 없이 있었습니다. 대한체육회는 이런 상황이 있을 때마다 재발 방지를 약속하였습니다. 심지어 대한체육회 회장은 지난 1월 체육계 내의 부당한 행위를 근절하겠다고 공언하였습니다. 그러나 지금 현실은 어떠합니까? 최근 경주시청 체육팀 소속이었던 최숙현 선수가 스스로 목숨을 끊었습니다. 체육계 내의 반인륜적인 악습은 근절되지 못했습니다. 여전히 폭력, 강압적 분위기, 폐쇄성, 등의 악습은 여전합니다. 대한체육회가 보여준 건 아무 도움도 안되는 인권센터를 설치하는 전시행정 뿐이었습니다. 솔직히 선수들이 체육계 인사를 고발하거나, 스스로 목숨을 끊었던 비극들이 최숙현 선수가 처음은 아니잖습니까 국민들은 수 차례 기회를 주었음에도 대한체육회는 변화하지 못했습니다. 국민들을 향해 사과하고 변화를 약속했지만 실제로는 그들만의 관행을 지키고, 국민을 기망하는 것뿐이었습니다. 이런 인사들이 어떻게 태극기를 달 자격이 있겠습니까 더 이상 인내하기 어렵습니다. 정부의 더 강력한 조치가 있어야 할 것입니다. 대한체육회를 해체하여 체육계를 쇄신하고, 모든 폐습과 불의를 타파해야 합니다. 한국 체육계를 없애라는 요청은 전혀 아닙니다. 쇄신의 상징적인 조치가 있어야 한다는 점을 강조하는 것입니다. 부디 이 청원을 계기로, 더 이상 선수들이 얻어맞는 일만큼은 없어졌으면 좋겠습니다.",
  "num_agree": 5771,
  "petition_idx": "590307",
  "title": "대한체육회를 해체하여 주십시오."
}