{
  "category": "인권/성평등",
  "begin": "2020-07-06",
  "content": "* 소.부.장 기업 육성의 막중한 국가 정책에 발맞춰 대표자의 폭언과 갑질이 만연한 이 사회의 부조리를 개선하여 근로자가 신바람 나게 일할 수 있는 문화가 정착되기를 희망 합니다. . 국내 토종기술로 우뚝선 유망한 기업이 월급사장의 횡포와 갑질로 국내외 굴지의 반도체 기업들이 외면하는 상황이며 이에 대표 *** 의 폭언과 갑질을 고발하여 스스로 물러날 수 있는 기회를 주어야 합니다. * 녹취록중 폭언과 갑질, 명예훼손 일부만 발췌 합니다. . [ 회의시간에 ] 따로 내가 콜해가지구 재떨이를 날려든지 씨~ . [ 대화를 할줄 모른다면서 ] 영어로하까 내가? 원하면 해주께 한국어를 못알아먹어~ . [ 자신의 감정만 소중 ] 시도때도 없는 고함지르기 . [ 회의시간에. 협력업체 상황 설명에 ] - 회의 참석자들에게 부정한 이미지 각인됨 야! 너 형제가 회사하냐 거기! 어! 이씨~ 업체 바꾸자는 소리 하니까 얼굴 빨개지지는거 보니까~ < 업체는 어디를 하셔도 상관없다 답변 > 그건 나중에 예기고~ 라며 말을 바꿈 . 속마음을 감추고 있다가 퇴사를 결정하는건 멍청하다고 함 *자신의 감정에 휘둘려 타인에 대한 눈꼽만큼의 배려도 없는 이런 어리석고 비인간적인 행태는 멈춰야 합니다 . 근로자는 하인이나 노예가 아닙니다. 우리 모두 하나의 인격체 이며 , 사회 구성원 으로서 자긍심을 가지고 살고싶을 뿐 입니다. . 대표로서 힘을 주지는 못할 지언정 비굴함과 자존감의 상실을 가하는 행위는 하지 말아야 합니다. [본 게시물의 일부 내용이 국민 청원 요건에 위배되어 관리자에 의해 수정되었습니다]",
  "num_agree": 139,
  "petition_idx": "590394",
  "title": "경기도 용인시 **구 소재 반도체 오염 분석설비 제조업체를 살려야 합니다."
}