{
  "category": "문화/예술/체육/언론",
  "begin": "2020-07-02",
  "content": "일본의 혐한운동은 상상을 뛰어넘을 정도로 심하고 가혹한 상태입니다.. 그리고 아베정권은 사실상 한국죽이려고 애를 몸부림 치고 있는 상황이구요.. 그런데 우리가 왜 일본을 위해서 그들의 국격을 높여주기 위하여 Jpop을 Kpop수준으로 높여주기 위하여 한국에서 배우고 익힌 예능기술을 일본에 전수시켜주며 그들을 키워줘야 하는 것인가요? 아무리 상업성이라해도 이것은 말하자면 문화적 기술유출이나 마찬가지인데, 정부에서 Kpop의 국가적 이미지와 한류흥행의 중요성을 아신다면, 돈에 Kpop 기술까지 팔아먹으려고 하는 ***같은 미친 행위에 대하여 철퇴를 내려야 하는 것 아닌가요? 적어도 그들에게 절대 이득이 되지 않음을 정부에서 보여줘야 할듯 싶습니다. 솔직히 수많은 네티즌들의 원성이 높은데, 파렴치한 행위 아닌지요? 더군다니 최근에 들은 뉴스로는 일본의 아이돌업계에 뿌리부터 싹 고쳐주겠다고 하니, 이 인간이 일본사람인지 아닌지 의심스럽습니다. 이런 매국노적인 행위가 힘을 받지 못하도록 문화적 기술도 보호하는 정책을 마련해주시기를 바랍니다. 산업기술만 기술이 아니고,이런 문화적 기술도 기술안에 포함시키던지 법이 아니더라도 이런 어이없는 일은 하지 못하도록 다양한 방법으로 철퇴를 가해주셨으면 합니다.. 그냥 보통 한국사람들이 느끼는 것을 ***은 못느끼는가 ? 돈에 Kpop의 정체성을 일본에 팔아먹고도 뻔뻔스런 이런 자에게 철퇴를 부탁드립니다.. 일본은 나중에 자신들이 더 잘났다고 할 인간들 아닙니까? 아무리 돈이좋다하지만 할짓이 없어서 일본애들 키워줍니까? 우리와 늘 비교하면서 깔아뭉개는데 힘을 쏟을 일본인데요? 그동안 일본은 한국이 잘되는것 시기,질투로 서방언론과 친한 관계를 이용하여, Kpop이 한국정부의 육성정책의 힘으로 키워진것이냥 거짓말을 퍼뜨려 마치 Kpop은 예술성없이 정부의 힘으로 되어진 인위적이고 기계적인 음악으로 얼마나 폄하해 왔습니까? 아직도 그렇게 알고 있는 서양인이 너무도 많습니다. 지금도 여러가지로 한국을 헐뜯고 위해하고 있는 일본에 Kpop을 접목시켜 키워주려고 하다니요? 정말 미친 짓입니다. 있어서는 안될일을 ***이 하고 있다고 보며, 다른 사람들도 이런 일을 해도 괜찮다는 잘못된 인식을 심어줘서는 안된다고 봅니다. [본 게시물의 일부 내용이 국민 청원 요건에 위배되어 관리자에 의해 수정되었습니다]",
  "num_agree": 691,
  "petition_idx": "590305",
  "title": "******등이 Kpop의 정체성을 돈에 일본에 팔아먹는 행위를 막아주세요.."
}