{
  "category": "보건복지",
  "begin": "2020-07-06",
  "content": "한국인 30%는 유전때문에 알콜 분해 중간단계 효소가 약합니다. 한잔, 맥주 180cc만 마셔도 금새 뻘게지는 분들이죠. 이때 1급 발암 물질인 알데히드가 혈중에서 치솟고 맥박도 빨라지고 두통, 메쓰꺼림, 가려움, 졸림 등 여러 독증상들이 나타나지만 직장 회식, 동아리 뒷풀이에서 대부분의 상사와 선배는 혈액순환이 좋은거라면서 술을 계속 권합니다. 이분들은 고통스럽죠. 서양은 효소 약한 사람이 드물어서 - 북미•유럽 교과서를 주로 보는 - 국내 의학계에 별로 알려져있지 않습니다. 병원, 보건소에서도 강조를 덜하는 이유죠. 그러다보니 방송 드라마의 술 건배 장면이 한국인의 음주 능력을 갓성인들에게 교육하고 있습니다 ㅜ 제일 좋은 방법은 성인이 되는 19세에, 졸업하는 모든 고3에게 한국인의 음주 능력 - 특히 무려 30% 한국인은 한잔도 독이라는 - 금새 얼굴 붉어지는건 1급 발암 물질이 몸에서 치솟는다는 사실을 교육시키는겁니다. 더 마셔서는 안되고 권해서도 안된다고요!!",
  "num_agree": 514,
  "petition_idx": "590361",
  "title": "고3 졸업때 한국인의 음주능력을 교육시켜주세요! 금방 빨게지는 30% 한국인에게 한잔도 독인데 계속 술을 권해요 ㅜ"
}