{
  "category": "교통/건축/국토",
  "begin": "2020-07-06",
  "content": "정부의 6.17 부동산 대책에 관련해 이의를 제기 합니다 수도권 대부분을 투기 과열지구 조정지구로 선정하여 대출을 못하게 묶어 두면. 서민은 도대체 어떻게 내집 마련을 한단 말입니다까. 수도권은 서민이 현금으로 적어도 2-3억을 가지고 있어야 내집 마련이 가능하다는 건데. 현금2-3억을 가지고 가지고 있는 서민이 있습니까? 서민의 삶은 항상 고단하고 팍팍합니다. 좋은 직업을 찾기는 더욱 어려워 지고 있고. 가정을 꾸리고 아이를 키우게 되면. 드는 비용이 많아. 정말 열심히 살아도 그렇게 많은 돈을 모은다는 건 어려운 일 입니다 또한 몇십년에 걸쳐 모은다고 해도 미래에는 집값이 더욱더 올라가면 정말 평생 전세.월세 살아야 되는 처지가 됩니다 현대 사회에서 안정된 주거 보장 되야지 안정된 사회 생활 가정 생활이 가능해 집니다. 안정된 주거는 곧 안정된 생활인 겁니다. 그래서 서민은 어떻게 해서든지 내집 마련을 하려고 하는 겁니다 정부의 잘못된 부동산 규제 정책으로 서울의 집값을 잡지 못해. 풍선 효과로 전국의 집 값이 올랐는데 정부 당국은 책임 지지 않고 올라가는 집값에 막막하여. 내집 마련을 어떻게 든지 하려고 하는 서민의 꿈을 막는다 저는 바람직 하지 않다고 봅니다 정말로 집값을 잡을 생각 이면 다주택 자가 주택 추가 매입 시 취등록세를 500-600프로로 상향하여 적용 하든지 다주택자 보유세를 인상하여 투기를 막던가 아니면 다주택자가 얻는 개발 이익을 국가에서 징벌적 세금을 과세 하면 되는데. 정작 현재는 대출을 막아 서민의 내집 마련을 막고 있습니다. 다주택자및 부자들은 대출이 필요 없습니다 이번 규제로 인한 피해자는 집값이 갑자기 올라 아떻게든 내집을 마련하려는 서민들 입니다 정말 부동산 가격을 잡고 싶은 의지는 있으신가요. 정부에게 요청합니다 제발 서민의 내집마련의 꿈을 더이상 없애지 말아 주세요 그리고 서민의 내집 마련을 투기가 아니라. 괴물같이 치솟는 집값때문에 어떻게 집을 힘겹게 마련하려는 힘겨운 투쟁으로 보다 따뜻하게 바라 보아 주십시요 내집 마련을 하려는 서민은 투기꾼이 아닙니다",
  "num_agree": 473,
  "petition_idx": "590379",
  "title": "서민의 내집마련은 투기가 아니라 서민의 평생 소망입니다"
}