{
  "category": "교통/건축/국토",
  "begin": "2020-07-06",
  "content": "민식이 법 및 도로교통법의 개정에 대해서 청원을 드립니다. 위 사항들은 운전자들의 최소한의 방어권을 보장해 주지 못할 뿐더러, 오히려 교통법규를 지키는 쪽이 가해자가 되어야 하는지 저로써는 이해가 되지 않습니다. 만일 둘다 범법행위를 저질렀을 경우에야, 피해자와 가해자의 경계 및 과실여부를 따지는 것이 옳다고 판단되지만, 운전자는 교통법규를 지켰는데, 보행자가 교통법규를 안지키는 사항에 대해서도 왜 운전자가 가해자가 되어야 하는지 이해가 되지 않습니다. 이전에 민식이 법 개정에 대하여 조사를 철저히 하여, 선의의 피해자가 발생하지 않도록 한다는데, 아래 링크와 같은 일이 왜 벌어지는 걸까요? 제발 현실에 맞는 법 개정을 요청드립니다.",
  "num_agree": 2209,
  "petition_idx": "590353",
  "title": "민식이법 및 도로교통법 개정을 청원합니다."
}