{
  "category": "농산어촌",
  "begin": "2020-07-06",
  "content": "문재인 대통령님께 저는 경기도 광주에 사는 53년생 농민입니다. 청와대에서 ‘반칙 없는 세상’ 만들기에 힘쓰시다 귀농해 손녀를 자전거에 태우고 다니시던 노무현 전 대통령의 소탈한 모습에 큰 감동을 받은 뒤, 박근혜 전 대통령이 비닐하우스에 패널로 지어 살 수 있게 해주겠다는 말에 솔깃해 세상살이에 적응을 못하고 어려웠을때라 순박한 흙에서 참회하며 살고 싶어 귀농을 결심했습니다. 6년 전부터 귀농귀촌 교육과 농기계 교육 등 십여 가지 각종 교육을 받고 농업인 대학도 졸업했습니다. 농민들이 고생하기에 그린벨트 농지에 거주 목적이 아니면 창고와 숙식을 할 수 있는 농업용 관리사를 지을 수 있도록 법에 예외규정을 두어 농민들에게 혜택을 주고 있습니다. 거주를 못하게 하는것까지는 이해가 되나 법적으로 숙식을 허용하고 창고를 지어 이용하게 하면서도 먹고 배설할 수 있는 화장실 등 편의시설은 설치하지 못하게 하는 현실은 모순이라 생각합니다. 제도와 현실은 너무나 많이 달라 포기하거나 다시 도시로 회귀하는 사람도 많습니다. 새벽에 일어나 늦은 밤까지 전등불을 켜놓고 일할때가 다반사로 낮에는 덥고 힘들기에 좀 쉬어야하는데 반려동물보다 더 못한 처지라 쉴 곳이 마땅치 않아 어느 누구보다 열악한 환경에서 생활하며 고생하는 순박한 영세 농민에게도 삶의 질이 향상될 수 있게끔 샤워장과 정화조를 설치할 수 있도록 해주시길 바랍니다. 또한 인분은 거름이 되어 옥토를 만들어주기에 도시지역이라도 주거지역과 달리 정화조를 설치해도 피해가 전혀 없으니 예외 규정을 마련해주시면 감사하겠습니다. 그린벨트와 공원도 자연환경지구는 산림이 아닌 농지에 한해서 실정에 맞게끔 완화 시켜 주택 안정에 도움이 되었으면 합니다. 제도를 탓하는 것이지 공무원을 탓하는 것은 아닙니다. 어떤 공무원은 불법 건축물도 어차피 허가 내줄 것이라며 도면까지 그려서 허가를 내주고, 그린벨트 규정을 복사해 밑줄까지 그어주며 그 범위 내에서 하라고 친절하게 가르쳐 주는 담당자도 있습니다. 저희 신동헌 시장님은 농업전문 PD출신이라 로컬푸드와 텃밭가꾸기 등 농민에 대해 배려가 많습니다. 특히 체험농장을 하려면 푸세식 화장실은 악취 때문에 어린이들이 이용을 하지 않는데 푸세식 화장실은 되고 정화조는 안 된다고 합니다. 법은 하나인데 담당자마다 다른 자치단체와 제도를 다르게 적용하고 있습니다. 참고로 비닐하우스를 양성화하면 다음과 같은 장점을 거둘 수 있습니다. 첫째, 영세한 농민의 주거 환경을 개선할 수 있습니다. 둘째, 젊은이들의 귀농귀촌 활성화로 주택난 해소에 도움이 됩니다. 인구 분산으로 집값 안정에도 많은 도움이 될 것 같습니다. 셋째, 농업 경영체에 등록될 수 있는 1,000평방미터 정도의 일정규모 이상 농지에 무주택자 1세대만 허용하면 난개발을 방지할 수 있고 농지에 한하기 때문에 그린벨트 훼손도 안할것 같습니다. 넷째, 비닐하우스 생활이 비록 열악하긴 하지만 복잡한 도심에서 월세방을 전전하며 부대낄 때보다는 마음이 편안합니다. 특히 아이들이 아파트에서는 층간 소음으로 마음껏 뛰어 놀지 못하고 자연을 멀리하며 TV와 스마트폰에 매달려 감성이 메마를 수밖에 없는데 이를 방지할 수도 있습니다. 20평대 아파트가 10억인데 반해 2~3억이면 300평규모의 텃밭을 가꾸고 자연학습도 하며 건전하게 전원생활을 즐길수도 있습니다. 따라서 대부분 영세농이며 거의 불법으로 거주하고 있는 비닐하우스 거주자에게 규제만이 능사는 아니라고 생각됩니다. 습기도 많지만 더위에는 비지땀을 흘리고 추위에 떨며 불법에 마음 졸이고 살아야 하는 영세농민을 부디 헤아려 주시기 바랍니다. 중국의 장가계처럼 보존과 개발을 병행해 양성화시켜 주셨으면 합니다. 이번 총선 승리를 통해 큰 힘을 얻으셨을 테니 남은 임기 안에 더 많은 민생을 보살펴 후세에 노무현 대통령 못지않게 위대한 대통령으로 남게 되기를 기원합니다. 맨날맨날 행복하십시요. 2020년 7월 3일 010 **** **** 경기 광주 농민 김** 올림 [본 게시물의 일부 내용이 국민 청원 요건에 위배되어 관리자에 의해 수정되었습니다]",
  "num_agree": 290,
  "petition_idx": "590393",
  "title": "주택안정(비닐하우스 양성화)"
}