{
  "category": "인권/성평등",
  "begin": "2020-07-06",
  "content": "저는 화성시 **동에 전세로 살고 있는 세입자입니다. 현재 4년째 살았고 계약기간이 지나 전세보증금 반환신청을 변호인 도움으로 현재 진행중입니다. 전세금을 받기 위해 내용증명도 수차례 예전부터 보냈어나 전세 보증금 반환은 커녕 오히려 반대로 전세보증금을 주지않고 나가라고 하면서, 살림살이를 빼지 않으면 월세를 내라는 식으로 하면서 변호사를 고용하여 세입자인 저를 괴롭히는 건물주 입니다.. 저는 직장문제로 타지에서 열심히 직장을 다니고 있는데 건물주가 보증금을 주지 않기 위해 소송을 제기하여 요즈음 건강이 많이 안 좋아졌습니다. 저는 선순위자, 확정일자도 우선순위에 있는데 왜 이렇게 괴롭히는지 막무가네 쫒아내려는 것은 법치국가가 아닌 것 같습니다. 현재, 경찰에도 진정서를 냈지만 아직 지지부진한 상황이나서 이렇게 서민이 진정서를 올립니다. 서민을 위한 정부가 나서야 할 시간, 서민의 마지막 보류 전세보증금을 하루빨리 돌려 받고 싶습니다. 부탁 드립니다. ㅠㅠ [본 게시물의 일부 내용이 국민 청원 요건에 위배되어 관리자에 의해 수정되었습니다]",
  "num_agree": 155,
  "petition_idx": "590376",
  "title": "건물주 위력에 의한 상습 협박 및 권리침해"
}