{
  "category": "교통/건축/국토",
  "begin": "2020-07-03",
  "content": "대통령님에 건승과 국정 성공을 기원합니다. 국민에 한사람으로서 작금에 현실을 보다못해 청원드립니다. 집값 안정을 위해 노력하시는줄 알고있습니다. 그럼에도 안정은 커녕 21번쨰 대책을 얼마전에 발표했습니다.그럴리야있겠랴만은시중에서는 집값을 못잡는것인지 안잡는것인지 아리송한 애기들이 돌고있습니다. 무엇에쫒기듯 급조된 허겁지겁한 모습과 국민을 대상으로 잠재적 범범자와 투기세력으로 규정짓는것도 맘에들지않습니다.규제와 압박 징벌적 세금 만이 능사가되어버린 정책이야말로 누가봐도 하수 정책입니다.규제와 압박 징벌적 세금 정책으로 어찌 시장을 이기려고만 하는지 한심하고 답답합니다.현재까지도 혼란과 불안은 계속 되고있으며 특정지역은 계속 상승하고 지방 중소도시는 계속 하락하고있습니다. 국토에 균형있는 발전과 지역에 양극화를 최소화 해야하는 국토부에 제일 큰 업무마저 저버리고 말았습니다. 주무장관으로서 정책 실패를 자인하고 용퇴해야 마땅한데도 아직도 그자리에 버티고있습니다.집권 후반기를 맞이하여 전 국민에 지대한 관심사항인 집값 안정과 경제에 심각성을 고려하여 정책 실패와 실수를 거듭하는 무능한 국토부 장관을 경질하여 국민에 원성을 잠재워 주실것을 간절히 청원합니다. 그리고 시장과 경제논리를 잘 아는 시장 친화적인 능력있는 인재를 진영을떠나 널리 구하여 그로 하여금 규제와 압박 징벌적 세금으로 일관한 현 정책을 원점에서 재 정검하여 새로운 정책으로 일신토록 하십시요.부동산도 경제에 큰 축인만큼 적대시하지말고 잘 활용하여 어려운 이시기에 경제 활성화와 내수시장 진작에 기여토록하십시요..뜻과 의도가 아무리 좋아도 경제가 활성화 되지않으면 모든게 허상일뿐이며 경제에는 정의의 잣대가 무의미합니다. 능력있는 새로운 인재로 새 국토부장관을 발탁하시어 집값 안정과 소외된 지방 중소도시까지 아우르는 따스하면서도 지혜롭고 냉철한 나라다운 정책으로 새롭게 거듭나게 하여주세요.",
  "num_agree": 7572,
  "petition_idx": "590332",
  "title": "김현미국토부장관 해임을 청원합니다"
}