{
  "category": "기타",
  "begin": "2020-07-02",
  "content": "안녕하십니까? 저는 경남 남해군에 거주하고 있는 정**입니다. 제가 이렇게 국민 여러분께 도움을 청하는 이유는 40년을 넘게 살아온 저희집을 한국자산관리공사에서 경매로 처분하겠다는 통보를 해와서 입니다. 자세한 사정은 이러합니다. 돌아가신 저의 아버님께서는 40년도 전에 지금 저희 가족이 살고 있는 집을 매입하셨습니다. 그리고 이 집은 제 막내동생들이 태어나고 제 아들이 태어난 흔적이 고스란이 묻어 있는 저희 가족들의 고향이고 터전입니다. 그런데 문제는 아버님께서 그 당시 집을 매입하면서 집문서만 받아서 챙기시고 등기를 이전하지 못하셨습니다. 이미 현재의 등기상 집주인이 다른 사람에게 집을 팔았고 저희는 다시 그 사람에게 매입을 하였기 때문입니다. 예전에는 그렇게 집문서만 받고 집을 거래하는 경우가 더러 있어다고 합니다. 시간이 지나 아버님께서는 등기를 이전해야된다는 걸 아시고 등기상의 집주인에게 찾아가 이전을 해달라고 요청하였는데 그 집주인이 다른 사람을 통해 근저당을 설정하고 연락을 끊어 버려 처리하지 못하였습니다. 시간 그렇게 더 지나고 아버님께서는 돌아가셨고 시골에서 농사나 짓던 미련한 저는 자식 키우고 먹고살기에 빠듯하다보니 나중에 정부에서 다시한번 집의 명의를 찾아주는 정책을 시행할때 신청하여 명의를 이전해야겠다고 마음 먹고 있다가 올해 마침 그러한 정책을 시행한다는 이야기를 듣고 준비하고 있는데 청천벽력 날벼락처럼 한국자산관리공사에서 경매를 시행한다는 통지서가 도착한 것입니다. 등기상의 집주인이 무언가를 체납하여 그렇다고 하는데 저희에게는 알려줄 수가 없다고 합니다. 저희가 어떻게 해야하는지 대리변제라도 해야하는지 방법을 여쭈어도 등기상의 집주인과 연락이 되지 않는다고 알려줄 수 없고 방법도 없으니 그냥 알아서 대처하라고만 합니다. 저는 지금 이 집에서 수십년간 지역의 새마을지도자를 역임하고 연합회장도 역임하였으며 현재는 동네의 이장을 맡아서 봉사하고 있습니다. 저희 동네의 전 주민이 이 집의 주인이 누군인지 알고 있고 저의 신분이 저렇게도 확실한데 국민들의 생활을 돌보고 심지어 빚도 탕감하여 보전시켜주는 정책을 펼치는 한국자산관리공사에서는 방법이 없다고 나몰라라 하시니 답답하기가 이루 말할수가 없습니다. 그동안 정부에서 펼친 여러 정책들은 보기에만 그럴듯한 책상물림 정책이었습니까? 부디 억울한 저의 사연을 읽어주시고 동의하여 주셔서 한국자산관리공사와 정부의 담당자가 실제 현장을 확인하고 저희가 대대손손 이 집에서 살아갈 수 있도록 도와주시길 부탁드립니다. [본 게시물의 일부 내용이 국민 청원 요건에 위배되어 관리자에 의해 수정되었습니다]",
  "num_agree": 477,
  "petition_idx": "590304",
  "title": "억울하게 빼앗기게 생긴 저희 집을 구해주세요"
}