{
  "category": "문화/예술/체육/언론",
  "begin": "2020-07-02",
  "content": "트라이애슬론(철인 3종 경기) 국가대표 출신인 23세 최숙현 선수가 전 소속팀의 무자비한 폭행과 가혹행위로 인해 스스로 목숨을 끊었습니다. 2020년 대한민국에 아직도 이런 가혹행위가 벌어지고 있는 현실에 분노를 금할수 없으며 꽃다운 나이에 생을 마감할 수 밖에 없었던 최숙현 선수의 죽음이 매우 애통해 하며 고인의 명복을 빕니다. 사건의 가해자인 경주시청 전현직 관계자들은 반드시 최고의 법정양형으로 사법적 판단을 내려야 합니다. 아울러 이 사건을 방조하고 묵인하며 늦장 대처한 대한체육회의 모든 임직원들, 경주경찰서와 검찰 관계자들도 반드시 처벌해야 합니다. 이것이 정의고 적폐청산입니다. 한국 체육계의 고질적인 문제를 계속 방기하고 묵인하는 대한체육회의 해체도 필요합니다. 사설 민간단체에 국가예산을 4천억이나 지원하면서 각종 비리와 부조리를 키우고 있는 것은 어찌보면 대한민국 정부일 수도 있습니다. 대한체육회가 이 문제를 이제서야 감사한다고 하지만 감사를 한다고 체육계의 고질적인 문제가 해결되지 않습니다. 각종 성폭행, 비위 문제마다 솜방망이 처벌과 제식구감싸기로 인해 체육계의 악마적 관행은 끊이질 않고 있습니다. 더이상 자정능력이 작동하지 않는 단체에 불과합니다. 체육계를 위해 애쓰는 많은 선수들에 대한 지원은 제발 다른 차원에서 검토해주시기 바랍니다. 문재인대통령님! 말로만 적폐청산하지마시고 국민들의 마음을 헤아려주시길 바랍니다.",
  "num_agree": 8092,
  "petition_idx": "590302",
  "title": "고 최숙현 선수의 죽음에 분노하며 대한체육회 해체를 촉구합니다"
}