{
  "category": "기타",
  "begin": "2020-07-06",
  "content": "너튜버 리**는 구독자를 속이는 행동,사기행위가 나왔습니다 먼저 예전에 프로필에는 어느 너튜버 류** 프로필을 도용을 했습니다 그리고 너튜버에게 욕설 사기등을 했습니다 리**는 최근에 올린 영상에는 로***라는 게임으로 뽑기라는 주제로 영상을 올렸는데 거기에서 뽑기에 성공한 사람에게 사기를 치려다가 결국 주었는데 어느 한분에 영상에 그 받은 사람이 리**의 동생으로 나왔다고 합니다 또한 뽑기 성공한 사람들은 그의 지인으로 밝혀졌습니다 또한 리**는 겜**사건에서 사기를 당해 저격영상을 올린 타시,그냥인간,종이코끼리 그리고R3마지막으로 리**님이 사과문을 했는데 리**님은 자신이 가해자인데 사과문은 커녕 사과문을 올리고 비공개로 하는 사건으로 구독자들이 욕을 먹습니다 그밖에도 리**님이 허위사실과 함께 띵**님이 이벤트 당첨자가 띵**동생이라며 말했지만 그것은 거짓으로 나타났습니다 그렇게 남을 비하하면서 자신을 회피하기 위해 많은 사기와 저격과 거짓된 사과문을 열면서 반성에 기회를 주고 싶기에 이 글을 적습니다 부디 리**가 정신을 차리길 바랍니다 [본 게시물의 일부 내용이 국민 청원 요건에 위배되어 관리자에 의해 수정되었습니다]",
  "num_agree": 366,
  "petition_idx": "590377",
  "title": "너튜버 리** 법적으로 처벌해주세요"
}