{
  "category": "인권/성평등",
  "begin": "2020-07-03",
  "content": "안녕하십니까?? 신혼희망타운에 22년 입주를 기다리고 있는 입주자 입니다. LH공사에 유X브 및 블로그에 게시한 신혼희망타운 홍보영상이 신혼희망타운 입주자들 사이에 크게 문제가 되고 있습니다. 동영상 은 현재 게시가 중지된 상태 이지만 이미 복사가 되어 불특정 다수가 시청을 하고 있습니다. 홍보 영상 내용인 즉슨.. 첫번째 커플편 영상 시작과 동시에 신음소리와 함께 청년 남녀의 애정행각을 묘사하는 내용이 담겨 있습니다. 청년 남녀는 공공장소에서 애정행각(선정성 다소 높음)을 하다 다른 사람에게 쫒겨 나가면서 \"일단 넣어보자 신혼희망타운\" 이라는 문구를 남깁니다.. 처음 영상을 접하였을땐 모텔 홍보영상 인가?? 라는 착각을 불러올 정도로 선정적이며 신혼희망타운에 입주하는 모든 입주자들을 비하하는 영상이라고 판단이 됩니다. 두번째 공포편 영상에는 부부가 허름한 집에서 거미가 내려오고 벌레가 나오는 집에서 사는 모습이 나옵니다. 신혼희망타운에 입주하는 모든 입주자가 취약계층 이라는 판단에 의해서 만들어 진건가요?? 신혼희망타운 결코 싼 가격이 아님을 정부는 알고 계신가요? 발코니 확장 비용 별도로 타 브랜드 아파트 보다 비싸며, 옵션 가격또한 브랜드 아파트보다 비쌉니다. 그런데 신횐희망타운에 입주하는 모든 입주자가 허름하고 거미가 내려오고 벌례가 나오는 집에서 사는걸로 표현을 하였습니다. 현재 네이버, 다음 등 뉴스를 통해 한국경제 단독 기사로 올라왔지만 기사또한 오래가지 못하고 삭제되었습니다. 이것은 명백하게 언론의 자유를 막았으며, 외압에 의해 삭제되었습니다. 과연 정부는 신혼희망타운의 취지가 무엇인지 다시금 확인하셔야 할 거 같습니다. 신혼희망타운!! 슬로건이 부끄럽습니다!! 정산적잉 홍보 영상이라 함은 신혼희망타운의 특화점(신혼인프라, 자녀 키우기 좋은 인프라 등)을 표현하는 것이지 선정성, 취약계층 처럼 보이게 만드는 게 아닙니다. 해당 영상을 제작한 회사와 해당 영상을 승인한 LH공사 홍보담당자 처벌을 부탁 드립니다. 이미 분양받은 아파트의 이미지 손실 및 가치가 하락했으며, 충분히 단체로 LH 상대로 손배소 해도 될 것 같습니다. 부디 정부의 취지에 걸맞게 신혼희망타운을 올바르게 표현하고 이미지 회복을 부탁 드립니다.",
  "num_agree": 1819,
  "petition_idx": "590327",
  "title": "LH공사 신혼희망타운 홍보영상 과연 이것이 정부가 원하는 방향 입니까??"
}