{
  "category": "미래",
  "begin": "2020-07-06",
  "content": "3기 신도시를 넘어 4기 신도시까지 말이 나오며 서울과 수도권에 집중된 도시철도망은 더욱더 촘촘해지고 빼곡해질 예정입니다. 이로 인해 대중교통의 수혜는 서울 수도권에만 집중되고 지방은 더욱더 말라가고 있습니다. 인구 백만 도시 중 유일하게 울산과 창원만 도시철도가 없습니다. 참 안타깝고 한스러운 지난 세월입니다. 이런 상황에서 창원산업선 계획이 발표되었습니다. 영남권 광역철도망의 마지막 퍼즐입니다. 창원산업선이 실현된다면 창원-대구-울산-부산을 잇는 영남 광역 철도망이 실현되며 그동안 소외되어 왔지만 인구는 경기도보다 많은 영남에 큰 미래성장동력이 될 것입니다. 자차로 도로와 거리에서 유류비, 시간을 날리는 이 불합리를 언제까지 감수해야 합니까? 지방에 산다는 이유로 인구나 경제권에서 수도권에 밀리지 않는데 왜 그동안 광역철도를 깔아주지도 않는 것입니까? 이대로 간다면 지방에 남아 있을 사람이 누가 있겠습니까? 지방이 소멸되는 것이 이 나라의 목표인가요? 창원산업선을 통해 창원-함안-창녕-대구 영남권 산업단지의 다시 한번 부흥과 부전마산복선전철과의 연계로 신항, 신공항과 시너지 효과를 볼 수 있어 국가적으로 봐도 큰 혜택입니다. 창원산업선 반드시 성사시켜 추진 바랍니다. 대통령님께 피끓는 심정으로 지방의 소외된 국민으로써 요청드립니다. 감사합니다.",
  "num_agree": 1192,
  "petition_idx": "590371",
  "title": "창원산업선은 지역의 균형발전을 위해 반드시 필요합니다."
}