{
  "category": "일자리",
  "begin": "2020-07-06",
  "content": "민주당이 지난 선거에서 방통대 로스쿨을 개설하겠다고 공약으로 내걸었습니다. 그럼에도 불구하고 올라오는 뉴스들을 보면 변호사협회의 반대가 높다는 식의 기사들 뿐이고 추진이 않되고 있는 것으로 보입니다. 현 집권여당 민주당은 방통대 온라인 로스쿨을 신속히 준비하여 개설하여 주십시오. 현재 변호사들이 반대하는 것은 자신들의 기득권을 위해 그러는 것 뿐이라고 보입니다. 로스쿨 도입으로 변호사 수가 많아졌다고 하지만 일반 시민들이 느끼기에는 여전히 형사소송 기본 550만원 이상 민사소송도 최소 300만원 이상 행정소송 역시 300만원 이상인 상황에서 전혀 체감할 수 없는 실정입니다. 미국처럼 공인중개사만큼 변호사 수가 많아져야 한다고 생각합니다. 스스로 경쟁해서 양질의 서비스를 제공하는 변호사가 살아남을 것이기에 변호사 수가 늘어나는 것을 걱정하는 것은 기득권을 지키기 위한 것으로 보일 뿐입니다 . 현재 로스쿨은 30세 이상은 %가 매우 낮으며 20대가 대부분이고 전업으로 공부만 할 수 있는 극소수의 사람들이 대부분으로 보입니다. 30세 이상 고령자들과 주부 , 직장인 등 온라인 로스쿨이 많고 변호사가 될 기회를 더 많은 계층에게 주어 다양한 사람들이 변호사의 꿈을 펼칠 수 있고 최소 비용으로 공부할 수 있는 계층간의 이동 사다리를 만들어 주어야 합니다. 미국이나 유럽 등도 온라인 로스쿨이 있으며 전업으로 공부하지 않더라도 노력 여하에 따라 변호사 시험에 합격하는 자들은 변호사로서 얼마든지 사회에 기여할 수 있다고 생각합니다 . 민주당은 기득권층 변호사협회 등의 의견보다는 시민들의 의견과 공약을 한 대로 방통대 온라인 로스쿨을 준비하여 신속히 개설해 주시길 요청합니다.",
  "num_agree": 418,
  "petition_idx": "590390",
  "title": "민주당은 선거 공약대로 방통대 온라인 로스쿨을 신속히 개설해 주시기 바랍니다."
}