{
  "category": "육아/교육",
  "begin": "2020-07-03",
  "content": "안녕하세요 전북 익산의 ****대학에 재학중이다 대학생 입니다. 이번에 코로나 사태로 이 학교에서는 1학기 내내 비대면 강의를 진행하였습니다. 그러나 등록금 환불은 커녕 2학기때 등록금 감면할 생각도 없어보이고 심지어 국가 장학금도 보류한다는 문자까지 보내더군요 [****대학교] [Web발신] [국가장학2유형 안내] 2020학년도 1학기 국가장학2유형(지역인재장학 제외)선발은 코로나-19 및 비대면수업의 장기화로 인해 장학생 선발의 공정성과 형평성 등을 감안하여 불가피하게 1학기 대학 자체 선발계획을 보류하고 2학기에 선발할 예정입니다. 2학기는 기존 지급조건의 완화, 지급대상자 확대 등 노력을 통해 더 많은 학생이 수혜받을 수 있도록 운영할 계획이오니 양해 바랍니다. 이 문자가 바로 그 논란의 문자입니다 따라서 저는 이 학교 재단인 *** 재단이 뭔가 문제가 있다 생각하여서 수사를 의뢰하고자 합니다 지금 이 대학 제단은 이 대학을 재학중인 학생들을 기만할 뿐만 아니라 학생들의 꿈을 꺾고있다고 느껴집니다. 안그래도 아르바이트 구하기 힘든데 말이죠 요즘 시대에는... 그런 시국인데 불구하고 이 대학 재단은 재학생들을 더 힘들게 합니다. 이에따라 저는 대한민국의 정의로운 정부와 헌법에 종사하시는 분들께 *** 재단에 대해 수사의뢰를 요청하겠습니다 [본 게시물의 일부 내용이 국민 청원 요건에 위배되어 관리자에 의해 수정되었습니다]",
  "num_agree": 581,
  "petition_idx": "590345",
  "title": "**대 재단인 *** 재단 수사 의뢰 부탁합니다"
}