{
  "category": "인권/성평등",
  "begin": "2020-07-02",
  "content": "문재인 대통령님!!! 갑질 공무원을 조치해주십시오!!! **읍 덕소지역은, 약7만의 남양주시에서 손가락안에 드는 큰도시입니다. 그러나 이웃한 다산, 하남, 미사에 비해서 주거, 환경, 도로등 형편없이 낙후되어 있습니다. 날이 갈수록 교통지옥은 가중 되어가고 있습니다. 더욱 한심스러운건 조광한 남양주시장의 독단적인 신도시 중심정책으로 인해, 주민들의 탈덕소 현상이 심화되어가고 있다는 것입니다. 주변도시에 대한 상대적 박탈감과 무력감으로 덕소주민들의 민심은 그야말로 폭발직전 입니다. 더욱 분개스러운 것은 지역발전을 도모하며 주민들의 편의서비스를 위해 존재해야할 **읍사무소의 행태입니다. 읍장이하 일부직원들은 마치 조선총독부 점령군 처럼 주민들의 목소리를 공권력으로 제압하고 있습니다. 아주 오래전 부터. 읍사무소직원 ***, **팀장 ***, **장 ***는 덕소지역 발전을 반대하는 정체불명의 민원을 이유로 들어 덕소주민들의 합법적인 행동을 무자비하게 짓밟고 있습니다. 덕소뉴타운 교통대책, 덕소역9호선연장, 덕소역KTX 정차요구는 문재인 정부가 지향하는 차별없는 교통복지를 실현에 부합하는 아주 당연하고 정당한 요구입니다. 집회신고후 주민들이 뙤약볕에 절절한 목소리를 플래카드로 표현하고, 피겟 일인 시위로 교통복지대책을 주장하고 있는데, 현수막을 지키지 않고 있다는 이유로, 쥐새끼들 처럼 노리고 있다가, 주민들이 식사하며 휴식하는 시간을 틈타 수십개의 현수막을 철거반을 동원해 짤라 갔습니다. 분통이 터집니다. 철거에 가담한 읍사무소 직원과 책임자는 천벌을 받아야 합니다. 이게 군사정권에서나 자행되었던 시민폭력이 아니고 무었이겠습니까? 해당지역을 위해 존재해야할 읍사무소가 지역주민들을 억압하고 공권력을 앞세워, 시민을 제압하는 것은 반민주적 행위입니다. 문재인 대통령님! 21세기 대한민국 남양주시 **읍에서는 행정관청의 폭력이 공권력이라는 이름으로 자행되고 있습니다. **읍 덕소지역 주민들은, 지옥같은 교통대책을 세워달라고 애원하고 있습니다. 제발 낙후된 주거환경을 개선해달라고 절규하고 있습니다. 불법운운하며, 갑질을 일삼으며 주민들을 제압하고 있는 **읍직원 *** 담당자 등을 반드시 갑질 공무원을 일벌백계로 다스리길 **읍 덕소, 도심, 팔당 주민들의 이름으로 강력하게 청원합니다. [본 게시물의 일부 내용이 국민 청원 요건에 위배되어 관리자에 의해 수정되었습니다]",
  "num_agree": 1026,
  "petition_idx": "590306",
  "title": "갑질  공무원을 조치 해주시길 청원합니다!!!"
}