{
  "category": "기타",
  "begin": "2020-07-06",
  "content": "6.25전쟁 당시 참전하여 이 땅에 평화와 나라를 위해 싸우시다 전사하신 전몰 군경 호국영령들의 넋을 위로합니다. \"당신들이 있었기에 오늘의 우리가 있습니다.\" \"우리의 현재는 6.25 참전 용사들이 준 선물입니다.\" 라는 글이 가슴에 와 닿습니다. 내일은 6.25 전쟁 70주년입니다. 한가닥 희망을 가져보며 글을 올립니다. 세월이 흘러가도 왜 잊혀지지 않을까요? 저희 백부께서는 20살의 젊은 나이에 6.25전쟁 당시 경찰에 투신하여 적과 싸우다 머리와 가슴에 총탄을 맞고 전투 현장에서 전사하셨습니다. 이렇게 전쟁터에서 적과 싸우시다 전사하신 분들이 수없이 많으실거라 생각이 듭니다. 이 수많은 분들의 명예를 위해서라도 상훈추서를 해 주시길 간곡히 바랍니다. 저희 유족도 지난 과거 몇번의 상훈추서를 건의해 보았지만 저희 유족의 힘으로는 어렵다는 것을 실감했습니다. 전사 당시 뚜렷한 공적이 나와야 한다. 근거가 있어야 한다, 는 이론적인 답변만으로 유족으로서 마음에 상처만 더 받았습니다. 전사 당시 전사자 원장에 좀 더 자세히 기록해 두었었다면 바로 해결 될 일들을 유족들이 찾아서 상훈추서를 하여야 한다,는 등 전쟁터에서 적과 싸우다 전사하고도 이렇게유족들을 힘들게 하는지 모르겠습니다. 저희 백부의 업적을 길이 길이 후손들에게 알리고 훌륭하신 공적을 영원히 기리며 나라를 위해 숭고한 목숨을 바친 백부의 상훈 추서를 꼭 해 주시길 간절히 빌어봅니다.",
  "num_agree": 128,
  "petition_idx": "590378",
  "title": "6.25 전쟁 전사자 상훈추서에 대하여"
}