{
  "category": "육아/교육",
  "begin": "2020-07-06",
  "content": "안녕하세요. 저는 중학교에 재학 중인 학생입니다. 최근 코로나 19로 인하여 오프라인 수업과 온라인 수업을 번갈아가며 수업을 듣습니다. 저희는 오프라인 이나 온라인 수업을 받을 때 모두 교과서가 필요합니다. 오프라인 수업을 하게 될 경우 온라인 수업으로 인해 집에 가져왔던 책들을 오프라인 수업할때 모두 가져가야 합니다. 당일 수업에 필요한 교과서부터 과목 파일, 과목 노트, 학원 책도 챙겨야 합니다. 그러다보니 학생들의 어깨 또는 허리에 항상 무리가 갑니다. 무거운 가방을 장시간 들 경우 척추측만증, 목 디스크 등의 목, 허리 질환을 유발한다고 합니다, 또한 성장 중인 학생 인 경우 뼈가 유연하여 더욱더 질환 유발이 쉽다고 합니다. 하지만 학생들은 많은 교과서와 공책, 파일, 말고도 학원 책을 들고 집에서 학교-많은 학원- 집을 반복해야합니다. 그러다보니 무거운 가방을 계속해서 매고 있어야합니다. 따라서 저는 성장중인 학생들의 건강을 위해 온라인 교과서를 만들어야 한다고 생각합니다. 제가 생각하기엔 많은 교과서들 보다는 한개의 태블릿 또는 노트북이 훨씬 가볍다고 생각합니다. 만약 집에 태블릿 또는 노트북이 없는 학생은 온라인 수업할때 학교에서 빌려 주던 태블릿을 사용하면 집에서도 편히 집에 있는 컴퓨터 또는 자신의 폰으로 로그인 하여 온라인 교재에 표시 해둔걸 집에 있던 교과서에 옮겨 적으면 된다고 생각 합니다. 그러면 모든 학생들이 힘들게 무거운 가방을 들고 학교에 가는 일도 줄어들 것이고 그로 인하여 학생들의 허리, 목 등의 질환 유발 가능성도 줄어들 것입니다. 하지만 태블릿과 노트북을 악용하는 학생들이 있을 거라고 생각 합니다. 그런 경우에는 온라인 교과서 어플리케이션에 학생들이 학교에 있는 시간 동안은 온라인 교과서 또는 메모장을 제외한 다른 어플리케이션은 사용할 수 없게 하는 것 또한 온라인 교과서 어플리케이션에 넣어 담임 선생님께서 관리 할 수있게 한다면 그것들을 악용하는 학생 또한 없을 거라고 생각합니다. 4차 산업 또는 코로나를 맞이하여 우리나라는 이제 후진국이 아닌 선진국으로 불려지는 걸로 알고 있습니다. 우리나라는 코로나를 맞이하여 여러가지를 자국으로 돌려 열심히 발전 하고 있지요. 그것의 예로 온라인 수업이 있죠 하지만 아직 오프라인 수업은 발전이 없는 것 같습니다. 그러니 오프라인 수업 또한 바뀌어야 한다고 생각합니다. 그의 첫번째로 각 학교 마다 wifi기기를 설치하고 학생들이 무거운 책을 들고 다니지 않게 온라인 교과서를 들고 다니게 해주세요. 그러니 학생들의 건강과 편의를 위해서 온라인 교과서를 만들어 주세요. 감사합니다.",
  "num_agree": 212,
  "petition_idx": "590352",
  "title": "매일 무거운 책을 들고 등,하교 하는 학생들을 위해 온라인 교과서를 만들어 주세요."
}