{
  "category": "외교/통일/국방",
  "begin": "2020-07-03",
  "content": "안녕하세요. 대한민국의 한 국민입니다. 최근 실린 뉴스기사를 통해 우리 정부가 북한에 대해 약 천만 달러에 이르는 인도적 지원을 계획 중 김여정의 막말 담화에 이를 보류하였다는 내용을 알게 되었습니다. 저는 이러한 상황이 이해가 되지 않습니다. 물론 인도주의적 관점에서 인도적 지원이 정치적 관점에서 보여지면 안된다는 사실을 인지하고 있고 남북 분단 70년의 불신과 적대감을 무너뜨리고 한반도 평화체제 구축 등의 원대한 목표를 이뤄 나가야 한다는 사실을 알고 있습니다. 그러나 정치적인 관점에서 보더라도, 인도주의적 관점에서 보더라도 이는 절대로 적절하다고 볼 수 없습니다. 북한 주민들을 위해 주어지는 인도적 지원은 '국제사회의 대북 인도적 지원의 실제와 효과성 : 탈북민의 인식조사 결과를 중심으로'의 논문을 참고해보았을 때, 탈북민을 대상으로 조사한 결과 대부분이 군부와 장마당으로 흘러가고 있고 그 중 일부만이 주민들에게 주어진다는 사실을 알 수 있습니다. 이것이 인도적 지원의 궁극적인 목표라고 할 수 있을까요? 물론 이를 방지하기 위한 모니터링이 꾸준히 이루어지고 있습니다만 이에 대한 제재의 수단이나 규제가 없는 것이 현실입니다. 결국 이러한 인도적 지원은 북한이 정치적인 힘을 기를 수 있는 수단으로써 밖에 작용하지 않는다고 봅니다. 국제사회에서 북한을 향한 지원을 늘리고 있는 상황속에서 북한은 이를 거절하고 있습니다. 북한이 거절하고 있는 와중에도 지원을 계속하려하는 것은 옳지 못한 행위입니다. 국민들의 세금이 올바른 곳으로 사용될 수 있도록 국정을 운영해주시길 간곡히 부탁드립니다.",
  "num_agree": 989,
  "petition_idx": "590335",
  "title": "북한에 대한 인도적 지원을 중지할 것을 촉구합니다."
}