{
  "category": "행정",
  "begin": "2020-07-03",
  "content": "하남감일 3호선 대체 왜 이러십니까!!! 안녕하세요 문재인대통령님! 너무도 답답하고 또 답답하고 답답한 마음에 이렇게 글을 올립니다 계속 번복되고 무책임한 lh와 정부로 인해 피가 마르는 느낌입니다 저는 하남 감일을 장애인특별분양으로 청약받아 입주를 기다리고 있는 예비입주자입니다 입주날짜를 기다리며 생애처음으로 생긴 제 집을 어떻게 가꾸어갈까하며 하루하루 감사하며 기다리고 있었습니다 그런데 최근에 자꾸 많은 언론보도를 통해 하남감일에 들어서기로 했던 3호선이 사라질 수 있다는 엄청난 소식을 접했습니다 저에게는 큰 충격으로 가슴이 쿵하고 내려 앉아 이제는 매일이 걱정입니다 하남감일 지역에 사는 분들과 하남감일 입주를 기다리는 청약자 분들도 동일한 마음이라고 생각합니다 제가 하남감일에 청약을 받은건 오로지 3호선 때문이였씁니다 다니느 회사도 3호선에 있고, 장애가 있는 저를 케어하고 도와줄 가족도 3호선 라인에 살고 있기에 서울이 아닌 하남감일에 청약을 한 것은 모든 일상생활과 앞으로의 활동을 하는데 문제가 없겠구나 생각해서 하남감일에 청약을 한 것입니다 분명 lh은 분양할 때 3호선이 들어온다고 홍보했씁니다 국가의 기관인 lh가 사업을 추진하면서 거짓말을 할꺼라는 생각은 추호도 생각해 본적이 없이 믿고 청약했습니다 그런데 이제와서 한다, 안한다 논란을 만들면 대체 힘없는 서민은 어떻게 하란 말입니까!? 집은 그냥 살기만 하는 곳이 아닌 삶을 만들어내는 소중한 곳입니다 3호선의 생활을 꿈꾸며 청약했던 많은분들과 감일지역의 사람들은 한순간에 버려진 고아가 되었습니다 힘들게 일해 생활비를 쪼개고 쪼개어 모은 돈으로 집한채 장만했는데 이렇게 간보며 국민에게 사기칠려는 lh를 지켜만 보실건가요? 사람이 먼저다 라고 외쳤던 정부는 사람이 먼저가 아닌 거짓말하여 사기치는게 먼저인건가요? 묻고 싶습니다 이렇게 사람을 기만하는 lh의 거짓말이 타당한건가요? 제발 부탁드립니다 어렵게 살아가는 서민의 눈물을 외면하지 말아주세요 3호선 하나만 보고 청약한 저를 비롯한 많은 사람들을 실망하지 않게 도와주세요 책임있는 정책으로 정말 사람이 먼저인 나라를 증명해 주세요 코로나19로 인해 모두가 어려운 시대를 살고 있는 지금 더 큰 고통이 오지 않길 간곡히 부탁드립니다 또한 무책임한 lh의 로봇과 같은 동일한 답변과 방어적인 태도로 인해 너무도 큰 상처와 큰 마음의 피해를 입었습니다 lh의 답변이 아닌 lh상위기관에서 책임있는 답변 부탁드립니다",
  "num_agree": 2183,
  "petition_idx": "590343",
  "title": "감일하남 눈물의 3호선 지켜주세요"
}