{
  "category": "보건복지",
  "begin": "2020-07-03",
  "content": "어머니가 요양원에서 돌아가셨어요. 이유인 즉슨 음식물과다섭취로 인한 기도 폐쇄.... 있을수 있는 일인가요? 치매환자이면서 거동이불편하셔서 혼자서는 식사를 못하셔서 누군가의 도움 없이는 아무것도 드시질 못합니다. 식사도 잘 못 해서 식사에 도움을주는 약품(?)을 사다 달라고 해서 구매를 해드렸어요. 요즘코로나때문에 면회도 안되고..... 문밖에서 전해드렸고... 며칠 지나지 않아서. 급체하셨다고 위급하다고 연락이 왔어요. 구급대를 불렀다고... 큰병원으로 옮긴다고... 응급실에도착해서 보니 벌써 숨은 멎은상태였고 구급대원이 하는말.... 도착했을때 이미 동공은 풀린 상태. 급하게 기도 확보를 하기위해 튜브를 삽입하려고 시도 했지만 기도에 음식물이 가득차서 들어가질 않았다고.. 황당하기도 하고 어이 없기도 합니다. 하지만 돌아가셨기에 장례는 치루었고, 며칠지나 보상 문제 때문에, 만났더니 하는 말..... 보험처리 하겠습니다...? 이게 말이 되는겁니까? 제가 어떻게 해야 되는걸 까요? 도와주세요.",
  "num_agree": 259,
  "petition_idx": "590308",
  "title": "요양원 사망사건"
}