{
  "category": "문화/예술/체육/언론",
  "begin": "2020-07-03",
  "content": "안녕하세요 서울공연예술고등학교와 한림예술고등학교에 입학하기 위해 입시를 준비중이었던 한 학생입니다 얼마전에 한림예고에서 입시생 모집을 중단한다는 공지에 이어 오늘 서공예가 특목고에서 일반고로 바뀌기 위한 절차를 밟는다는 내용을 통보 받았습니다 서공예가 일반고로 바뀐다는건 서울을 제외한 다른 지역에 거주하고 있는 학생들은 입학 할 기회마저 없어지며 입학을 위한 실기시험 조차 보지못하게 되어 시도도하지 못한 많은 학생들이 꿈을 잃어야한다는 뜻입니다 피땀을 흘려가며 힘들게 준비하고있던 입시생들에겐 너무나도 청천벽력같은 말이고 이 말들을 감당하고 받아들이기엔 너무 늦었다고 생각합니다 저흰 너무나도 어립니다 저는 말주변도 없습니다 이 말이 많은분들의 마음을 설득시킬수 있을지는 모르겠으나 많은이들의 소중한 꿈하나 하나를 잃어버리고 싶지않습니다 작품비, 학원비, 또한 저희가 투자한 소중한 시간들은 이 학교들만을 위해서 투자했습니다 적지 않은 금액이기에 내가 할수있는 기량만 보여준다면 떨어져도 후회하지 않을거 같아서 투자했습니다 오늘 처음 제 미래라고 믿어왔던 곳에 투자한 돈들을 후회하게 되었습니다 입시가 얼마 남지않은 상황에 이런 소식을 접한 입시생들은 너무 허탈하고 억울하고 분노가 쌓입니다. 저흰 죄가 없습니다. 갈수있는 곳도 할수있는 곳도 잘 모르겠습니다. 저를 제외하고도 전국에 많은 학생들이 이 허탈하고 눈물 밖에 나오지않는 상황을 어떻게 다잡아야 할지 몰라 주저하고 있습니다 시간과 돈 모두 물거품이 되어버렸습니다 저희는 이 많은 피해를 감당하기엔 정말 너무나도 작고 어리고 약합니다 모든 비리들은 학교의 잘못입니다 허나 아무 잘못없는 입시생들이 고개 숙여 사과드린다는 공지글 하나와 신문기사 한 페이지들로 꿈을 잃고 포기하고 있습니다 한림예고는 6월 30일, 서공예는 7월 2일에 공지와 기사를 띄웠습니다. 꿈을 포기하기엔 너무나도 멀리와버렸고, 기회는 이미 없어졌으며, 너무나도 늦었습니다 이렇게 늦게 공지를하면 두 학교만을 위해서 달려온 입시생들은 도대체 뭐가 되는건가요? 저흰 이제 어디로 가야하며 무얼해야 하나요? 저희에게도 한번만 기회를 주세요 너무 억울합니다 저희에겐 너무나도 작고 소중한 꿈들을 앗아가주지 말아주세요 비록 저의 작은 소망이지만 이뤄지길 바라는 간절한 마음 하나만으로 제 고개를 숙여서 부탁드리겠습니다",
  "num_agree": 823,
  "petition_idx": "590325",
  "title": "입시생들의 꿈을 빼앗지 말아주세요"
}