{
  "category": "안전/환경",
  "begin": "2020-07-03",
  "content": "조작된 안심거래 사이트를 이용한 사기 중고거래 피해방지를 위한 '반복된 이체 경고 메세지 표시' + '수정된 지연인출제도' 신청합니다. (+ 보이스 피싱과 마찬가지로 외국으로 돈이 넘어가는 것을 방지하기 위해 꼭 읽어주시고 지원해주세요) 현재 유행하고 있는 이 사기 거래는 수많은 피해자들이 고액의 피해를 보고 있습니다. 저도 피해자로써 더 많은 피해자들이 발생하는 것을 막고자 다음과 같은 방안을 신청하고자 합니다. 동일한 계좌로 2번 이상 반복하여 동일금액(비슷한금액)을 짧은 시간내(5~30분)에 송금할려고 할 시: 1. 계좌이체 어플 또는 은행에서 '사기경고 메세지+112 전화' 표시 2. 이체된 계좌에 '수정된 지연 인출제도'를 실시하여 통장에서 돈이 빠져나가는 것을 방지 현재 이 중고거래 사기의 특징은 피해자가 20~100만원의 금액을 동일한(비슷한) 금액으로 2번 이상 계좌이체를 한다는 것입니다. 이 이체에 걸리는 시간은 (약 5~30분)입니다. 은행이 이 패턴을 알고리즘으로 파악하여 2번째로 송금할려고 할 시 은행 어플에서 '사기 경고 메세지 + 112 전화요망'를 출력할 수 있게 했으면 합니다. 이 메세지를 본 피해자가 112에 신고해 지연인출이 걸린 해당금액을 다시 받을 수 있게 하는 것입니다. 이러한 방법을 사용하면 통상 은행업무의 지장은 줄이면서 피해를 막을 수 있을 것으로 보입니다. (지연인출제도란? 보이스피싱 범죄로 인해서 많은사람들이 피해를 입자 만들어낸 제도입니다. 입금시간 기준으로 30분간 출금을 지연하는 것입니다. 2012년 6월 금융감독원이 보이스피싱(Voice fishing) 등의 금융사기를 예방하기 위해 만든 제도) 아래는 (1) 사기가 어떻게 진행되는 지에 대한 설명 (2) 계좌 이체 패턴 (3) 기대효과 를 적어놓았습니다. (1)현재 유행하고 있는 중고거래 사기 기법: 1. 각종 중고사이트에서 물품을 올린뒤 피해자가 카톡으로 연락하면 안심거래를 하자며 조작된 안심거래 사이트를 올립니다. 2. 그 사이트에 올라간 계좌로 돈을 보내면 송금액만큼 사기를 당한게 됩니다. 3. 사기 판매자가 수수료 때문에 처리가 안되었다며 다시 돈을 (원래 금액 +이체금액 500~1000원)을 보내면 기존에 지급했던 돈이 통장으로 환불이 된다고 합니다. 이를 믿고 다시 돈을 보내면 피해액은 ((사기금액 *2)+1000원)이 됩니다. 4. 2번의 과정을 반복합니다. 5. 소비자가 뭔가 문제를 느끼고 환불해 달라고 할 시 송금한 금액이 환불이 될려면 일정금액이 들어와야 환불이 가능하다며 차액을 보내달라고 합니다. 예를 들어 200만원 이상이 되어야만 환불이 된다며 이미 보낸 금액이 150만원일시 50만원을 추가로 보내 달라고 합니다. 다시 50만원을 보낼 시 그대로 피해액이 추가됩니다. (2) 계좌 이체 패턴 예를 들어 40만원의 중고 물품을 사기 당했을 때 사기꾼이 요구하는 계좌이체 패턴은 1. 400,000(송금) + (5~10분후) 401000원송금 + (150만원-801000원 송금) 2. 400,000(송금) + (5~10분후) 400500원송금 + (5~10분후) 400500원송금 +(200만원-1,210,000원 송금) 으로써 일상의 송금 패턴과는 매우 다르기 때문에 은행이 알고리즘을 짜서 이를 방지할 수 있다고 봅니다. 기대효과: 이 조작된 안심거래 중고거래 사기법은 기존 소액의 중고거래 사기와는 달리 피해액이 100~200만원을 넘는 경우가 많습니다. 이는 사회에서 대두되고 있는 보이스피싱 피해만큼 피해금액이 크고 또한, 조직적으로 교묘하게 조작된 사이트를 이용함으로 인해 수많은 피해자들이 발생하고 있습니다. 이 제도를 도입함으로써 피해자들의 사기당하는것을 방지하거나 사기금액을 줄일 수가 있습니다. 또한, 사이버 사기 발생 건수를 줄임으로써 경찰력의 낭비도 줄일 수 있습니다.",
  "num_agree": 157,
  "petition_idx": "590310",
  "title": "사기 중고거래 피해방지를 위한 '이체 경고 메세지 표시' + '수정된 지연인출제도 신청'"
}