{
  "category": "교통/건축/국토",
  "begin": "2020-07-03",
  "content": "50이 넘어 80세의 노모와 아들, 이렇게 세 식구가 함께 월세를 살고 있습니다. 몇 번이고 주택 청약을 넣어 봤지만 실패하고 드디어 꿈에 그리던 아파트 청약 당첨이 되었습니다. 그것도 노모를 보시고 있기 때문에 노부모 특공으로 수원 반월에 당첨이 되었지요. 아~ 이제 정말 내 집을 갖게 되나 보다하며 노모와 아들과 함께 정말 즐거워 했습니다. 계약금도 잘 준비해서 계약을 완료하고 기다리고 있는데 이게 왠 일입니까 6.17 부동산 대책이 발표 되면서 저의 꿈은 사라지게 될 듯 싶습니다 제가 당첨 된 곳은 6.17 부동산 정책 발표전까지는 비조정지역으로 무주택자는 잔금대출 시 kb시세의 70% (LTV70%) 까지 가능한 지역이라 어렵게 준비한 돈으로 계약까지 치루었는데... 그런데 갑자기 잔금대출은 조정지역으로 적용을 받는다는 말... 무주택 실거주자라 하더라도 분양가 60%나 LTV 40∼50%로 적용을 받는다고 하니 분양가 5억이면 이번 정책을 적용하면 3억 나머지 2억은 본인이 준비 , 입주당시 시세가 올라 6억이 된다해도 3억, 7억이 되면 3억5천, 8억이 되도 4억.. 일반 서민이 나머지 1억, 2억 되는 돈을 어디서 구할 수 있나요?? 그냥 계약금 날리나는 건지... 돈 없으면 집 살 생각을 말라는 건지... 돈 없고 빽 없고 집도 없는 서민의 꿈을 이렇게 묵살해 버리는 나라가 정말 국민을 위한 나라 맞나요? 아직 입주는 2년 넘게 남았다고 해도 정말 하루하루 잠도 안오고 피가 마를 것 같습니다. 부동산 대책이라는 것이 집 없는 서민을 위한 정책 맞나요? 누구라도 좀 답변 좀 해 주십시오. 80이 다 되신 노모는 내가 죽기전에 우리집이 생기는 구나 하며 기뻐하시는데 제가 어찌 말씀을 드려야 할찌.. 기뻐하시는 어머님을 볼 때면 눈물이 앞서고 마음이 찢어질 것 같습니다. 저는 투기를 하는 투기꾼도 사기꾼도 아닙니다. 그렇다고 전매 차익을 보려는 사람도 아닙니다. 단지 내 집에서 어머니의 꿈을 이뤄드리며 평생을 살고 싶은 평범한 서민 입니다. 이런 저의 꿈을 가볍게 보지 말아 주십시오. 어떻게 어느 곳에 이야기를 해야할찌 몰라서 서두 없이 이 곳에 글을 남겨 봅니다.",
  "num_agree": 437,
  "petition_idx": "590320",
  "title": "(6.17 부동산 정책) 80세 노모의 희망을 아시나요?"
}