{
  "category": "안전/환경",
  "begin": "2020-07-07",
  "content": "지구가 점점 더워진다는 것을 모르는 분들은 이제 거의 없을 것입니다. 꽤 오래전부터 우리는 ‘폭염’이라는 단어를 뉴스에서 너무나 자주 보아왔고 ‘지구온난화’, ‘기후변화’의 뉴스는 어제오늘 일이 아닙니다. 이번 겨울은 패딩을 몇 번 입었는지 기억할 정도로 유난히 따뜻했습니다. 작년 극심한 폭염으로 유럽은 40도가 넘게 기온이 올랐고 이로 인한 수많은 사망자들도 발생한 것을 기억하실겁니다. 그렇기에 이번 여름은 얼마나 더 더울까, 앞으로의 기온은 매번 신기록을 찍겠구나 하는 두려움과 걱정으로 6월의 첫날을 맞이했던 기억이 납니다, 그런데 놀랍게도, 5월 말, 6월 초까지도 정말 아침저녁으로 바람이 시원하게 불어 덥지 않을 때도 많이 있었습니다. 물론 30도를 넘나드는 뜨거운 날들이 있었기도 했지만요. 하지만 우리가 익히 더워질거라고 예상하던 그 시기에 지구는 우리에게 시원한 바람이라는 자비를 베풀어주었습니다. 그동안 인간이 지구를 뜨겁게 만든것만 보아도 이것보다는 훨씬 뜨거워도 이상하지 않았을텐데 말입니다. 그러나 놀랍게도, 그런 시원한 날들에도 버스와 지하철에서 틀어지는 냉방의 강도에 너무 놀랐습니다. 마치 한여름, 말복이나 된 듯이 거센 냉방을 하루종일 틀고있었습니다. 인간은 망각의 동물이고, 때로는 합리적이면서도 매우 비합리적입니다. 그래서 더욱더 이 사회에는 적절한 규제를 통해 모두가 망하는 길로 가지 않도록 하는 정부의 역할이 매우 중요합니다. 6월의 중반을 향해가는 지금, 물론 분류하면 이미 여름에 속해있고, 더운 날씨여도 이상하지는 않겠지만, 더울때는 벌써 31, 32도까지 기온이 올라가고 특히나 지금 마스크를 쓰고 밖에 나가면 이것이 얼마나 더 끔찍한지 우리는 잘 알고 있습니다. 벌써 너무 덥다, 지구가 점점 더 더워진다는 말은 하면서도 실내로 돌아가면 놀랍게도 급속도로 시원한 에어컨을 빵빵 틀어놓으며 그때만큼은 미래에 대한 걱정을 잠시 접어두고, 혹은 애써 외면하는 듯 합니다. 우리의 이 행동은 내년 여름을 더욱 덥게 만들것이라는 것을 모르는 걸까요? 아니면 알면서도 정말 ‘지금’만 생각하는, 어리석기 그지 없는 행동인걸까요? 에어컨을 트는 개개인을 비난하고자 이 글을 쓰는 것이 아닙니다. 간단히는 냉방에 대한 정부의 규제 요청. 길게 보면 한계치를 넘어 불덩이가 된 지구에서 고통받지 않을 권리를 가진 대한민국 국민, 더 나아가 이제는 이번 코로나 사건만 봐도 알 수 있듯이 초연결 사회가 된 지구에 살아가는 모든 시민들의 안전과 지속가능한 삶을 위한 정부의 지혜로운 판단과 사전적 대비를 요구하는 것입니다. 대중교통 뿐만 아니라 일반 기업, 학교, 공공기관 등 사람들이 많이 모이는 장소는 어디든, 개인이 아닌 단체가 모여있기 때문에 내가 조금 춥거나 덥다고 해서 쉽사리 조절할 수 없는 상황에 놓이게 됩니다. 추위를 많이 타는 사람은 에어컨을 끄고 싶은데, 공식적인 규제가 없으면 그것이 분명 쉽지 않습니다. 그렇기 때문에 더더욱 정부의 규제가 필요합니다. 아직 여름의 시작일 뿐인데, 정말 모든 장소에서 한여름마냥 심하게 에어컨을 틀고 있다고 느낍니다. 심지어 바깥에 시원한 자연바람이 부는 날에도 버스, 지하철 등의 대중교통 냉방은 정말 과하다고 느낍니다. 더워서 땀을 줄줄 흘리고 다니다가 실내에 들어오면 너무 추워서 겉옷을 챙기고 다니는 우리의 모습, 왜 이런 현상이 벌어져야 하는것이죠? 이것이 거대한 인류의 난제입니까? ‘쾌적한 환경’, '매너'라는 거품같은 말과 체면때문에 이것을 포기 못하는 것입니까? 그냥 냉방을 줄이면 되는 것 아닌가요? 차선책으로 선풍기를 틀거나, 바람이 시원하게 불때는 창문을 열고 자연바람에 우리의 몸을 잠시라도 노출시키는 방법도 있습니다. 만약 정부의 규제가 있었더라면 우리는 진작 이렇게 했을 지 모릅니다. 하지만 그 누구도 규제하지 않는 이 상황에서, 우리는 점점더 편리함, 빠른 냉각, 이제는 에어컨을 틀고 이불을 덮는 극단적인 쾌락까지 익숙해지게 됩니다. 심지어 과도한 냉방으로 한쪽에서는 감기, 냉방병에 걸리고 다른 한쪽에서는 폭염으로 죽고 있는데도 말입니다. 신재생 에너지가 하루빨리 한국에서도 상용화 되어 (이미 유럽에서는 100% 상용화 되어 사용되는 곳도 많습니다) 탄소배출이 줄어드는 것도 정말 좋지만, 그 때까지의 하루하루의 탄소배출은 방관해도 되는 것인가요? 큰 스케일의, 조직적인 정책도 물론 필요하겠지만, 당장 우리가 할 수 있는 실천들을 더 잘, 효율적으로 할 수 있도록 하는 것도 중요하지 않을까요? 최고의 재생에너지는 절전이라는 말이 있습니다. 우리 개개인 역시 절전을 생활화 하고, 냉방을 비롯하여 일상에서의 탄소배출 최소화는 필수라고 봅니다. 일방적인 억압이 아닌, 우리의 생존을 위해 이제 이것이 불가피해졌습니다. 그러므로 정부는 이것이 더 잘 행해질 수 있도록 규제의 역할을 이행하고 그로부터 절약된 에너지와 자원, 세금 등을 기후위기에 대응할 수 있는 다른 유의미한 부분에 하루빨리 투자해주십시오. 어느정도 시원해지면 잠깐 끄고 다시 켜도 되고, 줄여도 되는데, 하루 종일 에어컨을 빵빵하게 켜놓는 것은 환경은 물론이고 결국 나라의 세금과 자원이 불필요하게 많이 투입될 수 있다는것 다들 잘 아실겁니다. 사람에 따라 더위를 많이 타기도 하고 기온이 갑자기 올라가 폭염이 생존에 영향을 미칠 정도인 지금의 시대에서 아예 냉방을 하지 않을 수는 없겠지만, 계속해서 이렇게 무절제한 에어컨 가동을 허용한다면 개인과 사회는 점점 더 냉방에 익숙해지고 우리의 여름은 점점 더 뜨거워질 것입니다. 너무 명백한 결과입니다. 안은 시원할지 몰라도, 우리는 결국 바깥에 나갈수밖에 없는데, 냉방 없이 바깥에서 하루종일 일하는 노동자, 거리에서 폐지를 줍는 분들의 상황은 고려하지 않는 건가요? 이미 폭염으로 사람이 죽는 사건도 수도없이 많았는데, 내 일이 아니라고 외면하는 것인가요? 이렇게 생각하는 개인들이 얼마나 될지 모르겠습니다. 지나친 걱정일지 모르겠습니다. 하지만 정말로 우리에게는 앞으로의 10년이 그 이후의 삶을 결정한다고 해도 과언이 아닐만큼 시급한 상황이라는 것은 더이상 이야기하지 않아도 잘 아실겁니다. 에어컨 외에도, 탄소배출을 줄이기 위해 할수있는, 시급한 부분들은 정말 많지만, 냉방에 대한 규제는 정부를 규제가 무엇보다 시급하다고 느껴서 이렇게 청원을 올립니다. 하루 중 냉방 시간을 규제하는 방법. 냉방 온도나 세기를 규제하는 방법 등 규제의 방식은 다양할 것입니다. 제가 청원하는 것은 무조건적인 규제가 아닌, 여러 기준에 따른 적절한 규제입니다. 예를 들면 낮기온이 25-27도 정도만 되어도, 사실 냉방이 없거나 매우 작게 틀어도 견딜만한 정도의 날씨입니다. 처음에는 매우 덥게 느껴지더라도 우리 개개인도 익숙해질 필요가 있습니다. (물론 습도에 따라 다를 수 있겠지만 기온만 보면 그렇습니다) 이렇게 온도에 따라 규제를 하는 방법도 있고, 야외에 좀더 노출되어 열에 취약한 장소와 그렇지 않은 장소를 구분하여 규제를 두는 것도 방법이라고 생각합니다. 더 이상 시간은 우리를 기다려주지 않습니다. 빠른 시일 내에 적절한 방책을 내어 이를 지혜롭게 해결해주시기를 간곡히 부탁드립니다. 지구가 강철같은, 내가 원할때 언제든 빵빵하게 냉방을 하고 뜨겁게 난방을 할 수 있는 곳이라면 저도 이런 청원을 할 필요도, 걱정할 필요도 없겠지만 안타깝게도 우리에겐 planet B가 없습니다. 태어나자마자 기후위기라는 것이 눈앞에 펼쳐진 불쌍한 미래세대를 생각해서라도, 이것은 절대 남 일이 아닌 우리 모두의 일이라는 것을 국민 여러분도 기억하고 청원에 동참해주시기 바랍니다. 나와 소중한 주변 사람들이 함께 살아갈 미래를 위해, 지금 조금만 불편합시다. 탄소배출, 오존층파괴, 정부가 앞장서서 막아주십시오. 맑은 공기를 마시고, 바깥을 자유롭게 돌아다닐 권리도 국민의 권리, 인간의 권리입니다. 잠깐의 불편함 해소는, 오늘을 위해 내일을 희생하는 것임을 기억해주십시오. 부디 멀리 보아주십시오.",
  "num_agree": 591,
  "petition_idx": "590424",
  "title": "지속가능한 우리의 미래를 위해 에어컨으로 인한 과도한 탄소배출을 정부가 막아주십시오."
}