{
  "category": "정치개혁",
  "begin": "2020-07-07",
  "content": "촛불혁명을 통해 분출된 국민의 명령을 받들어, 2018년 5월 대통령은, 권력자. 재벌. 대기업 등이 범법행위로 해외에 은닉한 재산을 '엄정하게' , 조사하여, 환수하라는 지시를 내렸습니다. 그 후, 6월 국세청, 관세청, 금감원, 금융정보분석원, 검찰 등 관계기관과, 전문인력을 동원하여 불법재산환수 합동조사단을 꾸린 바 있습니다. 그런데, 2년이 지난 현재 합동조사단은 무엇을 하고 있는 것인가? 해외불법재산환수 합동조사단이 제대로 작동은 되고 있는 것인가? 제대로 일을 하고 있는 것인가? 前 대구 국세청장 안원구님이 수집한 양질의 정보를 언제든 필요하면 요청하래도, 합동조사단의 정보공유 요청은 한번도 없었다. 검찰,국세청 일부 직원이 국정농단사건과 직.간접적으로 관련되어있어, 정보수집조차 할 의지가 없는 것인가? 국민기업이라는 포스코, kt, 농협, 각종 은행등이 기업인수라는 명목으로 국부유출, 자원외교라는 미명하에 투자하고, 투자실패로 위장하여 빼돌린 공기업의 천문학적 해외비자금과 권력자와 재벌의 불법자금이 검은머리 외국인(한국인) 자금으로 둔갑되어 국내에 들어온 비자금, 등 불법자금의 단초부터 파악하라.!! 환수절차는, 불법자금의 원천, 형성과정에서의 불법을 밝혀야 한다. 무엇보다 그 자금이, 어디로, 누구에게 흘러갔는지, 그 귀착지점을 철저히 파악해야 한다. 그 자금이 흘러 들어간 곳!! 국정농단 사건, 대한민국의 부정부패의 최상위에 존재하는 사람들 아니겠나? (대한민국 국민을 위해 제대로 쓰여져야 할, 국민 한 사람, 한 사람이 낸 우리의 피같은 세금이, 부정한 이들의 주머니로 흘러들어간 것이다.) 이 조사 과정에서 국세청, 관세청, 금감원, 금융정보분석원, 검찰 등 관계기관의 합동조사가 필요함이다. 국회와 관계기관에 대한민국 주권자로서, 명령한다.!! 1. 국회는, 불법재산 환수 특별법부터 신속히 입법하라.!! 1. 국세청은, 국내기업의 불법자금 조성과정을 밝혀라.!! 1. 관세청은, 국가간거래 외국환거래 위반과 금괴 등의 밀반출 과정을 밝혀라.!! 1. 금감원은, 국채, 차명계좌의 불법자금의 유통방조, 금융기관이 투자명목으로 해외로 빼돌린 자금을 밝혀라.!! 1. 금융정보 분석원은, 위와 같은 불법자금이 어디로 흘러들어 갔는지, 그 귀착지점을 철저히 밝혀라.!! 1. 검찰은, 해당기관의 조치와 별도로, 횡령.배임,외국환거래 위반법에 대해, 수사.기소하라.!! 범죄수익 환수를 위해, 합동 조사단에게 주어진 그 역할을 다해야 할 것이다. 다시 한번, 국세청, 검찰, 금감원, 관세청, 금융정보분석원 등 합동 조사단에 촉구한다. => 불법재산환수 특별법 제정 이전에 앞서, 합동조사단은 가능한 일부터 즉각 시행하라.!!",
  "num_agree": 347,
  "petition_idx": "590447",
  "title": "국세청,관세청,금감원,금융정보분석원을 포함한 합동 수사단은, 권력자. 재벌. 대기업 등이 국.내외에  은닉한 불법자금 환수절차를 즉각 시행하라."
}