{
  "category": "인권/성평등",
  "begin": "2020-07-07",
  "content": "사법부의 손정우 미국 인도 불허 결정으로 아동의 인권이 바닥으로 떨어졌습니다. 이제는 어느 아동성애도착자든 두려움없이 범죄를 저지르고도 1년 6개월정도 형을 살고 나오고 고통 속에 스러져 간 영아,아동들과는 다르게 또다른 범죄를 저지르며 실실 웃으며 살아갈수 있게 되었습니다. 이 것은 국제적으로도 망신이며 치욕입니다. 우리나라 사법부의 판결을 애초부터 의아해했던 미국 사법부는 범죄인인도를 아주 강력히 요청했고, 이는, 손정우가 만들어놓은 구역질 나는 아동성착취소굴 속에서,아이들의 팔다리가 잘려나가고 6개월 영아가 성폭행당하고.고통 속에 엄마를 부르며 스러져간 그 모든 고통의 외침을 철저히 보상해주고자 함이었습니다. 대한민국사법부는 국제사회의 일원으로서, 우리 법률의 허점을 인정하고, 미국과 공조했어야합니다. 그러나,대한민국 사법부는 그리하지않았습니다. 여러분, 우리아이들이 앞으로 이러한 성범죄자들의 마수에 더 쉽게 놓이게 그냥 두실겁니까. 그리고, 사법부는, 국민일반정서에 반하는 판결로 사회를 급속히 무책임하게 퇴보시키고, 스러져간 전세계아이들의 영혼에 더 큰 고통을 안겼다는 사실을 모르는 마비된 기관입니다. 정부는 이러한 어리석은 판결을 철회하게 하여 주십시오. 아니, 미래 한국인을 키우는 부모로서 명령입니다.",
  "num_agree": 8219,
  "petition_idx": "590466",
  "title": "손정우 미국인도 불허 철회 강력 요청"
}