{
  "category": "기타",
  "begin": "2020-07-07",
  "content": "한국체육대학교 핸드볼부에서 지옥같은 가혹행위(폭행/성추행) 만행을 저지른 가해자에게 엄중한 처벌을 강력히 촉구합니다. 저는 한국체육대학교 핸드볼부 1학년 피해 학생(아래가사의 B학생)의 작은 아버지입니다. 너무 충격적이고 분개할 수 밖에 없는 폭행사건을 지난 5월부터 우리 조카가 기숙사 룸메이트인 가해자로부터 수 개월간 겪어야했습니다. 국민 청원을 통하여 가해자가 엄중 처벌을 받을 수 있도록 법적 절차를 준수하여 철저한 조사를 강력하게 촉구합니다. 한국체육대학교 핸드볼부에서 지옥같은 가혹행위가 수개월간 방치되왔습니다. 악마같은 가해자와 대수롭게 생각한 한체대 및 담당 백모교수,기숙사 책임자를 고발합니다. 청와대는 철저한 수사를 통해 가해자를 엄중히 처벌하여 앞으로 이러한 가혹행위(폭력/성추행) 사건이 발생되지 않게끔 대책 방안을 강구하여 법으로 다스려 주시기 바랍니다. 갓 20살이 된 우리 조카는 국가대표가 목표인 핸드볼 꿈나무입니다. 핸드볼협회에서는 중징계를 내린다고 하지만 피해자인 우리 조카는 평생 크나큰 상처로 트라우마를 겪으며 살아야 합니다. 우리 조카의 부모인 형님과 형수님, 우리 가족들 모두가 충격에서 벗어나지 못하고 있는 상황에서 가해자에게 관용과 선처는 없어야 할 것 입니다. 엄중한 처벌을 내리시어 대한민국에서 학생 및 운동선수들간의 가혹행위(폭력,성추행)의 만행들을 반드시 뿌리 뽑아 주시기 바랍니다. 피해내용 기사 (출처 : 문화일보) “얼굴에 라면 붓고 칼 던졌다”…한국체대도 지옥같은 선수생활 피해자 가족 ‘폭행 일상화’ 주장 손 뒤로 묶고 성기 잡아당기고 MT가선 뺨 때리고 목 조르기도 피해 선수 맨발로 도망쳐 신고 코치 “기숙사 가혹 행위 몰랐다” 부모들 “담당교수 연락도 안돼” 한국체대 핸드볼팀은 지난달 15일부터 17일까지 강원 춘천시의 한 연수원으로 MT를 떠났다. 피해 선수의 가족에 따르면 15일 밤 3학년인 A 선수가 1학년인 B 선수의 뺨을 수차례 때리고 목을 졸랐다. A 선수는 2학년인 C 선수의 얼굴에 뜨거운 라면을 퍼붓고 얼굴과 가슴을 마구 때렸다. A 선수는 식칼과 그릇을 B, C 선수를 향해 집어 던졌고, 칼로 찔러 죽여버리겠다고 협박했다. C 선수는 맨발로 연수원에서 도망쳐 경찰에 신고했다. 경찰이 연수원에 도착하기 전까지 A 선수는 B 선수를 폭행했다. 춘천경찰서에서 이 사건을 조사하고 있다. 생명을 위협하는 폭행은 일상이다. A 선수와 후배 B 선수는 한국체대 기숙사 룸메이트. 하지만 B 선수에게 기숙사는 지옥이다. A 선수는 지난 5월 초부터 숙소에서 B 선수를 괴롭혔다. 입에 담기조차 힘들 만큼 잔혹하게 다뤘다. A 선수는 3학년 동기들과 함께 B 선수의 옷을 벗기고 추행했다. 속옷만 입힌 뒤 손을 뒤로 묶고, 가슴과 성기 등을 잡아당겼다. 머리 박고 물구나무서기까지, ‘고문’에 가깝게 괴롭혔다. 피해 선수의 부모들은 “선배가 후배를 수시로 때리는 건 물론, 기숙사 점호가 끝난 새벽에 후배들이 잠들지 못하고 선배들의 옷을 빨래하는 등 온갖 수발을 든다”고 하소연했다. 피해 선수들의 가족은 한국체대에 가혹 행위를 호소했지만, 고 최숙현 선수처럼 도움의 손길은 없었다. 피해 선수의 부모들은 “핸드볼팀 담당인 백모 교수는 연락이 되질 않는다”면서 “한국체대는 기숙사 내에서 벌어지는 일까지는 파악하기 어렵다는 말만 되풀이한다”고 밝혔다. 핸드볼팀 김모 코치는 2일 문화일보와의 통화에서 “MT에서 불미스러운 일이 있었고, 경찰이 조사한다는 건 알지만 기숙사 가혹 행위는 모르는 일”이라고 밝혔다. 한국체대와 핸드볼팀은 가해자인 A 선수가 경찰 조사를 받고 있다는 이유로 학내에서 다른 징계를 내릴 수 없다고 밝혔다. 문화일보 “얼굴에 라면 붓고 칼 던졌다”…한국체대도 지옥같은 선수생활 https://n.news.naver.com/article/021/0002433972 YTN 한체대도 가혹 행위 의혹...\"얼굴에 라면 붓고 성추행\" https://n.news.naver.com/article/052/0001460600",
  "num_agree": 1734,
  "petition_idx": "590440",
  "title": "한국체육대학교 핸드볼부에서 지옥같은 가혹행위(폭행/성추행) 만행을 저지른 가해자에게 엄중한 처벌을 강력히 촉구합니다."
}