{
  "category": "정치개혁",
  "begin": "2020-07-08",
  "content": "저는 이번 21대 초선 국회의원의 배신으로 인해 겨우 50의 나이에 세상을 떠난 경북** K모 국회의원 후보시설 선거사무실에서 일했던 남편의 미망인입니다. 저의 남편은 평소 본업이 있음에도 불구하고 지난 20년간의 뛰어난 선거기획업무 경력 때문에 선거철마다 사탕발림하는 국회의원 후보들이 본인들을 위해 일해 줄 것을 제안받았는데 선거가 끝나고나서 결과가 좋은 적도 있었고 그렇지 못한 적도 있었지만 대부분 결과와 상관없이 남편을 배신하는 경우가 많이 있어서 50대인 남편은 더는 정치 및 선거운동을 하지 않을 것이라 다짐했었습니다. 하지만 21대 국회에 입성한 **의 K모 국회의원이 후보였을 때 보좌관자리 약속을 포함한 선거운동 부탁은 거절할 수 없었습니다. 왜냐하면 남편과 제가 운영하는 가게에 몇차례나 와서 이번 선거는 공관위원장 친척과도 친하고 몇년동안 서울과 **를 오가며 현직 국회의원들과 친분을 유지했기 때문에 쉽게 이길 수 있는 선거라며 꼬득였고 무엇보다 그 후보가 가까운 지인이라 남편은 여느 선거기획업무를 했을 때처럼 자리(보좌관)를 약속받고 일을 해줬지만 역시나 믿었던 ****당 K모 국회의원후보는 남편을 배신했고 그로인해 극심한 스트레스를 받던 남편은 지병인 간경화가 한순간 악화되어 혼수상태에 빠진 다음날 새벽 피를 토하며 샛노란 눈을 뜨고 세상을 떠났습니다. 그 후 장례식장에 조의금도 조화도 없이 뻔뻔하게 찾아와 죽을 죄를 지었다며 부모님들 앞에서 고개를 조아리는 데 그 행태가 꼭 가식적으로 시민들에게 한표 얻으려고 영혼없이 머리를 조아리던 가증스런 모습같아 저는 피가 거꾸로 치솟는 줄 알았습니다. 남편의 발인이 끝나고 ****당 K모 후보는 남편의 죽음으로인해 자신의 이미지에 타격을 받을 것을 걱정해서인지 거짓말을 퍼뜨리기 시작했습니다. 처음부터 자리(보좌관)약속 한 적이 없었다는 둥 아파서 일을 제대로 한 게 없다는 둥 사무실에 출근하지 않았다는 둥 자리대신 돈을 줬다고 했다가 선거법위반이 되는 줄 아니까 회계의 회자도 모르는 사람인 남편을 회계담당자로 서류상 둔갑시켜 돈을 건넨 사실을 포장하는 이런 인간으로서는 하면 안되는 행태를 하고 다니는 탓에 나이 50에 미망인이 된 저는 오롯 남편의 이별에 마냥 슬퍼할 수 없었습니다. 처음엔 이 저의 분노가 사람 잘 믿는 바보같은 남편에게 향했지만 평소 돈 문제나 거짓말 잘하는 그런 평판이 안좋은 사람과 선거일을 시작하면서 예전 선거기획업무를 할 때처럼 어떻게 말 한마디만 갖고 손가락걸고 약속하듯 일을 시작했는지 의아했지만 이런 현실이 대한민국 정치의 어두운 한 귀퉁이란 생각이 들었습니다. 국회의원이 무엇입니까 시민들에게 거짓말 안하고 공약을 지키며 내 지역구에 그리고 대한민국발전에 앞장서고 이바지하는 부분이 있어야 되는 것 아닙니까! 하지만 내 남편이 왜 거짓말을 일삼는 그 사람 때문에 스트레스로인해 젊은 나이에 고인이 되어야 하는지 국회의원이란 작자들이 낙선하면 한순간 실업자가 되고 그 업무기간이 짧아 연금 따위도 없는 국회의원 보좌진이 그나마 4년을 꼬박 버텨내는 건 운이 좋은 편이고 내 가여운 남편처럼 법적으로 아무런 보호없이 죽어라 선거전에 일만 해주다가 당선되면 꽃목걸이 걸고 가증스럽게 웃는 국회의원의 배신에 삶을 등지기도 하는게 또한 정치현실 아닙니까! 진정으로 국회의원 당신들이 한사람과의 약속도 지킬 줄 모르면서 무슨 지역민을 위해 국회라는 곳에서 일을 한다는 건지 시민의 한사람으로써 묻고 싶습니다. 진실은 본인들의 개인적 욕심을 채울 목적으로 국회의원이라는 금뱃지를 단게 아닌지 재차 묻고 싶고 제발 능력있지만 국회의원 당선자를 위해 내일처럼 일하는 힘없는 사람들의 정체와 권리를 위해 행정적으로 문서적으로 인정해주는 제도적 장치가 있었음 좋겠고 사탕발림이 전공인 **의 K모 국회의원은 분명히 처벌 받을 수 있기를 간절히 호소합니다. 선거캠프에서는 선관위에 등록된 사람 외엔 무보수봉사직으로 일을 해야합니다만 공천을 받기전엔 특히 ** K모 국회의원처럼 평판이 좋지 않은 사람은 돈이나 자리약속(보좌진)을 받지 않으면 그 누구도 일을 해주지 않습니다. 물론 공천을 받고나면 분위기는 역전되지만 자신을 위해 일해준 사람과의 약속을 지켜야 하는 게 인간의 도리 아니겠습니까. 약속을 지키기는 커녕 겨우 국회의원 당선 임명장을 받은 시기에 남편이 평소 싫어하는 직장에 취직시켜주겠노라며 인력소개소장같은 소리나 해대는 짐승보다 못한 행태를 해놓고는 국회의원 뱃지를 달았다고 세상 다 가진 것처럼 윤리를 져버린 처벌을 받지 않고 뻔빤하게 다니는 **의 K모 국회의원은 양심이 있다면 스스로 그 자리에서 물러나야 한다고 생각합니다. 사람들 등쳐서 본인의 개인 빚이나 갚는다고 혈안이 되지말고 말입니다. 30년 연애와 결혼생활동안 이렇게 황망히 남편이 인사도 없이 눈도 한번 맞추지 못하고 손도 한번 잡아주지 못하고 제 곁을 떠날 줄은 정말 꿈에도 몰랐습니다. 남편이 세상을 떠난지 몇달이나 지났지만 저는 아직도 꿈만 같습니다. 현관문을 열고 들어올 것 같고 아직 치우지 못한 남편의 유품들이 주인을 잃었다는 건 인정할 수 없습니다. 49재가 지났지만 왠지 남편은 억울해 아직 이승을 맴도는 것 같습니다. 이런 남편의 억울함에 많은 분들이 동의해주셔서 가여운 제 남편의 사연에 동참해 주시면 감사하겠습니다. [본 게시물의 일부 내용이 국민 청원 요건에 위배되어 관리자에 의해 수정되었습니다]",
  "num_agree": 848,
  "petition_idx": "590476",
  "title": "국회의원의 배신으로 목숨을 잃은 남편의 억울함을 풀고싶습니다."
}