{
  "category": "인권/성평등",
  "begin": "2020-07-07",
  "content": "안녕하세요, 저는 여성이자 학생, 그리고 사람으로서 사회의 부조리함에 대해 더는 침묵할 수 없다는 마음으로 이 청원을 올립니다. 오늘 세계 최대 아동 성착취물 사이트 '웰컴 투 비디오'(W2V)를 운영한 손정우의 미국 송환이 불발됐습니다. 손정우는 태어난 지 6 개월밖에 안 된 아이까지 성착취를 한 최악의 범죄자입니다. 미국은 손정우의 악랄한 범죄를 더욱 강력하게 처벌하고자 하는 생각에 손정우를 미국으로 보내 달라고 요구했습니다. 재판부는 처음에는 손정우를 법정형이 더 높은 미국으로 보내 엄중한 형사처벌을 함으로써 정의를 실현하고, 유사한 범죄의 재발을 방지해야 한다는 주장을 받아들이며 법원도 이러한 비판과 주장에 공감한다고 말했습니다. 하지만 법원은 범죄인을 더 엄중하게 처벌할 수 있는 곳으로 보내는 것은 범죄인 인도 제도의 취지에 어긋난다면서 손정우의 미국 송환을 기각했습니다. 재판부는 손정우가 관련 사건으로 이미 대한민국에서 형사처벌을 받았고 손정우를 수사과정에서 적극 활용할 필요가 있다는 것을 내세워 대한민국에서 손정우에 대한 형사처벌 권한을 행사하겠다고 말했습니다. 미국 송환이 불발된 후, 손정우는 물의를 일으켜 죄송하다면서 한국에서 처벌받고 싶다는 입장을 재차 밝혔습니다. 법원은 손정우의 미국 송환 불발이 그에게 면죄부를 주는 것은 아니라고 했습니다. 이 나라가 말하는 ‘정의 실현’은 도대체 무엇인가요? 범죄자의 눈물에 공감하고 그의 인권을 지켜 주는 것이 과연 정의일까요? 손정우의 범죄에 눈물을 흘린 사람은 수도 없이 많습니다. 피해자, 피해자와 관련된 사람들까지 상상도 할 수 없을 정도로 많은 눈물을 흘렸습니다. 그들의 인생과 눈물은 누가 책임져 줄 건가요? 손정우는 인간이기를 포기했습니다. 짐승도 안 할 법한 행동을 한 손정우의 권리를 지켜 주는 것이 피해자들의 정신 건강을 지켜 주는 것보다 중요한가요? 저는 이 나라에서 말하는 정의를 도저히 이해할 수가 없습니다. 손정우가 올린 성착취 영상을 다운로드만 받은 40대 미국인은 미국 법정에서 15 년형을 선고받았습니다. 그런데 성착취 웹사이트를 운영한 손정우는 국내에서 받았다는 처벌이 겨우 징역 1 년 6 개월 형입니다. 손정우의 미국 송환 불발과 석방은 또다시 비슷한 범죄를 만들어 대한민국 사회의 질서를 엉망으로 만들 것이 분명합니다. 대한민국은 과연 누구를 위한 나라일까요? 범죄자의 인권을 우선으로 하고 피해자는 뒷전에 두는 이런 사법 체계를 갖춘 나라가 과연 국민을 위한 나라라고 말할 수 있을까요? 저는 이런 나라와 사회에 큰 문제가 있다고 생각합니다. 우리 모두 법원에서 말하는 정의가 아닌 피해자, 소수자, 국민을 위한 제대로 된 정의와 질서가 있는 사회를 만들어 가기 위해 최선을 다해 노력해야 한다고 생각합니다. 대한민국의 질서와 정의를 위한 첫걸음은 범죄자의 강력한 처벌로부터 시작된다고 생각합니다. 따라서 저는 아동 성착취물 사이트 운영자 손정우의 미국 송환을 강력하게 요청합니다.",
  "num_agree": 62284,
  "petition_idx": "590463",
  "title": "세계 최대 아동 성착취물 사이트 W2V의 운영자 손정우의 미국 송환을 강력하게 요청합니다."
}