{
  "category": "육아/교육",
  "begin": "2020-07-06",
  "content": "** 시립 어린이집의 갑질을 고발합니다!! 저는 이번주 너무 불쾌하고 불안하고 황당한 일을 겪었습니다. 제가 이글을 올리는 이유는 **시에서 운영한다는 어린이집의 실태의 진실을 알리고 저같은 아기엄마들이 똑같은 피해를 보지 않았으면 하는 마음으로 용기내어 글을 올립니다. 개인적으로 화도나고 속상한 마음이 없다고 하면 거짓말이겠지요, 그치만 전적으로 개인감정 때문만은 아니고 같이 아이키우는 엄마로써, 말도 못하는 어린 아기들을 맡기는 일인데, 자질이 부족한 사람에게 맡겨서는 안된다고 생각되어 진실을 알리고자 합니다. (내용) 시립어린이집은 아침 07:30~21:30(야간연장반 신청시)까지 운영한다고 합니다. 현재는 제가 육아휴직중이지만, 곧 복직하게 되면 서울로 출퇴근을 해야하고 저희집은 아기를 돌봐줄 주변 가족이 없는 형편입니다. 저희 아기는 현재 민간 어린이집에 다니고 있습니다. 하지만 앞서 말씀드린 것처럼 복직하게 되면 아침일찍/저녁늦게 등하원 해야해서 국공립에도 대기를 걸어놓은 상태지만, 1년 반이 넘어도 자리는 나지 않았습니다. 그러던 중, 최근 7월 1일 구래동에 시립어린이집이 새로 개원한다는 정보를 듣게 되었고, 바로 대기를 걸었습니다. 지난주말 토요일 밤8시 30분쯤 전화가 왔습니다. 저희 가족은 제주도 여행중이었는데, 대기를 걸어놓았던 시립어린이집 원장이더군요. 사실 주말 밤에 연락 한다는것 자체가 실례라고 생각이 됐지만, 워낙 급하셨나보다 하고 좋게 생각하려고 했습니다. 사실 처음에는 연락온것에 기뻤습니다. 그런데 다짜고짜 전화해서는 원래 들어오기로 했던 아기가 있었는데 서류미비로 탈락되어 저희 아기가 순번이 되었으니 7월 1일 개원에 맞춰 6월 29일 월요일까지 서류를 준비해서 빨리 보내달라고 하더군요. (연락준날짜:6/27(토) 밤20:30) 거의 통보 수준이었습니다. 제가 알기론 연락받은 날로부터 서류준비 기간 및 입소를 할지 고민 등등 7일간의 기간을 주는걸로 알고 있습니다.(카톡도 그렇게 옴) 7일후에도 연락을 주지 않거나 서류를 제출하지 않거나 통보가 없을 경우 그 다음 아기의 순번으로 넘어가는 것으로 알고 있습니다. 그런데 입소예정인 아기의 상황에 대한 아무런 배려 없이 다짜고짜 개원일에 맞춰 진행하려고 무리수를 드는 느낌이 들어서 사실 원장 마인드에 대한 걱정이 있었고, 보내야 할지 말아야 할지 고민이 많이 되었습니다. 그리고 6월 29일 월요일 어린이집에서 내일 입학식이니 관련 서류를 준다고 전화가 왔더군요. 저희는 여행에서 6/29일날 돌아왔습니다. 그래서 그 다음날인 7월 1일에 어린이집을 방문했습니다. 거기서 원장님과 담임선생님을 만나뵈었습니다. 앞전에 이런저런 얘기들이 있었지만, 결론적으로 원장님과 상담하면서 현재 다니고 있는 어린이집은 7월2일까지 퇴소처리하고, 7월 3일부터 입소하기로 얘기를 확정 지은 상태로 잘 부탁드린다는 말까지 하며 인사하고 나왔습니다. 그리고 저는 그날 새벽 2시까지 어린이집 관련 서류 및 준비물을 챙겼습니다. 준비물을 챙기다 궁금한 것이 몇 가지 있어 문자로 문의도 드렸습니다. 그런데 어제 7월2일 목요일 오후2시 30분쯤 문자가 하나 왔습니다. 내용은 저희 아기가 어제 날짜로 퇴소처리가 안되있으니 우선 오늘 보류로 진행한다는 겁니다.(7월 1일 상담때 원장이 저한테 보류는 대기와 같은거라고 했거든요. 7월 2일자로 다니던 얼집은 퇴소 처리되고 옮기기로 한 얼집에서는 보류가 되면 저희 아기는 당장 붕뜬 상태로 이도저도 아니게 된 상황이니) 저는 너무 황당하고 놀라서 원장님과 어린이집에 수차례 전화 드렸으나 받지 않았습니다. 너무 급한 마음에 문자를 남겨놓고 계속 전화를 시도했습니다. 한참 있다가 받더니 원장이 하는 말이 가관입니다. 어제 만나 뵙고 이미 얘기 다 끝낸 상태이고 내일부터 입소하기로 했는데, 갑자기 왜 말바꾸시고 혼란스럽게 그러시냐고 제가 그랬더니, 제가 어제 질문한 내용에 답변을 준거라며 헛소리를 합니다. 그리고는 낼 입소하면 되지 뭐가 불안해서 이렇게 화를 내는지 모르겠다는 식으로 너무 싸가지 없이 말하더군요. 통화하는 내내 말투가 매우 불쾌했고 계속 저를 화나게 말했습니다. 저는 못참고 너무 화가 났습니다. 학부모와 통화하는 원장의 태도라고는 믿기지 않을만큼 권위적이고 명령조였습니다. 어제 한 약속도 어기고 하루만에 말을 바꾸는 원장, 어떻게 이런 사람을 **시에서는 시립어린이집 허가를 내어준건지 모든 것에 불신과 의문이 들었습니다. 원장은 통화 중, 계속 저희 아기 때문에 다른 친구들이 등록을 못하고 있다는 둥, 내 편의를 많이 봐줬다는 둥, 자기가 무슨 큰 권력을 쥐고서 너 아니여도 대기자 많으니 피곤할 것 같은 아기들은 다 재끼고 서류 빨리 제출하는 아기 순으로 받는 듯한 어린이집의 갑질을 제대로 느꼈습니다. 저는 너무 화가 나고 불쾌했습니다. 저한테 통화 중 이렇게 말하더군요. “이렇게 저희한테 화가나셔서 아기 맡기실 수 있으시겠어요?” 저는 이말을 듣고 화가 머리끝까지 치밀었습니다. 한마디로 그러면 보내지 말아라. 이 뜻 아닙니까??? 어떻게 학부모에게 이렇게 말할 수가 있습니까? 시립 어린이집 원장이 벼슬입니까? **시에서 어린이집이 부족하고 국공립, 시립은 인기가 많다는 것을 알고 갑질하는게 아니라면 뭘까요? 그리고 기존에 다니고 있던 어린이집에도 말씀드리고 인사드리고 할 시간은 줘야하는거 아닙니까? 그동안 돌봐주셨던게 있는데 사람된 도리로 무슨 물건 사는것도 아니고 어떻게 그런식으로 번갯불에 콩볶아 먹듯 일처리를 하는지 도저히 이해가 안됐습니다. 개원일에 맞춰서 진행을 하고 싶었으면 미리미리 모집공고를 하고 시간적 여유를 두고서 했어야지 본인이 국가보조금 신청때문에 급하다고 엄마들 닥달하고 시간적으로 재촉하고 일을 이런식으로 하는 건 정말 잘못되었다고 생각됩니다. 통화 중, 더 이상 통화가 하기 싫었는지 일 끝나고 다시 통화하자고 해놓고 제가 싸우기 싫어 전화 안했는데, 여지까지 전화한통, 문자하나가 없네요. 입소안하면 그만이다. 라고 생각하는 것 같습니다. 저는 이런 사람이 시에서 운영하는 시립 어린이집의 원장이 되어서는 안된다고 생각합니다. 제가 생각할땐 분명히 저같이 불쾌하게 느꼈던 엄마들이 더 있을꺼라는 생각이 들고요. 어제 저는 이 일로 하루가 엉망이 되었습니다. 속상하고 화가 나고 마음이 많이 상했습니다. 그리고 제가 할 수 있는 모든 걸 할 생각입니다. **시청에도 민원을 넣고, 경기도청, 여성가족부, 보건복지부 등 관련부처에 모두 글을 올릴 생각입니다. 잘못된 것은 바로 고쳐져야 한다고 생각합니다. 안그래도 출산율이 저조하다면서 이런 식의 시스템을 가지고 계속해서 엄마들이 어린이집의 눈치를 보며 아기를 맡길 수는 없습니다. 어린이집에서 개원해서 아이들을 모집할 때부터 모든 과정을 투명하게 시청/도청/여성가족부/보건복지부 등 관련 부처에서 같이 모니터링을 하면서 옳은 방법으로 모집하는지, 원장의 개인 편차에 따라 받고 있지는 않은지 등등 객관적이고 면밀하게 체크하고 함께 모니터링 해야 한다고 생각합니다. 자세한 시스템개선은 관련부처에서 담당자들이 설문조사 등을 통해 노력/개선 해야한다고 생각됩니다. 부디 제 뜻이 잘 전달되어 시스템이 좋게 개선되었으면 좋겠고, 더 이상 저같은 황당한 피해를 보는 엄마들이 없었으면 좋겠습니다. 서울의 집값이 너무 비싸서 사지 못하는 예비부부 or 신혼부부 or 이제 막 가정을 꾸리는 아기있는 가족들이 **에는 많습니다. 하지만 **시에는 현재 아이들에 비해 어린이집이 많이 부족한게 현실입니다. 아기를 낳으라고만 하지 말고, 아기를 낳고 기를 수 있도록 많은 지원/혜택과 맞벌이하는 부부들도 편하게 아기 맡길 곳이 있는 환경개선이 먼저가 되어야 하지 않을까요? 부디 **시에도 많은 지원해 주셨으면 좋겠습니다. [본 게시물의 일부 내용이 국민 청원 요건에 위배되어 관리자에 의해 수정되었습니다]",
  "num_agree": 339,
  "petition_idx": "590406",
  "title": "**시 시립어린이집의 갑질을 고발합니다!!"
}