{
  "category": "행정",
  "begin": "2020-07-07",
  "content": "저는 해운대구 우동에서 수십년간 살아온 시민의 한사람 입니다. 요근래 뜻밖의 소식이 전해져 동네는 마치 벌집을 건드려 놓은듯 어수선하기 짝이 없습니다. 문제는 바로 해운정사에서 작년(2019년)말께 경주에서 가져왔다는 3층석탑이 너닷없이 부산시 지정유형문화재로등록 되었다는 소식때문 이었습니다. 청천벽력같은 소식에 온동네 주민들은 근심 걱정이 가득한체 하루하루를 보내고 있습니다. 이렇게되면 문화재보호를위한 역사문화환경 보존지역이 지정되어 대상지역에 건축규제가시작되기 때문입니다. 1971년부터 현재위치에 터잡고 날로 사세확장을 해왔든 해운정사가 하다하다 이제는 타지방에서 이리저리 떠돌든석탑을 가져와 그것도 많은 주택가로 이루어져있는 주택가 한복판에 그탑을 세워놓고는 몰래 문화재등록 신청을 하였고 이런사정을 아는지 모르는지 부산시는 올해(2020) 4월29일 부산시 지정유형 문화재로 등록 하였습니다. 이때가 전부산시장의 스캔들로 사퇴를 발표한지 6일밖에 되지않았고,이문화재를 심사했든 부산시23대문화재위원들의 임기도 하루밖에 남지않았든 시점이기도합니다. 어떻게 이렇게 번갯불에 콩 볶아먹듯 이런일이 벌어질수있는것입니까? 해운정사가 타지방에서 가져다놓은 석탑이 과연 문화재지정시 그과정이 투명하고 적법했는지 아니면 문화재로써의가치와는 상관없이 힘있는 종교단체의 회유나 압박에 의해서 이루어진것은 아닌지 폭넓게 그리고 깊게 조사해 보아야 할것입니다. 이상한 문화재지정이 해운정사의 사세확장의 도구로 이용되고 또 이를 용인한다면 앞으로도 이와같이 문화재지정을 악이용하는 사례가 계속되리라 예상되기도 합니다. 선량한 시민들이 어느날 갑자기 닥쳐온 근심 걱정에서 빨리 벗어날수있도록 해운정사의문화재 지정을 해제하거나 취소하여주시길 간곡히 청원드립니다.",
  "num_agree": 1544,
  "petition_idx": "590436",
  "title": "해운정사의 이상한 문화재 지정을 해제 하거나 취소해주십시요"
}