{
  "category": "정치개혁",
  "begin": "2020-07-08",
  "content": "방통위는 채널A 재승인 의결을 취소하라! 지난 3월 31일자 MBC 뉴스데스크 단독 보도로 알려진 종편 채널A 법조 기자가 신라젠의 전 대주주인 이철 전 밸류인베스트먼트코리아 대표 측 대리인을 만나 유시민의 비리 연관 가능성을 캐물으면서 사건을 만들수 있다고 협박 취재했다는 일명 '채널A ,검언유착'사건이 있었습니다. 이에 채널A 는 한동훈 부산고검 검사장과의 친분을 내세워 취재원을 협박 취재하여 취재윤리 위반 문제를 골자로 (인사위원회에 회부)이동재 채널A 기자를 해고했고, *** 법조팀장은 6개월 정직, *** 사회부장은 3개월 정직, *** 기자는 견책 징계를 주고,*** 보도본부장과 *** 보도부본부장에는 감봉을 결정하는 정도로, 채널A 자체내 검언유착 범죄에 대해 채널A는 관련기자들을 해고하는선에서 꼬리자르기를 했습니다. 이른바 '채널 A 검언유착'은 사회적 파장을 일으키는, 검찰개혁의 당위성을 단면으로 보여주고 있는 사건입니다. 또한, 한동훈 검사장 녹취록이 있다는 소리까지 들려오며,이 녹취록의 공개후 생길 후폭풍은 검언유착방송인 채널A를 재승인 허가를 해준 방송통신위원회로 돌아올 것은 자명합니다. 언론의 사명은 진실보도입니다. 언론사가 진실을 외면하고, 범죄를 기획하여 기획된 범죄를, 보도하겠다고 취재원을 협박한다면, 시민에게 총 칼을 들이대는 것 이상의 위협과 무서운 공포일것입니다. ( 채널A 이 ** 기자의 거짓말에 대하여,아래 민언련의 고발내용 링크 첨부) 방송통신위원회는 지난 4월20일 채널A 방송사업 재승인을 의결하며 13개 조건을 부가했습니다. 이중 철회권 유보조건이 ’소속기자의 취재윤리 위반‘ 건 등과 관련하여 채널A가 재승인 의결전에 방송통신위원회에 출석해 진술한 내용이 사실과 다르거나, 향후 진상조사위원회 및 외부자문위원회의 조사검증 결과와 수사기관의 수사 결과등을 통해 방송의 공적책임 ,공정성에 영향을 미칠 수 있는 중대한 문제가 있었던 것으로 확인될 경우, 재승인 처분을 취소할 수 있다는 대목이 있습니다. “철회권 유보 조건” 핵심은 ‘사실과 다른 진술’ ‘중대한 문제’에 대한 판단 기준입니다. 이미 채널A의 '검언유착'은 사실로 확인되었으며 검찰개혁이라는 시대적 사명을 앞에 두고 방통위가 재승인 결정을 유보또는 재검증 점검등을 운운한다면 그 자체가 국민을 기만하는 것입니다. 채널A는 언론사로서의 팩트 전달이라는 막대한 사명을 져버리고, 사건을 기획하고,음모를 한 사건에 대한 책임을 지고,방송사 해체는 물론, 대국민 사과를 해야 함이 마땅하고, 방송통신위원회는 채널A의 재승인 의결을 취소해야 합니다. 이에 , 청원인은 \"방통위는 채널A의 재승인 의결을 취소하라\" 청원을 올립니다. 깨어있는 시민들의 많은 동의로 함께 해주십시오! 감사합니다. 관련링크 1 노컷뉴스- 민언련의 고발내용의 핵심 인터뷰 기사 https://www.nocutnews.co.kr/news/5363191 관련링크 2 뉴시스- 채널A 검언유착 사건 일지 https://www.news1.kr/articles/?3984246 [본 게시물의 일부 내용이 국민 청원 요건에 위배되어 관리자에 의해 수정되었습니다]",
  "num_agree": 20920,
  "petition_idx": "590485",
  "title": "방통위는 채널A 재승인 의결을 취소하라!"
}