{
  "category": "교통/건축/국토",
  "begin": "2020-07-08",
  "content": "저는 신혼부부이자 청년이자 무주택자 청원인입니다. 일명 흙수저 집안에 태어나 어릴적 부터 국민 임대아파트에 거주하며 장애인 아버지를 모시며 살아왔습니다. 결혼을 하게 되었고 두 딸을 낳았지만 형편이 못되 처가살이를 하고 있는 실정입니다. 신혼희망타운 이라는 좋은 제도를 알게 되었고 김현미 국토부장관의 지역구인 고양시 지축지구에 청약을 넣을 생각으로 부풀었지만 아파트 분양공고를 보고 놀랄 수 밖에 없었습다. 바로 전에 했던 서울시 양원지구 보다 분양가가 더 높게 책정 되어있었습니다. 또한 주변 시세와 별반 차이도 없었습니다. '어떻게 고양시가 서울시보다 더 비싸게 나올 수 있는지...' 결국 포기하게 되었고 다른곳을 찾던 중 인천 검단신도시를 알게 되었고 신혼희망타운보다 훨씬 저렴한 분양가에 신혼특공으로 지원하여 당첨되었습니다. 은행대출 받아 퇴직할때 까지 대출 갚으면 집이 생길것 이라는 희망을 가지고 맞벌이를 시작하게 되었습니다. 하지만 6월 17일 국토교통부의 부동산대책에 모든 계획이 무산될 위기에 처해졌습니다. 불과 몇개월 전까지만 해도 미분양 관리지역이였던 이곳이 투기과열지구로 지정 되었기 때문입니다. 더불어 변경된 부동산대책 내용을 소급적용하겠다는 정부 입장에 기존 대출이 막혀 계약금(전재산)까지 위험해 졌습니다. 1. 김현미 국토부장관은 이런 이야기를 합니다. \"실수요자를 위한 신혼희망타운 등 공급이 있기 때문에 그들의 주택 구입을 위한 사다리를 걷어찼다는 지적은 맞지 않다.\" - 신혼희망타운 분양가가 비싸게 나와 저렴한 곳으로 분양을 받았는데 투기과열지구로 선정되었습니다. 2. 문재인 대통령이 김현미 국토교통부 장관을 불러 이런 이야기를 합니다. \"신혼부부와 생애최초 주택 구매자에 대한 혜택을 확대하라\" - 저도 신혼부부이자 생애최초 주택 구매자입니다. 3. 어제(6일) 문재인 대통령이 청와대에서 주재한 수석·보좌관회의 모두발언에서 이렇게 이야기 합니다. \"실수요자를 보호하고 서민과 청년의 주거 안정을 위한 대책을 강력히 추진해 나가겠다\" - 만으로 30세인 저는 청년이 아닌가요? 집 없어서 처가살이하는 서민이자 실수요자 입니다. 검단신도시는 2019년 1~9월까지 장기 미분양 지역으로 남아 있었고 2020년이 되서야 미분양관리지역에서 해제됐으며, 아직 '단 한명의 입주자'도 없는 곳입니다. 현재 1단계 개발이 한창이며, 2,3단계 개발까지 계획되어 있는데 다시 미분양 관리지역으로 돌아가라는 정책입니다. 그리고 정부는 부동산 정책이라며 그냥 내놓기만 하면 끝 입니까? 입주자 한명 없는 공사판 현장에 전매제한도 3년이라 당장 분양권을 팔수도 없는 곳입니다. 타지역이 많이 올랐다면 그 곳만 손 볼것이지 왜 서구 전체를 투기과열지구로 묶었는지 아무런 설명이 없었습니다. 왜 김현미 국토교통부 장관 본인 지역구는 조정대상 마저도 지정하지 않습니까? 쉽게 설명해서 검단신도시는 김현미 장관 지역구 보다 훨씬 저렴하고 거래량 없는 곳입니다. 제발 1명의 투기꾼을 잡기위해 100명의 선량한 시민을 잡지말아 주십시오. 법률불소급원칙에 따라 617 소급적용 철회와 검단신도시의 투기과열지구 지정해제를 요청하며, 김현미 국토교통부 장관 해임을 청원합니다. 이 역시 외면된다면 문재인 대통령직도 소급적용 시켜주십시오.",
  "num_agree": 1795,
  "petition_idx": "590494",
  "title": "투기과열지구 피해자로서 대통령직의 소급적용을 원합니다."
}