{
  "category": "교통/건축/국토",
  "begin": "2020-07-08",
  "content": "다주택자에 대한 간접적인 신용공급을 중단해 주세요 더 이상 다주택자들에게 간접적인 신용 공급 (세입자의 전세자금 대출 or 전세보증보험 가입금액)에 대해서 합산 DSR 적용을 빠른 시일 안에 시행해주세요 어짜파 바젤3 시스템 적용되면, 직간접적으로 이 정책의 시행은 불가피합니다. 부동산 정책관련해서 보유세 인상, 공급 확대 등의 정책보다 간적접인 신용공급을 막아야 합니다. 간적접인 신용공급이 지속된다면, 주택보증시장에 참여한 서울보증보험과 주택보증공사의 파산 가능성도 배제할 수 없습니다. Ex) A다주택자 : 2주택 보유, 신용대출 or 모기지 대출 3억, 전세세입자 전세금 5억 의 경우 현재는 신용대출 or 모기지 대출 3억에 대해서만 DSR 적용되지만, 주택시장의 신용공급을 하는 서울보증보험과 주택보증공사의 보증금액 역시 부채로 인식해서 DSR 적용을 하면, 대출금액은 8억에 육박하게 됩니다. 이 경우 전세시장 가격 안정에 크게 기여할 수 있고, 국책금융보증기관의 안정성 확보에도 선결될 수 있다고 생각힙니다. 이는 바젤3 시장리스크 도입 이전에 도입되어야 하며, 국책금융기관의 파산을 막을 수 있는 방법이기도 합니다. 서울보증보험, HUG를 동원한 인위적인 주택시장 가격유지하는 정책을 유지한다면, 이는 금융시장 안정성과 국가신용등급 유지에 크게 악영향을 미칠 것입니다.",
  "num_agree": 291,
  "petition_idx": "590492",
  "title": "다주택자의 세입자 전세금까지 포함해서 합산DSR을 빠른 시일 안에 적용해 주세요"
}