{
  "category": "일자리",
  "begin": "2020-07-06",
  "content": "저는 대전광역시에서 (주)******* 이라는 탁송전문회사의 대표자입니다. 대한민국의 모든 탁송기사는 탁송보험을 가입 해서 근무를 합니다. 대부분의 1,2종보통면허는 보통**손해보험의 대리운전/탁송보험을 가입하고 근무하며 1종대형이상,특수면허를 취득한 기사들은 대한민국의 유일하게 독점사인 **손해보험사의 취급업자보험(탁송운전위험)+차종확대(전차종가능)에 가입하고서 근무를 합니다. 그런데, **손해보험측은 매년 손해률이 높다고 보험료인상을 진행하며 사고건수가 2건에서 1건으로, 현재는 최근3년4개월간 무사고인 기사들만 가입을 받아주고 있을뿐만 아니라, 신규 무사고자들까지도 손해률이 엄청 높다는 자기들만의 이유로 대형/특수면허자를 차종확대를 제외하고 가입을 받는다고 합니다. 그럼 특수면허종사자들이나 대형면허종사자들에게 일하지 말라는 것과 무엇이 다르며 연간보험료는 보통1,200,000원~2,000,000원선(할인할증률에 따라 차등적용)의 고액을 보험료로 받아가면서 사고발생시 보험처리를 하게되면 갱신시점에 사고자로분리 보험갱신을 거부 더이상 대형기사로서는 근무를 할 수가 없게되어 **손해보험(대리/탁송보험)을 가입하고 소형차량만 타는 기사들과 어쩔수없이 전업하는기사들 두부류로 나뉘게 됩니다. 더욱 어이없는일들은 설계담당자와 **손해보험본사 자동차파트 담당자간에 친밀한 관계에 따라 **탁송보험(차종확대)에 가입할 수 없는 기사가 가입되는 어처구니 없는 비리가 속출해도 실수로 심사에 통과되었다는 허무맹랑한 답변만이 돌아옵니다. 2016년2월 **화재보험(취급업자보험/개별보험)을 만들면서 대리운전보험과 탁송보험을 분리시키면서 보험료의 대규모인상을 시작합니다. 그리고,2020년 년초 자기들만의 이유 막대한손해률로 개별상품을 없애 버립니다. 개별가입자중 무사고운전자만 갱신을 해주고, 사고가 단1건이라도 발생하여 보험처리를 하면 더이상 갱신은 없습니다. **손해보험사의 자동차파트 실무책임자와 담당자들의 실질적인 3~4년간의 비리여부조사와 설계사들과의 친분등 유착관계등 전수조사하여 주실것을 부탁드리며, 하루하루 탁송으로 밥벌어먹는 법의사각지대의 놓인 노동자들의 인권유린을 너무도 많이 지켜보아야 했습니다. 코로나19로 인하여 점점 힘들어지는 탁송시장의 환경으로 탁송비의 무차별적인 경쟁하락/보험갑질등 기사들은 더이상 갈곳도없이 마지막 직업으로 택한곳에서 마저 설자리를 잃고 있습니다. 저또한 대리운전,탁송기사의20년 경력으로 지금은 탁송회사를 하고 있지만 더이상 갑질에 스스로 가만히 두손놓아 구경만 할수는 없어 이렇게 청원을 하게 되었습니다. 이청원을 올리기전 **손해보험사 자동차파트 담당자와 상담을 통해 답변을 듣고자 02)****-****번으로 전화 하였으며 회의중이라 책임자와 통화할수 없다고 하길래 5시까지 1시간만 답변을 기다린다고하고 기다렸지만 결국 아무런 답변을 들을수 없기에 청원을 하게 되었습니다. 데한민국 모든 탁송기사들의 어렵고 힘든삶의 조금이라도 도움의 손길을 주시길 간절하게 청원합니다. 감사합니다. [본 게시물의 일부 내용이 국민 청원 요건에 위배되어 관리자에 의해 수정되었습니다]",
  "num_agree": 491,
  "petition_idx": "590409",
  "title": "**손해보험사의 갑질"
}