{
  "category": "일자리",
  "begin": "2020-07-07",
  "content": "올해 초 COVID-19 국내 확진자 발생을 시작으로 2월부터 본격적으로 코로나 바이러스가 국내에 전파되었으며 안타깝게도 COVID-19는 현재진행형입니다. 청원에 앞서 COVID-19 발병으로 인해 밤낮없이 땀을 흘리며 고생하고 계신 수많은 의료진과 정부관계자 분들에게 감사드립니다. 저는 **** 코리아의 일원입니다. 이 글을 쓰기까지 많은 고민이 있었지만 회사에 대한 믿음으로 기다려왔습니다. 하지만 회사의 대응에 크게 실망했고 국민청원에 호소하게 되었습니다. COVID-19가 국내에 전파되면서 창고형 매장이며 한번에 대량구매하는 고객이 위주인 저희 회사는 전반적으로 많이 바빠졌고 그에 따른 매출 증가가 있었습니다. 현재도 상당히 바쁜 상황입니다. 회사는 이러한 상황에 대한 보상으로 마스크를 쓰며 밤낮없이 고생하는 직원들에게 한시적으로 시급을 인상해주고 있습니다만, 코로나가 종식되는 그날까지 인상된 시급으로 지급해주길 바랍니다. 이는 단순히 시급인상만을 원하는 직원들의 생각이 아닌, 이어 말씀드릴 회사의 부당한 COVID-19 대응에 대한 보상과 처우개선을 요청하는 목소리입니다. 직원들의 호소에도 회사는 개선의 여지를 보이지 않아 간절한 마음으로 청원합니다. 회사에서는 사회적 거리두기를 적극 실천하자는 의미에서 크게 아래 두 가지를 제재했습니다만 직원들은 코로나19를 빌미로 한 부당한 조치라고 생각하고있습니다. 첫 번째 - 직원식당 폐지 이전부터 미국 본사에서는 한국에 직원식당 운영에 대해서 이해할 수 없다는 의견을 전해왔다고 합니다. 미국 ****에서는 따로 식사를 제공해 주지 않는다고 하지만 여지껏 한국 지사는 직원 식당을 운영하면서도 좋은 성과를 내왔습니다. 직원들의 복지, 사기와 직결되는 일이기 때문이겠지요. 하지만 COVID-19 유행에 따른 사회적 거리두기를 빌미삼아 직원식당을 폐지 시킨 상황입니다. 그에 따른 방안으로 회사는, 식대를 몇일간 지급했으나 금액이 부담스러운지 바로 몇 종류의 도시락과 컵라면으로 몇 달간 유지하다가, 지금은 식대 5천원을 지급 하고 있습니다. 이전에 운영하던 직원식당(단체급식) 기준 1인 식대에 25%를 올린 5천원을 지급하는 방식입니다. 하지만 이 청원글을 보고계신 여러분들께 호소합니다. 단체급식은 기업에서 식수를 제공하고 그에 맞게 식비가 저렴하게 산정되므로 단체급식 1인 식대를 기준으로 소폭 상승한 식대를 제공한다는 것은 납득이 가지않는 상황입니다. 현재 식대 5천원 지급과 음식을 유상 구매할 수 있는 푸드박스를 설치했는데, 이전 직원식당 제공시 보다 가격대비 만족도가 낮으며, 부득이 다른 방안이 없는 새벽근무자 이외에는 잘 이용하지 않습니다. 대다수가 도시락을 싸오거나 돈을 더 들여서 밖에서 사먹어야 합니다. 회사 주변에 식당도 없는 지점들도 있으며 다들 잘 아시겠지만 요즘 물가로는 5천원으로 한끼 해결기가 쉽지않은 것이 사실입니다. 그리고 현재 직원식당을 운영하는 회사가 운영하지 않는 곳보다 더 많으며, COVID-19에 가장 민감한 병원에서도 직원식당을 운영하고 있습니다. 앞서 말씀드린 내용들로부터, 사회적 거리두기를 빌미로 직원식당 운영을 중단한 것은 부당한 조치라고 국민청원을 빌어 호소드립니다. 직원들은 1) 직원 식당의 운영재개 혹은 2) 식대 지급 기준을 단체급식비를 기준으로 하는 것이 아닌 주변 상권의 한 끼 식대가 어느 정도 수준에서 형성되어 있는지 정확한 조사 및 그에 따른 식대 지급을 간곡히 요청드립니다. 두 번째 - 양치 및 가글 금지 회사는 COVID-19 유행에 따른 사회적 거리두기의 일환으로 매장 내에서 양치 및 가글을 금지하였습니다. 수많은 의료진들은 손씻기 뿐만 아니라 구강을 청결하게 하는 것이 바이러스 예방에 매우 중요한 행동이라고 안내합니다. ****의 본사인 미국에서는, 학교나 회사의 공동으로 쓰는 공간(화장실)에서 양치질을 하는 것을 좋지 않게 보는 부분들이 있다고 하는데 이런 시각에 따른 본사의 지침인 것인지, 바이러스 전파를 예방하고자 하는 한국 지사의 자체적인 해결책인지... 어느 이유든지 직원들은 쉽사리 이해하지 못하는 부분입니다. **** 직원들은 대부분 몸을 많이 쓰는 일이라 가뜩이나 마스크를 쓰고 일하게 되면 더 많은 땀이 나고 답답한게 현실인데, 양치질이나 가글까지 못하게 되니.. 부득이 업무를 위한 의사소통을 할 때마다 입안의 세균이 마스크에 튀게 될테고 직원들은 그대로 노출될 것입니다. 위생 및 바이러스 전파를 막기 위한 사회적 거리두기 지침이 개인 위생의 악순환을 불러오는 부당한 조치라고 생각됩니다. 위 두 가지 큰 이슈로 인해, 직원들은 힘든 근무환경 속에서 곪아가고 있습니다. 회사에 정중히 해당 사항에 대한 개선을 요청해도 묵인하고 넘어가는 현실입니다. 더이상 어디 말할 수 있는 곳도 없고 간절한 마음에 이 곳에 글을 씁니다. 회사는 이제 곧 다가올 휴가철을 대비해야합니다. 대형마트의 특성상 남들이 쉴 때 가장 바쁩니다. **** 직원은 정해진 휴가도 없습니다. 물론 그에 따른 보상도 없습니다. 명절에도 자사 상품권을 받습니다만 금액은 차마 말하기도 부끄러운 수준입니다. 말호봉이 되면 받는 급여보조금은 입사 이래 단 한 차례도 오른 적 없습니다. 하지만 이런 열악한 평사원들에 대한 처우에도 불구하고 관리자들은 두 번의 임금 인상이 있었습니다. COVID-19로 인한 일시적인 시급 소폭 상승은 열악한 처우가 개선될 방법이 아닙니다. 회사는 이익을 추구하는 집단이지만 사원을 존중야하는 사명 또한 있다고 생각합니다. 경쟁력 있는 보수를 지급하고 다양한 복지혜택을 제공하여 도전적이고 즐거운 근무 환경이 되도록 간곡히 부탁드리겠습니다. 그리고 한번 더 회사를 믿고 기다리겠습니다. 긴 호소의 글 읽어주셔서 감사합니다. [본 게시물의 일부 내용이 국민 청원 요건에 위배되어 관리자에 의해 수정되었습니다]",
  "num_agree": 1390,
  "petition_idx": "590467",
  "title": "**** 코리아의 COVID-19 관련 대응으로 직원들이 고통받습니다."
}