{
  "category": "외교/통일/국방",
  "begin": "2020-07-06",
  "content": "“일과 후 병사 휴대전화 사용이 정식 시행되었습니다.” 불과 며칠 전만해도 군대에 잘 있다가 갑자기 대학병원 신경외과 중환자실에 입원하게 된 군인 아들을 둔 아버지입니다. 중환자 보호자실에서 대기하던 중 뉴스를 보고 또 저의 아픈 경험을 바탕으로 청원합니다. 저는 병사 휴대전화 사용을 적극 찬성합니다. 휴대전화 사용이 그나마 가능했기에 저의 아들이 지금 살아있을 수 있기 때문입니다. 생명을 살리는 전화 한통화를 경험해 보신다면 제가 왜 이렇게 청원을 하게 되었는지 충분히 공감하시리라 생각합니다. 그러나 사용시간을 평일, 주말 21시까지 제한한 것은 강력히 반대합니다. 부모(보호자)와는 일과 후 언제든지 통화할 수 있도록 적극 검토해 주시기 바랍니다. 만약에 저의 아들과 지난 6월 27일 토요일 22시30분에 잠깐이나마 통화하지 못했다면 아들은 아마도 저희 품을 영영 떠났을겁니다. 정말 생각만 해도 아찔합니다. 사건은 다음과 같습니다. 6월27일(토) 22시30분경 아들으로부터 머리가 너무 아파서 부대 근처 종합병원 응급실에 다녀왔다는 휴대전화를 받았습니다. \"간단한 검사 받고 링거 맞았어. 아프지만 자고 일어나면 괜잖겠지\" 그런데 좀 이상한 느낌을 받았습니다. 젊고 건강한 애가 머리가 아파서 응급실을 다녀왔다는 것이 순간적으로 이상하면서도 설명하기 힘든 뭔가 찜찜한 느낌이 들었습니다. 그래서 아프지 않다는 것을 직접 보고 확인하지 않으면 마음이 편하지 않을 거 같아서 다음날 저와 아내는 6월28일(일)에 부대로 면회를 갔습니다. 우리가 도착할 때 까지 자고 있던 아들을 데리고 외출허가를 받아 나와서 계속되는 불안하고 찜찜한 마음에 대학병원 응급실로 데리고 가서 CT 촬영을 했습니다. 간단한 확인 차 실행한 검사에서 정말 생각지도 못했던 뇌출혈 흔적이 있다는 얘기를 듣고 충격을 받아 가슴이 두근거리기 시작했고, 뇌혈관 검사를 하면서 출혈 부위 응급 시술을 받았습니다. 그리고 의료진으로 부터 만약에 아이가 그대로 부대에 있으면서 두번째 뇌출혈이 생겼다면 아들의 생사는 거의 부정적이었을 거라는 얘기를 들었습니다. 가슴이 철렁한 얘기가 아닐 수 없었습니다. 그 누가 젊고 건강한 아이가 뇌출혈이 있을거라고 생각을 했겠습니까. 하지만 또한 응급실에 갈 정도로 심한 두통이 있었다면 한 번쯤 의심을 해봐야 했는데 그 누구도 깊게 생각을 하지 않았고 그나마 부모로써 전화받고 이상한 느낌이 들어 데리고 나가 검사를 받게 한 것이 천만다행이었습니다. 아들은 그 이후 경과를 지켜보고자 현재는 중환자실에서 치료를 받고 있습니다.( 28일(일) 응급 시술 후 다음 날 29일(월) 새벽과 7월 3일(금) 오전에 시술 받음) 이제 돌이켜 생각을 해 보면 28일 토요일 22시30분의 그 짧은 통화가 저의 아들을 살렸습니다. 토요일 19시경 병원 응급실에 가서 진료 받고 22시30분경 부대로 복귀하여 휴대폰 반납 바로 전에 부모에게 걸은 그 짧은 한 통화. 만약에 아들이 아프고 피곤해서 그대로 잤고 그런 사실을 모른채 그냥 지나쳐버렸다면 돌이킬수 없는 상황이 벌어졌을거란 생각에 지금도 무섭고 가슴이 두근거립니다. 아들은 저희와 통화 후 바로 휴대전화를 반납했는지 통화 후 5분쯤 후에 전화하니 전원이 꺼져 있었습니다. 그나마 응급실에 다녀오느라 휴대폰을 가지고 있었기에 잠깐 통화가 가능했지, 만약에 규정대로 21시에 반납해야 했다면 끔찍한 일이 발생하고 지금은 엄청난 후회를 하고 슬픔에 잠겨 있을 것입니다. 중환자실 면회할 때 아들에게 물어 봤습니다. \"토요일에 전화 잘 했어. 너 목소리 못 듣고, 우리 면회 안 왔으면, 큰 일 날뻔 했어.\" 그랬더니 아들이 \"그냥 엄마, 아빠한테 전화하고 싶더라고요. (면회)올 줄 몰랐어요. 이럴 줄도 몰랐죠\" 하더라구요. 아들은 시술 후에도 본인이 중환자실에 왜 있어야 하는지 상황을 이해하지 못해 자세히 설명을 해줘야 했습니다. 우리의 사랑하는 아들들, 군대에 갈 정도로 컸고 성숙했다고 생각하지만 사실은 아직도 여러 면에서 미숙하고 자신의 건강을 잘 챙길정도로 꼼꼼하지 못합니다. 그리고 말이야 쉽지 너무나도 낯선 군대 생활을 하면서 자신의 건강을 꼼꼼히 챙기기가 쉽지 않습니다. 물론 부대에서도 사안이 생기면 예외적으로 통화할 수 있게 해 주는 거 너무 잘 알고 있습니다. 하지만 아직도 부대에서 허락 받아서 통화할 때는 자연히 눈치를 보게 되고 마음 편하게 통화할 수 없습니다. 다들 아시겠지만 한국 문화에서는 군인들이 마마보이로 보이는 것을 좋아하지 않습니다. 또한 부대에서도 누구를 어떤 상황에서 통화하게 할 지 판단하는 것도 쉽지 않습니다. 누구는 해 주고 누구는 안해준다고 불만이 생길 수도 있습니다. 간곡히 부탁드립니다. 우리의 군인 아들들이 부디 부모(보호자)와 만이라도 일과 후 시간 제한없이 마음 편하고 자유롭게 휴대전화 통화를 할 수 있게 허락해 주십시오. 군대에 아들을 보낸 모든 대한민국 부모(보호자)들의 걱정을 덜어 주시고, 특히 응급상황이 벌어졌을 때 부대와 우리의 아들 군인 그리고 부모(보호자)가 합심해서 해결 할 수 있도록 의사소통의 길을 꼭 열어주시기 바랍니다. 부모(보호자)와의 휴대전화 사용시간 연장은 군에 대한 믿음과 군의 위상과 기강을 더욱 높여 줄 것입니다. 늦은 밤 사랑하는 아들이 있는 대학병원 근처 숙소에서 청원드립니다.",
  "num_agree": 720,
  "petition_idx": "590414",
  "title": "늦은 밤 병사(장병)의 생명을 살린 한통의 휴대전화, 군인의 부모(보호자)와의 부대(군대) 내 휴대폰 사용시간을 연장해 주세요."
}