{
  "category": "안전/환경",
  "begin": "2020-07-08",
  "content": "경북 칠곡군 **읍 ***길 36에 사는 50대 이**입니다. 저의 집은 **** 골프장 들어가는 도로변에 있습니다. 이집은 골프장이 들어서기 전부터 엄마가 사시던 집입니다. 그런데 요즘 제가 살아 보니 늦은 밤이나 새벽에 골프장 들어가는 많은 차로 인해 밤에 잠을 잘 수가 없습니다. 겨울은 문을 닫고 있어서 견딜만 했는데 여름인 지금은 창문을 열어 놓고 있으니 그 소리에 매일 잠자는데 신경이 쓰입니다. 그리고 먼지가 너무 많이 나서 저희 집은 건조기를 놓고 사용합니다. 새벽 4시이후부터 쌩쌩거리는 차와 늦은 시간 밤 12시조금 지나서까지 차가 많이 다닙니다. 그 소리에 자다가도 몇 번씩 잠을 깹니다. 여름이라서 문을 열어 놓으니 그 소음으로 매일이 스트레스입니다. 야간을 운영하니 불빛으로 농사철인데 농삿물에 미치는 영향도 만만챦습니다. 어떻게 해야 될지를 몰라서 이렇게 글을 올립니디. 밤에 잠을 좀 잘 수 있게 해 주셨으면 감사하겠습니다. [본 게시물의 일부 내용이 국민 청원 요건에 위배되어 관리자에 의해 수정되었습니다]",
  "num_agree": 143,
  "petition_idx": "590490",
  "title": "차량통행"
}