{
  "category": "경제민주화",
  "begin": "2020-07-08",
  "content": "우리는 동탄***호텔의 수분양자,임차인,인테리어공사업자,호텔수탁운영업체등 호텔에 정당한 권리를 가지고 있고 **중공업으로 인해 막대한 피해를 보고 있는 사람들입니다. 국민청원에 나선 이유는 대기업인 **중공업 주식회사가 우리에게 가하고 있는 추악한 갑질행위를 지금이라도 즉각 중지하고 선량한 소시민들을 더 괴롭히지 않도록 간절히 호소하기 위함입니다. 지난 4월 14일 호텔건물이 준공된 직후, **은 갑짜기 건물을 불법점거하고 정당한 권리자인 우리들의 권리행사와 업무를 온갖 수단을 동원하여 방해하기 시작했습니다. 오텔오픈에 맞추어 호텔운영과 상가개점을 준비하고 또 레지던스 입주를 준비중이었는데 **이 갑짜기 괴한들을 동원하여 건물출입을 차단 하고 인테리어 자재와 장비반입을 막아서 인테리어고 뭐고 아무것도 할 수가 없었습니다. 상가의 경우 분양을 받아 직영점포 개점을 준비하던 사람은 업체와 계약을 해서 인력,장비,자재를 주차장에 대기해 놓고도 속수무책으로 발을 동동 굴러야 했고 임대놓은 분들은 해약을 하고 위약금을 물어 준 사람도 있습니다. 후에 경찰이 개입해서 상황이 조금 풀렸었지만 경찰이 물러가자 **간부와 직원들은 24시간 상주하면서 끈질기게 호텔오픈준비를 비롯해서 모든 것을 방해했습니다. 호텔수탁운영사에는 객실 리더카드기까지 넘겨주지 않고 있습니다. **의 조직적인 업무방해로 호텔오픈이 당초 5월 15일에서 7월 10일로 그리고 또다시 8월 27일로 연기되었는데 이 마저도 불투명합니다. 호텔이나 상가를 분양받은 사람들,임차인등 모두가 비용과 수입 양쪽 측면에서 감당할 수 없는 막대한 손해를 보고 있습니다. 직접적인 손해액만 해도 현재까지 1인당 최소 수백에서 3억에 이르고 호텔운영업체는 13억도 넘습니다. 여기에는 자기자금으로 분양받은 분들도 있겠지만 특히 여기저기서 자금을 빌리고 해서 분양을 받은 분들은 하루하루가 피가 마를 지경입니다. 인테리어 공사업체는 인력,장비,자재를 확보해 놓고 있었는데 공사를 못하고 지연되어서 지금 직원 인건비 체불을 걱정하는 처지에 놓여 있습니다. 레지던스 입주를 준비중이던 사람은 입주를 할 수 없거나 늦어져서 친척이나 친지의 집, 심지어 여관등에 임시거처를 두고 있는 분도 있습니다. 극악무도한 **의 불법행위로 인해 우리의 꿈이 하루아침에 송두리째 사라지고 우리는 매일매일을 절망적인 고통에 시달리고 있습니다. 잠도 제대로 이루지 못하고 있습니다. 생계까지 위협당하고 있습니다. 이제는 인내의 한계에 다다랐습니다. 정부가 이 사태에 각별한 관심을 갖고 조속한 문제해결에 도움을 주시기 바랍니다. 약자를 짓밟는 대기업의 갑질은 더 이상 대한민국에서 존재해서는 안 되는 사회악입니다. 문재인 대통령님께서도 취임식에서 우리나라를 ‘기회는 평등하고，과정은 공정하고，결과는 정의로운 새로운 나라‘로 만들어 가겠다고 말씀하셨습니다. 지금 우리 국민의 바람과 우리 정부의 국청 방향의 큰 흐름도 공정사회의 실현에 두고 있습니다. **중공업에 의해 자행되고 있는 적폐적 갑질에서 우리 모두가 하루속히 벗어날 수 있도록 정부의 각별한 관심과 도움을 간절히 요청드립니다. 사법기관에서도 특별한 관심을 가지고 도와 주시기를 간청드립니다. 공사비 사기와 부실계열사 일감몰아주기로 인한 배임，업무방해 등 각종 불법행위를 저지른 **중공업의 김** 사장등이 이미 고소·고발된 것으로 알고 있습니다만우리를 무참히 짓밟고 막대한 피해를 입히고 있는 김**등을 일벌백계 차원에서 엄벌하여 다시는 이 땅에 적페적 갑질이 발 붙일 수 없도록 하는 계기를 만들어 주시기 바랍니다. 국민 여러분께도 이번 사태에 각별한 관심을 가지시고 우리가 이 어려운 난국을 극복해 나갈 수 있도록 힘과 용기를 불어 넣어 주시기 바랍니다. 약자를 괴롭히고 고통을 주는 갑질이야말로 우리사회에서 조속히 사라져야 할 적폐중의 적폐이고 정의로운 선진국가로 우뚝 서는데 있어 필수적 선결과제이기 때문입니다. 이제는 우리도 미약한 힘이나마 우리의 권익을 지키기 위해 모든 수단과 모든 방법을 직접 행동에 옮겨 나갈 것입니다. 우리 노력이 결실을 거두어 희망을 되찾을 수 있도록 국민 여러분의 성원과 정부의 각별한 관심과 지원, 그리고 각계의 적극적인 도움을 다시한번 간곡히 요청드립니다. [본 게시물의 일부 내용이 국민 청원 요건에 위배되어 관리자에 의해 수정되었습니다]",
  "num_agree": 358,
  "petition_idx": "590478",
  "title": "도와주세요...제발..........대기업 **이 적폐적 갑질로 서민의 생계까지 위협하고 있습니다."
}