{
  "category": "행정",
  "begin": "2020-07-07",
  "content": "현재 코로나의 확산세가 가장 우려되는 지역인 광주 거주중인 시민입니다. 타지에서는 확진자 발생 시 14일 전 후로 자세한 동선파악 후 안내되고 있어 동선이 겹치는 사람들은 확인하고 바로바로 검사가 진행될 수 있습니다. 하지만 현재 광주시에서는 동선 안내문자만 하루에 3~4통씩 오지만 막상 시 블로그에 들어가면 감염근원지만 나와있으며 무증상자의 경우에는 감염경로 및 동선조차 공개되지 않습니다. 다음은 공개되지 않은 정보와 대응이 취약한 부분에 대해 요약한 내용입니다. -출퇴근, 등교시간에 버스에 탑승한 73번 확진자의 경우 해당 버스를 이용한 시민들에게 검사를 받으라는 안내도 제대로 진행되지 않으며 단지 시블로그에 동선이라고 탑승버스번호와 시간만 기재되어있습니다. -확진자가 발생한 초등학교는 최소 전교생과 전 교직원에게 코로나 검사를 해도 부족할 판인데 해당 학생이 속해있는 학년의 그 반만 검사를 진행한다고 합니다. -각 동네에 사는 주민만이 그 동네에서 확진자가 다녀갔다는 업체, 매장을 알 수 있으며 광주 전역에 안내되지 못하고 있습니다. -코로나 확산의 근원지인 종교시설에 대해 금지, 폐쇄보다는 제재라는 단어를 사용하고 있습니다. 시청에 민원전화와 댓글을 달아봐도 오는 답변은 \"확인할수 있는것은 없다\" 라는 말 뿐인데 광주 시민들은 어떤 정보에 기대어 어떻게 생활해야하나요? 제발 광주의 코로나가 신속히 해결될 수 있도록 시민이 불신하는 광주광역시청은 더 이상 코로나의 확산을 멈추시고, 중앙정부에 빠르게 요청하여 질본과 의료진이 컨트롤할 수 있도록 해주시면 감사하겠습니다.",
  "num_agree": 291,
  "petition_idx": "590432",
  "title": "코로나19확산의 주범은 광주시청 입니다."
}