{
  "category": "인권/성평등",
  "begin": "2020-07-07",
  "content": "끔찍한 범죄를 저지르고도 손정우에 대한 재산몰수와 신상공개를 한다는 소식이 들려오고 있지 않습니다. 수많은 피해자가 발생한 손정우 사건과 배고파서 음식 훔친 사건과 형량이 비슷한 우리나라 법 말이 됩니까? 판사와 법관들의 성인지 감수성이 제대로 작동하고 있나 의문이 들수밖에 없습니다. 국민들의 인식은 예전과 다르게 높아졌고 범죄수법 또한 예전과 다르게 진화하고 있는데 그와 다르게 법은 그대로 그 시간대에 머물러 있습니다. 법이 약하고 판사와 법관들이 형량을 그따구로 내리니 국민들은 허무함과 분노와 박탈감을 느끼게 됩니다. 또한 범죄자 인권을 지켜야 한다고 하는데 범죄자 인권을 지키는 것이 아닌 피해자 중심의 처벌이 이루어져야 하는게 맞는것이죠. 언제까지 범죄자 인권 운운하며 범죄자 감싸기에만 급급해 할것입니까? 시대의 변화와 국민들의 목소리에 발맞춰 범죄에 대한 형벌을 과감하게 높이세요. 또한 술먹고 저지를 범죄에 대해서는 더 많이 형을 부과해야지 감형한다는것도 말이 안되니 그부분에 대해서도 법개정 하세요. 또한 범죄로 얻은 모든 수익금은 국고로 환수할 수 있게끔 하세요. 범죄로 저지를 돈을 환수를 안한다면 그와 유사한 범죄는 계속 생기기 마련 아닙니까? 국회의원과 법관 판사들 왜 그런생각은 안하나요? 생각좀 하며 사세요. 또한 말도 안되는 법들이 현시대에 남아있다면 고쳐야 하는것이 맞는것이죠. 0. 손정우 신상공개와 손정우의 범죄 수익금 국고로 환수할것. 1. 술먹고 저지를 범죄에 대해서 감형해주는 법 고칠것 2. 몰래카메라 성범죄에 대해서 형벌을 과감히 높일것. 3. 모든 범죄자에 대해 신상공개할것 4. 모든 범죄로 부터 벌어드린 수익은 전부 다 찾아내서 국고로 환수할것. 국민들의 명령입니다. 계속 구 시대적인 법 체계와 인식을 가지고 있다면 국민들이 직접 나서는 날이 올것입니다.",
  "num_agree": 4457,
  "petition_idx": "590421",
  "title": "손정우 신상공개 및 재산몰수와 모든범죄자에 대한 신상공개등"
}