{
  "category": "인권/성평등",
  "begin": "2020-07-07",
  "content": "대구의 100억 자산을 모은 박사학위를 받은 최모씨가 * 2017년12월21일 *에 대구의 ***병원에 갑자기 입원을하여 검사를 받았는데 뇌경색으로 판명 받아 몇일을 입원하여 치료를 하며 이때 가장먼저 연락한 사람이 친한지인 정모씨인데 이사람에게 입원과 퇴원조치까지 마무리 받으며(현 금으로 처리)퇴원후 이틀뒤에 알고지낸 **손해보험 설계사 박모씨에게 추가 보험가입시 건강보험 공단에서 * 2017.12.20일까지*만의 기록만 요청해 제출하는 방법으로 서류위조를 하고 난뒤 이듬해 2018년7월경 ***병원에 입원해 다시 뇌경색 판정을 받아 보험료를 챙긴 사건이며, 이때 다른 보험사도 가입을 한것으로 나왔으며, 이사건을 검찰에 고발 하였으나 검찰에서는 증거자료를 달 라고했으나 자료만 줬고 ***병원과 건강공단 자료와 보험사 가입일자를 검찰에서 확보해 확 인 해달라 요청했고 보험사들도 자료를 주면서 조사를 요청했고 추가로 처음 입퇴원 조치 도와준 정모씨 진술 통화내역을 주고 참고인 조사도 받겠다 했는데도 추가 조사도 없이 수사결과는 증거불 충분이었다. 저도 보험사 조사관도 도저히 이해할수가 없다. 분명히 병원과 공단기록 확인을 요청 했는데도 이러니 도무지 알수가 없다.수사권 있으면 내가 하지? 이게 대구지검의 어느 검찰 입니다. 사회의 정의가 있는지 없는지, 어려운 계층도 아닌 사람이 그러니 이는 철저한 수사 통해 악행을 막을수 있기를 요청합니다. 그리고 더 중요한건 최모씨에게 주민등록법 위반. 내부자거래. 엘에이치 상가 불법임대 혐의도 있는 데 이사건들도 모두 각하와 증거불충분으로 처분되어 그 사건들도 자료 제출과 진술을 했음에도 같은 처분이라 더욱 궁금증이 커서 원점에서 다시 봐야 합니다. 젓번째: 주민등록법 위반 협의 (대구에 아내와 자식이 살고 있는 60여평의 아파트를 두고 동생 아 파트, 옷수선집, 안경점, 또 다른 아프트 등으로 된 혐의) 두번째: 내부자 거래(막내 동생을 법인회사의 협력업체로 등록해 다른업체보다 단가를 더 많이 주 고 다른 방법으로 지원해 현금화 시키는 등의 혐의) 세번째: 엘에이치 상가 불법임대 (본처에서 태어난 큰딸이 장애인으로 등록되 받은 상가를 1994년 부터 타인에게 임대 했으며 십년전 큰딸이 사망했음에도 반환되지 않고 계속 임대한 혐의) 위와 같은 사건들에 대해서도 공정한 수사로 사회 평등을 바로 세워 주시길 바랍니다. [본 게시물의 일부 내용이 국민 청원 요건에 위배되어 관리자에 의해 수정되었습니다]",
  "num_agree": 239,
  "petition_idx": "590450",
  "title": "100억 가진자의 보험사기와 이를 수사한 검찰수사의 납득할수 없는 수사 처분"
}