{
  "category": "기타",
  "begin": "2020-07-07",
  "content": "본 ㈜*****은 강원도 정선군 정선읍 용탄리 산1번지에 소재한 업체로서 고령토 광구 “정선86호”, “정선87호”를 득하여 1997년부터 2020년 현재까지 약 23년간 고령토 관련 사업을 영위해오고 있습니다. 본 고령토사업을 위해 해당지역 용탄리 산1번지에 구축물 및 기계장치에 약 20억원 상당의 투자를 기 집행하였습니다. 그러던 중 2017년말경 고령토 광구 “정선 86호”, “정선 87호”에 대한 채굴권 연장허가신청을 존속기간 만료 3개월 전에 해야하는 것을 1개월 전으로 잘못 알고 갱신기한을 지나서 했고 이를 이유로 산업통상자원부에서는 2017년 10월자로 채굴권 연장허가거부처분을 내렸습니다. 또한 채굴권연장허가거부처분을 근거로 동부지방산림청으로부터 2017년 11월 국유림사용허가갱신신청에 대해서도 불허처분과 해당 국유림의 원상복구처분을 받았습니다. 해당 지역의 채굴권 및 국유림대부를 득하지 못하고 원상복구를 하게 된다면 기 투자한 시설 및 장비가 무용지물이 될 뿐더러 복구비 (예치보증보험금액 : 3.2억원)를 부담하게 됩니다. 이에 채굴권과 국유림대부를 득하여 사업을 계속적으로 영위할 수 있는 방법을 필살의 의지로 찾았고 해당 광구의 신규채굴권과 채굴권인가(국유림대부 포함)를 획득하기로 했습니다. 채굴권 소멸일자로부터 1년이 되는 날 재입찰을 통하여 동일 고령토 광구 “정선86호”(등록번호 100535호)에 대한 대한 채굴권을 산업통상자원부 광업등록사무소로부터 2019년 6월 12일 획득하였습니다. 이후 ‘19년 9월 20일 강원도(자원개발과)에 기존에 득하였던 것과 동일한 노천채굴방식의 채굴계획인가신청서를 제출하였으나 검토관청들 중 국유림관리소에서 2018년 12월 개정된 산지관리법을 근거로 강원도(자원개발과)에 불협의처분을 하였고 이에 당사는 채굴계획인가(국유리대부사용허가신청 포함)을 자진철회할 수밖에 없었습니다. 당사는 담당자의 착오로 사업의 존속 및 수십억원의 기투자금액을 잃게 되는 여러운 상황 속에서 해당 채굴권 및 채굴권 인가를 새로이 득하는 것을 목표로 수천만원의 비용과 많은 시간을 소요하였습니다. 또한 동일 고령토광구에 대한 신규채굴권 및 채굴권인가(국유림대부허가 포함) 취득과 관련하여서는 해당관청인 산업통상자원부 광업등록사무소와 국유림관리소의 담당자와 여러차례 협의를 진행하였던 사항입니다. 특히 먼 거리에도 불구하고 강원도 정선에 위치한 정선국유림관리소에 수차례 방문하여 대면협의를 진행했음에도 산지관리법 개정내용에 관하여 어떠한 언급도 없었고 담당자는 이미 기존에 국유림대부를 득하였던 지역이기에 국유림 대부에는 문제가 없을 것이라는 승인에 대한 견해표명을 했습니다. 개정된 산지관리법에 의거하여 국유림대부가 불가하다면 “산업통상자원부”에서는 해당광구의 신규채굴권 접수를 진행하지 말았어야 했으며, 만약 진행이 됐다고 할지라도 접수시점에 해당 관청인 “산업통상자원부”와 “국유림관리소”에서는 그 내용에 관하여 사전고지를 했어야 될 것입니다. 당사가 해당지역에 노천채굴방식으로 채굴권인가(국유림대부허가 포함)가 불가하다는 것을 사전에 인지했다면 이를 득하기 위한 서류 준비 및 접수비용 등으로 수천만원 이상의 비용과 시간을 소요하지 않았을 것입니다. 단지 담당자의 착오로 연장신청을 늦게했을 뿐인데 이에 대한 조금의 선처없이 채굴권 및 국유림대부의 연장신청에 대해 불허처분되고, 이후 수천만원의 비용과 시간까지 소요하여 신규 신청했음에도 불협의처분으로 수십억원의 손실을 영세기업이 부담하게 하는 것은 너무 가혹합니다. 당사의 어려운 사정을 헤아려 기접수한 제2019-6420000-007912호 채굴계획인가 신청을 신규가 아닌 연장신청으로서 불협의처분 취소될 수 있도록 도와주시길 간절히 청합니다. 그럼에도 불구하고 국유림관리소의 채굴계획인가신청에 대한 불협의처분의 취소가 불가하여 해당 채굴권인가(국유림 대부 포함) 승인이 어렵다면 본건 채굴권 및 채굴권인가의 신청과정에서 발생된 비용에 대하여 해당관청 “산업통상자원부 광업등록사무소” 및 “정선국유림관리소 재산관리팀” 으로부터의 보상을 받을 수 있는 방안을 마련하여 주실 것을 간곡히 청합니다. [본 게시물의 일부 내용이 국민 청원 요건에 위배되어 관리자에 의해 수정되었습니다]",
  "num_agree": 123,
  "petition_idx": "590449",
  "title": "채굴권 확보에 따른 국유림 사용 허가 요청 (산업통상자원부로부터 채굴권을 획득했으나 산림청에서 해당 광산이 소재한 국유림 사용을 불허한 내용임)"
}