{
  "category": "교통/건축/국토",
  "begin": "2020-07-07",
  "content": "대통령님. 대통령은 각 부처 장관의 임명권자이며 책임자 입니다. 금융위원회와 국토교통부는 과거에도 일관되게 적용되어 온 바에 따라 이번 6.17 부동산 규제 역시도 일관되게 소급적용을 하겠다는 입장입니다. 법의 소급적용은 대한민국 헌법 13조 2항, 국민의 재산권을 심각하게 침해하는 행위입니다. 그런데도 과거로부터 일관되게 적용해 왔으니 이번에도 적용하겠다고 합니다. 과거로부터 일관되게 잘못되어 온거라면 이번에야말로 고쳐야 하는것이 아닌가요. 과거에도 잘못했으니 이번에도 잘못하겠다는건 너무도 말이 되질 않습니다. 이번 6.17 부동산 규제의 소급 적용으로 대한민국 전체 인구중 절반을 차지하는 수도권의 국민들이 상당한 피해를 보고 앞으로 보게 될 예정입니다. 어느 한 신혼부부가 있습니다. 이 부부는 내집마련의 꿈을 꾸며 천운으로 청약에 당첨되었지만 규제전 분양을 받았다는 이유로 소급적용을 받아 당장 2달안에 2억을 더 마련해야 합니다. 2달안에 2억을 마련하지 못할시 계약은 해지되고, 내집마련의 꿈을 키우며 10년을 넘게 유지해왔던 청약통장이 사라지고 계약금 수천만원은 건설사에게 물어줘야 합니다. 이 부부의 미래에 앞날은 없습니다. 이런 사람들이 한둘일까요? 10명? 100명? 수천? 수만명? 수십만명? ...알수없습니다. 이들이 모두 투기꾼입니까? 투기꾼을 잡기 위한다는 명분으로 과거로부터 일관되게 저질러온 잘못된 소급정책을, 위헌을, 이번에도 똑같이 저지르며 국민을 천길 낭떠러지 아래로 뛰어내리라고 종용하는것, 그래서 마침내 한가닥 희망이라도 보고자 하는 국민을 소급적용이라는 폭력으로 밀어내 아래로 떨어뜨리는것. 이것이 대통령님이 바라시는건 분명 아닐꺼라고 믿습니다. 대통령님. 부디 잘못된 소급적용을 철회하고 억울한 피해자가 생기지 않도록 장관들을 직접 설득하여 주십시오. 제발 잘못된 법이 국민을 희생양으로 삼지 못하도록 막아 주십시오. 모든 적용을 규제일 이전과 이후로 나누어. 미처 알지 못했던 국민들마저 너무나 큰 댓가를 치르는 일이 없도록, 그들이 살수 있도록. 부탁드립니다.",
  "num_agree": 1578,
  "petition_idx": "590457",
  "title": "대통령님 더이상 침묵하지 말아주십시오."
}