{
  "category": "교통/건축/국토",
  "begin": "2020-07-07",
  "content": "서민의 고통인 아래 문제에 제발 관심 가져주세요. 저는 무주택자로써 그동안 모은 돈으로 내집마련 목적으로 2006년 D건설사 주거용 오피스텔을 분양받았습니다. 그런데 그것이 덫이었고. 집도 없고 보지도 만져보지도 못한 중도금 대출금(건설사와 금융기관에 의한)에 허덕여야하는 사기였습니다. ( 'D** ***' 주거용오피스텔 사기분양과 중도금 횡령과 매번 보여주기식 찔끔 공사하는척과 날림공사, 시간만 끌다가 공사멈춤) 2016년 당시, 방 2+2 복층으로 중도금 무이자, 2018년 12월 준공, 2019년 3월까지 입주라고 도시 중심가에서 더구나 시청, 구청과 지리적으로 너무나 가까운 도심 번화가에서 대대적으로 홍보하였습니다. (그것이 모두 다 거짓말이라고는 상상도 못했습니다.) 1.15m높이의 생활할수도 없는 다락 2개를 복층이라고 속이고, 사문서 위조, 작년초부터는 공사가 멈춘 상태입니다. 회사에서 중도금 무이자라고 했지만, 회사가 분양자 앞으로 금융기관 대출금을 다 받아놓고 어디다 썼는지, 이제와서 돈이 없어 공사를 못한다고 합니다. 지금은 수분양자가 금융기관 독촉으로 보지도 못한 중도금 이자를 떠안고 있습니다. 언제까지 이런 말도 안되는 강요을 받아야 하는지, 그리고 준공은 언제가 되는지 앞이 보이지 않고 캄캄합니다. 수분양자들은 하루하루가 애가 탑니다. 시청과 구청에도 도움을 요청했지만, 진전이 없습니다. 제발 도와주십시요.. 전국의 D ***** 울산 대구 양산 부산등 약 5000세대가 집 마련하느라고 평생 피땀흘린 돈이 D건설사로인해 허망하게 날아가고 절망에 빠졌습니다. 제발 저희 수분양자들의 문제를 해결해 주세요. 서민의 피같은 돈을 횡령하고, 무주택자 서민의 집으로 장난치고 사기치는 D건설사와 Y 홀딩스 대표를 불러 꼭 확실한 조사를 해주세요. (매번 교묘한 말장난으로 서민을 우롱하고 골탕들이며 뼈속까지 병들게 합니다.) 더이상 믿을수없는 D건설사는 그동안의 공사 미지급 금액 다 처리하고 해결하고선 빠져야합니다. 새 신탁사가 새롭게 시작해야함을 꼭 훑어봐 주십시요. 주거용 오피스텔은 서민의 전부입니다. [본 게시물의 일부 내용이 국민 청원 요건에 위배되어 관리자에 의해 수정되었습니다]",
  "num_agree": 892,
  "petition_idx": "590428",
  "title": "무주택자 주거용 오피스텔 사기"
}