{
  "category": "교통/건축/국토",
  "begin": "2020-07-07",
  "content": "현재 수도권 등지에서 공급되는 공공아파트의 일반공급 당첨자의 청약저축 납입금액이 도대체 얼마인지 국토부는 알고 있는 것입니까? 무주택 중장년층의 청약저축이 쓰이지도 못한 채 얼마나 심하게 적체되어 있는가를 국토부와 청와대는 알고 있는 것입니까? 현재 공공분양의 특공, 일반공급의 비율은 옳지 않습니다. 공공분양은 오랫동안 무주택으로 지내며 매달 10만원씩 성실히 청약저축을 부어온 무주택자들에게 우선 기회를 주어야 합니다. 제발 정권의 입맛대로 공공주택청약 제도의 근간을 흔들지 마십시오. 공공분양 당첨을 위해 십수 년간 청약저축 통장 하나만 바라본 무주택 중장년층을 역차별하지 마십시오. 매월 10만원씩 부으며 아파트 당첨을 바라온 그들의 희망을 함부로 짓밞지 말아 주십시오. 신혼부부나 청년층을 위한 주택 정책 분명 필요할 것입니다. 하지만 그것이 중장년층의 기회를 빼앗아 나눠주는 형태는 되지 않아야 할 것입니다. 공공분양단지를 신혼희망타운으로 전환하여 분양하고 있는 이 마당에, 공공분양의 물량의 대부분을 또 다시 중복적으로 신혼부부와 청년층에게만 주는 것이 과연 옳은 일인가요. 공공분양을 위해 부어온 청약저축 통장은 민간분양에는 적용되지 않아 청약저축을 지닌 지금의 40-50대는 숱한 민간분양에는 청약조차 못하고 공공분양 당첨만을 바라 왔습니다. 그런데 지금의 공공분양에서의 일반공급 물량은 이들을 절망하게 합니다. 얼마전 대통령께서 생애최초에 대한 혜택을 늘리라고 한 말에 대해 큰 충격을 받고 더 이상은 가만히 있을 수 없겠다는 생각이 들었습니다. 이 정부는 공공주택의 청약 제도 자체에 대한 기본적 이해도 없구나 이해가 되었습니다. 공급물량을 늘리든 어떤 방식으로든 정부가 애지중지하는 신혼, 청년 등을 위한 주택 정책 펴십시오. 다만, 성실히 십수 년간 청약저축을 유지해온 무주택 중장년층의 청약 기회는 함부로 빼앗지 마십시오. 공급비율을 현재의 20퍼센트보다 더 늘려주십시오. 반드시 해결해 주십시오. 더 이상 일부 세대에게만 유리한, 편향적인 주택정책을 펴지 말아 주십시오. 원래의 공공분양 주택청약제도의 취지와 근간을 마음대로 훼손하지 말아 주십시오. 일반공급 비율을 늘려 주십시오. 오랫동안 무주택으로 살아온 사람들에게 공공분양의 당첨 기회가 돌아가게 해주십시오 젊은 시절, 신혼, 생애최초 등의 특공 같은 것은 구경도 못해본 중장년층에게 이제 와서 일방적인 희생을 강요하지 마십시오. 이건 원칙과 공정의 문제입니다. 양 세대가 상생할 수 있는 바람직한 대안을 만드십시오. 정책은 그렇게 실현해야 하는 겁니다.",
  "num_agree": 754,
  "petition_idx": "590419",
  "title": "공공분양의 일반공급 비율을 늘려 주십시오. 무주택 중장년층의 정당한 청약 기회를 박탈하지 마십시오!"
}