{
  "category": "저출산/고령화대책",
  "begin": "2020-07-06",
  "content": "안녕하세요, 우리나라 출산률은 세계최저수준입니다. 합계출산율이 0.96정도 됩니다. 결혼을하면 둘은 출산해야 유지가되는데 1명도 안되니 당연히 인구는 하락합니다. 수명은 연장되고 있구요. 다들 아시다시피 우리나라는 곧 고령화사회입니다. 사회비용은 증가하겠구요. 고령화사회의 특징중의 하나는 역동성의 결여로 국가경쟁력하락입니다. 여기까지는 다들 아시는 서두입니다. 그렇다고 모두들 아이를 갖지않으려고 하느냐. 절대로 그건 아닙니다. 난임병원에가면 많은 수의 출산을 준비하면서 난임으로 정신적, 신체적, 물질적으로 고생하는 커플들이 엄청 많습니다. 여성가족부에서 근처 유명한 난임병원에 한번만 가봐도 알겁니다. 시간도 많이 소요됩니다. 그 시간동안 우울증으로 고생합니다. 부부관계가 당연히 평소와 같을 수는 없습니다. 게다가 비용은 엄청납니다. 일반 회사를 다니는 남성들은 부담하기 어렵습니다. 정부가 7차까지 많은 부분을 지원합니다. 100프로는 아니더라도 상당히 도움이 됩니다. 재작년까지 4차까지 지원했으나 작년부터 7차까지 지원합니다. 문제는 8차부터는 100프로 개인부담입니다. 한 차수당 비용은 약값포함 통 300에서 350만원정도입니다. 저출산으로 고민하는 몇몇유럽의 국가들은 첫째아이의 경우 정부의 난임지원은 7까지가 아닌 10차가됐든, 12차가됐든 임신될 때까지 지원하고 있습니다. 그들 국가중 대부분은 대한민국보다 경제력이 좋지 못합니다. 그들 국가들도 저출산의 위기를 느끼기때문이며 가장 실효성이 높은 직접적인 지원을 바로 첫째아이난임지원이라고 생각하고있기때문입니다. 사회가 어려워서 결혼은 피하고, 아이키울 환경이 안되서 갖지않는 딩크족이아닌 하나라도 나아서 잘 키우려는 그리고 그것을 위해 삶의 모든 부분을 희생하고있는 부부들에겐 우리 정부도 첫째 아이는 7차까지가아닌 임신까지 끝까지 지원해 주셨으면하는 바람입니다. 혹시 다른 유럽은 안그런다. 일본은 안그런다.미국은 안그런다. 이런 이론으로 국가의 미래를 판단하지 마시고 지금 우리나라가 가장 시급한 문제가 무엇인가만 생각하길 바랍니다. 저출산 문제로 수년간 수십조원의 재원을 뿌렸어도 실효성을 거두기 힘들었습니다. 전부의증가는 아니더라도 대한민국 국민에게 직접적으로 출생증가효과를 얻을 수 있는 이런 방안을 꼭 강구하시길 바랍니다. 정책은 책상에 앉아서 공론으로 나오지 않습니다. 국민이 바라는 현장에서 얻을 수 있습니다. 근처 난임병원에 하루라도 한번이라도 가보시길 바랍니다. 저출산문제, 이제 인구절벽이 다가옵니다. 일자리는 커녕 일할 사람이 없어집니다. 국가의 3요소, 주권,국민,영토, 이중 국민이 위기에 처합니다. 아이를 안갖고자하는 부부를 국가가 나서서 설득하긴 어렵습니다. 하지만 난임치료를 받으면서까지 한 아이라도 갖고자하는 어려움에 처한 부부들은 첫째아이만이라도 끝까지 책임져 주셨으면 합니다. 그러면 소중한 대한민국 국민 한 사람의 생명이 탄생합니다. 8차부터 300만원 이상이 되는 비용이 부담되어 포기하는 난임치료부부는 5명중 2명이 넘습니다. 소중한 아이의 생명, 그리고 대한민국 국민생존의 존폐 문제를 깊게 심고해 주시기바랍니다. 저출산문제 예산을 이 곧에 더 집중해 주시면 지금보다는 나은 결과를 얻게 될 것입니다.",
  "num_agree": 3123,
  "petition_idx": "590413",
  "title": "첫째아이 난임지원"
}