{
  "category": "외교/통일/국방",
  "begin": "2020-07-08",
  "content": "내 아들은 공고 졸업과 동시 부사관으로 자원 입대하여 12년간 태어나서 지금까지 어디한번 크게 아파본적도 없다 당연 군에서의 신체검사맟 건강검진조차도 아무 이상이 발견된바가 없이 건강하게 그리 군생활을 하던중 업무적 스트레스 등으로 의식을 잃고 쓰러져 병원으로 긴급 후송되었으나 뇌에서 종양과 척수염및 추가적인 염증이 식별되어 국군수도병원에서 치료를 받았으나 뇌암의 전이로 인한 합병증으로 사망 하였다 *육군보건정책과 의학적 소견 -고인은 악성종양의 발생,악화및 진행정도를 고려할때 뇌암은 군복무간 발생하였을 가능성이 높을것으로 판단되며 이는 군복무와의 연관성을 의학적으로 배제 하기에는 상당히 제한있을것으로 판단된다는 소견이다 *종합판단 -의학적 소견,주변상황과 사망에 이르게 된 경위등을 종합적으로 검토한 결과 군복무중 발병한 질병이 악화되어 사망에 이르렀으며 직무수행 또는 교유훈련등 공무와 상당한 인과관계가 있다고 판단됨에 따라 순직으로 결정함 *국방부 심의결과 -뇌 종양과 같은 악성신생물에 대하여 유해 방사선,관련유해 물질 노출및감염여부 등으로 공무와의 인과관계판단결과:악성 신생물은 심리적 스트레스나 과로등에 의하여 발병하거나 자연경과 이상으로악화된다고 볼수있는 의학적 근거가 부족하다 -공무수행으로 인한 인과관게를 인정할수 있는 방사선이나 유해물질 노출여부를 확인할수 없다 -해당 질병과 군 공무 사이에 상당 인과관계를 인정할수 없어 공무상 사망 불인정 결정 *왜? 육본에서는 순직으로 인정되는것이 국방부에서는 아니된다는 건지요? - 인정받기 위해서 의학 공부를 해야 하나요? -잘 모르겠지만 어디가 아파본적도 없는 아들인데 군에서 신검이다 신체검사다 다 점검하였지 않나요? * 불쌍한 아들 죽음이나 가치있는 죽음이 될수 있도록 국방부 재심의 될수 있도록 도와주세요",
  "num_agree": 300,
  "petition_idx": "590479",
  "title": "군에서죽은 내조카 국방부 재심의요청"
}