{
  "category": "인권/성평등",
  "begin": "2020-07-07",
  "content": "그동안 동성애에 대한 논란은 끊임없이 제기되어 왔고 차별금지법 법안을 제정하여 상정했지만 국민들의 반대에 부딪쳐 무산되었습니다. 그러나 정의당이 차별금지법을 제정하여 시행하겠다는 것을 당론으로 정하여 발의하게 되면 여당 및 소수 정당이 합쳐 통과 될것은 불을 보듯 뻔한 일인데 이 차별금지법,혐오금지법, 또는 평등법은 동성애자의 소수인을 위한것처럼 보이지만 종교 탄압의 수단으로 사용되고 있음이 유롭 및 미국에서 보여주고 있습니다.아래와 같은 문제점이 있으므로 차별금지법, 혐오 금지법, 말만 바꾼 평등법 같은 절대 반대합니다. 1.동성애자의 인권을 보호하고 건강을 지켜주어야 하는것은 분명하지만 동성애를 조장하거나 옹호 및 두둔해서는 안된다는 것입니다.남자와 남자가 결혼 하거나 여자와 여자가 결혼 해서 정상적인 성 생활을 할수 없기 때문에 가정을 이룰수 없고 출산율이 급격히 저하 되어 2019년 말 0.92명 OECD 국가 중 꼴지로 몇 십년 후면 국가존립 상태가 위협받고 있는 실정 입니다 2.남자와 남자가, 여자와 여자가 결혼 하면 성생활은 비정상적으로 행해질수 밖에 없고 이로 인한 성병 그중에서도 에이즈 환자 발생이 급증 하고 있는 추세에 있지만 정확한 통계조차 내놓지 않고 있는 실정 입니다 3.결혼은 남자와 여자가 하는 것이 정상적이고 지금까지 결혼 상대는 이성을 짝으로 여겨 결혼 했는데 동성애는 나쁘다, 동성애를 해서는 안된다고 말할수 없도록 법을 만들고 그런 말을 하는 사람을 처벌하는 것은 역차별일 뿐 아니라 반인권적 형태라 하지 않을 수 없습니다.동성애나 젠더(성소수자)가 발생하지 않도록 권장을 하고 그런 활동을 자제하도록 권장을 해서 건전한 이성교제를 조장시켜 건강한 결혼 생활을 하도록 국가가 할 일인데 역차별을 시도하는 것은 국가존망이 걸려 있다고 생각합니다. 4.성경에서는 동성애를 금하고 있기 때문에 교회에서 설교를 할때 동성애를 하지말것과 동성애는 큰 죄임을 깨닫게 하는 것이 설교자의 책임인데 그런 말을 하는 사람을 법정에 세워 처벌한다든지, 벌금형을 물게하는 외국의 사례를 볼때 법이 제정되어 통과 되면 우리나라도 동일한 사태가 벌어 질것이 명확합니다. 이것은 잘못된것을 잘못된것이라 말하고 죄가 죄라고 말하여 정상적인 사회생활을 하도록 권장하는 사람을 처벌한다는것은 역차별이라고 생각합니다. 5.이미 동성애자로 있는사람을 죄인 취급을 하거나 , 그런 사람을 처벌하거나 차별하자는 것이 아니니라 인정하고 사회 생활을 보장해주면 된다고 생각합니다. 할수만 있다면 그렇게 생활하는 것이 정상적인 가족 관계 형성이 아니라고 하는 것을 명확히 말해 줄수 있는 사회가 건전하고 건강한 사회라고 생각합니다. 위와같은 사실 을 미루어 볼때 차별금지법, 혐오금지법, 평등법등 동성애를 조장하고 옹호하는 법안은 절대 시행되지 않도 록 청원합니다",
  "num_agree": 9478,
  "petition_idx": "590445",
  "title": "평등을 주장하는 동성애 옹호를  절대 반대합니다"
}