{
  "category": "경제민주화",
  "begin": "2020-07-08",
  "content": "우리나라 증시는 다른 선진국들과 다릅니다 우리나라 증시를 나락으로 끌어내릴 작정입니까? 매년 박스권에만 머물러 있는 증시에 이게 무슨짓인가요? 95% 투자자는 2천만원 이상 못 버니까 괜찮다 오히려 세금이 줄어든다? ? 웃기고 기가차서 말이 안나오네요 주식이라는게 적금식으로 장기투자해서 크게 수익이 생길 수도 있고 계속 잃다가도 크게 수익이 날 수도 있는겁니다 그렇기에 위험하더라도 큰 수익을 위해 투자를 하는 것인데 뜬끔없이 전체 개인 투자자를 대상으로 양도소득세를 부과 한다고요? 그리고 양도소득세 부과를 하게 된다면 상대적으로 큰 금액을 운용하는 개인 투자자들의 투자 심리도 굉장히 위축될 수 밖에 없어 증시에 악영향을 미칠겁니다 서민들은 서민으로만 살아라 이건가요? ? 가짜뉴스때문에 화가나고 반대하는게 아닙니다 상식에 반하기때문에 반대하는겁니다 문대통령과 민주당을 오래 지지했던 사람으로써 너무 답답하고 이건 진짜 아닙니다 화가 너무 많이 납니다 세금이 필요하다면 거래세를 조금 더 올리더라도 양도소득세 부과는 절대 안됩니다 조잡한 탁상행정 그만하십시오 지지자들 모두 떠납니다",
  "num_agree": 609,
  "petition_idx": "590497",
  "title": "주식 양도소득세 부과 당장 철회하세요"
}