{
  "category": "인권/성평등",
  "begin": "2020-07-06",
  "content": "안녕하세요? 현재 몇몇 언론들에 공표된 것처럼, 한국의 남성 4인조 힙합 그룹이 흑인 미성년자들을 상대로 온라인에서 성적으로 부적절한 행동을 벌여왔다는 폭로에 대한 논란이 확산되는 중입니다. 온라인 청원 사이트 '체인지'에서는 'W그룹 피해자들을 위한 정의'라는 이름의 청원이 등록돼 단 6일 만에 1만 명이 넘는 이들이 동의했고, 대부분 동의한 사람들은 K팝 해외 팬들이며, 일부 K팝을 다루는 해외 유튜버들이 'W그룹 사건'에 대해서 문제를 제기하고 있다고 합니다. W그룹의 피해자라고 주장하는 A씨는 \"K팝에 관심이 많고 W그룹의 팬들인 흑인 소녀들이 SNS 단체 채팅을 하게 되었고 그곳에 W그룹 멤버들이 채팅에 참여하게 됐다.\"면서 \"처음에는 그저 밝은 분위기에서 대화를 했지만, 일부 멤버들이 소녀들에게 '나체 사진을 보여달라'고 요구하거나 자신의 나체 사진을 보냈다.\"고 주장했다고 합니다. 또한 계속되는 요구에 사진을 보낸 A씨가 추후에 잘못된 일임을 깨닫고 이에 대해 A씨가 문제를 제기하자 '인종차별적인 언어'로 욕설을 했다고 합니다. 만약 해당 내용이 사실이라면, 이는 N번방 사건과 다를바가 없는 미성년자 성학대행위입니다. 또한 인종차별의 문제가 세계적으로 문제되고 있는 이 시점에서 절대 발생해서는 안되는 일입니다. 이를 그대로 방치한다면 국가 이미지 실추뿐만 아니라 다른 K팝 관련 산업에 있어서도 분명 부정적인 영향을 줄 것이라고 생각합니다. 본 청원은 'W그룹'에 대한 인식을 의도적으로 폄하하거나, 매도하려는 의도는 없으며 수사를 통해 진실이 밝혀지기를 바랄 뿐입니다. 위 내용이 사실이라면 정당한 처벌이 이루어져야 할 것이고, 거짓이라면 의혹은 해소될 것입니다. 신속하고 정확한 수사를 통해 해당 사건의 진실을 꼭 밝혀주시길 바랍니다.",
  "num_agree": 630,
  "petition_idx": "590407",
  "title": "한국힙합 'W그룹' 미성년자 성폭력 논란의 진실을 밝혀주세요."
}