{
  "category": "교통/건축/국토",
  "begin": "2020-07-07",
  "content": "내집 한칸 마련해 보고자 30여년간을 하루도 쉬지 않고 열심히 살았습니다. 20대 후반부터 청약저축에 가입하여 20년간 불입하였고, 공공임대에 당첨되어 10년간 임대료 꼬박꼬박 내면서 내집 마련을 향한 꿈을 잃지 않았습니다. 지난 10년간 재산세와 종합토지세를 매월 임대료에 포함해서 납부했기 때문에 임대기간이 만료되면 당연히 내집이 될 줄 알았습니다. 하지만, 지금.. 10년이 지난 낡은 아파트를 시세가격으로 분양하면서 우리의 꿈은 모두 사라졌습니다. 금융기관을 알선해서 수억원의 빚을 지게하여 서민들을 평생 채무노예자로 전락 시키고, 저희 같은 서민들은 대출이 안되어 길거리로 내몰고 있습니다. 지난 수년간 서민들의 내집마련을 지원하기 위해 정부는 수도권의 모든 공공분양에는 분양가상한제를 적용하였고, 5년공공임대에는 초기 주택가격으로 분양해 주면서.. 왜, 10년공공임대만 주변 시세로 분양하는지요? 이제 청약통장도 사라졌고, 수도권의 집값이 천정부지로 치솟아 아내와 자식들을 데리고 수도권 변두리에 월세를 찾아 나서야 합니다. 공공택지를 수용해서 지은 우리 임대아파트에는 철거민 분들도 계시고, 국가보훈처를 통해서 당첨되신 국가유공자분들, 그리고 장애인 분들까지 분양을 받기 위해 임대로 들어오신 분들이 많이 계십니다. 이제서야 알게된 끔찍한 사실은, 지난 10년간 국토부 관료들이 우리 서민들이 잘 모르는 틈을 이용해서 임차인에게 불리한 법을 수차례 바꿨더군요. 그중 한가지로, 2006년에 당첨된 이후 2008년에 시행령을 바꿔서 분양전환가격 산정기준을 \"감정평가법인선정을 요청한 날\"로 임차인에게 불리하게 변경하였고, 2013년에는 감정평가규칙을 바꿔서 분양전환가격을 시세감평가격을 적용하도록 강제하였습니다. 이건 서민들을 상대로 자행한 법률 사기극입니다. 우리 임차인들은 이제서야 국토부가 이런 어마어마한 사기사건을 벌인 사실을 알게 되었습니다. 정말이지 억울하고 분통해서 우리 임차인들은 매일 지하철역 앞에서, 국회의사당 앞에서 하소연 하며 다니고 있습니다. 10년공공임대아파트의 부당함을 문대통령님께서도 아시고 2015년에 야탑역 광장에서 개선해 주시겠다고 국민들과 약속하셨고, 전국민 시정 연설에서도 10년살면 내집 된다고 말씀하셨지만 지금 우리 서민들은 10년 살았더니 쫒겨나는 신세가 되었습니다. 정부에서 하라는 대로 청약저축 가입하고 공공택지에 지은 임대주택에 당첨되어 지금까지 살아왔습니다.. 그런데, 왜?? 10년 공공임대아파트만 피해를 보아야 합니까? 청약통장은 사라지고, 10년간 다른곳에 이사도 못가게 하고서.. 이제와서 나가라니요? 집없는 서민으로 사는 것이 무슨 죄입니까! 이젠 대한민국이라는 나라가 무섭습니다! 이런 나라에서 어떻게 애를 많이 낳아서 기를수 있겠습니까? 이런 부모를 만난 우리 아이들은 또 무슨 죄입니까? 서민들의 울부짖음을 제발 들어 주십시요..",
  "num_agree": 4547,
  "petition_idx": "590469",
  "title": "내집 한칸 마련하는 것이 평생 소원입니다!"
}