{
  "category": "반려동물",
  "begin": "2020-07-07",
  "content": "천안시보호소라는 곳이 아이들을 학대하고 있습니다. 락스물을 먹이고 때리고 아이들을 굶기고 땡볕에 방치하고 할 수 있는 치료조차 하지 않고 있습니다. 심지어 구조한 아이들 공고조차 내지않고 그냥안락사를 시키기까지 합니다. 천안시청 동물보호과 구조하는분과 천안시보호소의만행 구조한 아이들 3마리를 케이블선으로 다리를 다 묶고 오전11시부터 오후2시사이 제일 더운 시간에 아이들을 방치하는 등의 일 절때 있을 수 없는 일입니다. 제발 천안시청과 천안시보호소를 바로잡아주세요.",
  "num_agree": 29201,
  "petition_idx": "590452",
  "title": "천안시보호소와 천안시청동물보호과의 만행 처벌해주세요."
}