{
  "category": "교통/건축/국토",
  "begin": "2020-07-07",
  "content": "디딤돌 대출, 보금자리론의 대상주택 주택가격의 상한선이 현실을 전혀 반영하지 못하고 있습니다. 현행 디딤돌 대출의 대상주택 주택가격은 2014년에도 ‘6억원 이하’였습니다. (생애최초주택구입자금대출을 ‘내집마련 디딤돌 대출’로 변경할 당시) 2013년도 ‘u보금자리론’으로 시행할 당시에도 대상주택 주택가격은 ‘6억원 이하’였습니다. 대략 4년 전인 2016년 5월에 준공한 ‘구리 갈매 한라비발디’ 전용 84㎡형은 35,250만원에서 39,750만원선에 분양되었습니다. 3.3㎡당 평균 1,130만원선입니다. 2017년 10월에 준공한 ‘구리 갈매 푸르지오’ 전용 99㎡형 분양가는 4억2,000만~4억4,000만원선에서 분양되었습니다. 3.3㎡당 평균 1,070만원선입니다. 올해 인근에서 분양할 아파트로 ‘별내 자이’의 경우 분상제를 적용하여도 전용 84㎡형의 분양가가 6억 중반을 넘어갈 것 같습니다. 이건 정말 미니멈으로 잡은 것이고, 청약대기자들은 대략 7억 중반 이상을 예상합니다. 별내는 아무리 보수적으로 잡아도 평당 분양가가 1900만원이 넘어가고, 앞에서 말한 ‘구리 갈매 한라비발디’의 약 1.74배입니다. ‘구리 갈매 푸르지오’에 비해서는 약 1.83배이구요. 전용 84㎡형 기준 분양가가 대략 2.7억 이상 상승하였습니다. ‘구리 갈매 한라비발디’의 최근 실거래가는 올해 6월 거래된 것이 ‘6억 5천 8백’이었습니다. ‘구리 갈매 푸르지오’의 최근 실거래가는 올해 2월 거래된 것이 ‘6억 6천 7백’이었습니다. 매매로 디딤돌 대출(대상주택 주택가격의 상한선 5억원)을 이용하기에는 턱없이 높고, 보금자리론(대상주택 주택가격의 상한선 6억원)조차 불가합니다. 제가 예로 든 아파트들은 수도권에서 가장 핫하다는 성남, 용인, 미사, 동탄 등에 비하면 그나마 상승폭이 많이 낮은 편입니다. (나랏님들 많이 거주하시면서 집값 상승 혜택 많이 보신 과천은 아예 말할 엄두도 안 날 정도라서 논외로 하겠습니다.) 민간분양 말고 나라에서 시행하는 공공분양의 분양가를 예로 들어 보겠습니다. 2013년 11월 ‘보금자리주택’으로 준공한 ‘송파위례 24단지 꿈에그린’은 분양가가 평당 1,195만원 ~ 1,280만원 수준이었습니다. 올해 분양할 공공분양 위례 a1-5 분양가는 대략 평당 2천만원 선이라고 합니다. ‘송파위례 24단지 꿈에그린’에 비해 입지도 못하고, 세대수도 적고, 나을 게 별로 없는 곳이 저러합니다. 그럼에도 분양가는 평당 800만원 정도가 올랐습니다. 전용 84㎡형 기준 분양가가 대략 2.6억 이상 상승하였습니다. 이건 분양가가 그렇다는 것이고, ‘송파위례 24단지 꿈에그린’ 전용 84㎡형의 최근 실거래가는 올해 6월 거래된 것이 ‘13억 5천 7백’이었습니다. 이미 서민들에게는 나라에서 ‘보금자리주택’으로 분양하였던 저런 곳조차, 매매로 장만하는 것은 상상하기 어려울 만큼 올라 버려 분양 외에는 답이 없습니다. 제가 위에서 예를 든 것처럼, 그나마 수도권에서 집값 상승이 덜한 곳인 구리 갈매, 별내 등의 지역조차도 대부분 6억이 넘어가서 매매로 디딤돌 대출을 이용하기에는 턱없이 높고, 보금자리론조차 이용이 불가합니다. 위례, 과천 이런 곳은 서민들의 입장에서 매매로 장만하는 것은 꿈도 꾸지 못할 지경입니다. 그런 곳은 아예 바라지도 않겠습니다. 하지만 나라에서 시행하는 공공분양조차 국민주택 규모임에도 불구하고 디딤돌 대출이나 보금자리론을 이용하기 어렵습니다. 수도권에서 평균적인 국민주택 규모 전용 84㎡형의 분양가나 매매가가 많이 올라 이미 6억을 훨씬 상회하는데, 디딤돌 대출, 보금자리론의 대상주택 주택가격의 상한선을 2013년도 기준이었던 5억, 6억으로 못 박아 두면 수도권에서 내집 장만을 꿈꾸는 평범한 서민들에게 얼마나 효용이 있을까요? 집값은 2013년에 비해 2배 가까이 올랐는데, 디딤돌이랑 보금자리론 대상주택 주택가격의 상한선은 오르기 전인 2013년 기준인 5억, 6억에서 몇 년 동안 ‘그대로’입니다. 뉴스에서 ‘디딤돌 대출과 보금자리론 이율을 낮추는 방안을 검토 중이다’라고 보았는데 이율을 낮춰주면 뭐합니까? 서울이랑 수도권 주요 도시에서는 6억 이하로 분양하는 아파트가 극히 드문데? 어차피 주택담보대출을 9억 이하로 막아 두셨으니 LTV, DTI만 넘지 않는 선에서 디딤돌이랑 보금자리론 대상주택 주택가격의 상한선을 현실에 맞게 올려 주십시오! 금리가 낮아서 직장 성실하게 다닌 사람들은 분양가 7~8억의 50%라고 하더라도 30년 상환이면 갚아 나갈 수 있습니다. 생애최초 주택구입이거나 무주택인 사람들에게는 디딤돌이나 보금자리론을 이용하여 평생 살 집 한 채는 마련할 기회를 주십시오!",
  "num_agree": 442,
  "petition_idx": "590434",
  "title": "디딤돌 대출, 보금자리론의 대상주택 주택가격의 상한선이 현실을 전혀 반영하지 못하고 있습니다."
}