{
  "category": "기타",
  "begin": "2020-07-06",
  "content": "**자동차 ** 헤드라이트 반사판 들뜸현상(결함)에 대한 내용입니다 시간이 지남에 따라 주행중 헤드라이트 광량이 현저히 낮아보이고, 야간주행시 전조등을 켜도 잘 보이지 않아 차량의 헤드라이트를 점검하여보니 반사판 부분의 들뜸 현상으로 차량 헤드라이트 광량이 현저히 부족하게 나오고 있었으며, 이 증상은 단순 일부 몇대의 차량이 아닌 다수의 차량에서 동일한 증상을 나타내며 야간운행 시 앞이 보이지 않아 운전중 위험을 느끼고 있는 현실입니다 이러한 결함으로 보이는 증상이 불특정 소수의 차량이 아닌 다수의 차량에서 동일한 증상이 나오기에 차량의 결함이 아닌지 리콜이 되어 교체가 이루어 져야하는지에 대한 정밀히 검토를 할 수 있게 조치 부탁드립니다 [본 게시물의 일부 내용이 국민 청원 요건에 위배되어 관리자에 의해 수정되었습니다]",
  "num_agree": 239,
  "petition_idx": "590400",
  "title": "*** ** 전조등 반사판 결함으로 운전에 위험을 느낍니다"
}