{
  "category": "교통/건축/국토",
  "begin": "2020-07-08",
  "content": "대구경북 통합신공항 추진은 지난 1월 21일 군위군 의성군 주민 투표에 의해 소보비안공항 으로 결정이 났다 군위 김영만 군수는 투표결과에 불북하고 탈락지로 판정한 우보만 고집을 하고 소보는 유치신청을 안하겠다고 한다 국민적 투표결과에 따라절차대로 이행을 촉구를 한다",
  "num_agree": 3111,
  "petition_idx": "590483",
  "title": "군위군수는 소보유치신청을 하라"
}