{
  "category": "행정",
  "begin": "2020-07-07",
  "content": "부모님께서 너무 힘들어하셔서 안타까운 마음에 전달드립니다 최근 임대사업자 규제하라 척결하라 폐지해라 등 마녀사냥에 가까운 코너로몰기 식의 행태에 대하여 반론을 제기하고자합니다 최근의 뉴스를 보면 더이상 밀리면 끝~임대사업자 혜택 규제~ 이런 기사까지 나왔습니다 임대사업자를 장려하여 등록한 사람도 많았고 성실히 임대를 진행한 죄밖에 없는데 어느 순간 죄인이 되어있고 정치에 이용되어 국민화풀이대상에 마녀사냥의 희생자가 되어가는 모습입니다 왜 그분들을 코너로 몰아가십니까 왜 앙심을 임대사업자로 몰아갈까요 토사구팽이라는 말이 떠오릅니다 필요할 땐 쓰고 필요없다 싶을 땐 과감히 버리는~ 임대사업자 등록하신 분들이 토사구팽의 버려지는 개는 혹시 아닌지요 범법을 한 것도 아니고 시키는대로 8년이상 임대를 약정하고 2년 재계약시 5% 이하로 증액제한해야한다고 하여 성실하게 규칙을 지킨 죄밖에 없는 것 같습니다 어느날 갑자기 매물잠김의 원흉으로 몰리고 없어져야할 척결대상이 되어있는 현실입니다 인터넷 기자들도 동참하여 경쟁하듯 임대사업자 코너로 몰기, 마녀사냥에 동참하고 있습니다 일례로 임대사업자에 대해서 잘 모르는 기자인지 아니면 임대사업자를 죽이고싶었는지 임대사업자를 하면 양도세 100% 면제라는둥 보유세를 안낸다는둥 과장기사를 내는지요 양도세면제 100% 면제는 특수한 경우입니다 913대책 이전 매수이고 2018년도 12월 이전 조항에 85제곱이하이면서 임대개시일의 공시가격이 비수도권 3억이하여야만 받는 것입니다 누가 양도세 100%면제인가요? 왜 거짓 정보글 퍼트리십니까? 또 보유세를 면제받다니요? 보유세는 재산세와 종합부동산세를 말하는데 다들 내고있습니다 위에서 말한 특수한 경우만 혜택을 받았지만 913대책이네 1216대책이네하여 그 혜택들도 사라졌습니다 그 혜택을 받는 사람은 임대사업자 등록한 분들 전체의 10%도 안됩니다 또한 소급적용 얘기에 다들 놀라자빠지고 있습니다 혜택을 줄이거나 하려면 대책일 이후 적용이 합리적 아닐까요 즉흥/ 강압/ 무시/ 이런 단어보다 합리적으로 접근해주시면 감사하겠습니다 이미 헌법에도 소급으로인한 재산권침해는 위헌이라고 명시되어있는 것을 국민들도 알고 있습니다 세입자 입장에서 볼 때도 낮은 전세가로 안정적인 주거환경속에 안정적인 생활을 지속하는 것이 낫지않을까요 소급적용으로 환경이 급박하게 변경시 어느 누가 배신감에 성실임대를 지속할 수 있을까요 세입자와 갈등이 생길 수 있고 임대사업자 포기 및 임대포기 세입자 퇴거요구로 이어지지않을까요 가장 큰 이슈인 주택매물이 잠긴 것이 모두 임대사업자 잘못인지요 매물잠김을 따지기전에 세입자의 존재는 또 뭐가 되나요 임대세입자를 압박하고 ㅡ제거하고 ㅡ세입자를 내쫒고ㅡ 그집을 팔게하여ㅡ 새로운 주인이 들어오게한다는 것이 목표인가요 이 때 새로운 명제가 발생합니다 새로운 주인이 우선인가요 세입자의 안정적인 주거환경이 우선인가요 세입자는 우리 국민이 아닌가요 새로 집을 사고 싶은 사람만 우리 국민인가요 제 생각으론 수도권 집값상승의 원인이 임대사업자가 문제여서가 아니라 국토균형개발과 균형발전에 대한 의지가 부족한 결과라고 생각합니다 모든 인프라가 서울 경기 인천 등 수도권으로 집약화되고 있습니다 우스갯소리로 '인서울' 이라는 신조어가 생겼습니다 이것이 집값상승의 원인이라고 생각합니다 예를들어서 대형병원만해도 모두가 서울로 모여있으며 최근 국립중앙의료원조차도 서울시장의 요청으로 서울과 지방이전을 고려하다 서울로 결정했다고 합니다 지방으로 분산시키고 골고루 번영되는 구조라면 사람들이 서울 서울을 외칠까요 서울을 고집할까요 그분들은 지방촌놈이라는 표현까지 쓰면서 수도권사람이란 것에 자부심을 갖고있습니다 수도권집약화를 실시하면서 왜 수도권 집값이 오르는지 모르겠다니요 어만간데 임대사업자에게서 그 답을 찾으시고 마녀사냥의 희생자로 몰아가는데다 기자들은 모두 보유세를 안내고 양도세를 안낸다고 오보를 올리고 퍼트리니 덩달아 신이난 어느 국민께선 국민청원을 올려 임대사업자를 없애라고 요청하는 기가막히고 안타까운 상황인 것입니다 부디 합리적인 판단을 해 주셔서 세입자의 안정적인 주거생활이 되도록 해주시고 강압적인 소급적용 논란으로 사회적 대혼란이 야기되는 일이 없도록 국민의 한사람으로서 간절히 청원드립니다",
  "num_agree": 19348,
  "petition_idx": "590420",
  "title": "임대사업자분들이 무슨 죄인가요 마녀사냥으로 몰지 마세요"
}