{
  "category": "교통/건축/국토",
  "begin": "2020-07-07",
  "content": "정부의 부동산 정책 목표와 이상에는 공감합니다. 문제는 일반 국민들이 그 높은 이상을 이해하고 자기 욕심을 내려놓고 따르기가 어렵다는 것 입니다. 이에 공직자들과 국회의원, 청와대 인사들이 모범을 보여줄 수 있도록 법제화 할 것을 제안합니다. 일단 정부가 지향하는 부동산 정책 목표를 잘 표현한 4가지 핵심 내용을 다음과 같이 꼽았습니다. - 모두가 강남에 살 필요 없다. - 따뜻하고 살기좋은 개천을 만들자. - 부동산 투기수익은 공공의 것 이다. (초과이익 환수제도) - 거주 주택 받아서 안정적인 장기임대주택 입주권 부여하자. 정부 부동산 정책의 핵심인 이 네가지를 버무려서 고위공직자, 국회의원, 청와대 인사들이 솔선수범 하여 모범을 보이면 모든 국민들의 비난을 한방에 잠재우고 더 큰 지지를 이끌어낼수 있습니다. 아래 4가지를 법제화 할 것을 제안합니다. 1. 이들이 보유중인 강남집과 다주택 모두 매도 2. 매수가 대비 연간 공시이율 이상의 초과이익은 국가가 환수 3. 대신 장기임대주택 입주권 부여(안정적인 월세 주택 제공) 4. 따뜻하고 살기좋은 공직자 임대촌, 국회의원 임대촌 건설 이런 모범 사례를 일반 국민들이 직접 본다면, 진정으로 정부 정책을 믿고 따르게 될 것 입니다. 공직자들은 솔선수범하지 않으면서 국민들만 따르라고 한다면, 100번째 대책을 내더라도 국민들은 점점 실망하게 될 것 입니다. 국민들이 원하는 것을 헤아려 들어줄 생각보다, 당신들이 꿈꿔왔던 이상을 국민들에게 실험하려 한다면, 먼저 개천에 들어가서 \"날 봐 여기 정말 괜찮아\" 이런 시늉이라도 하면서 들어오라고 하셔야죠. 자기들은 좋은 곳에서 호의호식하면서 국민들만 이 개천이 살기 좋다고 들어가라고 한다면 누가 따르겠습니까? 180석이 신기루가 될수도 있음을 명심하시기 바랍니다. 민주당을 지지했었고 대통령님께 한 표 드렸던 전 지지자가 고언을 드려봅니다.",
  "num_agree": 441,
  "petition_idx": "590426",
  "title": "고위공직자, 국회의원 들의 부동산 대책 솔선수범 법제화 요청"
}