{
  "category": "교통/건축/국토",
  "begin": "2020-07-08",
  "content": "벌써 21번째 부동산 대책을 내놓았으면서 집값이 하락은 커녕 오히려 상승하였으며 그것도 모자라 아예 전세값까지 상승하였습니다 이런 중에도 국민들에게 모범을 보여야 할 청와대 다주택 참모들은 평균 7억3000만원의 차익을 봤습니다 또한 김현미 장관은 무능한 본인 잘못은 인정하지 않고 ''작동하고 있다.'' 라는 다소 뻔뻔한 발언까지 내뱉었습니다 무능한 김현미 장관을 당장 경질시켜 주십시오!",
  "num_agree": 2259,
  "petition_idx": "590470",
  "title": "무능한 김현미 장관을 경질시켜 주십시오!"
}