{
  "category": "정치개혁",
  "begin": "2020-07-07",
  "content": "5월 30일, 공식적인 21대 국회의원 임기 개시 일이었습니다. 하지만, 또 다시 식물국회로 만들고자 하는 국회의원 들이 있습니다. 여야를 막론하고, 2020년 6월, 제대로 일하지 않은 국회의원들의 월급을 회수해 주시기 바랍니다. 2020년 국회의원 지원 예산 총액은 237,762,000,000원(약 2,377억) 300명의 국회의원 1인당 792,540,000원(약 8억/인) 1인의 1달 예산 66,045,000원(약 6,600만원/월) 이 모든 예산은 국민의 세금으로부터 나옵니다. 국회를 보이콧을 했거나, 다른 의도로 등원하지 않았거나 어떤 이유에서건, 그들의 일하지 않은 1달의 월급을 반드시 회수해, 사회의 어렵고 힘든 사람들을 위해 써주시길 간곡히 부탁드립니다.",
  "num_agree": 1414,
  "petition_idx": "590454",
  "title": "21대 국회, 등원하지 않은 국회의원의 일하지 않은 6월달 월급을 회수해 주세요."
}