{
  "category": "성장동력",
  "begin": "2020-07-07",
  "content": "코로나19로 인하여 기업들의 생산설비 가동률이 거의 반 이상 떨어졌습니다. 평상시 정상 가동할때 기준으로 수전설비를 시설하고 전력을 사용하였으나 코로나 19로 경기가 침체되어 전력사용량이 반 이상 줄었는데도 전력사용 기본요금은 변함없습니다. 저는 중소기업의 전기안전 관리자로 근무하는데 현제 기본요금이 월 7천2백만원 정도인데 4월부터 최대 전력사용량이 평상시의 반 이상 줄었는데도 기본요금은 변함이 없으니 겨우 버티고 있는 기업들에 기본요금 적용을 그달의 최대 사용량으로 한시적으로라도 변경하여 줄 것을 청원합니다.",
  "num_agree": 147,
  "petition_idx": "590422",
  "title": "전력사용 기본요금을 한시적으로 적용 바랍니다."
}