{
  "category": "인권/성평등",
  "begin": "2020-07-07",
  "content": "손정우 벌은돈으로 이제 한국 교도소에서 호의 호식하겠네. 그리고 판사들 인도법이라고 했나.. 법은 기본적 상식위에 존재하는 것이고 미국이나 우리나 주권국가로 주장하기이전 법원의 불신을 누가 자초 했나 . 공감 능력없이 여지껏 판결한 한심한 판사들아. 쪽팔린줄 알아라. 미국 판새들보다 하위이고 공감능력없고, 국영수 달달외워 암기력으로 인서울 대학나와 사법고시가 인성으로 뽑더냐, 많이 맞춘놈 뽑는거지.. 이래서 억울하면 출세하라고 하는 건가.. 성착위 당한 여성들, 특히 어린 여자아이들의 인권의 유린을 오히려 사법부가 판결로로서 유린재판 하지 않았나...이게 대한민국 판새 검새들 아닌가... 대한민국 우물안 개구리이니 우물안에서 지들이 대단 한줄 알지... 오죽하면 오죽하면 미국으로 가서 처벌 받게 해달라는 것일가 ? 손정우도 손정우 이지만 일차적으로 지금껏 사법부의 판결에 대한 국민적 불신이 더큼을 진정 모른 다 말인가...아님 미국 보내는게 대한민국 사법부의 치욕으로 비추질까라는 두려움이 피해자 인권보다 우선이라고 생각했다면 이 또한 사법인권유린이다.",
  "num_agree": 4055,
  "petition_idx": "590464",
  "title": "손정우 미국송환 거절 사법부를 규탄한다."
}