{
  "category": "문화/예술/체육/언론",
  "begin": "2020-07-07",
  "content": "고(故) 최숙현 선수의 동료들이 6일 “경주시청 트라이애슬론(철인3종경기)팀은 감독과 특정 선수만의 왕국이었다”며 추가 피해 증언에 나섰다고 합니다. 동료들은 이날 오전 국회 소통관에서 기자회견을 갖고 앞서 경주시청 팀에서 감독과 팀 닥터 등으로부터 가혹 행위에 시달리다가 극단적 선택을 한 최 선수 사건과 관련 “그동안 보복이 두려웠던 피해자로서 억울하고 외로웠던 숙현이의 진실을 밝히고자 이 자리에 섰다”며 이같이 밝혔다고 합니다. 이들은 “감독은 숙현이와 다른 선수들에게 상습적인 폭행과 폭언을 일삼았으며 팀의 최고참인 주장 선수도 이간질로 집단따돌림을 시키고 폭행과 폭언을 일삼았다”고 말했다고 합니다. 그러면서 구체적인 피해 사례를 언급했다. 이들은 “2016년 8월쯤 점심에 콜라를 한 잔 먹어서 체중이 불었다는 이유로 20만원 어치 빵을 사서 숙현이와 선수들에게 새벽까지 먹고 토하게 만들었다”며 “또 견과류를 먹었다는 이유로 견과류 통으로 머리를 때리고 뺨과 가슴을 때렸다”고 했다고 합니다. 이밖에 설거지를 하지 않는다는 이유로 뺨을 맞는 등 불합리한 이유로 감독과 팀 닥터 등으로부터 폭행과 폭언의 피해를 당했다고 전했다.이들은 “선수 시절 한 달에 10일 이상 폭행을 당했으며 욕을 듣지 않으면 이상할 정도로 하루하루를 폭언 속에서 살았다”고 했다. 고 최숙현 선수에게 가혹행위를 한분 모두 철저히 조사해서 강력한 처벌을 해주세요 약한 처벌은 안되구요 벌금도 안되고 무기징역에 처했으면 하고 이런일이 다시는 일어나지 않토록 정부 국회 쳬육계에서 강력하게 해야 합니다",
  "num_agree": 3441,
  "petition_idx": "590465",
  "title": "고 최숙현 선수에게 가혹행위를 한분 모두 철저히 조사해서 강력한 처벌을 해주세요"
}