{
  "category": "교통/건축/국토",
  "begin": "2020-07-08",
  "content": "저는 40이 넘은 나이에 무주택자입니다. 이번에 큰 맘을 먹고 서울에 집을 마련하고자 사방 뛰어다녔으나 제가 가진 돈으로는 원하는 집을 매수할 수가 없었습니다. 서울 집값이 너무 올라 당장 들어가서 살만한 집을 찾지 못했고 일단 전세라도 끼고 집을 산 뒤에 3~4년 차곡차곡 돈을 모아 내집에 입성하자는 계획을 세웠습니다. 이런 저를 보고 대통령과 정부여당은 갭투기꾼이라고 하지는 않겠지요? 없는 사람은 이렇게라도 내집 마련을 할 수 밖에 없습니다. 그렇게 집을 알아보던 중 마음에 드는 집을 발견하였고 세입자가 몇달 뒤 전세 만기가 되니 그때 전세금을 주변 시세대로 올리면서 잔금을 치는 조건으로 집을 매수했습니다. 돈이 없어 당장 그 집에 들어가서 살 수는 없지만 3~4년 차곡차곡 돈을 모으면 내 집에 들어가 살 수 있겠다 꿈에 부풀어 있었습니다. 그런데 오늘 갑자기 임대차보호 3법을 소급적용 할 수 도 있다는 기사를 접하게 되었습니다. 그렇게 되면 저는 잔금을 치지 못하는게 됩니다. 계약 이행을 못하게 되면 어떻게 되나요? 평생 모은 전 재산을 모두 그 집을 사는 계약금과 중도금에 넣었는데 계약이행을 못했으므로 위약금으로 물어줘야 할 위기에 몰리게 됩니다. 잠도 안오고 밥도 넘어가지 않습니다. 저는 방2칸짜리에 월세를 살고 있는 평범한 소시민일 뿐입니다. 이런 제가 왜 임대차보호 3법으로 평생 모은 전 재산을 날려야 하는건가요? 이런 제가 무슨 투기꾼이며 임차인 피를 빨아먹는 임대인이라고 그런 철퇴를 내려치는 건가요? 아무리 좋은 취지의 법이라도 무고한 희생자를 만들어서는 안된다고 봅니다. 소급적용이란 단어를 가볍게 입에 올려서는 안된다고 생각합니다. 저처럼 힘 없는 서민들만 예측할 수 없는 현실에 대응할수가 없게됩니다.",
  "num_agree": 1525,
  "petition_idx": "590488",
  "title": "임대차보호 3법 소급적용하면 제3의 피해자인 저는 죽어야 되나요?"
}