{
  "category": "교통/건축/국토",
  "begin": "2020-07-07",
  "content": "제주항공은 지금 이스타 인수를 심각하게 고려하는 단계까지 왔습니다. 최근, 이스타 일가의 진상이 지속적으로 밝혀져왔으며 임금 체불이나 페이퍼 컴퍼니 이슈나 여러가지 이유들로도 누가봐도 인수를 할 수 없는 상황까지 왔습니다. 기업은 이윤을 추구하는 곳임에도 불구하고, 계약을 하지 않았다는 이유로 제주항공까지 죽어봐라는 식으로 시위를 하고, 규탄을 하는 행위는 결코 정당화 될 수 없는 행위 입니다. 뿐만 아니라, 김 장관이 항공사 관계자들을 불러서 인수 관련 언급을 한 것도 사실상 무언의 압박이라고 볼 수 있습니다. 빚덩이인 회사를 떠안고 같이 무너져내릴 수도 있고 더 큰 파국으로 치닫을 수도 있는 상황임에도 무리한 인수 요구를 하거나 인수를 유도하는 행위는 결코 용납될 수 없습니다. 아울러, 시위를 하면 다 들어주는 세상입니까? 명백하게 아닌 건 아니고, 옳은 건 옳다고 결정을 내려주셔야 합니다. 이건 이스타 직원 생계만 걸린 것이 아닌 제주항공의 생계, 더 나아가 애경의 생계까지 함께 걸린 문제임을 반드시 알아주시기 바랍니다.",
  "num_agree": 608,
  "petition_idx": "590446",
  "title": "제주항공의 이스타 인수를 강요하지 말아주세요"
}