{
  "category": "교통/건축/국토",
  "begin": "2020-07-08",
  "content": "아파트 분양가격을 반값으로 분양하라 헌법제11조 평등권에 위배되고 제14조거주이전의 자유 제23조정당한 보상의 원칙에 위배된 재개발사업은 사기이며 도덕질이다 도시 및 주거환경정비법 제74조에 위배된 분양아파트 가격산정은 사기이며 도적질이다 여기에 더하여 감정평가기관의 감정평가또한 사기이며 국민기만 행위이다 재개발 사업은 30여년의 세월동안 수많은 민원과 소송등으로 억울함을 해소하기위해 목숨건 투쟁과 소송으로 억울한 문재를 제기하였으나 정치인은 눈치보기로 행정청은 감독은 고사하고특혜로 사법부는 편견과 불공정한 재판결과로 감정평가기관은 주민의 재산은 최소가치로 아파트 분양가는 최대가치로 법이정하는 한계를 지켰으니 불법은 아니라는 핑계요 힘없는 서민의 피를 빨고 살점을 뜬어먹으며 아파트분양과 주민의 재산을 도적질하는 곳이 현재 진행중인곳이 700여곳이다 잘못에대한 구체적인 사항은 한권의 책으로도 부족하니 이 자리에서는 근본적인 문제만 제기 하겠다 재개발지역의 주민대부분은 늙고 힘없는 주민이70-80%를 차지한다 주민의 재산은 시세의 절반가격 으로 빼앗아 돈없고 가난한 서민에게 집이없다는 약점을 이용해 아파트 가격은 최고의 시세로 분양한다 결국 빼앗기는 주민이나 아파트 구입하는 서민이나 힘없고 돈없는 서민이다 공정과 정의를 외치는 정부에서조차 돈이 있는곳에는 법이없고 특혜와 특권을 일삼는다 정치는 감투싸움에 행정은 불공정한 특혜로 사법부는 사정판결로 아니꼬우면 출세를 하던지 아니면 수단방법 가리지 말고 돈을 벌던지 하라는 식이다 젊은 당신이나 출세한 당신은 예외일지 모르나 선량하게 살아온 정년이지난 늙고 힘없는 국민은 잘못된 정책을 탓하지 말고 고이 죽기에는 법을 지키며 살아온 과거가 너무억울하다 똑같은 법률로 산정한 감정가격이 힘없는 국민의 재산은 반값이고 아파트 분양가는 최고가격이 되는지 적법한 답을 제시하지 못하면 힘없는 국민이 양보 할테니 집없는 불쌍한 국민에게 아파트가격을 반값으로 분양하라 아무리 외쳐도 컴맹인 늙은이는 동의율을 높이지 못하니 정의로운 젊은당신들이 이글을 보고 동의 하여 힘없는 국민의 재산을 도적질하는 매국의 행위를 멈추게 해주실 것을 간절히 염원 합니다",
  "num_agree": 413,
  "petition_idx": "590496",
  "title": "아파트 분양가격을 반값으로 분양하라"
}