{
  "category": "경제민주화",
  "begin": "2020-07-07",
  "content": "요즘 부동산대책으로 아주 떠들석합니다. 그런와중에 불로소득(투기소득) 환수해야한다는 기사를보았습니다. 참으로 어처구니없네요. 가장 먼저 공직자및 공무원들의 솔선수범이 이루어지길바랍니다. 진정한 불로소득은 공직자및 공무원들 비리! (청렴결백하신분들껜 죄송합니다. 다만 그런분들 얼마없는걸로압니다) 공직자및 공무원들의 불법및 투기! (요즘떠들썩하죠 청와대공직자들 부동산. 네 파십시요. 팔고나서 불로소득이니 이익본거 모두 사회에 환원하세요. 당신들이 원하는 세상 이거아닙니까?) 모든 공직자들의 저축성임금 연봉에 20프로로제한하고 모든재산을 불로소득으로 추정하여 사회에 강제 환수요청합니다. 가정꾸리면서 20프로이상 저축하기힘듭니다. 공직자및 공무원들께서 먼저 솔선수범 하시어 당신들께서 원하는세상 만들어봅시다. 설마. 당신들께선 부를축척하시고 국민들에게만 그러시는건 아니겠지요?",
  "num_agree": 839,
  "petition_idx": "590451",
  "title": "청와대공직자및 국회의원  전공무원들에 불로소득 조사및 환수요청합니다."
}