{
  "category": "일자리",
  "begin": "2020-07-06",
  "content": "안녕하세요 25살되는 청년입니다. 청원을 올리게된 이유는 저는 21살에 ***** 건설업체의 ** 모델하우스에서 광고지를 랩핑한 스타렉스차량으로 홍보지점으로 사무실과 왕복하여 홍보물품을 수급해주는 업무를 친구에게 소개받아 일을 해보았습니다. 운전을 하는 업무고 회사에서 렌트하여 지급한차량이므로 당연히 저를고용하였으니 제나이 당시 21세 인걸 알았을테고 차량의 보험연령이 다를거란걸 상상도하지 못하였습니다. 저는 업무를마치고 사무실복귀중 졸음운전으로 중앙선을 침범하여 피해자분 차량과 정면충돌하였습니다. 여차저차 정황이없어 사고처리후 병원에 후송되었는데 회사측 관리자분께서 보험처리될거다 말만한후 결국 답변은 차량 보험연령이 만23세 차량이라 보험처리가 안된다는것이었습니다 그로인해 다른방법을몰라 저는 병원치료를 받지못하고 집에서 움직일만할때까지 쉬었고 움직일정도가 되자마자 피해자분께 연락하여 사과드리고 병원을 찾아가 사과드리고 아버지를모시고도 가보고 어머니모시고도가보고 하였으나 저런사정을모르시는 피해자분께선 화가많이나셨는지 사과를받아주시지도 합의를받아주시지도 안으셨습니다. 제잘못이니 저는 형사처벌을 받았고 피해자분은 본인의 보험 무보험차상해 특약으로 처리받으셔 저에게 2년후 쯤 구상권이 넘어왔습니다5000만원에 달하는 금액이었죠 저는 사고로인한 형사처벌도받았고 제 잘못인걸 인정하여 아무 토달지않고 지내왔지만 민사적인 보상문제는 연령에 맞지않는 차량을 그것도 업무에 사용할 차량과 사람을 고용한 회사측 과실도 있다생각하여 피해자분 보험사측과 상담하였고 고맙게도 피해자측보험사 측에서 저를고용했던 ***** 건설에 소송을 넣어주었습니다 저는 그기간동안 50%의 금액을 갚아갔고 그들은 교묘하게도 알바업체,시공사, 한곳은 뭐라했는지 기억이잘나지않지만 세군데서 서로 탓을미루며 ***** 계열사만 쏙 빠져나갔고 저곳에서 의뢰했던 알바업체인 XX플레닝 이라는곳에서 승소하였습니다 하지만 그곳도 법인 부도처리를 하였고 그 개인한테는 청구를하지못한다하여 나머지 50%의 금액도 혼자 떠않게 되었습니다 저는 그무렵 다니던직장에서 사정상 나오게되었고 1년가까이 빚이라는 무게감에 편하게 자리를잡지못해 이곳저곳 배워보려 떠돌았고 그과정중 제대로된 수입이없어 하나 둘 밀리게되어 통장압류가되었고 신용불량자가되어 현실적으로 흔히말하는 노가다, 배달 이런 제한된 일만할수있게되었습니다 저는 회사를 가고싶어 검정고시도 합격하고 제꿈은 가족들과 같이 보낼수있는 요식업 창업이었는데 20대 초중반을 모두 빚에 막혀 날려보내고있습니다 개인회생 개인워크하면되지않냐 지인 부모님도움 받으면되지않냐 하실수있습니다 저도 제가먼저알아보았고 해보려했습니다 하지만 사람마다 사정이있는거니 그부분은 이해해주시길 부탁드립니다 .. 이런식으로 저처럼 기업들의 교묘한 수법으로 인해 피해받아 소중한시간을 날려보내는 젊은 청년들 및 모든 일용근로자분들 기업소속운전직분들이 없어져야한다 생각합니다 운전을한다면 사고는 언제어디서나 날수있는것이고 운전업무를 맡기는 기업이면 저런점을 배재하지말고 확실히 철저히 확인하고 고용하여주십시요 청와대에서도 이런 기업들 잘 검토해주시어 부유하지못해 5만원 용돈벌러 나갔다가 수백수천만원빚에 청년들의 소중한 발전시간을 날려먹는일 두번다신 만들어주지않으셨으면좋겠습니다.감사합니다. [본 게시물의 일부 내용이 국민 청원 요건에 위배되어 관리자에 의해 수정되었습니다]",
  "num_agree": 291,
  "petition_idx": "590410",
  "title": "일용직 청년층들 피해 막아주세요."
}