{
  "category": "교통/건축/국토",
  "begin": "2020-07-07",
  "content": "금번 국토부의 6.17대책과 관련하여 청와대 청원게시판에 여러건의 소급적용에 대한 부당함에 대한 청원이 올라오고 있습니다. 그 중에 6.17대책전에 분양받은 수분양자들의 중도금대출, 잔금대출의 문제가 여러 보도를 통해 이슈가 되고 있는 상황입니다. 핵심은 6.17이전의 분양자들이 기존과 동일한 조건의 대출을 받을 수 있는지의 여부입니다. 만약 기존과 동일한 조건의 대출을 받을 수 없다면 '소급하여 적용을 한다'라고 말할 수 있을것입니다. 그런데 금융위원회는 소급적용이 아니다라고 말하면서 보도자료를 통해 기존에 없던 \"중도금대출을 받은 금액 범위 내\"에서는 잔금대출을 받을 수 있습니다.라고 조건을 달았습니다. 그로인해 잔금대출의 기준인 kb시세의 ltv의 한도는 어떠한 경우에도 중도금대출을 넘어설 수 없게 되었습니다. 기존에는 중도금을 넘어서 잔금대출을 받을 수 있었는데도 말이지요. 즉, 이번 6.17 규제로 인하여 기존의 수 분양자들은 분양시점에 알고 있었던것과 다른 대출 규정을 적용받아 자금계획에 심각한 문제가 발생하였습니다. 한마디로는 이번규정이 소급적용된것입니다. 하지만 더 큰 문제는 금융위원회의 태도입니다. 기존 분양자들의 대책요구와 언론의 문제점 지적에도 불구하고 계속하여 해명보도로 일관하고 있습니다. \"금번에 비규제지역에서 규제지역으로 신규 지정된 지역에서도 기존과 동일한 기준으로 LTV가 적용됨을 알려드립니다\" 이렇게 말입니다. 분명히 기존과 달라진 \"중도금대출을 받은 금액 범위 내\"라는 문구를 삽입하여 다르게 적용하는 지침을 내렸는데도 교묘한 말장난식의 해명보도로 진실의 눈을 가리려하고 있습니다. 저는 금융위원회 담당자나 책임자가 이런 잘못을 모르고 있다고 생각하지 않습니다. 모른다면 그것은 담당자로서의 자질이 부족하고 그자리에 있어서는 안될 사람이라고 생각합니다. 잘 모른다면 속히 다른 부서로 스스로 나가시기 바랍니다. 그런데 만약 달라진 사실이 있는것을 인지하고 있는데도 불구하고 잘못된 해명자료를 계속하여 낸 행위에 대해서는 명백한 배임이고 징계사유에 해당한다고 생각합니다. 지금까지의 금융위원회의 잔금대출에 대한 해명자료는 마치 아무것도 모르는 어린아이의 눈가리고 아웅식으로 가르치려들며 자신들의 잘못을 전혀 인정하려고 들지않는 공무원의 권유의식의 결과물에 지나지 않다고 생각합니다. 바보가 아닌 이상 규제전과 규제이후가 명백하게 다르다걸 국민들은 다 아는데, 눈치보기와 독선으로 바로 잡으려하지 않는 공무원은 더이상 국민의 공무원이 아닐것입니다. 이에 저는 금번소급적용에 대한 논란에 사실관계를 정확히 파악하고 잘못된 부분이 있다면 바로 잡아주길 바라며 이에 대한 당당자나 책임자들의 책임소재 여부도 분명히 묻기를 희망합니다. 정부의 부동산 대책은 국민에게 희망을 주고 예상가능하며 믿고 따르게 만들어야 좋은 정책이라고 할 수 있을것입니다. 은근슬쩍 집어넣은 언어도단과 같은 한줄 문구로 국민에게 아픔을 주지 않았으면 좋겠습니다. 감사합니다.",
  "num_agree": 1334,
  "petition_idx": "590456",
  "title": "금번 국토부의 6.17 대책 및 소급적용 논란과 관련하여 금융위원회 담당 책임자의 징계를 요구합니다!"
}