{
  "category": "인권/성평등",
  "begin": "2020-07-07",
  "content": "오늘 (디지털)성범죄자 손정우의 미국 송환이 불합리하다며 판결이 났습니다. 손정우는 신생아부터 시작해서 수많은 아동들을 납치해서 강간하는 등 성범죄를 저지르는 영상을 업로드하는 사이트인 '웰컴 투 비디오' 를 운영했습니다. 물론 물리적 성범죄도 셀 수 없이 저질렀습니다. 그리고는 1년 몇 개월이라는 군대 임기보다 적은 징역을 선고받고 복역하다가 최근에 석방되었습니다. 손정우가 사이트를 미국 아이피로 두고 운영했기 때문에, 사이트를 두고는 미국에서 처벌을 해야 하는 것이 도리입니다. 이에 손정우는 '한국에서는 간지러운 처벌인데, 미국에서는 안 봐도 몇 백년을 넘게 복역해야 할 것이다' 라고 생각하여, 자신의 부친과 함께 법정에서 흐느끼면서 미국에 보내지 말아달라며 빌었습니다. 하지만, 피해자들과 피해자 가족들에게 사죄는 단 한 마디도 하지 않았습니다. 잘못을 뉘우치고 있는 사람이 가장 먼저 꺼내야 할 말은 피해자들에게 바치는 사죄의 말입니다. 피해자들에 대한 죄책감보단 자신이 평생 미국 교도소에서 사람 취급도 못 받고 살 것이란 생각에 지레 겁을 먹고 눈물을 흘리는 것입니다. 손정우의 죄는 씻어내지도 못 할 죄이지만, 적어도 인간으로서 해야 하는 최소한의 도리마저 손정우는 생각도 하지 않는 것입니다. 중요한 건 오직 자신이 빠져나갈 길인 것입니다. 그의 부친은 '이게 다 아들이 컴퓨터만 보고 자라서 그렇다. 그러니 컴퓨터를 못 하게 하겠다.' 라며 선처를 요구했고, 자신의 악독한 범죄로 40여억원을 벌어들인 손정우는 미국 측에서 손정우의 강력한 처벌을 원했음에도 불구하고 대한민국 법정에서 '미국 송환 불허' 판결을 받았습니다. 이윽고 석방되었고, 손정우는 부친과 함께 따뜻하고 아늑한 자신의 집으로 돌아왔습니다. 손정우가 자신의 침대에 대자로 누워서 지난 기억들을 회상하며 '안도의 한숨' 을 쉴 것을 생각하니 피눈물이 나서 참을 수가 없습니다. 한 가지만 바라겠습니다. 법대로 다시 재판을 해 주시길 바랍니다. 앞서 말했듯이 손정우는 사이트의 아이피를 미국으로 두었기 때문에 법에 따라 미국에서 재판과 처벌을 받아야 합니다. 한국이 솜방망이 처벌인 것을 아주 잘 알고 있기에 제발 한국에서 처벌을 받게 해 달라며 눈물을 짜 내는 겁니다. 아직도 모르시겠습니까? 극악무도한 성범죄자도 한국 법정을 우습게 볼 정도면 한국 법원이 얼마나 부실하게 처벌한다는 것이냔 말입니다. 그의 부친은 판결을 듣고 '현명한 판결 감사' 를 외쳤습니다. 범죄자측에게 현명한 판결이 과연 정의로운 판결인걸까요? 손정우를 이대로 둔다면 모방범들은 마치 틀에 찍어내듯 수두룩하게 나타날 것이며, 피해자들은 연령 성별 상관없이 더 많이 나타날 것입니다. 손정우를 미국으로 보내 처벌하는 것이 뭐가 그리 어렵냐는 것입니다. 당연히 그래야 하는 일이고, 그것이 법입니다. 이렇게 일단락된다면 저희 국민은 더 이상 법원을 신뢰하지 못하게 됩니다. 모두가 반발하고 있습니다. 분노한 국민들의 목소리가 점점 커져 울려퍼지고 있습니다. 손정우의 재재판을 청원합니다.",
  "num_agree": 4026,
  "petition_idx": "590462",
  "title": "아동 성 착취 영상 사이트를 만들어 유통하고 수많은 성범죄를 저지른 사회악 손정우의 재 재판을 청원합니다."
}