{
  "category": "외교/통일/국방",
  "begin": "2020-07-07",
  "content": "저는 6.25참전유공자의 아들입니다. 지난 7월1일 가까운 곳에 보훈병원 위탁병원이 있어서, 아버님 외래진료를 다녀왔습니다. 여러모로 편리하여 아버님도 만족하셨습니다. 발급받은 처방전으로 동네 약국에서 약을 구입하여 집에 돌아왔을 때, 약값을 확인한 아버지께서 깜짝 놀라셨습니다. 약값이 매우 비싸다는 것입니다. 약국에 확인한 결과, 위탁병원 처방전은 보훈병원 처방전과 달라서 감면혜택이 안 되어 약값이 비싸다는 것입니다. 약을 반환하고 다음날 보훈병원에 가서 다시 처방전을 받아 약을 구입했더니 본인 부담액의 90%가 감면 되었습니다. 보훈병원 위탁병원은 보훈대상자가 가까운 곳에서 진료 받을 수 있도록 진료 업무를 위탁한 좋은 제도인데, 위탁병원에서 발급한 처방전은 약 값의 감면혜택을 주지 않는 차별을 두어 나쁜 제도로 만들어 버렸습니다. 사실 확인을 위해서 광주보훈병원, 광주지방보훈청, 국가보훈처에 차례로 전화 문의 하였으나 납득할 만한 답변을 듣지 못했습니다. 감면 혜택을 확대하려고 추진하고 있으나 기약이 없어서 안타깝고 죄송하다는 담당자의 답변이었습니다. 대통령께서 6.25 전쟁 제 70주년 기념사에서 \"참전 용사 한분 한분의 헌신이 우리의 자유와 평화 번영의 기원이 되었다. 참전 용사와 유가족들의 예우에 계속해서 최선을 다 하겠다.\" 하셨습니다. 위탁병원이라는 좋은 제도를 마련하였다면, 국가 유공자들이 보훈병원과 차별없는 조건으로 위탁병원을 이용하는 것이 이 제도의 취지에 맞는 것이라 생각합니다. 진료비는 동일한 혜택이 있으나 약제비에 차별을 두어 이 제도를 있으나마나한 것으로 만들어 버렸습니다. 금년은 6.25 전쟁 70주년이니 살아 계신 참전 유공자들은 대부분 90이 넘으셔서 불편한 몸으로 병원 진료가 빈번할 수 밖에 없습니다. 가까운 곳에서 편리하게 진료를 받을 수 있도록 약제비도 보훈병원과 차별없이 감면 혜택을 받게 해 주십시요.",
  "num_agree": 238,
  "petition_idx": "590425",
  "title": "참전유공자가 보훈병원 위탁병원 이용시에도 차별없이 약제비를 감면 받을 수 있게 해 주십시요."
}