{
  "category": "반려동물",
  "begin": "2020-07-08",
  "content": "안녕하세요. 저는 반려 동물을 키우고 있는 대학생입니다. 요즘 유기 동물들이 많아지고 있어 유기 동물 보호소에서도 감당이 안된다는 뉴스를 보았습니다. 유기견, 유기묘 등 반려 동물의 유기를 줄이기 위해 어떤 대책을 마련해야 할까 생각하다 국민 청원에 올려봅니다. 첫째, 가족 관계 증명서와 같이 주민 센터에서 발급 가능한 서류에 반려동물 칸을 만들어 반려동물 또한 보호자의 서류에 나오도록 해야 한다고 생각합니다. 둘째, 특정 기간 내에 몇 번 이상 동물을 입양 및 등록한 사람들을 파악하고 이들의 동물 입양을 제한하는 방안을 마련하면 좋겠습니다. 동물 등록이 의무화된 만큼, 등록된 동물들의 보호자 정보를 정확히 파악하고 보호자들의 등록 동물 수를 파악하여 생명을 경시하고 계속 입양과 파양을 반복하는 사람들은 입양을 하지 못하도록 하셨으면 좋겠습니다. 이 글을 읽고 동의하시는 분들은 청원에 동의해주시면 감사하겠습니다. 동물 학대 및 유기는 '생명 경시'입니다. 이 또한 범죄이고, 강력한 처벌이 필요한 만큼 동물 등록과 함께 보호자의 증명 서류에 동물들의 존재가 드러났으면 좋겠습니다.",
  "num_agree": 735,
  "petition_idx": "590489",
  "title": "'반려동물 가족 관계 증명서 기입' 추진하고 싶습니다."
}