{
  "category": "정치개혁",
  "begin": "2020-07-08",
  "content": "대한민국은 아직 완전한 독립을 이루지 못했습니다. 대한민국에는 아직까지도 사회 각계각층에서 친일 매국 세력들이 강력한 권력을 쥐고 있습니다. 일본은 수백 년간 침략전쟁, 식민지배, 741부대 생체실험, 강제징용, 위안부, IMF당시 가장 먼저 자금 회수, 수백 조원의 대일무역적자, 혐한활동, 경제보복 등 한민족에게 헤아릴 수 없는 크나큰 고통과 피해만을 주었던 역사적 기록이 있었음에도 불구하고 아직까지도 일본을 옹호하는 세력들이 존재하여 대한민국의 국론을 분열시키고 있으며, 나라와 민족을 팔아 호의호식한 친일 민족반역자들이 아무런 처벌도 받지 않고 2020년 현재에도 정치계, 법조계, 언론계, 교육계, 경제계 등에서 무소불위의 권력과 재력을 쥐고 떵떵거리며 잘 살고 있다는 현실에 울분을 금할 길이 없습니다. 문재인 대통령께서 말씀하셨죠. “다시는 일본에 지지 않겠습니다.” 친일매국 세력들과 적폐들을 청산하라는 국민들의 엄중한 명령으로 21대 국회 여당에 큰 힘을 실어 주었습니다. 이제 일본을 넘어서기 위해, 다시는 지지 않기 위해 친일 청산 작업을 본격적으로 시작해야 합니다. 하나씩 친일의 잔재를 없애 나가는 작업을 시작해 나갈 시기입니다. 그 시작으로 저는 한 나라의 얼굴이라고 할 수 있는 화폐 인물에 대한 문제를 제기하고자 합니다. 왜 5천년의 장대한 역사를 자랑하는 한민족의 역사 속에서 어찌하여 한 나라를 대표하는 지폐 인물에 조선시대 유교 성리학에 관련된 인물이 세 분이나 올라가 있는 것일까요. 일제 식민지배를 겪게 한, 조선을 허약하게 만든 근본원인 중 하나가 유교 성리학에 있었기 때문이지 않을까요. 일본 우익들과 국내 친일세력들이 식민지배를 당한 조선인들의 의식이 계속해서 그대로 머물러 있기를 바랬기 때문이 아닐까요. 왜 당당한 독립국가에서 일제로부터 독립하는데 목숨을 바치신 독립열사들이 단 한 분도 선정되지 않았을까요. 왜 우리나라를 목숨 바쳐 지켜내신 성웅 이순신 장군은 500원 지폐에서 강등되어 초라한 노인의 모습으로 100원짜리 동전 속에 학, 다보탑, 벼 등과 동급의 위치에 계신 걸까요. 제가 유튜브 채널에 올려놓은 영상 (https://youtu.be/jdC9mvQ5QsI)을 보시면 상식적인 대한민국의 국민들은 누구라도 공감하실 거라 생각합니다. 이 영상에는 25만 조회수에 4만명의 시청자분 들께서 ‘좋아요’ 버튼을 눌러주셨습니다. 많은 국민들의 공감대가 형성되어 있는 상황입니다. 경제가 어려운 상황에 무슨 쓸데없는 지폐 타령이냐 라고 말씀하시는 분들도 계시겠죠. 하지만 ‘형식’과 '틀'을 바꾸면 그에 따라 ‘정신' 또한 변화합니다. 평소에 연약해 보이기만 하던 사람도 예비군복을 입으면 당당한 말년병장의 포스를 풍깁니다. 힘없어 보이던 청년들도 취업하여 말끔하게 양복을 입고 회사 뱃지를 달면 새로운 각오가 생겨납니다. 눈에 보이는 '틀'을 바꾸는 것만으로도 한 개인의 생각이 변합니다. 우리나라의 얼굴인 화폐 인물을 독립지사와 이순신 장군의 얼굴로 바꾸는 것만으로도 대한민국의 모든 국민들이 당당한 정신을 가지게 될 것이며, 일본을 넘어서서 세계를 선도하는 국민이라는 자부심을 가지게 될 것이라고 믿습니다. 일본은 강한 상대에게는 쉽게 머리를 조아립니다. 화폐 인물을 선진 독립국가인 대한민국의 위상에 걸맞게 당당하게 바꾸는 것만으로도 국내 친일매국세력들과 일본 극우세력들에게 강력한 메시지를 전해줄 수 있습니다. 우리가 우리의 얼굴을 새롭게 변모시켜 강한 모습을 보여주고 불매운동과 국산화로 여러 분야에서 일본을 압도하는 모습을 보여준다면 일본은 감히 넘볼수 없는 전세계에서 존경 받는 강력하고 정의로운 선진 대한민국이 될 것이라 믿어 의심치 않습니다. 경제가 어려운 상황이므로 화폐 인물 변경에 큰 돈이 드는 것에 난색을 표하는 분들도 계시겠지만 대한민국은 이미 카드, 스마트폰 결제가 일상화되어 시중에 유통되고 있는 화폐의 수량이 생각보다 많지 않고 같은 크기와 두께로 화폐 도안을 변경한다면 시중 ATM기계는 소프트웨어의 간단한 업데이트만으로도 그 비용이 크게 발생하지 않을 것입니다. 또한 숨겨져 있던 지하자금을 색출해 낼 수 있는 부가적인 효과도 기대됩니다. 그리고 화폐 인물변경에 들어가는 비용보다 더 크게 돌아오는 것은 수십년간 친일이라는 프레임속에서 패배의식과 엽전의식에 사로잡혀 자국을 폄하하고 일본을 찬양해왔던 대한민국 국민들에게 강한 자존감을 되찾아 줄 수 있게 되는 것이며 일본에게 감히 넘보지 못할 강력한 대한민국이라는 메시지를 던져 줄 수 있으므로 교체 비용이라는 수치보다 헤아릴 수 없이 더 큰 것을 얻을 수 있는 것입니다. 나라를 위해 헌신하신 독립지사의 얼굴, 이순신 장군의 얼굴을 자랑스럽게 새로운 지폐에서 만나뵙고 싶습니다. 문재인 대통령님 간곡히 부탁드립니다.",
  "num_agree": 19981,
  "petition_idx": "590481",
  "title": "친일세력들의 입김이 반영된 화폐 인물에 대한 변경을 요청합니다!"
}