{
  "category": "교통/건축/국토",
  "begin": "2020-07-08",
  "content": "안녕하세요 저는 **에서 개인택시를 하고 있는 국민입니다. 이렇게 국민청원을 드리고 있는 이유는 다음과 같습니다. **개인택시 조합은 정관에 따라 4년에 한번씩 이사장을 선출 하게 되어 있습니다. 그런데 전임 이사장은 보궐 선거로 약 10개월의 임기로 당선되어 임기를 마치고 퇴임 하지 않고 버티다가 동부지방 법원 민사 21부는 2020년 1월 15일 이사장 부존재 가처분 신청을 받아 들여 전임 이사장의 직무를 정지 하였습니다. 보궐로 당선된 전임 이사장은 정관에도 없는 특별회비라는 명목으로 20억원을 **개인택시 조합원들에게 걷어 조합원들에게 일당 10만원씩 나누어 주면서 타다 반대라는 명목으로 관제 집회를 시행하였습니다. 또한 자격없는 사람을 규정을 수정하여(규정에는 100만원이상 형을 받은 사람은 임명 하기 위해 벌금 200미만으로 규정을 수정하여 산하 법인인 **개인택시복지 법인에 부대표로 임명하였습니다. 또한 직원 관리 규정을 변경하여 초등학교도 나오지 않은것으로 파악 되는 사람을 방송통신 부장으로 취업시키는등 비리가 끈이지 않습니다. ** 개인택시 정관에는 지부장 궐위시 1년 미만의 임기는 해당 지부의 조합원을 임명하게 되어 있으나 타 지부 사람을 임명하는등 전횡이 끈이질 않았습니다. 그리고 타다 관련 조합원 을 제명 하는 과정에서도 조합비로 변호사 비용을 2억원 등으로 책정 하였고 조합원 제명으로 인해 **개인택시 조합은 공정거래위원회로 부터 조사 까지 받았습니다. 전임 이사장 한사람으로 인해 **개인택시 조합은 4년 마다 치루는 이사장 선거도 치루지 못 하고 현재는 법원에서 임명한 직무대리 체제 이며 작년 6월 부터 11월 까지 조합원으로 부터 걷은 20억 또한 아직 영수증 한장 조합원들에게 보여 주지 않고 있는 실정입니다. 취업비리, 특별회비 문제, 이사장 선거 방해, 지부장 임명과정 문제, 20억회비집행과정등 어느것 하나 투명한 곳을 찾아 볼수 없는 집단이 **개인택시 조합입니다. 그래서 **개인택시 조합의 특별감사를 부탁 드리는 바 입니다. **개인택시 조합 5만 조합원은 이사장부재로 인해 수장을 잃어 갈곳을 모르고 헤매고 있는 중이며 택시 관련 현안에 있어 조합원들의 의지는 전혀 반영 되지 않고 있는 실정입니다. 하루 빨리 **개인택시조합이 바로 서기 위해서는 그동안 저질러진 잘못 된 것을 바로 잡는 특별감사가 이루어 져야 할것으로 보여 집니다. [본 게시물의 일부 내용이 국민 청원 요건에 위배되어 관리자에 의해 수정되었습니다]",
  "num_agree": 861,
  "petition_idx": "590474",
  "title": "**개인택시조합 특별감사를 실시 해주세요."
}