{
  "category": "정치개혁",
  "begin": "2020-07-07",
  "content": "아동청소년 대상으로 성범죄를 저지른 손정우를 미국으로 송환되는건이 거절되었죠. 다시한번 우리 나라 법에 무기력함을 실감합니다. 국민들이 어째서 미국 송환을 애타게 기대했는지 모르시나봅니다. 한국 법,법조계에 신물이 났습니다. 성범죄 근절하고는 싶은건지 묻고 싶을정도입니다. 더이상은 우리나라에서의 제대로된 성범죄 처벌을 기대하기 어렵습니다. 미국으로 보내주십시오.",
  "num_agree": 2595,
  "petition_idx": "590461",
  "title": "성범죄자 손정우를 부디 미국에 송환해주십시오"
}