{
  "category": "정치개혁",
  "begin": "2020-07-08",
  "content": "* 청년이 희망하는 확실한 부동산 대책(2021년 1월 1일 0시부터 실행) 0. 부동산 정책 단순화 1) 과열지구/종부세등 각종규제 전면 해제 2) 1가구 1주택만 보유해야 세금이 적다는 조세정책 확립 3) 1가구 2주택이상 보유하면 세금을 많이낸다는 조세정책 확립 4) 1가구 2주택이상 청약금지 5) 1가구 2주택이상 대출 전면금지 6) 1가구 2주택이상 부동산수익 100%환수 7) 모든 공직자는 1가구 2주택이상이면 승진 불가 8) 공공기관에서 건설하는 신축은 최대 33평 초과 건축 금지 9) 공공기관에서 건설하는 신축은 최대 평당 500만원이하 분양 10) 공공기관에서 건설하는 신축은 분양가로 공시지가 영구적 고정 11) 공공기관에서 건설하는 신축은 매매/상속/기부/양도등 분양가로 고정 12) 공공기관에서 건설하는 신축은 취득세/보유세/양도세등 모든세금 분양가의 0.01% 13) 공공기관에서 건설하는 신축은 분양후 반드시 1년이상 실거주하고 매매해야 다른 주택 구입가능 14) 공공기관에서 건설하는 신축은 나이/소득/청약통장소유 불문 무주택 신혼부부에 80% 우선 공급(대출 90%가능) 15) 공공기관에서 건설하는 신축은 나이/소득/청약통장소유 불문 무주택 다자녀(3명이상) 10% 우선 공급(대출 90%가능) 16) 공공기관에서 건설하는 신축은 90% 무주택자만 청약 가능, 10% 1가구 1주택자만 청약 가능, 2주택이상이면 청약 불가 1. 1가구 1주택(대출 90%가능) 1) 취득하는데 들어가는 모든 세금 포함 : 최소 공시지가 기준이상 구입가의 0.1%(1회) 2) 보유하는데 들어가는 모든 세금 포함 : 구입가의 0.01%(매년) 3) 매매하는데 들어가는 모든 세금 포함 : 매매가 - 취득가 = +이면 10% 환수(1회) 4) 매매/상속/기부/양도등 계약하는데 들어가는 모든 세금 포함 : 3)번과 동일 2. 1가구 2주택 이상(대출 전면금지) 1) 취득하는데 들어가는 모든 세금 포함 : 최소 공시지가 기준이상 구입가의 20%(1회) 2) 보유하는데 들어가는 모든 세금 포함 : 구입가의 10%(매년) 3) 매매하는데 들어가는 모든 세금 포함 : 매매가 - 취득가 = +이면 100% 전액 환수(1회) 4) 매매/상속/기부/양도등 계약하는데 들어가는 모든 세금 포함 : 3)번과 동일 3. 상속등 일시적 2주택 이상 1) 1년이내에 매매/양도하면 1번과 동일 2) 1년을 초과하면 2번과 동일 4. 부동산 임대업 1) 1주택이면 1번과 동일 1) 2주택이상 이면 2번과 동일 5. 전/월세 1) 임대차 계약기간 기본 5년이상 2) 임차인이 원할경우 1달이내 해지 통보후 해지 가능 3) 계약기간 종료 2달전에 임대인이 계약해지를 통보하지 않으면 1년 자동갱신 4) 상가도 동일 6. 결론 1) 주택은 거주의 개념이지 재태크의 수단이 되어서는 안된다. 2) 다주택자는 세금을 많이내는 애국자다. 3) 부동산 세금으로 공공기관에서 건설하는 신축을 많이 건축한다. 4) 나이/소득/청약통장소유 불문 무주택 신혼부부가 공공기관에서 건설하는 신축을 많이 구입할 수 있게 한다. 5) 인구정첵에도 기여한다.",
  "num_agree": 324,
  "petition_idx": "590491",
  "title": "청년이 희망하는 확실한 부동산 대책"
}