{
  "category": "보건복지",
  "begin": "2020-07-07",
  "content": "□ 안녕하세요. 저는 광주광역시(광주)에 거주하는 조**(010-****-****)입니다. 저는 2001년 6월 1일부터 2016년 6월 30까지 광주 **동 소재 “*** 재활의학과의원”에 행정부장으로 재직 하였습니다. □ 제가 근무 하였던 “*** 재활의학과의원” 장 모 원장은 2005년 10월 12일 보험사기로 1개월 의사면허 자격정지 행정처분을 받은 이후에도 가짜환자 입원, 허위 차트작성, 허위 진단서 발행, 환자 모르게 침과 주사기를 재 사용 하고 의료면허가 없는 직원에게 방사선(X-레이)촬영 강요 하였으며, 허위 처방전 발행으로 향정(마약류)불법 취득을 일 삼았고 행정부장인 제게 병원 입사초기 부터 “방사선촬영기사” 업무를 강요 당하여 하루평균 30회 이상 방사선 촬영을 하였습니다. □ 특히 제가 행정부장으로 근무할 당시 “*** 재활의학과의원”이 최소의 비용으로 최대의 영업이익을 누리는 병원으로 알려져 전국의 재활의학과 개업을 준비하는 의사들이 벤치마킹을 하려고 병원을 방문하여 시설확인, 행정부장인 제게 운영 노하우를 물어보는 사례가 빈번 하였습니다. □ 저는 장 모 원장의 1개월 의사면허 자격정지 행정처분(2005년 10월 12일)이후 장 모 원장에게 주사(침)재사용 금지,직원의 근로계약서 작성,가짜입원환자 입원금지, 허위진단서발행 금지 등에 대하여 꾸준히 시정을 건의 하였고 특히 원장의 강요에 의해 제가 하고있던 방사선 촬영기사를 의료면허가 있는 직원을 채용해 줄 것을 요구 하였으나 장 모 원장은 저의 급여를 깍아서 정식 방사선촬영기사를 채용 하겠다고 세 번에 거쳐 저의 급여를 삭감 하고도 정식 방사선 기사를 채용하지 않고 저에게 무면허 방사선촬영기사 역할을 강요 하였습니다. □ 급기야 이에 장 모 원장의 불법적 병원운영 자료를 근거로 의료보험공단,국가권익위원회 보건소 등에 병원의 불법운영에 대한 공익제보를 하게 되었으나 관할 보건소 또는 관할 경찰서에 민원을 접수 하라는 답변 이었으며 현재는 여러 가지 불법 사실 중 단 한가지 “무면허 방사선촬영 교사와 무면허 방사선촬영”에 대한 부분만 수사중에 있습니다. □ 이러한 저의 공익활동이 누설되어 근무중 건장한 사내에게 이끌려 개인 소지품도 챙기지 못하고 “너 병원 나가라”며 강제로 병원에서 쫐겨 났으며, □ 16년 동안 닥트(환풍기)시설이 없이 밀폐된 방사선촬영 현상실 근무와 차폐옷, 위험물취급 장갑 착용을 하지 못하고 병원 원장의 강요에 의한 방사선 촬영 으로 인해 위암 판명을 받았고 수정체 혼탁, 급성 아토피, 조갑 박리증, 사타구니 백선무좀, 치골 골절 감소 등 보호장구 없이 오랫동안 방사선 피폭으로 의심되는 질병을 앓고 있으며 □ 공익제보 사실이 알려져 저는 지금 온갖 질병과 무단 해고에 시달리고 있으며, 제가 근무 하였던 병원은 지금도 버젓이 병원운영을 하고 있습니다. 저는 보건복지부에서 “내부자고발 트라우마로 인한 자살 예방프로그램 참여”를 권고 받았고 상담에 응하고 있으나 하루에도 수차례 자살 충동을 느끼고 있어 □ 대통령께서 말씀하신 모두가 공정하고 공평한 세상을 위해 온갖 편법과 불법 그리고 마약류로 분류되는 “향정”의약품 불법취득을 바로잡아 사회정의를 실현 시켜 주실 것 을 간절히 청원 합니다. [본 게시물의 일부 내용이 국민 청원 요건에 위배되어 관리자에 의해 수정되었습니다]",
  "num_agree": 433,
  "petition_idx": "590458",
  "title": "공익제보 돌아온 건 무단해고 !   가짜환자 입원, 허위 진단서 발행, 면허 없는 직원에게 방사선(X-레이)촬영 강요,  향정(마약류)불법 취득 병원의사 처벌 해주세요."
}