{
  "category": "인권/성평등",
  "begin": "2020-07-07",
  "content": "안녕하십니까? 금일('20. 7. 6.) 법원에서 웰컴투비디오 손정우 미국 송환을 불허했다는 소식을 듣고 분노한 20대 청년입니다. 이번 판결로 인해 저 뿐만 아니라 많은 국민들이 분노 했습니다. https://www.wikitree.co.kr/articles/549291 http://www.topstarnews.net/news/articleView.html?idxno=817800 재판부는 “손씨를 미국으로 인도하면 한국은 (성 착취물 관련) 수사에 지장이 생길 가능성을 배제하기 어렵다”면서 “손씨를 인도하지 않는 것이 대한민국이 아동·청소년 음란물 제작을 예방하고 억제하는 데 상당한 이익이 된다는 것이 법원의 판단”이라고 밝혔다. http://www.segye.com/newsView/20200706509381?OutUrl=naver 대한민국이 아동 청소년 음란물 제작을 예방하고 억제하는 데 상당한 이익이 된다는 판단 대체 무슨근거로 예방하고 억제하는데 상당한 이익이 된다는 판단을 하십니까? 그리고 시대는 계속 변화 하고 있습니다. 거기에 반면에 성범죄 처벌은 제자리 걸음 인거같습니다. 과거 판례를 보아도 대부분 벌금형 또는 집행유예와 같은 솜방망이 처벌이 대부분입니다. http://news.khan.co.kr/kh_news/khan_art_view.html?artid=201910172138005&code=940100 아래 URL은 각 나라별 아동음란물 처벌입니다. http://news.kmib.co.kr/article/view.asp?arcid=0013858880&code=61131111&cp=nv 검찰청이 공개한 2018년 성폭력 범죄 피해자 연령별 발생건수 추이(2009년~2018년)를 살펴보면 13세 미만을 대상으로 한 범죄가 2009년 1,007건에 비해 2018년 1,283건으로, 13세~20세를 대상 범죄 건수도 2009년 5,200건에서 2018년 7,308건으로 상당히 늘어난 것으로 나타났다. http://www.kukinews.com/newsView/kuk201810080083 https://www.nocutnews.co.kr/news/5122727 이렇게 지속적으로 성범죄가 늘어난다는 통계가 있음에도 불구하고 단순 나이가 어리고, 초범이라는 이유로 솜방망이 처벌이 나오지않게 법 개정이 시급하다고 생각됩니다. 법 개정이 되지않으면 미래에는 더욱더 많은 피해자가 생길지도 모릅니다. 그리고 꼭 국민이 국민청원에 글을 올려야 그제서 일하는 대한민국 공무원보다는 먼저 상황 인지하고 검토하여 법과 정책을 바로잡는 자랑스러운 대한민국 공무원이 되었으면 좋겠습니다. https://ko.wikipedia.org/wiki/%EC%9B%B0%EC%BB%B4%ED%88%AC%EB%B9%84%EB%94%94%EC%98%A4_%EC%82%AC%EA%B1%B4#cite_note-joins20191023-7 끝으로 웰컴투비디오 손정우 사건 철저한 재수사 및 미국 송환 여부 재검토 해주시고 범죄 수익금 전액 확보하여 국고로 환수되었으면 합니다.",
  "num_agree": 5394,
  "petition_idx": "590442",
  "title": "웰컴투비디오 손정우 사건 철저한 재수사 및 미국 송환 여부 재검토 요청합니다."
}