{
  "category": "안전/환경",
  "begin": "2020-07-07",
  "content": "저는 한 중학생입니다. 저는 중학교를 끝나고, 항상 집으로 오는 길에 어른들이 담배를 피우시는 장면을 목격합니다. 그럴 때마다, 마음이 아파요.. 담배를 피우면 부모님들은 물론 다른 시민들도 폐암이 걸리며, 마음 아프게 한 명 한 명 죽고 있습니다. 저희 부모님도 항상 담배를 피우고, 폐암이 오고 있다고 하셨습니다... 담배를 끊으면 된다 하지만, 한 번 하면 끊기 힘들 듯이 담배를 피우다가 끊으려면 잘 되지 않아, 계속 담배를 피우십니다. 담배도 물론 담배 때문에 산불이 발생할 때가 있고 집에서 부모님들이 담배를 핀다 하면 집에도 담배 냄새와 꽁초가 돌아다니며 차를 타는 중에도 담배를 피는데, 그 때마다 뒤에 차가 창문을 열고 있다면 꽁초나 냄새가 베이는데 그 때마다 담배를 피우지 않는 분께선 큰 피해를 보고 있고 성인이 되려 하는 고등학생도 물론 담배를 피우려 하는데 그러면 미래에 큰일이 있을 수 있어서 걱정됩니다.. 학교에서는 자녀들에게 담배를 피지 말라고 지도하지만, 부모님이나 곁 사람들이 담배를 피우면 학생들도 따라 배워지기 마련입니다. 학생과 담배를 피우지 않은 사람들을 위해 제발 담배를 판매 금지시켜 주세요.",
  "num_agree": 328,
  "petition_idx": "590418",
  "title": "담배 판매 금지 요청"
}