{
  "category": "일자리",
  "begin": "2020-07-06",
  "content": "직장인의 업무효율 증진을 위해 주4일 근무제 도입을 청원합니다. 대한민국은 OECD국가 중 근무시간이 두번째로 긴 나라 입니다. https://www.statista.com/chart/12449/who-works-the-most-hours-every-year/ 국가 발전과 서민경제 부활을 위해 주4일 근무제가 장착 되어야합니다. 주4일제 근무 시행 시 아래와 같은 효과를 가져다 줍니다. 1. 주4일 근무제가 장착되면 500만개 이상의 일자리가 창출됩니다. 주4일 근무제 정착 시 완전고용 상태가 실현되기 때문에 구직자들의 지위가 높아지게 됩니다. (5일치의 일을 하려면 사람을 1.5명을 고용해야하기 때문에) 따라서 사람보다 일자리가 많아져 청년실업을 완화할 수 있습니다. 2. 내수 경제 진작이 됩니다. 주4일제 근무제가 장착되어 500만개 이상의 일자리가 창출되면 영세기업의 일자리 문제가 해소됩니다. 휴일시간이 하루더 길어지는 만큼 시장에 유통되는 현금의 양이 많아짐으로써 경기침체를 극복할 수 있습니다. 3. 근로자들의 생상성 향상에 도움을 줍니다. 근로자들이 주중에 하루를 더 자기계발에 쓴다면 그것이 가져오는 생상성 제고효과는 엄청나게 클 것으로 예상됩니다. 정부와 대학들도 주중 하루를 자기계발에 활용하려는 근로자들을 위해 수많은 실사구시형 교육과정을 마련하여 생산성 제고에 박차를 가할 수 있을 것입니다.",
  "num_agree": 621,
  "petition_idx": "590412",
  "title": "주4일 근무제 도입을 청원합니다."
}