{
  "category": "문화/예술/체육/언론",
  "begin": "2020-07-06",
  "content": "골프장 식당및 그늘집 식음료 가격이 너무 비쌉니다 우리 골퍼들은 울며 겨자먹기로 할수없이 당하고 왔는데 더 이상 횡포에 참을수 없습니다 커피 한잔에 8000원에서 만원 막걸리 2000원짜리가 12000원 음료수 한병이 5000원에서 8000원 식사가 16000원에서 이만원 내지는 삼만원까지 그것도 최근에 올려서 16000원 짜리가 2만원이 되었습니다 수박 몇쪽에 30000원에서 35000원 순대와 머릿고기 30000원에서 35000원 생맥주 한잔에 (300씨씨) 8000원에서 만원 등등 바가지 요금이 말도 못하고 우리 골퍼들은 속수무책으로 당해왔습니다 가격이 저렴하거나 합리적이라면 골퍼들이 간식을 바리바리 싸갈까요? 자주 공을 치러가는 사람들이 부담하기에는 부담스러운 금액들입니다 가까운 일본은 모든 골프장이 식사는 밖과 비슷한 가격 음료는 자판기가 밖에는 120엔 골프장에서는 200엔 고작 80엔 차이입니다 800원 차이인거죠... 골프를 치는 사람들이 부자들도 아니고 중산층 인데 이리 폭리를 취하고 바가지 요금을 받고 거기다 코로나로 인해 사람들이 해외를 못가니 골프로 많이 몰렸는데 골프장은 그린피와 카트비도 많이 올리고 캐디피도 올렸습니다 식음료가격도 슬금슬금 올렸고요 더군다나 카트비를 따로 받는 꼼수도 하고 있죠 일본 같은 경우 카트비는 포함입니다 골프장 식음료 가격 인하를 요구합니다 오랫동안 골프장 횡포에 많은 골퍼들이 속수무책으로 당하고 있었으나 더 이상은 당하고 있을수 없습니다. 바가지 요금 조사 들어가시고 속히 가격을 인하해주세요... 부탁드립니다......",
  "num_agree": 854,
  "petition_idx": "590403",
  "title": "골프장  식당및  그늘집  식음료  가격 인하  요구 합니다"
}