{
  "category": "교통/건축/국토",
  "begin": "2020-07-08",
  "content": "해외 거주 중인 제 여동생이 주말에 출장 차 한국으로 귀국했습니다. 인천공항에서 많은 분들이 안내해 주시고 도움 주셔서 무사히 자가격리에 들어갔습니다. 제 동생은 검역 통과 중에 규정대로 자가격리 앱을 설치하고 개인 전화번호와 주소를 기재해 제출했다고 합니다. 이 정보를 제출한 후 검역확인증을 발급해 주시는데, 담당자분이 한 장은 제 동생 이름과 전화번호를 따로 적어서 옆에 두고, 제 동생에게는 전화번호 없이 이름과 날짜만 적힌 검역확인증을 새로 적어 주셨다고 합니다. 긴 비행에 경황이 없었던 제 동생은 발급받은 검역확인증을 들고 집으로 와서 자가격리를 시작했습니다. 그런데 입국한 당일 토요일 저녁 8시경, 검역신고서와 자가진단 앱을 안내해 준 담당자라면서 카카오톡으로 연락이 왔고, 개인적으로 친해지고 싶다며 제 동생의 번호를 이용해 메시지를 보냈습니다. (실명으로 연락이 왔으며, 스크린샷 보관하고 있습니다. 검역확인증에 기재된 담당자 본인 서명도 보관하고 있습니다.) 제 동생이 인천공항공사 고객센터에 항의차 전화로 문의드렸는데, 돌아오는 답변으로는 검역확인증을 발급하는 업무 담당자는 공항 소속이 아니고 모두 육군 소속이라 따로 대응이 어렵다는 이야기를 들었습니다. ****검역 목적으로 제출한 개인정보를 명백히 사적으로 남용함이 분명한데, 너무나 황당하더군요. 언제부터 공적인 목적으로 제출한 정보를 개인이 열람해 사적으로 사용할 수 있었으며, 제 동생 말고도 얼마나 많은 분에게 이런 일이 발생했을지 모르겠습니다. 전화번호와 주소가 모두 노출된 상태에서 제 동생은 이 일이 알려졌을 때 보복을 당할 것을 우려해 외부에 알리는 것을 꺼려했지만, 또 다른 피해자가 발생할 수 있다는 생각에 이 곳에 청원을 올립니다. 이런 방식으로 개인 정보가 다루어지고 있다면, 누가 국가 정책을 신뢰하고 검역 절차에 협조할 수 있을까요? 제 동생 역시 공항에서 정말 많은 공무원 분들과 담당자 분들이 애쓰고 계신 모습을 직접 보고 난 후라 너무나 허탈하다고 하더군요. (청원 요청) - 인천공항으로 입국하는 국민들의 개인정보가 지켜지고 있는지 공항공사 측과 관련 부처에서 책임을 지고 확인해주셔야 한다고 생각합니다. -그리고 국민의 개인정보를 사적인 목적으로 남용한 육군 소속이시라는 담당자분께 합당한 처벌이 이루어지길 강력히 청원합니다. 유관 부처의 빠른 대응과 조사를 강력히 청원합니다!!",
  "num_agree": 829,
  "petition_idx": "590480",
  "title": "인천공항 입국시 제출한 국민들의 개인정보가 담당자에 의해 사적으로 남용되고 있습니다. 처벌 부탁드립니다!!!"
}