{
  "category": "일자리",
  "begin": "2020-07-08",
  "content": "저는 **건설에서 10년 넘게 근무한 비 정규직 직원입니다 현재 **건설에서는 비정규직 직원들의 대대적인 해고를 실시하고 있습니다 회사에 근무중인 비정규직 직원들을 전체 해고시키고 신규채용 하겠다고 합니다. 현재 근무중인 비 정규직 직원들의 대부분은 2년 이상근무자이며,2~3개현장 정도씩 회사의 이익창출에 힘써 왔는대 말입니다 더 웃긴건 해고통보를 받고 노동위원회를 통한 구제신청 및 소송을 진행하면 복직이 됩니다 이 모든 상황이 얼마나 경제적으로 큰 손실인가요 저희는 회사와 얼굴 붉히며 싸우고 싶지 않습니다 정부차원의 중제가 필요합니다 문제인 대통령님 공약중에 비정규직의 정규직 또는 무기계약직 전환의 내용이 있었지요 그 시작으로 공무원의 무기계약직 시행을 보고 사실 기대를 많이 했었지요 그러나 몇년이 지난 지금 빅3 건설사중에 하나인 **건설에 짤게는 2년 길게는 15년 이상 비정규직으로 근무중인 직원이 있다는것이 말이 되는것입니까 많은거 바라지 않습니다 정규직이랑 같은 처우를 바라지도 않습니다 딱 하나 정년까지 고용의 안정만 보장해 주세요 이런상황은 **건설의 일만은 아닙니다 대부분의 건설사가 이러한 상황인걸로 알고있습니다 청와대에서는 진위여부를 파악하시어 고용주에게 부당한 처우를 받고있는 비정규직 직원들을 구제해 주십시요 [본 게시물의 일부 내용이 국민 청원 요건에 위배되어 관리자에 의해 수정되었습니다]",
  "num_agree": 1643,
  "petition_idx": "590499",
  "title": "\"대형건설사 비정규직 부당해고\"살려주세요"
}