{
  "category": "인권/성평등",
  "begin": "2020-07-08",
  "content": "도와주십시요! 조직폭력이 선량한 국민의 재산을 약탈하고 있습니다! 문 재인 대통령님! 공정한 싸움이 되도록 도와 주십시요! 저는 힘없는 국민으로 지금 조직의 폭력으로 재산을 약탈당하고 있습니다. 공정하고 정의로운 대한민국에서 거대조직이 자행한 약탈과 폭력으로 저의 대한민국 국민으로서의 소중한 생명과 재산이 처참히 짓밟히고 있습니다. 내세울 것 없지만 평온한 저의 일상이 11년 전에 토지를 팔고 계약금과 중도금을 수령하고 잔금을 매수자의 사정으로 미루고 있던 매매계약에 의해 산산조각 나고 말았습니다. 내용을 간추리면 아래와 같습니다. 1. 저는 2007년 7월 아파트를 시행하는 회사와 토지의 정당한 매매계약을 하고 계약금과 그해 8월 계약이행을 담보하는 중도금을 수령하였습니다. 2. 이후 2007년 9월 잔금 지급을 요청하는 내용증명을 발송하고 잔금지급을 독촉하였으나 매수자는 법인으로 소유권이전이 불가하니 사업이 일정수준 진행 될 때까지 조금 기다려 달라는 요청으로 종종 매수자의 현장사무실을 방문하여 사업진행을 묻고 살펴보면서 잔금지금을 기다리던 중이었습니다. 3. 매수자는 해당물권을 보호하기 위해 2017년 8월17일에 매수자를 변경하여 해당 토지에 “소유권이전을 위한 처분금지가처분신청” 하였고 매도자인 저도 이를 인정하였습니다. 4. 매매계약이 10년 이상 경과한 시점인 2018년 매수자의 채권자가 나타나 매수자의 채권을 대행한다는 이유로 제가 매도자의 권리로 수령할 금액인 잔금과 지연이자 약 2억원을 무시하고 저에게 통보도 안되어 알지도 못하고 있던 매수자가 일방적으로 다른 매도자에게 통보한 계약금을 포기하고 계약을 해지한다는 각서를 근거로 2013년부터(약5년) 지연이자 5%를 그리고 저에게 통보한 시점부터 년 15%의 지연이자로 합계 1억원 이상을 청구하여 평범한 대한민국 국민인 저에게 3억원 이상을 청구하여 파탄의 지경으로 몰아넣고 있습니다. 매수자의 채권자의 부당한 청구에 본인은 “매매계약의 해지를 매수자와 논의한 적이 없으며 매수자로부터 어떤 통보도 벋은 사실이 없다. 나는 계약서상 존재하는 잔금과 지연이자를 받고 소유권을 이전 해줄 의무가 있는 매도자일 뿐이다”라고 주장하였으나 매수자의 채권자는 거대한 금권을 이용하여 저를 계속 협박하고 있습니다. 제가 매수자로부터 받은 중도금은 계약상 정당한 권리로 받은 것이며 매수자가 계약을 완성하지 못할 상황이라면 계약서상 명기된 대로 쌍방이 손해배상을 하고 적법한 법적인 절차대로 해지하고 반환 할 것입니다. 비록 매수자의 채권자가 매수자로부터 정당하게 받을 채권이 있다 하여도 이를 받을 목적으로 단지 잔금이 지체 되었을 뿐 어떤 문제도 없는 개인 간의 매매계약이 해지 되었다고 불법적인 억지 주장을 하면서 제가 받은 중도금에 1억넘는 지연이자까지 청구하여 선량한 국민을 파산으로 몰아넣는 거대한 조직의 횡포를 막아 국민의 생명과 재산을 지켜주십시오. 문재인 대통령님! 제가 청원한 내용에 조금의 거짓이 있다면 그 어떤 처벌도 받겠습니다. 부디 내용을 상세히 검토하시어 선량한 국민이 거대한 금권을 가진 조직의 폭력으로부터 벗어 날 수 있게 해주시기를 간곡히 부탁드립니다! 감사합니다! 끝. 2020년 7월2일 탄원인 ： 이 ** 올림(***-****-****) [본 게시물의 일부 내용이 국민 청원 요건에 위배되어 관리자에 의해 수정되었습니다]",
  "num_agree": 493,
  "petition_idx": "590498",
  "title": "조직폭력배의 횡포로 국민이 신음하고 있습니다!"
}