{
  "category": "농산어촌",
  "begin": "2020-07-07",
  "content": "어민들의 조업과 생계를 위태롭게 하고 국내산 멸치 멸종을 조장하는 해수부 서해 멸치떼는 4월부터 5월 충남 서해 연안으로 들어와 산란을 합니다. 이 산란철의 멸치를 일부 대형어업들이 무분별히 잡아들여 서해안 멸치의 씨가 마르고 있습니다. 정작 산란을 마치고 성어기인 7월 한달, 충남 서해안에서 멸치같은 작은 물고기를 잡는 세목망을 사용하지 못하게 되어 있습니다. 충남 연안에서 멸치 어군이 형성되는 시기는 6월 말경부터 10월 말 단 4개월뿐입니다. 정작 금지해야 할 산란기에는 일부 대형어업들이 멸치의 씨를 말리게 하고, 어업을 해야 하는 7월에는 중소 어민들에게는 어업을 금지시킵니다. 이 문제를 두고 우리 어민들 스스로 자그마치 10년 동안 해수부에 제안한 의견이 있습니다. 조업기간을 바다의 변화에 맞게 개정하자. 연중 4개월만 정해진 양을 정해 어업을 하고 산란기를 비롯한 나머지 기간은 휴업하여 자연이 회복하게 하자는 의견이 그것입니다. 이 문제는 작년 국정감사에서도 지적이 되었고 해수부는 검토를 한다는 말을 남겼습니다. 그런데 해수부와 관계자들은 현장의 목소리와 개선을 위해 단 한번도 현장에 와본적이 없습니다. 내일 저희 협회는 해상시위 집회를 합니다. 우리 멸치 어민들에게 7월 조업은 생계가 달린 문제입니다. 해수부는 정작 금지해야 할 4-5월 산란기의 대형어업들은 놔둔 채, 중소 어민들의 생계는 위협하고 있습니다. 너무나도 불합리한 이 행태는 해수부가 정확한 기능을 하고 있지 않다고 봅니다. 이대로 가다가는 대한민국 식탁에서 멸치가 사라질 것입니다. 우리같은 어민들은 그 사실을 피부로 느낍니다. 지속가능한 어업 그리고 자연이 순환하고 인간은 생계를 유지하며 좀 더 안전하고 수월하게 어업을 할 수 있는 환경 문제를 이야기 하고 수렴해 해결할 수 있는 시스템과 기관의 역할 정부와 해수부가 현장을 와 보고 듣고 만들어야 할 일 입니다. 이러한 것은 비단 어업만의 문제는 아니죠 현장과 바다를 직접 보고 개선을 요구한지 10여년의 시간. 이젠 바뀌어야 하지 않을까요?",
  "num_agree": 208,
  "petition_idx": "590437",
  "title": "어민들의 조업과 생계를 위태롭게 하고 국내산 멸치 멸종을 조장하는 해수부"
}