{
  "category": "기타",
  "begin": "2020-07-07",
  "content": "다들 잘 아실테지만 *********라는 네이버 카페가 있습니다. 이혼 후 자식들 양육하는 사람이 양육비를 받지 못해서 아카페에 가입해서 힘을 얻고자 선의의 뜻으로 가입 했습니다. 양육비 2개월 이상 미지급시 비양육자 얼굴 및 신상공개가 이루어 져서 좋은뜻으로 가입을 하고 후원을 해야만 비양육자 신상을 등재 할수 있다고 해서 후원도 하고 카페 활동도 하고 제 나름대로 여러모로 열심히 하였습니다. 허나 이 카페를 자세히 보면 후원비가 어디에 쓰이는지 지출내역을 공개하라고 하면 카페 분란조성으로 강퇴시키고 정지시키고 운영진들의 횡포에 선한 양육자들이 하나둘 마음의 상처를 앉고 강제적으로 떠나가게 됩니다. 이 사회가 이혼은 끈임없이 생기게 되고 양육비를 못받는 새로운 사람은 또 이카페에 가입해서 또 이용물만 되는거 같습니다. 이번 총선때 카페 활동 인원 솔직히 100여명 밖에 안되는데 부풀려서 7천명이상이 된다고 거짓된 정보로 선거 출마인들을 유혹 시키고 계속 특정인을 당선시켜야 된다고 선거운동아닌 선거운동을하고 뒷거래가 있었지는지 모르는 바입니다. 이 카페 후원비 사용처 및 비리를 파헤쳐주시고 선량한 양육자들의 피를 빨아 먹는 운영진이라는 사람들을 엄벌에 처해 주십시오.. [본 게시물의 일부 내용이 국민 청원 요건에 위배되어 관리자에 의해 수정되었습니다]",
  "num_agree": 316,
  "petition_idx": "590435",
  "title": "네이버 카페 *********  운영진들의 비리를 파헤쳐 주세요."
}