{
  "category": "인권/성평등",
  "begin": "2020-07-06",
  "content": "지난 7월 3일 기사에따르면 n번방 구매자의 첫번째 처벌 및 구속과정에서, 신상공개 여부가 번복된 것을 확인할 수 있었습니다. 그렇다면 이후 판결에서 또한 모든 n번방 텔레그램 구매자, 이용자들의 신상공개는 \"불가\"하다고 판결이 날 것이 분명합니다. n번방 운영자와 관련 주요인물들 뿐만이 아닌 구매자들도 이를 이용하고 성착취를 한 가해자들입니다. 어린 아이들이 성착취를 당했으며 인권을 유린당하였습니다. 수많은 사람들이 이 사건에 충격을 받았고 다시 이런일이 벌어질까봐 두려움에 떨고 있으며 주변에 그런 성 범죄자가 있을까봐 두려움에 떨고 있습니다. 그렇기에 지난 몇달간 \"전원 신상공개 청원\"이 이루어 진 것입니다. 법이 그래서 그렇다면 법을 바꾸십시오. 국민의 안전을 지키지 못하고 국민의 인권을 지키지 못하고 국민의 목소리를 들을 수 없다면, 그 법은 누구를 위한 법입니까? 피해자의 인권 및 수 많은 사람들의 안전이 가해자들의 인권보다 뒷전입니까? 피해자보다 보호받는 가해자들, 과연 누구를 위한 인권이며 이는 누구를 위한 나라입니까? 끝으로, 지난 수개월 수십만명의 청원은 무시해도 되는 것인지 묻고싶습니다.n번방 사건 신상공개 하지 않는다면 앞으로의 유사 성범죄, 특히나 디지털 성 범죄자에 이 사건은 본보기이자 면죄부로 작용할 것입니다. n번방은 판결을 먹고 자랐습니다. 이후에 그어떤 사람들도 이런 피해를 입지 않기를 바랍니다. 그렇기에 정부가 이 사건을 방관하지 않기를 바랍니다. 위와 같은 이유로, n번방 가해자 전원 신상공개 및 구매자의 신상공개 불가 판결의 재검토로 신상공개 확정을 청원합니다. 감사합니다.",
  "num_agree": 12058,
  "petition_idx": "590404",
  "title": "n번방 구매자의 신상공개 불가 판결 재검토 후 신상공개 / n번방 관련 모든 가해자들의 신상공개를 원합니다."
}