{
  "category": "교통/건축/국토",
  "begin": "2020-07-07",
  "content": "안녕하세요 저는 부산광역시 강서구 송정동 1715번지 녹산 ***상가(1-8동, 235개 점포) 에서 상점을 운영하고 있는 김철호라고 합니다.. 최근, 저희 상가가 불법건축물로 등록되어 이렇게 글을 적게 되었습니다. 2002년 8월경 상가를 분양하여 입점하였고, 분양 당시에 상가 분양사무실에서 1층내 중층 증축은 합법적이었으며 중공검사시 문제가 없음을 건축 담당 공무원에게 고지 받은바 있습니다. 그러나, 2018년 2월경 소방특별점검(부산강서소방서) 조사로 당 상가 1층내 중층 증축 부분이 소방 연결 상수 설치장치가 화재시 소화수가 1층 바닥까지 미치지 못하여 원활한 소화작용이 되지 못한다는 의견으로 불법 건축물로서 관할관청(부산서구청 건축과)으로 부터 통보를 받았고, 상가에 시정명령에 관한 내용을 공문을 받았고, 지금은 시정명령 고지 후 벌금을 부과 받아 있는 상태입니다. *** 상가는 1동부터 8동까지 2002년에 중층을 준공 허가를 받았는데 왜 지금에 와서 불법건축물이라고 규정하여 시정을 하라는 것인지 이해가 가지 않습니다. 소방점검도 매 해마다 나왔고, 아무런 문제가 제기 되지 않았다는 것은 문제가 없었다는 것이라 생각됩니다. 그렇지 않다면 해당 공무원이 업무를 제대로 하지 않았다는 것을 의미하는 것 아니겠습니까? 이로 인해서 현재 ***상가의 공실률은 60%가 넘는 암혹한 실정에 놓여져 있으며, 생업을 포기해야 될 수준입니다. 이 어려운 시기에 벌금을 낼 수도 없는 실정입니다. 소상공인과 자영업자들을 위해서 다시 한번 이 문제를 검토해 주시기 바랍니다. 감사합니다. [본 게시물의 일부 내용이 국민 청원 요건에 위배되어 관리자에 의해 수정되었습니다]",
  "num_agree": 162,
  "petition_idx": "590459",
  "title": "녹산 ***상가 불법건축물에 관한 억울함을 호소합니다."
}