{
  "category": "육아/교육",
  "begin": "2020-07-08",
  "content": "부산 동구 좌천동 범일동에는 중학교가 하나도 없습니다. 해당 지역의 인구가 약 4만명에 달하지만 최근 학교가 4개나 사라졌습니다. 데레사여중, 금성중학교, 좌천초등학교, 좌성초등학교가 폐교됐습니다. 중학교가 없어서 아이들은 대중교통으로 30분 이상 걸리는 다른 지역으로 학교를 다닙니다. 주민들은 학교를 만들기 위한 '좌천범일교육특구추진위'를 구성했습니다. 지금 당장은 어렵더라도, '10년후 완공될 북항재개발 2단계가 계획에 학교부지'를 미리 넣어달라는 제안을 동구청, 부산광역시 등에 온라인민원과 민원현수막으로 전달했습니다. 그런데 구청은 주민과의 소통이나 대화를 선택하지 않았습니다. 주민이 십시일반으로 마련해서 붙인 '학교를 만들어달라는 현수막'을 2차례나 철거했습니다. 심지어 주민들의 사유지에 붙은 현수막도 철거하면서 주민 대표자를 불려 붙이지 말라는 경고까지 했습니다. 구청이 여러가지 허가권을 가진 터라 주민대표는 부당해도 묵묵히 수모를 당해야 했습니다. 곁에서 지켜본 주민은 그 모습에 더 수모를 느껴야 했습니다. 자신이 투표로 선출한 주민대표자는 곧 우리의 얼굴이기 때문입니다. 국민의 세금으로 일하는 분들이 나서서 해야 할 일을 하지 않아 학교가 사라졌고, 앞으로 계획도 불투명합니다. 답답해서 주민이 나섰는데. 구청은 소통이 아니라 경고와 철거로 대답했습니다. 국민과 소통을 가장 중요하게 생각하는 정부가 출범한 지 몇년이나 지났는데 지방행정기관은 소통 대신 아직도 권위를 내세웁니다. 주민의 염원을 불법 합법의 잣대로만 통제하려고 합니다. 그럼에도 주민들은 십시일반으로 성금을 모아 \"우리 동네에도 중학교가 필요해\" 등의 내용을 담은 현수막을 다시 한번 붙였습니다. 그런데 3차 현수막 마저 칼로 난도질 당하고 찢어졌습니다. 아직은 누가 이런 짓을 했는지 알 수는 없습니다. 구청이 이런 식으로 대응할 리는 없지만, 주민염원을 소통이 아닌 철거도 대응했던 2차례의 구청의 행동을 본 누군가가 \"이런 현수막은 찢어도 돼\"라고 우습게 봤을 겁니다. 주민을 지켜줘야 할 구청이 앞장서서 주민의견을 묵살하는 데 누가 주민을 지켜주겠습니까? ----------------------- 중학교 없는 곳에서 중학교 하나 만들어보자는 것이 그렇게 죄 지은 일인지... 철거되고 찢어져야 하나요? 학교 만드는 일에 나서줘서 고맙다며, 돈을 후원하면서 학교현수막에 자기 이름 넣어달라고 했던 \"하린아빠\" 를 비롯한 우리 부모들의 마음도 함께 찢어졌습니다. -------------------------- 북항재개발과 부산 원도심의 처지를 너무나 잘 아는 대통령님께서 우리 아이들에게 가까운 곳에서 중학교를 다닐 수 있도록 꼭 도와주십시오. 지금 당장 법으로 안되는 것 해달라는 것 아닙니다. 10년 후 다시 학생들이 많아질 때 그때를 대비해서 미리 지금 계획이라도 잡아달라는 부탁입니다. 지금 준비하지 않으면 10년후 학생들이 많아져도 학교 지을 땅을 구할 수 없습니다. 교육은 백년의 대계라 했습니다. 100년 앞은 아니라도 10년 앞이라도 미리 생각해주세요. 청와대 청원에는 사진이나 자료를 올릴 수 없네요. 관련 사진과 자료 링크로 올립니다. 국민 여러분, 우리 아이들이 적어도 같은 동네에 있는 중학교라도 갈 수 있게 도와주세요.",
  "num_agree": 507,
  "petition_idx": "590475",
  "title": "중학교 하나 만들자는 게 무슨 죄라고, 찢기고 철거돼야 합니까?"
}