{
  "category": "안전/환경",
  "begin": "2020-07-08",
  "content": "안녕하세요. 저는 지난달 26일에 발생한 '당진자매살인사건'의 피해자의 지인입니다. 우선 무슨 말을 써내려 가야 할지 가슴이 먹먹하네요..... 무슨 내용인지 모르시는 분들을 위해 번거로우시겠지만, 검색창에 위에 내용 검색 한번만 해서 기사 읽어주셨으면합니다. 무고한 자매가 정신이상자로부터 살인당했습니다... 하루 아침에 부모는 자식을 둘씩이나 잃었구요, 아이들은 엄마를...누군가에게는 소중한 사람을 잃었습니다 아이들은 앞으로 자기 엄마가 그렇게 됐다는거에 어떻게 커갈까요..? 같은 인간으로써 이 마음을 한번만 헤아려주셨으면 합니다 ... 가해자는 정신과 진료 기록이 남아있는 그냥 정신이상자입니다. 우리나라 법이 그렇다죠.. 정신질환이 있는자가 행하는 범죄는 형이 감면된다고요 정신질환이 자랑입니까? 정신질환있는사람이면 감싸줘야 합니까? 정신질환자면 사람을 죽여도 괜찮습니까? 정신질환자가 사람을 죽였습니다 정신질환자도 살인자라고요 .. 가해자가 그랬다더군요, 자기는 정신질환자라 형이 감면될꺼라고 ...이렇게 정신질환자들은 인식이 이미 박혀져있어 더 과감히 범행을 저지를지도 모릅니다 이런 사람을 그냥 가만히 앉아서 지켜보고만 있어야 하나요? 너무 화가나고 제 지인이 얼마나 고통스럽게 억울하게 살해 당했을지 생각하면 마음이 아프고 눈물이 나네요 .... 또 이런일이 나에게 내 지인에게 내가족에게 일어날수있습니다..정말 무서워서 이나라에서 어떻게 살아갈까요.. 우리나라는 이런 사건에 대한 대책이 너무 없는거 같습니다. 사람을 죽여도 신상공개도 없고, 그냥 죽은사람만 억울한겁니다 ... 저의 지인이 그래도 억울함을 덜고 갈수있게 앞으로 이런일이 없도록 ..여러분의 소중한 청원동의가 필요합니다... 이런 범죄자들에 대한 형이 더욱 강력해졌으면 좋겠습니다 제발 ........제발요 ...",
  "num_agree": 13791,
  "petition_idx": "590471",
  "title": "충남당진자매살인사건용의자신상공개와처형을원합니다"
}