{
  "category": "인권/성평등",
  "begin": "2020-07-08",
  "content": "저는 피해자 박00의 아버지입니다. 2014년에 발생한 **사단 윤일병사건을 기억하십니까? 상급자의 폭행, 가혹행위로 인하여 윤일병은 스스로 목숨을 끊는 사건으로 당시 우리사회에 큰 충격을 주었으며, 저 역시 군 입대를 앞둔 자식이 있는 부모로써 다시는 우리사회에 이런 참혹한 일들이 발생하지 말아야 한다고 생각했으나, 윤일병사건이 발생한 이후 저에게도 이러한 일들이 발생하였습니다. 제 아들은 2019년 1월에 **사단 신병교육대에 입소하여 6주간의 교육을 수료한 2월말에 **연대 수색중대에 배치되었습니다. 그리고 얼마되지 않았어 GP에 투입되어서 한동안 연락이 되지 않는다는 소식을 듣고서 부모로써는 아들의 건강이 걱정되었으나, 무소식이 희소식이라는 심정으로 아들의 연락을 기다렸습니다. 그런 중인 2019년 11월경에 부대 보급관으로부터 한통의 전화를 받았으며, 제 아들이 상급자인 이00상병과 김00상병으로부터 사소한 폭행을 받았다는 소식을 듣고서 군에서 흔히 발생되는 사건이라 생각하고, 가해자들을 용서하기로 하였으며, 부대에서도 기강차원에서 징계를 하겠다고 하고서는 가해자들에게 4일의 영창을 보냈다고 하였습니다. 그 후 제 아들은 가해자들과 분리하기 위하여 타부대에 전출가게 되었으며, 전출부대에서 제 아들이 다리의 통증을 호소하자, 아픈 다리를 치료하기 위하여 청원휴가를 나오게 되었으며, 휴가중 우리에게 엄청난 일들이 발생하게 되었습니다. 휴가중인 아들은 잠을 자지 못하는등 안절부절한 행동을 보고서 아들에게 군에서 무슨일이 생겼냐고 계속 묻자 아들의 눈에서는 눈물이 흘려나오면서 1년동안 군에서 발생한 이야기를 털어놓았습니다. 아들의 이야기를 듣고서 한동안 정신을 차리지 못하고 정말 그런 일들이 생겼냐고 반문만 할 뿐 이었습니다. 아들은 훈련중에 다리를 삐어서 다리가 아프다고 하면 신병이 꽤병을 뿌린다고 훈련을 강행하게 하였으며, 그로인하여 다친 다리를 제대로 치료를 받지 못하고 신경조직에 이상이 생겨서 복합부위통증증후군(crps)이라는 진단을 부산에 소재하는 00대학병원에서 받게 되고서 의병제대하게 되었습니다. 이것은 정말 빙산의 일각이었으며, 제 아들이 군생활중 상급자인 이00상병과 박00상병으로부터 근무소초, 생활관, 벙커등에서 4개월이상 지속적인 폭행을 받았으며, 심지어 이00상병과 박00상병은 샤워하는 제 아들의 몸에 침을 뱉는 인격적으로 있을 수 없는 모욕감을 주었습니다. 또한 이00상병과 김00상병은 자고 있는 제 아들을 새벽에 아무도 없는 벙커로 끌고가서 간장 약1리터를 강제로 먹었고 간장을 먹어면서 그 고통에 구토를 하자 뺨을 때리고, 아들이 고통을 느끼면서 간장을 마시자 그 모습을 보면서 서로 웃는등 정말로 인간으로써는 하지 말아야 일들이 군에서 일어나고 있습니다. 그리고 박00상병은 생활관에서 제 아들을 상대로 유사성행위를 하는등 정말 군에서 있을 수 없는 일들이 발생하였음에도 소속부대는 정확한 사건을 조사하지 않은 채 사건을 은폐․축소하였습니다. 이로 인하여 제 아들은 신체적 고통과 정신적 모멸감을 이기지 못하고 자살을 기도하였으며, 당행이도 목에 맴 수건이 풀려서 목숨만은 보존할 수 있었습니다. 이러한 사실은 제가 육군본부에 진정서를 제출한 후 **사단 헌병대의 수사과정에서 밝혀진 사실이며, 수사과정에서 가해자들의 비인간적 행위이외에도 소속부대의 사건은폐․축소 정황이 들어났습니다. 요즘 군에서는 상급자의 폭행을 예방하기 위하여 근무시 사수와 부사수를 교대로 변경하여 근무명령서를 작성하고, 병사의 잠자는 침상도 소속부대에서 지정한다고 들었습니다. 제 아들이 소속된 부대에서도 GP초소장이 사수와 부사수를 교대로 변경하여 근무명령을 했음에도 가해자 이00상병은 이를 무시하고 제 아들을 고정적으로 자신의 부사수로 근무지에 데리고 가서 근무지에서 지속적인 폭력을 행사하였습니다. 또한 이00상병은 소속부대가 지정한 제 아들의 침상을 임의로 변경하여 자기의 옆자리에 정하고는 지속적인 폭력과 가혹행위를 하였습니다. 이처럼 이00상병과 박00상병의 지속적인 폭력과 가혹행위로 인하여 제 아들의 육체와 정신적으로 비폐한 상태에서 제 아들에게 만일 이와 같은 사실을 부대에 알려서 자신들이 징계를 받으면 가족을 죽이겠다는 협박까지 했다고 합니다. 이00상병과 박00상병이 제 아들을 구타할 시점에는 제 아들은 다리에 극심한 통증을 호소하였으나, 오히려 제 아들의 아픈 다리를 때리는등 과연 군에서 이와 같은 일이 발생한다는 것이 정말로 믿어지지 않습니다. 현재 제 아들은 가해자들의 폭력과 가혹행위로 인하여 외상후 스트레스장애 및 공항장애, 대인기피증증세로 벌써 6개월째 정신과 치료와 함께 복합부위통증증후군 치료를 받고 있으나, 언제쯤 완쾌될 것인지 기약없이 병세와 싸우고 있습니다. 그러나, 가해자들의 현재 상황은 어떠합니까? 가해자들은 **사단 헌병대의 수사후 만기전역함으로써 가해자들의 수사관할지가 가해자 주소지 관할경찰서로 사건이 이송되어 현재 전주지방검찰청 남원지청에서 수사중에 있으며, 이00상병의 범죄중 초병폭행죄에 대해서는 2작전사령부 보통군사법원에서 최근 공판을 하였습니다. 보통군사법원에서도 이00상병은 아직도 자신의 행위가 얼마나 큰 범죄행위인지를 모르고, 범죄행위의 동기에 재미삼아 제 아들은 폭행했고, 폭행의 강도도 일반인들이 수용할 정도로 미비했다고 진술하는 것을 제가 듣고서 도저히 참을 수 없어서 이렇게 글을 올리게 되었습니다. 앞으로 수많은 젊은이들이 병역의 의무로 군에 입대할 것이며, 이들에게는 다시는 윤일병과 제아들과 같은 일이 발생하지 말아야 하며, 가해자들은 제대후 복학하여 자신의 사회생활을 하고 있음에도 피해자인 제 아들은 기약없이 병와 싸우고 있습니다. 진실이 이와 같음에도 가해자들을 구속수사하지 않고 6개월이상 수사를 하지 않음으로써 현재에는 일부범죄에 대하여 범죄를 부인하는등 아직도 가해자들은 반성의 기미가 전혀 없음에도 피해자 입장을 전혀 고려하지 않고 있습니다. 이에 피해자 부모로써 가해자들에 대한 늦었지만 구속수사와 함께 철저히 사건을 수사하여 엄중한 법의 처벌을 바라며, 다시는 우리 사회에 제 아들과 같은 피해자가 발생하지 않길 바랍니다. [본 게시물의 일부 내용이 국민 청원 요건에 위배되어 관리자에 의해 수정되었습니다]",
  "num_agree": 2579,
  "petition_idx": "590484",
  "title": "**사단 상급자의 가혹행위, 폭력행위와 사건은폐,축소의 진실을 밝혀주세요"
}