{
  "category": "인권/성평등",
  "begin": "2020-07-07",
  "content": "얼마전에 PD수첩을 봤습니다. 일부 방송사에서 보도 되는것을 다 믿을수는 없지만 해당 방송은 수술장면 및 모든 정황이 명확한데 무면허 의료행위에 대해서 불기소처분을 내렸다. 사간의 발단은 젊은 청년이 성형수술을 하러 병원에 갔는데 원장은 나가버리고 유령닥터가 와서 수술하다가 간호조무사가 지혈을 하고 있고 바닥에 그렇게 피가 많이 흘렸는데 밀대질을 하고 닦아 버리고 아들은 죽어가고 있는데 옆에서는 웃고 있고 이게 말이 되는 이야기인지 모르겠네요.. 우리한테도 저런일이 벌어지지 말라는 법이 없습니다. 자식을 잃은 어머니가 피눈물을 흘리고 있는데 의사는 당당하고 지금도 의료행위를 하고 있다는게 이나라에 법은 있는건가요? 과실의 여부를 법정에서 논할수도 없게 막아버리는 이런 행위츨 해놓고 아무일없다는 듯 살고 있습니다. 우리는 나라는 법치국가입니다. --> 현실은 아닌가요? 변호사는 공공기간에서 감정서를 믿지 못하겠다고 하고 자신들의 논리만 정당하다고 하는데 검사는 어제까지 공공기간의 감정서를 신뢰한다고 해놓고는 몇일만에 말을 바꾸어 불기소라니 참 어이없습니다. [본 게시물의 일부 내용이 국민 청원 요건에 위배되어 관리자에 의해 수정되었습니다]",
  "num_agree": 438,
  "petition_idx": "590423",
  "title": "권대희 사망사고 재조명...성** 검사, 의료진 변호사 관련 조사해주세요"
}