{
  "category": "농산어촌",
  "begin": "2020-07-07",
  "content": "20년 2월 17일 민가 옆 퇴비장 건축을 막아주세요. 라는 청원을 올렸었습니다. 지극히 개인적인 일이라고 생각할 수도 있지만, 수많은 귀촌인들이 현재도 당하고 있는 시골텃세로 힘든 귀촌인이라고 생각해 주세요. 2월. 청원과 더불어 합천 군청에 민원을 넣는 등. 할수 있는 일을 하였고 관련 공무원에게서 '향후, 보조사업자 선정 시 거주시 인접 지역은 지양하고, 주변 피해가 적은 지역에 설치될 수 있도록 관련부서에 협조 요청을 하였음을 알려드립니다.'라는 답변을 받았습니다. 그 이후 저와 통화한 분께서는 추후 집 주변엔 퇴비장이 들어설 수 없으니 안심하라는 답변도 받았었습니다. 하지만, 몇개월이 지난 6월. 이번에도 역시나 저에게 어떠한 동의도 없이 집 뒷편에 퇴비장을 건축하기 위해 건축허가신청이 접수되었습니다. 현재 상황입니다. 6월 갑자기 집 뒷쪽으로 공사가 시작되었고, 밭으로 가는 길이 좁아서 길을 넓히는 공사라고 하면 중장비가 시끄럽게 해도 이해해 달라 하셨습니다. 당연히 알았다고 했습니다. 하지만, 공사가 끝난 듯싶은 시점에서 갑자기 3~4일 정도 산(추후에 알고보니 산위에 있던 밭)을 깎고 땅을 다지는 작업을 진행하였습니다. 이상함을 느끼고 그곳에 가봤지만, 산 윗쪽 밭으로 올라가는 길을 낸 것인가?하는 생각만 할 뿐 다른 생각을 못하였습니다. 그때, 동네 주민1에게서 그곳에 창고를 지을 예정이라는 말을 들었고, 알고보니 동네 주민들은 그곳에 퇴비장이 지어질거라는 사실을 알고 있었습니다. 같은 동네 주민이니 그 정도 냄새는 이해하고 건축에 동의해야 한다.라는 말씀도 함께 하셨습니다. 같은 동네 주민에게는 알리셨는데 저에게 말하지 않았다는건 그 분들께서는 저를 같은 동네 주민으로 안보신거겠지요. 그곳의 위치를 설명하자면 집에서 50m, 식수원인 지하수 관정과는 45m 떨어져 있는 곳으로, 집보다 지대 또한 높습니다. 뒷쪽에서 산바람이 내려오는데 그 길목에 위치하게 되어있습니다. 그곳에 퇴비장이 들어선다면 비오는 날 침출수 발생 시 저는 돼지 똥물을 먹어야 할것이고 1년 365일 돼지 똥냄새를 맡으면 살아야 합니다. 저는 수술을 7번하고, 교통사고 후유증으로 재활치료 6개월, 오른손 마비를 풀기 위해 2월, 그 외에 공기와 소음에 민감해져 스트레스를 받으면 온몸에 두드러기가 생겨 고생하기를 2년하다 공기좋고 물좋은 곳을 찾아 합천에서도 가장 깡촌이라는 청덕면으로 귀촌하였습니다. 저와 같이 아파서 버림받은 유기견과 초복때 큰일을 당할뻔 했던 아이들을 구조하여 제가 건강해진만큼 열심이 돌보다가 좋은 가정이 있으면 입양을 보내기도 했습니다 역시 오염이 안된곳이어서 그런지 모든 검사에서 고 위험군에 속해 있던 몸 건강상태가 한가지 빼고는 모두 정상으로 안정이 되었고, 회복된 만큼 즐겁게 회사를 다니며 합천에서의 노후를 생각하고 있었습니다. 가축사육제한구역이라는 이유도 이곳으로 귀촌한 이유기도 했습니다. 그런데 퇴비장이라뇨? 귀촌하며 제가 가진 모든것을 쏟아부어 집을 지었는데, 제가 깡촌까지 들어온 이유인 맑은 공기와 물이 사라지는 겁니다. 집을 건축할 당시, 길가에 쌓여있던 퇴비더미들에 대해서는 이미 각오를 하고 왔으니 아무런 말도 하지 않았습니다. 하지만, 지금 4년째 사는 집 주변에 퇴비장이 들어선다는 것은 동의할 수 없습니다. 2월엔 전화로 겁박과 압박을 하시더니 이번엔 출근길에 오셔서 '우리는 니네 집 지을 때 아무 말도 안하고 집을 짓게 놔뒀다.' 하시면서 화를 내고 가셨습니다. 큰소리 내고 싶지 않아 아무런 대응을 하지 않았지만, 집과 퇴비장을 동일시 하는 것으로 들려 기분이 좋지 않았습니다 \"우린 새댁에게 동의를 구할 필요도 없고, 허락을 받을 필요도 없다. 그런데 내가 무슨 말을 무슨 허락을 받겠느냐? 그냥 군청에서 허가나면 그때 말할려고 했다. 이곳에 퇴비장을 못 짓게 하면 산바람이 불어오는 집 뒤에 짓겠다. 그렇게 하면 냄새 때문에 살기 힘들 것이다.\" 이 말은 2월에 하셨던 여러가지 압박성 발언 중 하나 입니다. 지금 그 말을 실천하시려나 봅니다. 집성촌인 이 마을에서 오히려 조용히 몇분이 오셔서 말하십니다. \"이곳에 니 편은 없다. 니 마음을 이해하고 충분히 니가 힘들다는 거 안다. 대놓고 니 편을 못들어줘서 미안하다.그리고 조심해라. 퇴비장은 안된다. 너 아파서 들어왔으니 안아프게 싸워라. 퇴비장은 안된다.\" 그 말에 힘을 얻습니다. 그리고, 청원에 기대를 해봅니다. 원주민들조차도 자기들 일이라면 피하고 싶다는 이일을 귀촌인 이라는 이유로, 자신들의 일가가 아니라는 이유로, 너 하나만 피해보면 된다는 식으로 퇴비장을 밀어부치는 그 분들을 막아주세요. 건축법에서 주거밀집지역에서의 거리 제한은 있지만 민가 한집에 대한 거리제한은 특별히 신경쓰지 않은 듯 했습니다. 법에 대해 무뇌한인 저는 법령집을 뒤지고 찾아봐도 용어도 어렵고 알아보기 힘들었습니다. 도시를 떠나 시골로 향하는 귀촌인들이 늘어나고 있습니다. 귀촌인들이 시골에 적응하지 못하고 떠나는 이유가 뭘까요? 그건 도시의 집단 이기주의와 맞먹는 시골의 텃세 입니다. 이것을 막는 방법은 보다 명확한 법령이 제정되어야 한다고 생각합니다. 귀촌 4년째, 한곳에서 살았으면 주위분들과의 친분도 있고, 그곳 주민이 되는 시간으로 충분한 시간입니다. 그런데도 이런 불합리한 일을 당한다는 것이 화가 납니다. 물론 그 몇사람이 문제라는 거 알고 있습니다. 그래도 말씀드려봅니다. 한집이 살고 있다고 해도 그곳은 사람이 살고 있는 곳이며 주거지역입니다. 하물며 그곳에서 4년을 살고 있고, 주위 모든 이들이 그곳에 사람이 살고 있다는 것을 알고 있습니다. 헌데, 그곳에 퇴비장을 짓겠다. 재산권 행사이니 법적으로 막을 수 없다. 라는 말을 들어야 한다면 그 사람은 그곳에 계속 살수 있을까요? 예외규정이 만들어져서 한집이어도 충분한 사유가 된다면 권리를 행사할 수 있어야 하지 않을까요? 지금은 지하수 식수원도 문제가 되는 상황에서 제가 할수 있는 일이 무얼까요? 이곳에서 아픈몸을 추스려 건강하고 행복하게 노후를 살려했는데, 그냥 나가야 하는걸까요? 귀촌인들은 마을로 들어가기 보다는 마을 주변에 한집 한집 떨어져 지내게 됩니다. 그럼 그 사람들은 주거밀집지역(5집)이 되지 않기에 법으로 보호를 못 받는 것입니까? (5집이 안되기 때문에 가로등도 설치해 주지 않습니다. 개인적으로 태양광 전구를 사용하시는 분들도 있고, 발전기를 돌리는 분들도 계십니다.) 귀촌인들은 원주민들에게 무슨 일이든 허리 굽히며 그들을 이해해야만 하는 것입니까? 귀촌인들은 세금을 적게 내나요? 왜 모든 의무는 똑같이 이행하는데 권리는 축소되어야 하나요? 왜 그걸 당연하게 생각하시나요? 지속적으로 이러한 문제가 발생하고 있는데 왜 고쳐지지는 않는것일까요? 탁상행정만 하지 마시고, 국민들에게 필요한 것이 무엇인지 발로 뛰어 진정한 국민들의 대표가 되어주십시오.",
  "num_agree": 409,
  "petition_idx": "590433",
  "title": "민가주변 퇴비장을 막아주세요.  귀촌인들의 고충에 귀를 기울여 주세요"
}