{
  "category": "교통/건축/국토",
  "begin": "2020-07-08",
  "content": "대통령님 무주택자만 시민입니까? 1주택자도 일시적2주택자도 시민입니다. 저는 노무현정권때 집값 잡아줄것을 믿고 집을 안 사서 이후 집값 너무 올라 못 사는 신세가 되고 .. 이 나이되도록 무주택자로 살다가 3년전 겨우 비조정지역에 대출받아 집 장만한 서민입니다. 1주택다로 살다가 이사계획이 잡혀 기존 집을 팔고 가려했으나 집이 너무 안팔려 이번에 전세를 주고(계약금 받은 상태) 이사갈 계획입니다. 사실 2가구 갖고갈 능력이 안되는데 집이 너무 안 팔려 전세주고 또 대출끼고 이사를 가는지라 2년 후 팔 계획입니다. 그런데 이번에 임대차3법으로 계약갱신청구권이 소급이 된다면 2년후 세입자가 더 살겠다하면 저는 집도 못 파는겁니까? 만약 이 법이 계약 전에 나왔다면 저는 전세를 내놓지 않고 다른 방안을 찾았겠죠. 아낌e보금자리론은 기존주택을 2년안에 파는 조건인데.. (조건위반시 대출금상환 경매애기하시더군요) 임대차3법으로 계약갱신청구권이 발동하면 2년후 집을 못 팔게 되는거고..그럼 저같은 사람은 이 입법으로 인해 기존주택 중간에 붕 뜨게 되어 큰 어려움에 처하게 됩니다. 나라에서 집값 잡겠다고 하는 규제 좋다이겁니다. 하지만 소급으로 인해 또다른 피해자들이 발생하고.. 국민들은 혼란스럽고 ..지금 법도 언제 또 소급되어 바뀔지 몰라 현재 법도 신뢰할 수 없는 지경에 이르고 있습니다. 규제하되 소급은 하지 말아주십시요. 그래야 국민들이 법을 신뢰하고 안정됩니다.",
  "num_agree": 1829,
  "petition_idx": "590503",
  "title": "임대차3법 소급적용"
}