{
  "category": "경제민주화",
  "begin": "2020-07-09",
  "content": "안녕하세요.. 이번이 마지막이라고 아버지와 약속으로 이글을 올립니다.. 이 약속이 지켜질지는 잘 모르겠습니다. 저희 아버님은 16세나이에 4.19민주화 운동을 하셨습니다. 6~7년전 같이 민주화 운동를 하셨던 분들 모두 국가 유공자가 되셨다는걸 아시고 뒤 늦게 나마 신청을 하게 되었습니다.. 보훈처,4.19민주 혁명회에서도 왜이제 신청하냐고 말씀하셨고 4.19민주화 운동사진과 서류등이 있으니 될꺼라고 하셨는데 7년이 넘 도록 증거 불충분이라고 이유로 되질 않고 있습니다. 그때 당시 총부리에 맞아 머리타박상,열창두피,하순열창으로 수도 육군병원에 입원하셨고 그때 당시 윤보선대통령께서 오셔서 꽃과 위로를 해주셨다고 합니다. 그래서 수도 육군병원에 알아보니 그때 학생신분이고 너무 오래되어서 서류가 남아 있지 않다고 하네요.. 아직도 얼굴에 상처는 그대로인데 그 수년동안 두통약으로 사시다 뇌졸증으로 마음대로 외출도 잘 못하시고 계십니다.. 조금만 더 일찍 알았 더라면 하는 아쉬움과 안타까움 그리고 죄송한 마음입니다.. 아직도 79세 나이에 아버님은 생전에 4.19민주화운동을 하였다는것을 알리고 싶어하십니다.. 저희 아버님을 도와주세요.",
  "num_agree": 292,
  "petition_idx": "590518",
  "title": "4.19"
}