{
  "category": "경제민주화",
  "begin": "2020-07-09",
  "content": "안녕하세요. 우선 저희는 세아이를 키우며 대구에있는 농산물 시장에서 장사를 하는 소상공인 입니다. 반년이 넘도록 종식될줄 모르는 코로나19에 힘들지 않은 사람이 없을꺼라 생각합니다. 그래도 정부의 많은 대응책들덕에 조금씩 경제가 살아나고 있어 다행입니다. 하지만 어떤 문제라도 양면성이 있듯 저희에겐 아니 사실상 많은 소상공인들에게 요즘 한숨이 절로 나오는 돈이 생겼습니다 . '온누리 상품권 ' 위축 되었던 소비심리를 살리고 경제활성화에 큰도움이된 온누리 상품권이 은행에서 환전을 할수없는 많은 소상공인들에겐 돈이지만 마냥 돈으로 쓸수없는 그림의 떡마냥 쌓여가는걸 보고있을수밖에 없어 골칫덩이가 되어가고 있습니다. 애초에 전통시장을 살리기위한 화폐였기에 저희가 있는 도매시장은 취급점이 아니였습니다. 하지만 코로나19 사태로 많은 마트나,식당들도 온누리상품권을 받게되면서 저희에게 물건을 사가는 마트에서도 저희 시장으로와 온누리상품권으로 결제를 하게 됩니다. 을인 저희입장에선 받지않을수도 없는 노릇이고 몇년씩 거래를 해오던 거래처를 잘라 낼수도 없는 입장입니다. 결제를 온누리상품권으로 할수밖에 없는 마트나 식당의 입장도 있으니 탓을 할수도 없고 한번결제에 적게는 몇십에서 많게는 몇천이나 되는 상품권을 이러지도 저러지도 못하는 상황이라 참 답답하지 않을 수가 없습니다. 저희또한 중간 거래상이니 물건값을 결제 해줘야 하는데 공장이나 , 농가에 온누리상품권으로 결제를 하지못하니 상품권을 쌓아둔채 은행대출을 내는 방법 밖엔 어찌할 도리가 없어 답답할 노릇입니다. 차라리 모든것이 상품권 결제가 가능하다면 그나마 나을텐데 각가지 세금,공과금,교육비, 직원월급 등등 대부분의 것들이 현금을 요하는 상황이니 할수 있는건 없고 그나마 생활비 대부분을 상품권 사용을 하고있지만 계란으로 바위를치는 상황과 다를바없는 현실에 막막하기만 합니다. 넋놓고 있자니 세아이를 키우며 살아가야하는 가정에 당장 생계의 위협을 받는상황이라 지푸라기라도 잡는 심정으로 이렇게 청원글을 올리게되었습니다 . 몇몇 기사들중 온누리 상품권깡,불법환전,상품권으로 결제를하면 물건값을 비싸게 받는다는 기사를 본적이 있습니다. 잘못된 행위이고 악용이지만 옳지않은 선택을 할수밖에 없었던 그분들의 선택이 같은 상황에 놓여있는 저희 눈엔 마냥 비난할수만은 없는게 솔직한 심정입니다. 많은 분들이 공감 하실수는 없겠지만 주변을 조금만 둘러보면 가까운 친인척들중 저희같이 힘든 상황에 놓인 사람이 많을거라 생각됩니다. 여러분들의 동의가 아무것도 할수없는 제글의 가장 큰 힘이됩니다. 대통령님 부디 한시적으로라도 저희같이 등록이되어있지 않은 소상공인들도 은행에서 상품권을 현금화할수 있도록 해주세요 모든 사람의 입맞에 맞출수 없는것이 정책이지만 생각보다 많은 상인들이 힘들어 하고있습니다. 동전의 뒷면도 한번쯤은 봐주시길 바랍니다.",
  "num_agree": 1599,
  "petition_idx": "590524",
  "title": "온누리상품권에 피말라가는 소상공인들을 도와주세요"
}