{
  "category": "경제민주화",
  "begin": "2020-07-10",
  "content": "안녕하세요? 서울에서 거주하는 다주택자 입니다. 정말 진심으로 묻고 싶습니다. 다주택자가 문재인 정부 3년간 집값을 상승시킨 주범 맞습니까? 많이 공부한건 아니지만 경제학을 전공한 사람으로서 수요대비 공급이 부족하면 가격이 상승한다는 상식적인 논리는 알고 있습니다. 저뿐만 아니면 성인 이라면 누구나 알고 있는 기본적인 내용이라 생각합니다. 또한, 넘치는 유동성은 당연히 실물자산의 가치를 올리게 되어 있습니다. 화폐가치가 떨어지면 한정된 실물자산은 당연히 오르는게 맞는거 아닌가요? 서울에 공급이 충분하지 않다는건 전문가들도 한결 같이 이야기 했던 부분이고 전세가가 지속적으로 상승하는 것만 봐도 공급이 부족하다는 것은 알 수 있습니다. (전세가 상승도 투기세력 탓이다 하진 않으시겠죠?) 더구나 서울은 다주택자(정부에서 말하는 투기세력)이 투자하기에는 자금 여력상 그렇게 매력적인 곳이 아닙니다.(워낙 많이 상승하기도 했고, 전세와 매매가의 차이도 크니까요) 아무리 생각해봐도 지금 서울시장은 실수요자들이 매수하는 시장이라 보여지는데, 다주택자들이 집값을 올려 놨으니 징벌적 과세를 하겠다니요. 집 많이 가진 사람들이 죄인입니까? 그럼 국회나 정부 부처에는 다주택자들이 왜 이렇게 많은 겁니까? 같은 논리면 징벌 받아야 하는 사람들이 국회와 정부부처에 널려 있다고 생각되네요. 오늘 보니 어떤 정치인은 2주택 이상 가진 사람은 고통받게 하겠다고 하더군요. 아니 정치인, 고위공무원도 지키지 않는 규칙을 국민들에게 요구하면서 고통받게 하겠다는게 상식적으로 납득이 된다고 생각히십니까? 그리고 2주택 이상 가진 사람이 왜 죄인 입니까? 국민들 모두 1주택만 가져야 하면 현재 40% 정도 되는 임차인 들에게 국가에서직접 공급해 주실 수 있는건가요? 민주주의 사회에서 집을 소유하든 소유하지 않던 선택의 자유가 있다고 생각합니다. 만약 이게 잘못되었다면 고위공직자, 정치인 부터 잘못한 것이겠죠. 아무리 생각해봐도 다주택자를 타겟으로 부동산 상승 주범으로 몰아 위기를 타계하려는 것으로 밖에는 생각되지 않습니다. 다주택자도 합법적인 범위내에서 누구보다 성실하게 세금 내는 국민 중 한 사람입니다. 차라리 세수가 부족하니 부동산 부터 먼저 걷겠다 하시면 납득을 하고 국민의 한 사람으로서 세금을 낼 용의가 충분히 있습니다. 하지만 징벌적 과세를 하겠다는 정부/민주당에 이야기를 들을 때 마다 너무도 화가나고 답답한 마음이 듭니다. 지금껏 전문가들의 공급부족에 대한 의견은 무시한 국토부의 결정으로 수요 공급이 뒤틀린 부분과 넘치게 풀어놓은 유동성이 집값을 상승시킨게 아니라, 다주택자(투기세력) 때문에 집값이 진짜 오른게 맞는건지 답변해 주시기 바랍니다.",
  "num_agree": 2747,
  "petition_idx": "590529",
  "title": "정말 다주택자가 투기세력이어서 집값 상승한게 맞습니까?"
}