{
  "category": "안전/환경",
  "begin": "2020-07-09",
  "content": "안녕하세요. 천안시 작을 시골 마을입니다. 마을엔 20가구 안되는 작은 마을이지만 주말이면 아이들의 씨끌벅적한 소리로 사람사는 동네입니다. 주로 이 마을에 연세가 많으신 어르신들이 많이 살고 있습니다. 마을도 깨끗하고 말 그대로 개울을 따라 올라가면 위쪽물엔 아직도 고기들도 있고 다슬기도 살고 있는 청정 마을입니다. 허나, 이 살기 좋은 마을이 썩어가고 있습니다. 악취로 인해 창문도 열수 없고, 밖에 나가 산책도 못하고 있습니다. 악취는 매스꺼움도 유발하고 구토증세까지 보입니다. 어린 아이들도 악취로 인해 밖에 못나가겠다고 말을 합니다. 이게 왠말입니까? 악취로 이 더운날 환기도 마음대로 못하고 말입니다. 깨끗한 개울은 이미 오염되어 보기 싫을 정도 입니다. 악취로 인해 까마귀때가 모여들고, 그 많았던 까치는 찾아볼수 없는 마을이 되어 버렸습니다. 폐기물 차량이 제대로 시설을 갖추지도 않고 운반하여 도로엔 악취가 나는 폐기물들이 뚝뚝 떨어지는 상태로 파리들과 까마귀들 천지입니다. 시청에 민원을 넣어도 도루아미타불입니다. 민원을 넣었는데 어떻게 30분도 채 안돼서 해당 관련업자가 나와 사태 파악을 하고 있는지도 의문입니다. 시에선 지속적인 단속을 하겠다라고 했지만 참으로 안타깝게도 해당 시간엔 단속이 나오지 않습니다. 왜 일까요? 퇴근 이유로 안된다고만 합니다. 제발 이 악취를 유발하는 공장을 이전 시켜주십시요. 사람이 살수 있는 마을로 다시 되 돌려 주세요...제발.. 도와주세요.",
  "num_agree": 458,
  "petition_idx": "590523",
  "title": "죽어가는 저희 마을을 살려주세요"
}