{
  "category": "성장동력",
  "begin": "2020-07-09",
  "content": "문재인 대통령님 귀하. 국정에 노고가 많으십니다. 저희들은 경북 군위군과 의성군의 양 지자체에서 자발적으로 고향발전을 위하여 모인 소보/비안 공동유치위원회입니다. 아시다시피, 지난 7월3일 국방부에서 대구통합공항 이전 선정위원회에서 우보 후보지는 부적합으로 탈락 되었고, 소보/비안 공동후보지는 2020년7월31일까지 군위군의 유치신청이 있으면, 이전부지로 선정한다는 결론을 내렸습니다. 하지만, 2020년7월6일 군위군 김영만군수님의 대군민 담화문에서 대구통합공항 최종후보지인 군위군 소보면/의성군 비안면 공동후보지의 유치 신청을 하지 않겠다고 밝혔습니다. 이에 우리 소보/비안 공동유치위원회는 지난 4년간의 유치운동 과정을 생각해보았습니다. 전국 소멸 지자체 1위와 3위인 의성군과 군위군의 양 주민이 단지 고향을 지키겠다는 마음하나로, 더위와 추위를 견디면서 시골의 없는 살림에 십시일반의 마음으로 경비를 마련하여 청와대, 국방부, 광화문네거리, 대구시청앞에서 삭발도 해보고, 호소도 하였습니다. 그리고, 마침내 4개 지자체장의 합의로 시민참여단 200명을 대상으로 2019년11월22일부터 24일까지 숙의형 시민의견 조사를 바탕으로 공론화 과정과 주민투표를 실시하여, 최종 후보지로 소보/비안의 공동후보지가 사실상 결정 되었습니다. 하지만, 공동후보지는 유치하지 않겠다는 군위군의 결정에 군위와 의성의 대다수의 군민들은 허탈감과 고향이 소멸할 것이라는 절망감에 사로잡혀져 있습니다. 소보/비안 공동유치위원회는 이제 꺼져가는 불씨를 살린다는 마음으로 대통령님의 마음에 호소하고저 합니다. 김영만 군위군수님의 지역이기주의와 독선적인 선택으로 이제는 국방부장관, 대구시장과 경북도지사을 비롯한 대구,경북의 각계각층의 설득과 중재에도 불구하고 통합공항이전 무산이라는 결과만 바라보게될 처지에 놓여있습니다. 대한민국 민주주의 발전을 위해서라도, 공동체의 합의 정신은 지켜져야 합니다. 이제는 대통령님의 결단이 필요할 시기입니다. 코로나로 인하여 대구와 경북의 경제는 최악의 상황에 직면해 있습니 다. 그리고 군위군과 의성군은 지금 이대로 가면, 30년후에는 대한민국에서 사라지고 말 것입니다. 존경하는 문재인 대통령님. 제발 군위와 의성의 상생 발전, 아니 나아가서 대구와 경북의 상생 발전의 기회가 될 대구통합공항이전이 무산되지 않고, 민주주의의 근간인 투표에 의한 공동체의 결정이 극소수의 이기적인 생각에 의해서 무산되는 나쁜 선례를 남겨서는 안됩니다. 군위와 의성 주민들의 간절한 소망이 이루어지도록 도와주십시오. 감사합니다. 대통령님에게 건강과 행복이 늘 함께 하시기를 기원합니다. 2020년7월8일 대구통합신공항 소보-비안 공동유치위원회 드림.",
  "num_agree": 1303,
  "petition_idx": "590522",
  "title": "소보-비안 공동후보지로의 대구통합공항이전 무산을 막아 주십시오"
}