{
  "category": "교통/건축/국토",
  "begin": "2020-07-10",
  "content": "진정서 올립니다 문재인대통령께 묻고 싶습니다 답답하고 통탄하고 애통한마음에 글을 올립니다. 6.17 대책이전 저는 일상생활 열심히하며 하루하루 최선을다하고 가족과 소소한 일에 행복을 느끼며 살고 있었습니다. 6.17대책이후 지금까지 하루하루 한숨이늘고 뉴스만보며 속이답답하고 매일 두통에시달려 잠도 잘 못이루고 살고 있습니다 이것이 정녕 저 한사람,저희가족만의 일일까요. 전 정말 대통령님께 궁금합니다 이것이 최선이십니까?? 정말 이 방법밖에는 없는건가요? 6.17 이후 연일 쏟아지는 기사마다 또 세금을 걷는다 대출이 안나온다 돈을 날리게생겼다 입주가 안된다 풀어달라 등등~~마주하는 소식마다 가슴을 철렁 내려앉게하고 심장을 두근거리게합니다 이또한 저 한사람만의 일이겠습니까? 제발 이 길이 맞는걸까요 무엇때문에 누구때문에 아니 누굴위해서 무엇을 위해서 그자리에 계십니까 전 궁금합니다 서민들이 우는 소리가 정녕 안들리십니까 안보이신단 말입니까 네....정치...경제....다 좋습니다 서민들은 살게 해주셔야지요 살아갈수있게 해 주셔야죠 청와대 홈페이지에 이런글이 써 있습니다 ^^위대한 국민과 함께 나아가겠습니다^ 라구요 이글은 그냥 보기좋으라고 이렇게 써 놓은건 아니잖습니까 사방에서 죽고싶다 힘들다 곡소리가 무섭지도 않으십니까 전 무섭습니다. 이러다 정말 누가 잘못되지는 않을까 국가로부터 피해입은 억울함에 더큰 재앙이 사고가 닥치지않을까 부동산대책 네~~필요합니다 인정합니다. 하지만 이건 아니잖아요. 왜 억울함을 만드십니까 그자리 평생에한번 앉을까말까 하는 자리잖아요 제발 이제라도 늦지않았습니다 너무 왔다고 잘못됐다고 고쳐주겠노라고 다시한번 돌아보겠노라고~~해 주십시요 억울한 서민에게 닥친 이 말도안되는 상황을 정리해보겠노라고 말입니다 초심을 잃지 않으신다 하셨습니다 전 분명 기억합니다 대통령님께서 처음 임명되셔서 하신 말씀을요 국민으로부터 다시 촛불을 들게하지 말아주십시오 마지막으로 다시한번 간곡히 청 올립니다. 6.17대책 재고하여 주시고 서민들의 구제방법을 모색해 주십시오.",
  "num_agree": 452,
  "petition_idx": "590540",
  "title": "진정서 올립니다."
}