{
  "category": "육아/교육",
  "begin": "2020-07-10",
  "content": "현행법상 주거용 오피스텔은 예전의 오피스텔과 동일하게 업무시설로 분류되어 학교용지 개발이나 확보 대상 및 교육감 협의 대상에서 제외되고 있습니다. 그러나 현재 주거용 오피스텔은 예전의 오피스텔과 다른 개념으로 아파텔이라고 불리우며 아파트와 동일합니다. 따라서 학령기 아이들이 일반 아파트와 동일하게 거주하고있으나 시대에 뒤떨어진 법령으로 인해 학교신설요건에 해당되는 세대수 산정에서 제외됨으로써 지역균형개발,인구분산정책 등의 이유로 대규모 개발을 허가하여 많은 사람들이 밀집하게된 이 지역에 학교를 신설해주지않습니다. 실제로 경기도 고양시 일산의 킨텍스 옆에 10,000세대의 미니신도시급 규모의 지역이 개발되었습니다. 그러나 그 지역에는 중학교가 없습니다. 세대 수의 거의 절반이 주거용 오피스텔로 학교설립에 해당되는 인원 수에 산정되지 않았기때문입니다. 그 지역 내 유일한 초등학교는 입주기간이 끝나고 점점 과대, 과밀이 되어가고 있습니다. 그러나 그 많은 아이들이 자라 배정될 중학교는 도보로는 다닐 수 없는 다른 지역의 중학교입니다. 이 지역뿐 아니라 비슷하게 개발된 다른 지역들도 같은 상황입니다.해당 교육청에게 호소를 하여도 그 낡은 법령을 내세우며 듣지도 않으며 그 사이에 아이들은 과밀과 장거리 통학에 신음하고 있습니다. 전체 학령기 아이들이 줄어들고 있다고하지만 보통 대규모개발지역,신도시에 학령기의 아이들을 키우는 연령대의 사람들이 많이 몰리고 있습니다. 개발은 허가해놓고는 낡은 법과 저출산을 내세우며 기본적인 학교와 같은 인프라를 허가해주지 않음은 저출산을 극복하겠다는 정책,그리고 그 지역을 개발한 취지와도 거리가 멀어보입니다. 현실과는 동떨어져 국민들이 직접적인 피해를 보게하는 이 낡은 법령, 하루빨리 고쳐야한다고 생각합니다. 더불어민주당의 김민기의원이 관련하여 개정안을 발의했다고 들었습니다.국민들의 실제 생활과 밀접히 연결된 이 개정안을 지지하며 하루빨리 개정해주시기 바랍니다.",
  "num_agree": 710,
  "petition_idx": "590530",
  "title": "주거용 오피스텔도 학교신설 수요에 반영해주세요."
}