{
  "category": "육아/교육",
  "begin": "2020-07-09",
  "content": "안녕하십니까 ? 코로나 19로 인해 많은 분들이 걱정과 함께 하루하루 생활 하고 있으니라 생각됩니다. 저 또한 두아이의 엄마이자, 어린 아이들을 가르치는 보육교사입니다. 아이들 과 하루 하루 지내면서 매일 매일 반복되는 소독과, 아이들 마스크스 착용, 교사들은 마스크 착용과 함께 수업진행 .... 또 올해 있을 평가제 준비 로 하루하루 염려하며 지내고 있습니다. 거리두기니 뭐니 아무리 뉴스에 떠들어봤자 현실감이 없는 건 사실 입니다. 평가제를 이유로 몇백병씩 함께 교육을 받아야하지만 그어떤 제재도 없습니다. 결국 힘도 없는 우리교사들은 걱정과 함께 교육을 받아야했구요 .... 휴교와 휴원조치시에도 어린이집은 마지막으로 휴원조치가 내려지고 이럴 때마다 보육교사인 우리들은 사람도 아닌가? 라는 말을 하기도합니다 간곡히 청원드리고자하는 내용은 코로나19로 난리인 이시국에 올해 꼭 어린이집 평가제를 시행해 야하며 이평가제를 사유로 많은 사람들과 함께 교육을 받아야하느냐는 겁니다. 아이들도 결석이 잦아 관찰일지라는지 평가가 어려울때도 많습니다. 이시국에 꼭 평가제를 시행해야하는지 이곳저곳 방문했던관찰자, 아이들, 교사,등 마스크착용과 함께 평가제를 받아야만 하는지 의문과 함께 심히 걱정됩니다. 안받는다는게 아닙니다.!! 간곡히 청원 드리고자 하는 것은 올 한해 이렇게 정신없고 걱정스러운 올한해 평가제 를 유예시켜주셨음을합니다. 간곡히 부탁드립니다. 이청원이 곡꼭!! 받아들여지길 바랍니다. 우리 선생님들~ 말도안되는 상황도 많이겪으시겠지만 모두모두 화이팅입니다.!!힘내세요 사랑합니다~",
  "num_agree": 883,
  "petition_idx": "590508",
  "title": "어린이집 평가제 올해는 유예 부탁드립니다."
}