{
  "category": "교통/건축/국토",
  "begin": "2020-07-09",
  "content": "안녕하세요. 공공주택 분양정책에 심각한 문제가 있어 글 남깁니다. 내집 마련을 위해 10년 이상 성실하게 청약 저축을 해온 서민들을 위한 공공분양 일반공급 물량이 지금도 매우 부족한 상황입니다. 그런데 최근 (생애최초, 신혼부부 등) 특별공급 비율을 높이는 방안을 검토중에 있다고 합니다. 특별공급 물량을 늘리기 위해 일반공급 물량을 줄일 수도 있다는 뜻입니다. 허나 일반공급 지원자 중에도 (생애최초, 신혼부부)등이 많습니다. 다만 이들이 특별공급 지원자와 다른 점은 예전부터 내집마련을 위해 꾸준히 저축을 해왔다는 점입니다. 즉, 일반공급 지원자들은 무리해서 집을 사지 않고 전ㆍ월세를 살며 꾸준히 저축해온 사람들로 부동산 투기와는 거리가 먼 실수요자입니다. 일반공급은 청약저축을 얼마나 오랫동안 해왔는지에 따라 분양 우선순위가 결정되는 방식으로 분양당첨 시기가 어느정도 예측되고, 그에 따라 내집마련의 꿈을 가질 수 있기 때문에 지금은 조금 힘들어도 열심히 살아갈 수 있게 해주는 제도입니다. 반면 특별공급은 분양당첨 예측이 어렵고, 각종 편법이 가능한 방식입니다. 예를 들어, 신혼부부 혜택을 받기 위해 혼인신고를 늦추거나(혼인신고 후 3년 이내가 분양에 유리) 위장을 이혼을 하거나(6세이하 자녀를 둔 한부모는 1순위) 분양공고 직전 배우자를 퇴직시키는(외벌이가 소득점수에 유리, 전문직ㆍ계약직 등은 퇴직할만함) 편법이 가능하고 현재 많이 자행되고 있습니다. 최근 대입 수능시험 정시 비중을 늘린다고 합니다. 정확한 비교는 안되겠지만, 정시는 일반공급 수시는 특별공급이라고 생각합니다. 다양성을 위해 수시도 물론 중요하지만, 정시도 매우 중요합니다. 기존의 원리 원칙을 잘 따라온 사람들이 소외받게 된다면 사회는 점점 불안해지고, 떼법이 판치는 세상이 될겁니다. 긴글 읽어주셔서 감사드립니다. 아래 관련 뉴스들도 같이 보내드립니다. <관련 뉴스> '신혼부부에 올인 괜찮나'…신혼희망타운에 자리 내준 공공분양 https://news.naver.com/main/read.nhn?mode=LSD&mid=sec&sid1=101&oid=001&aid=0011364931 6개월 반짝 일하고 넉달간 724만원…실업급여에 중독 (분양에 유리한 조건을 위해 배우자 일부러 퇴사시킬만함) https://news.naver.com/main/read.nhn?mode=LSD&mid=sec&sid1=101&oid=015&aid=0004361584 \"위례신도시, 민간에 땅팔아 건설사만 21조 '꿀꺽'\" https://news.naver.com/main/read.nhn?mode=LSD&mid=sec&sid1=101&oid=002&aid=0002122096",
  "num_agree": 406,
  "petition_idx": "590514",
  "title": "공공주택 분양정책에 심각한 문제가 있어 글 남깁니다."
}