{
  "category": "육아/교육",
  "begin": "2020-07-10",
  "content": "대입제도 공정성 강화 방안에 따른 고교 정보 블라인드 처리를 위한 학생부 정정 방법 안내를 보았습니다. 해당 안내에서는 학교 정보를 유추할 수 있는 학교명, 별칭 등을 단위학교에서 자체적으로 학교생활기록부 정정 과정을 거쳐 수정하라고 되어 있더군요. 학교생활기록부(이하 생기부)는 대입을 위한 수단이 아니라 말그대로 학생의 학교생활을 기록하여 50년간 준영구보존하는 장부입니다. 대입제도 운영의 편의를 위해 생기부를 활용할 수는 있으나 필요하다면 대학 혹은 교육부 측에서 자료를 변용해야 하는 것이지 왜 단위학교에서 대입제도의 변화에 맞춰 모든 정정을 해야 하는 건가요? 또한, 졸업생의 경우 대학 측에서 자체 블라인드 처리를 한다고 보았습니다. 똑같이 해당 학교를 지원하는데 생기부 정정하는 주체가 어째서 달라지는 겁니까? 대입 블라인드 전형 운영을 위한 학생부 정정을 단위학교에서 시행하는 것은 매우 부당하며 전면 재검토 및 폐지되어야 합니다!",
  "num_agree": 4758,
  "petition_idx": "590532",
  "title": "고교 정보 블라인드 처리를 위한 학생부 정정 시행 반대"
}