{
  "category": "기타",
  "begin": "2020-07-10",
  "content": "******는 부실채권을 엄첨저렴한 가격으로 사들여서 서민들의 고혈을 빨아먹고 있습니다ㆍ고인이 되신지15년이 된 원금700만원을 손자 ㆍ손녀들에게 3500만원을 갚으라 합니다ㆍ고리대금보다 더 엄청난 이득을 챙기는 ******는 없어져야 하고 ㆍ빚의 대물림도 없어졌음 좋겠습니다ㆍ 빚을 팔아먹는 악법도 없어져아 한다고 봅니다 ㆍ [본 게시물의 일부 내용이 국민 청원 요건에 위배되어 관리자에 의해 수정되었습니다]",
  "num_agree": 220,
  "petition_idx": "590543",
  "title": "******의 부실채권 인수 없어져야 하고  빚의 대물림도 없어져야합니다"
}