{
  "category": "기타",
  "begin": "2020-07-10",
  "content": "저는 이제 죽을 수 밖에 없습니다. 제 20년을 고스란히 도둑맞았습니다. 여러분.. 제 이야기를 들어주세요.. 저는 1997년 11월 3일 군 전역 후 바로 왕십리역 근처에 있는 조그마한 금형공장에 취직하여 사회생활을 시작하였습니다. 3년여를 적은 월급을 받으며 일도 하고 기술도 배울 수 있었습니다. 그러던 중 몸담고 있던 그 공장의 기계들을 싼값에 인수할 수 있는 계기가 생겨 덜컥 개업을 하게 되었습니다. 중고 밀링 1대, 중고 선반 1대, 중고 보루방 1대, 중고 방전기 1대를 가지고 저 혼자 시작하였습니다. 그 당시 저희 집은 IMF가 막 끝나고 IMF로 인해 부모님 사업이 실패한 시절이었습니다. 단칸방에서 부모님과 여동생에 저까지 네 식구가 생활하기엔 물리적으로 공간이 너무 협소하였습니다. 할 수 없이 저는 4년동안 공장에서 숙식을 해결했습니다. 쇳가루와 기름때가 흩어져 있는 좁은 지하 공장 바닥에 박스를 깔고 전기매트 위에서 바퀴벌레, 고양이, 각종 벌레들과 친구가 되어 봄, 여름, 가을, 겨울을 지냈습니다. 외롭고 서러웠던 날도 많았지만 제 나이 26살, “그래 젋어서 고생은 사서도 한다는데” 이 말을 되 뇌이고 또 되 뇌였습니다. 언젠간 좋은 날이 올 것을 믿으며 생활하던 어느 날, 제가 안쓰러웠던지 군대 선임의 집에 초대를 받았습니다. 오랜만에 느껴보는 따뜻한 밥과 술, 포근한 이불은 내 마음을 흔들었고 따뜻한 물로 기름 낀 손과 몸을 씻으며 저도 모르게 한 참을 울었습니다. 그리곤 생각했습니다. “이만하면 됐다. 이제 포기하자. 난 이제 안되겠다.” 어떻게 일감을 구해야 되는지, 어떻게 거래처를 알게 되는지 도무지 아는 사람도 없는 저는 당연히 일감도 없었고, 그때 이미 공장 월세가 7개월이 밀려 있어서 1층 주인집 아주머니는 공장을 빼라고 매일 성화였습니다. 근근히 버티며 일하다 모든 것을 정리 하려던 참에 우연히 안산에 있는 좋은 거래처를 만나게 되었습니다. ㈜*****라는 업체 사장님께서 많은 일감을 주셨고, 저는 그 일을 행복한 마음으로 3일 꼬박 한잠도 자지 않고 완수하였습니다. 그 사장님께서는 저의 성실함이 마음에 드셨는지 계속해서 더 많은 일들을 주셨습니다. 많은 일들은 왔지만 그 돈으로 집안의 빚과 당장 밀린 눈앞의 월세를 모두 감당하기엔 무리가 있어서 결국 서울 휘경동의 공장에서 쫓겨났고 남양주시 내각리로 이사를 오게 되었습니다. 다행히 ***** 사장님으로부터는 좋은 거래처 들을 소개 받게 되었고 더 많아진 거래처들과 일을 하게 되면서 직원도 3명에서 또 10명으로 늘어나게 되었습니다. 이 때가 2008년도인데 8년전 그만 두려고 했던 제 자신이 부끄러웠습니다. 정말 말도 못하게 바빠졌지만 일을 할 수 있고 직원들 월급 밀리지 않고 모든 게 정상적으로 되어 가고 있다는 생각에 행복했습니다. 회사는 날로 번창했고 일이 많아 질 수록 기계와 사람은 더 필요 했으며, 더 높은 월세의 공장이 필요 했습니다. 남양주시 양지리 60평 2개 동의 공장으로 이전하였고, 더 많은 일을 할 수 있게 되었습니다. 2014년에는 양지리 공장도 규모가 작아져서 포천 내촌에 위치한 500평 공장부지를 매입하고 공장건물도 짓게 되었습니다. 2017년에는 근처의 500평 땅을 추가 매입 할 수 있었고, 1000평으로 확장하게 되었으며 추가 공장건축도 하게 되었습니다. 직원 또한 30명 정도로 늘었고 승승장구하며 사업이 확장되었습니다. 1000평의 공장도 부족하게 되어 1년 이상을 더 큰 공장부지를 찾아 다녔습니다. 마땅한 공장부지를 찾기가 쉽지 않았습니다. 그렇게 공장부지를 찾던 중 중개인으로부터 ‘*****’이라는 회사가 부지를 내놓았다는 정보를 들었습니다. 2500평에 65억 이라는 얘기를 들었지만 당장 가진 돈은 10억밖에 없었고 그 10억으로 계약을 진행할 방법을 알아 보았습니다. 계약금 7억, 중도금 33억, 잔금 25억으로 진행하면 된다고 하였습니다. 계약금은 가지고 있는 돈으로 지급 할 수 있었고 중도금 중 3억은 제 돈으로 하며 30억은 매도자 담보로, 잔금은 매수자 담보로 은행대출이 된다는 사실을 알았습니다. ***** 에서도 중도금 담보를 해주겠다고 해서 계약금 7억을 입금하였습니다. 2019년 9월11일 중도금 지불일 7일 전, 중도금 33억 중 제 돈 3억을 먼저 입금했고 나머지 중도금 30억은 *****에서 얘기했던 데로 “***** 담보제공으로 은행에서 대출”을 받아 처리하려 했으나 ***** 에서는 갑자기 말을 바꿔 담보제공을 해준다고 한적이 없다고 주장하며 제 돈 10억을 몰수하겠다고 합니다. 저희 공장에 의뢰된 많은 작업들을 거래처와 약속된 기간에 처리하기 위해 저희에게는 그 공장부지가 꼭 필요했습니다. 하여 어떻게 하든 나머지 잔금을 포함한 55억을 10일안에 지급하겠다고 중계인 2인의 입회 하에 ***** 측에 얘기했지만, 55억은 싫고 중도금 30억만을 꼭 그 날짜에 달라며 억지를 부렸습니다. *****을 담보로 한 은행 대출이 안되면 중도금 30억을 지불할 수 없는 제 상황을 정확히 알고 있으면서 말이죠. 다시 앞으로 돌아가 이야기를 좀 더 하자면, 2019년 6월 11일에 계약금 7억 입금과 동시에 계약을 하였고 *****의 담보제공 동의에 의해 10일 후 은행 관계자와 *****의 담보가치를 판단하러 *****을 방문하였습니다. 저는 “중도금 처리를 위한 은행 대출문제로 ***** 담보평가를 하러 나왔습니다”라고 하였고 *****에서는 “예, 알겠습니다.”라는 답변을 하여 은행 관계자들이 담보평가를 진행하였습니다. 이날 진행되었던 자료는 은행 지점장님이 보관하고 있고 재판 시 증거자료로만 주겠다고 약속하였습니다. 이런 일련의 사건들이 진행되었음에도 불구하고 ***** 에서는 중도금 30억이 제 날짜에 입금되지 않았으니 계약금 7억, 중도금 중 일부인 3억을 돌려줄 수 없고 계약 또한 무효로 하겠다고 우기고 있습니다. *****의 담보제공 동의가 없었으면 제가 왜 계약을 하겠다며 고생해서 모은 10억을 미리 *****에 입금 했겠습니까. 그 10억이라는 돈이 하루 아침에 날라가고 저는 직원들의 월급조차 주지 못하는 상황에 처하게 되었습니다. 이런 상황을 대한민국의 법은 이렇게 말한다고 변호인은 이야기 합니다. “약속한 날짜에 중도금을 입금 못했으니 계약 파기가 정당한 법 절차이다.” 원래 이런 계약 건은 계약이 마무리 되고 나서 중개수수료를 매도자와 매수자가 중계수수료 요율에 의해 50%씩 지급하는 것이 맞으나 중개인이 계약 시에 미리 수수료를 주면 원래 7천만원인데 4천만원만 받겠다고 하여 중계수수료 4천만원도 미리 주었습니다. 저는 정말 바보 입니다. 나중에 안 사실이지만 중개인과 ***** 이사와는 초등학교 동창 이였습니다. 중개인은 *****에게 중도금 담보를 해주겠다라는 사실 여부를 확인했어야 했고 그 내용을 계약서에 명시를 했어야 했으나 하지 않았습니다. 이런 사실을 저 같은 일반인이 어떻게 알겠습니까. 제가 정말 바보이지요. 어짜피 지금에서야 중개인은 본인이 빠져나갈 궁리를 하며 제 편을 들어주는 척 하고는 있지만 법적으로 달라질 것은 없을 것이다 라고 변호인은 이야기 하더군요. 이게 법이라고 합니다. *****도, 중개인도 너무 괘씸하지만 지금의 상황에서는 중개인과 감정적으로 틀어지지 않아야 합니다. 중개인이 법정에서 ***** 담보평가에 대한 증언을 사실적으로 해주어야 조금의 돈이라도 돌려 받을 수 있다고 변호인은 얘기 합니다. 너무 억울하고 분하여 자살을 결심하였지만 가족들과 공장식구들을 생각하면 ‘어떻게 하든 제 돈을 돌려받아 고생한 직원들 배불리라도 먹이고 죽자’라는 생각도 들고 한편으로는 이런 부조리한 상황이 아무렇지 않게 자행되어 우리 같은 일반인들이 아무런 법적 보호를 받을 수 없다라는 무기력함에 자살만이 방법인가라는 생각. 이 두 가지 생각이 하루에도 몇 십 번을 머릿속에서 옮겨 다니며 저를 괴롭힙니다. 이런 제 이야기가 아무런 법적 해결상황이 될 수 없을지라도 너무 분하고 억울한 마음에 지푸라기라도 잡는 심정으로 여러분께 하소연 드립니다. 여러분.. 저를 좀 도와주십시오.. 저를 좀 살려 주십시오.. 제 잃어버린 20년을 되찾을 수 있게 도와 주십시오.. [본 게시물의 일부 내용이 국민 청원 요건에 위배되어 관리자에 의해 수정되었습니다]",
  "num_agree": 893,
  "petition_idx": "590549",
  "title": "저는 이제 죽을 수 밖에 없습니다. 제 20년을 고스란히 도둑맞았습니다."
}