{
  "category": "인권/성평등",
  "begin": "2020-07-09",
  "content": "QR코드 도입한 나라는 중국,싱가포르,모스크바 제외하고는 한국이 처음입니다. 질병관리본부에서 감염예방차 진행하는 제도라지만, 선진국가포함 타국가에서 사용하지 않는 제도입니다. 공산시스템이며, QR코드 시행이 제대로 되지 않는 경우 시설에서 벌금형으로 진행된다는 점에서 강제적인 부분도 보입니다. 대한민국이 자유민주주의 국가임을 알고 계시다면, 강제적인 시스템을 당장 멈춰주시길 간곡히 청원하는 바입니다.",
  "num_agree": 29344,
  "petition_idx": "590525",
  "title": "큐알코드(전자출입명부)제도 중단해주세요"
}