{
  "category": "교통/건축/국토",
  "begin": "2020-07-10",
  "content": "지난 3년동안 20여번의 부동산 대책을 내놓았고, 6.17 대책 이후 수많은 피해 사례들이 기사화되고 있습니다. 대부분 피해사례는 1) 기존에 이뤄진 청약 계약에 대한 대출한도 규제, 2) 재건축 아파트 분양전 2년 의무거주조건에 대해 조만간 입주하기 어려운 지방 또는 해외 근무자, 3) 8년 장기 임대등록한 임대사업자 등에서 발생하고 있습니다. 이미 체결된 계약과 정부의 장려 정책에 따라 임대등록한 사업자, 본인의 직업적, 주거상황을 고려한 1주택 소유자 등이 6.17 정책으로 소급적 효과로 인해 피해가 발생하고 있다는 것은 이미 언론에서도 많이 언급된 사항입니다. 하지만 정부는 소급적용은 아니다라고 얘기를 합니다. 술은 마셨지만 음주운전은 아니다라는 주장과 같은 얘기인 것이지요. 투기세력을 뿌리뽑기 위해 강력한 부동산 대책을 또 준비중이라 들었습니다. 그 때려 잡으려하는 \"투기자\"라는 정의를 제대로 내놓은 적도 없어서, 국민적 혼란만 가중시키고 분열만 조장하는거 같은데, 그 개념적 정의를 먼저 밝혀 주셨으면 좋겠습니다. 1) 다주택자를 의미하는지? 2) 정부의 장려 정책을 믿고 등록한 임대사업자도 포함인지? 3) 1주택자이지만 실거주를 하지 않는 자도 포함인지? 그래야만 고위공직자나 여당 국회의원들이 등떠밀려 주택을 팔게 되었을때, 본인이 왜 팔아야만 하는지, 본인이 투기꾼인지 아닌지는 최소한 인지하고 팔아야 덜 억울하지 않겠습니까? 어차피 그 사람들도 대한민국의 한 국민일뿐이니까요.. 단지 공직자로 일하고 있을 뿐인거지 똑같은 대한민국의 법을 적용받고 있는 일개 국민에 지나지 않습니다. 여태 참정권이 부여된 이래 대통령 선거나 총선에서 민주계열을 지지해 왔던 한 사람으로서, 부동산 대책을 내놓기 전에 대한민국 헌법 개정안 발의와 국민투표를 먼저 실시주시길 건의드립니다. 그래야 이 국정 혼란을 조금이라도 누그러뜨릴수 있을거 같습니다. 제안하는 내용은, 크게 아래 2가지입니다. 1. 대한민국 헌법은 정부 정책과 하위 법률에 의해 소급하여 언제든지 수정될 수 있다. 부동산 정책으로 국민의 재산권, 거주 이전의 자유, 직업선택의 자유 등은 소급하여 침해될 수 있다. * 현행 헌법 제13조 2항. 모든 국민은 소급입법에 의하여 참정권의 제한을 받거나 재산권을 박탈당하지 아니한다. 헌법 제14조. 모든 국민은 거주·이전의 자유를 가진다. 헌법 제15조. 모든 국민은 직업선택의 자유를 가진다. 헌법 제23조. ①모든 국민의 재산권은 보장된다. 그 내용과 한계는 법률로 정한다. ③공공필요에 의한 재산권의 수용·사용 또는 제한 및 그에 대한 보상은 법률로써 하되, 정당한 보상을 지급하여야 한다. 2. 대한민국의 주권은 국민에게 있고, 모든 권력은 \"무주택 국민 (또는 비 투기자)\"으로부터 나온다. (헌법 제1조 2항) 적어도 이런 내용의 헌법개정이 이뤄진 다음에야, 현재 추진하는 부동산 대책을 수긍하고 받아들일수 있을거 같습니다. 그 전까지는 민주공화국이라고 천명한 대한민국이 과연 헌법에서 보장하는 기본권이 과연 실현되고 있는 법치국가인지 아닌지부터 재인식하고 다시 출발해야 할거 같습니다. 모든 재화와 용역의 가격은 시장에서 수요와 공급에 의해 결정된다는 가장 기본적이고 상식적인 경제학의 이론을 저버리고, 오로지 공급은 저 외곽의 신도시로 공급할 것이고, 정부에 의해 수요만 때려잡으면 부동산 가격은 안정시킬수 있다고 믿고 있는 거 같은 현재의 정책적 추진 방향에 대해서는 뭐라 하지 않겠습니다. 곧 머지않은 시기에 그 선택의 결과가 말해줄테니까요.. 단지 청원하는 바는, 기존 현행 헌법정신과 너무 차이가 나는 국가 정책에 의해 대다수 국민에게 혼란만 부추기고 있고, 굳이 주택을 사고자 하지도 않았던 국민까지 지금이라도 주택을 사야하는게 아닌지 불안감을 조성함으로써 가수요를 폭발시키고 있으므로, 먼저 위에 제안한 항목의 사회적 합의, 즉 개헌부터 추진해 줄것을 건의드립니다. 그것이 현재의 국정 혼란을 잠재울수 있는 길이라 생각합니다. 투기근절이라는 개념이 모호한 정치적 구호에만 집착하지 말고, 국민생활에 어떤 영향이 가고 있는지 민생이 어떻게 돌아가고 있는지 제대로 살펴봐 주시기 바랍니다 (소위 다주택자라고 불리고 있는 고위 공직자와 국회의원들까지 포함해서..) 대통령 취임사에서 밝힌 분열과 갈등의 정치도 바꾸겠습니다. 불가능한 일을 하겠다고 큰소리 치지 않겠습니다. 잘못한 일을 잘못했다고 말씀드리겠습니다. 거짓으로 불리한 여론을 덮지 않겠습니다. 이러한 약속이 지켜지는 나라가 되기를 희망합니다.",
  "num_agree": 12000,
  "petition_idx": "590556",
  "title": "부동산대책을 내놓기전에, 먼저 개헌절차를 밟아 주시기 바랍니다"
}