{
  "category": "인권/성평등",
  "begin": "2020-07-09",
  "content": "국민을 위하여 항상 고민하시고 애쓰시는 대통령님, 오늘 '교회 소모임, 행사, 식사 금지 등이 포함된 강화된 방역 수칙'이 발표되었습니다. 이에 대하여 기독교인들이 납득하기 어려운 부분이 있어 청원을 하게 되었습니다. 코로나 사태가 특정 종교집단을 통하여 급속히 확산된 이후 종교 집단에 대한 우려가 커졌습니다. 곳곳의 교회에서도 집단 감염이 발생하였고, 다른 곳에서의 집단 감염 시에도 N차 감염을 거치며 교회에 출석하는 감염자가 포함되는 경우가 있어 언론에서도 교회에 대한 언급이 많이 되었습니다. 이에 많은 교회들은 철저한 방역을 위해 노력하며 길고 긴 사회적 거리두기의 시기를 지나왔고, 현재의 생활 속 거리두기(사회적거리두기 1단계) 상황에서도 방역을 위해 노력하며 신앙을 지켜나가고 있습니다. 아시다시피, 현재는 교회에서 감염자가 발생한다하더라도 종전에 우려하던 집단감염의 양상이라기보다는 어디서든 발생할 수 있는 소규모 감염이 대부분입니다. 그럼에도 오늘 방역당국은 마치 코로나 사태가 지속되는 원인이 교회에 있는듯 교회를 겨냥한 제재를 발표했습니다. 힘든 시기인 만큼 방역당국에 적극 협조하고자 하는 마음으로 지금까지 신뢰하고 따라왔으나, 이번 발표에는 방역당국과 정부가 객관성을 다소 잃은 것이 아닌가 하는 의아함이 듭니다. 한 기독교인이 적은 글을 인용하겠습니다. (소그룹 모임에 대해서) 1. 교회 소그룹 모임을 가까운 까페에서 하면 벌금을 내야 하나요? 2. 벌금을 내야 한다면 그곳에 오신 다른 분들은 벌금을 내야 하나요? 3. 다른 분들이 벌금을 내지 않는다면 교인들은 왜 벌금을 내야하나요? 4. 요주의 인물들이기 때문일까요? 5. 다른 카페 같은 공간에서 소그룹모임이 가능하다면 왜 교회 건물 안에서는 안되는 건가요? 방역은 잘되고 있을텐데요? (식사제공에 대해서) 1. 식사제공을 교회 식당에서 먹지 않고 근처 식당에 의뢰를 해서 식사제공을 받으면 벌금을 내야하나요? 2. 벌금을 내야한다면 그 식당을 찾는 손님들도 벌금을 내야하나요? 3. 다른 분들은 손님이기 때문에 벌금을 내지 않는다면 교인들은 왜 벌금을 내야하나요? 4. 확진자이거나 확진자가 될 확률이 높은 자들이기 때문에? 5. 식당에 의뢰해서 식사제공을 받는다면 벌금을 내지 않는다면 왜 교회에서는 식사제공을 하면 벌금을 내야할까요? 6. 교회는 다른 공간들과는 다르게 바이러스에 노출되기 더 쉬울까요? 방역 상태는 좋은 것으로 알고 있는데요. 강력한 사회적 거리두기의 시기가 아닌 생활속 거리두기(사회적 거리두기 1단계)의 시기에 방역을 위해 최선을 다하며 모임을 지켜나가려는 교회에게 가장 긴급하고 위험한 시설이라고 지목하며 제재하는 것은 명백한 탄압입니다. 대통령님께서는 이 조치에 대하여 왜곡되지 않은 통계와 기준을 가지고 다시 한번 살펴주시고, 당위성도 실효성도 형평성도 의문인 이 조치를 철회하여 주십시오.",
  "num_agree": 1919,
  "petition_idx": "590509",
  "title": "교회 소모임, 행사, 식사 금지 등이 포함된 강화된 방역 수칙 시행을 멈추어주십시오."
}