{
  "category": "교통/건축/국토",
  "begin": "2020-07-09",
  "content": "헌법 13조 2항인 ‘소급입법에 의한 재산권을 박탈당하지 않는다’의 준수에 따른 임대인의 재산권 보호 저는 40대를 곧 앞두고 있는 두 딸을 가진 평범한 가장입니다. 정말 아끼고 아껴서 없는 살림에 수도권에 곧 작은 집 한 채 마련할 예정입니다. 회사 업무로 인해 당장 그 집에서는 살지 못하고 전세를 줄 예정이며, 2년 뒤에는 제가 지금 구입 예정인 집에 들어가서 사는 것으로 계획하고 있습니다. 다소 빠듯하긴 하나, 2년뒤에 제 집에서 살기 위해서 임대차 3법이 시행되기 전에 집 구입도 완료하고 전세 세입자도 구하려고 합니다. 왜냐면, 임대차 3법이 시행되면, 세입자가 2년뒤에 계약갱신을 요구할 경우 제가 제 집에 못 들어갈 수도 있으니깐요. 근데, 오늘 뉴스를 보니, 현재 추진 중인 임대차3법이 소급적용 될 수도 있다고 하네요. 현재 국회에서 심의중인 법안을 보면(의안번호 218 윤후덕의원 대표 발의), 부칙에 ‘이 법 시행 후 최초로 체결되거나 갱신되는 계약부터 적용한다’라고 되어 있어서, 제가 법 시행 이전에 전세계약까지 완료하면, 2년뒤에 전세계약 갱신을 안하고 그냥 집주인인 제가 들어가서 살 수 있는 것으로 생각했습니다(이 부분은 변호사에게도 한번 문구 해석을 부탁했습니다). 즉 예를 들어 2020년 7월까지 전세계약을 완료하고 9월에 법이 시행된다고 가정할 경우, 2022년 7월에 전세계약이 만료되면 제가 기존 전세계약을 갱신해 주지 않는 한 2020년 7월 전세 계약한 건은 개정된 임대차3법을 적용 받지 않게 되는 거죠(즉, 기존 임차인이 계약갱신을 청구할 수 없습니다). 근데, 오늘 뉴스를 보니, 개정되는 임대차3법을 소급적용하면 법 시행 이전에 계약된 건도 임차인이 요구하면 계약을 갱신해 주어여 한다고 하네요. 만일 이렇게 되면 저는 회사 업무가 마무리되고 제가 소유한 집에 살려고 할 때, 임대차3법을 소급 적용 받아 제 집에 들어가지도 못하는 사태가 초래됩니다. 이게 문재인 정부가 말한 공정한 사회인가요? 내가 내 집에도 못 들어가는 것이 공정한 사회인지 정말 되묻고 싶습니다. 소급 적용해서 전세 값을 안정화 하려는 정부의 의도는 알겠습니다. 다만, 아래 3 가지 사유로 인해 이에 반대합니다. 1. 헌법 13조 2항을 보면 ‘모든 국민은 소급입법에 의하여 재산권을 박탈당하지 않는다’라고 기재되어 있습니다. 정부가 마음대로 법을 소급 적용한다면, 이것은 위헌입니다. 그리고, 자기들 마음대로 법을 소급 적용한다면, 도대체 어느 국민이 정부의 정책을 믿고 따를 수 있을까요? 개정되는 임대차 3법의 소급적용은 명백한 위헌이고, 국민을 기만하는 행위입니다. 얼마 전에 김난국 의원이 ‘여기가 북한이냐’라는 말이 나올 정도로 부동산 때려잡겠다고 했습니다. 정말 여기가 북한인가요? 헌법 안 지키고, 법치주의 무시하는 북한이냐고요‼ 2. 상가임대차보호법 선례도 있습니다. 이 때 임대의무기간이 종전 5년에서 10년으로 확대될 때도, 종전 계약의 잔여기간이 종료되고 난 다음 신규 계약부터 적용키로 한 바 있습니다. 3. 임대인의 권리를 보호해 주어야 합니다. 각 가정마다 저마다의 사유가 있습니다. 저처럼 실거주하려는 사람도 있겠죠. 집 소유주가 개인 사정에 따라 임대를 주었는데(해외파견, 지방파견, 애 교육 때문에 잠깐 다른데 살았다가 다시 본인집으로 입주 등 여러 사유가 있겠죠), 나중에 계약이 끝나고 자기가 자기집에 살려고 하는데 임차인이 계약갱신 청구하면‼ 집주인은 자기집 나두고 나가서 살아야 하나요? 아니 임차인만 국민인가요? 임차인보다 세금도 많이 내는데(재산세 기준 등), 왜 임대인은 보호해 주지 않는 건가요? 제발, 국민이 정부를 믿을 수 있는 사회를 만들어 주시기 바랍니다. 전월세 안정…… 네 뭐 이유는 좋습니다. 근데, 그렇다고 헌법을 지키지 않고, 법치주의의 근간을 흔드는 것이 합법이 될 순 없습니다. 그리고, 전월세 안정은 꼭 임대차 3법 말고도 방법이 많아요. 정부가 공급을 많이 늘리고, 경제가 잘 돌아가서 부동산 투기만이 아닌 다른 경제활동으로 인해 돈이 많이 벌리면 집값도 안정화되고 전월세도 안정화가 되겠죠….. 지금 하려는 임대차3법의 소급적용은 임대인과 임차인을 싸움 붙이겠다는 의도밖에 안보입니다. 철저하게 임대인의 권리를 유린해서 임차인들에게 인기 좀 끌어보겠다는 의도만 보이네요",
  "num_agree": 27940,
  "petition_idx": "590513",
  "title": "법치주의의 근간을 뒤흔들 수 있는 임대차3법의 소급적용 반대"
}