{
  "category": "안전/환경",
  "begin": "2020-07-08",
  "content": "대통령님. 안녕하십니까. 현재는 성남에 거주중인 세아이 아빠입니다. 저는 대한민국 육군을 만기 전역하고 대학을 졸업한 뒤 취직하여 열심히 일하던 중 지금의 아내를 만나 세아이를 낳고 열심히 살아가고 있는 대한민국의 소시민입니다. 얼마전 15년간 부어온 청약통장으로 북위례 한 아파트에 당첨이 되었고 저희 가족은 하루하루 너무나 기쁜 나날을 보내고 있었습니다. 그런데 엊그제 북위례 저희 아파트 앞 유네스코세계문화유산 남한산성이 있는 청량산 자락에 세종-구리고속도로 배기가스 환기구가 설치되고 있다는 걸 알았습니다. 민가에서 겨우 300m밖에 되지 않는 거리입니다. 부랴부랴 하남시와 한국도로공사 국토부 등에 민원을 넣었지만 어이없게도 하남시는 국토부 승인사항이라 자기네들은 모른다고 하더군요. 공무원의 최우선 의무는 시민의 재산과 안전을 보호하는 것입니다. 맞나요? 대통령님! 대한민국에서 국내 최장 고속도로(약9km)의 환기구를 민가에서 300m 지점에 설치하려는 국토부의 만행을 모르고 계셨습니까??? 정말 어렵게 당첨되어 세아이와 함께 교통이 불편해도 숲세권에서 살기를 원했던 저희의 작은 소망은 저 시커먼 환기구로 물거품이 될 처지에 놓였습니다. 위례는 당초 약속했던 위례신사선이 15년이 지났어도 첫 삽조차 뜨지 못하고 있고, 위례트램은 LH의 만행으로 늦어지고 있습니다. 교통지옥을 만들어 놓고 그것도 모자라 아직 입주전인 북위례에 열병합발전소를 떡하니 지어 놓고 다음 차례는 우리 아이들의 건강을 갉아먹을 시커먼 배기가스를 내뿜는 고속도로 환기구입니다. 대통령님! 당장 환기구 위치를 다른 곳으로 바꿔주십시오. 부탁드립니다. 저희 아이들 지켜주십시오. 무릎이라도 꿇고 부탁드리고 싶습니다.",
  "num_agree": 4580,
  "petition_idx": "590500",
  "title": "위례신도시 북위례 하남 입주예정자입니다."
}