{
  "category": "교통/건축/국토",
  "begin": "2020-07-10",
  "content": "안녕하십니까 저는 인천에 항만쪽에서 컨테이너를 운송하고있는 화물트럭 차주입니다. 어려서부터 기사 생활을 하다가 2009년도에 처음으로 중고 화물차를 2500만원을 주고 구입하였고 영업용 번호판은 2000만원을 주고 차량에 달고 지금까지 일을 하고 있습니다. 한달에 지입사에 관리비 명목으로 25만원씩 지금까지 한번도 밀리지 않고 납부도하였습니다. 2018년 당시 차량이 노후 되어 (2001년식 트럭) 차량을 교체하려 지입사에 차량 대.폐차를 요구하였으나 절대 해줄수 없다는 답변이 왔고 다음달 부터 지입료 30만원 인상 한다는 말과 함께 차량을 바꾸려면 번호판을 반납하라는 협박아닌 협박을 받았습니다. (당시 영업용 법인 번호판 거래시세 3500만원) 이였기 때문에 말은 안했지만 저에게는 3500 만원을 내야( 대.폐차)를 해준다는 말로만 들렸습니다. 그래서 그 당시 어쩔수없이 구입을 포기 하였습니다. 그리고 일년이 지나고 2019년 법인 번호판이 증차가 되었다는 얘기가 들렸고 그리고 당시 경기가 좋지 않아서 매출도 하락 하게 되자 번호판 시세가 거의 없어지게 되었습니다. 그래서 다시 지입사에 (대.폐차) 이야기를 해보았더니 그제서야 지입사 : 원래 해주는게 아닌데 이번 한번만 해줄께요 하지만 그냥은 안되고 50만원만 입금하세요 그리고 나중에 사용하시다 번호판 회수할수도 있습니다. 그건 알고 계세요 이렇게 얘기를 하셨고 저도 이번 기회를 놓치면 차량을 바꿀수 없을것 같아 돈을 주고 할부로 새차를 바꾸게 되었습니다. 그렇게 되어 현재도 불안한 심정으로 운영을 하고있습니다. 제가 10년이 넘게 운행 하면서 지입사에 지불한 돈만 처음에 2000만원에 25만원씩 지불한 관리비만 3500만원 총5500만원이나 됩니다. 그돈을 지불하면서 제가 지입사에서 관리받은건 하나도 없습니다. 이런 운수회사들이 한곳에 번호판이 수십개가 된다고 합니다. 이 회사들은 국가에서 무료로 받아 차주들에게 이렇게 장사를 합니다. 이런 지입제는 반드시 폐지 되어야 합니다. 영세 화물 노동자들 조금 이라도 마음 편하게 살수있는 여건좀 만들어주세요 제발 부탁드립니다.",
  "num_agree": 1922,
  "petition_idx": "590531",
  "title": "화물차 지입제 폐지해주세요."
}