{
  "category": "인권/성평등",
  "begin": "2020-07-10",
  "content": "안녕 하세요! 저는 외국인 부인을 가정을 꾸리고 사는 한국사람입니다! 제 부인은 조그만 법인 회사를 운영하며 나라에 세금도 착실히 내고 열심히 운영하고 있습니다. 근래에 회사에 외국인이 취업을 하였고 그외국인은 비자가 G1비자 입니다 전 직장에서 비자를 받아 제 아내는 취업이라기 보다 보조로 채용을 하고 근무를 시작하였고 그외국인 체류허가외 취업비자를 발급 받으러 ** 복지센터에 방문하였 습니다 그러나 복지센터에서 다른회사로옮길시 곧바로 취업할수있게 아내회사로 받아야한다고하며 아내회사에 취업을하였고 기간이 한달지났다고 하며 불법체류라 하며 반말하며 외국인은 믿지마라!! 이런말을 어떻게 외국인복지세터에서 말할수가있는지 저도 외국인 아내를 둔 입장에서 경악을 금치 못하여 이런 글을 올립니다 .아내가 법을몰라 취업을 시켰다고 해도 반말하고 외국인 말은 믿지 말라는 것이 말이 되는지 저도 한국사람으로 한 외국인 남편으로 여러분께 묻고십습니다. [본 게시물의 일부 내용이 국민 청원 요건에 위배되어 관리자에 의해 수정되었습니다]",
  "num_agree": 295,
  "petition_idx": "590558",
  "title": "외국인복지센터의말!"
}