{
  "category": "문화/예술/체육/언론",
  "begin": "2020-07-10",
  "content": "많은 언론매체들이 경쟁을하고 순위권다툼과 주목을 받기위해 고생하는건 이해합니다만,, 확인되지않은 사실을 유포하고 불과 얼마지나지않아 오보니 사실무근이니 제대로 확인도 하지 않고 기사부터 올리고 국민들을 우롱하며 진실을알려야할 책임이있는 기자및 언론단체가 본인들의 실속을 차리기에 너무 급급해보입니다. 대한민국 국민으로써 진실을 규명하고 왜곡된것을 바로잡아야할 언론을 믿지못하는 상황이 되어갑니다!! 뉴스가 나와도 이제는 의문점부터 생기고 이게 진실일까?? 의심부터 하게됩니다.! 대한민국 국민한사람으로써 점점더 심해지는 언론매체를 바로보며 앞으로는 점점 언록도 비리와 의혹으로 가득찰꺼라는 생각이 먼저듭니다..! 이로써, 허위보도나 추측성기사로 국민의 정서를 불안하게하거나 조롱하는 그런 기자들은 강력한처벌과 기자직을 박탈해야한다고 생각합니다!! 꼭 강력한 처벌과 앞으로시대는 지금보다 조금더 청명하고 투명한 대한민국이되어 국민누구나 사실을 알권리를보장하고 언론은 국민에게 신뢰를 얻을수있도록 하는 바램입니다.! 부디 허위뉴스를내는 기자들을 강력하게 처벌해서 이런행위들이 사전에 근절될수있도록 반듯이 시행바랍니다!!",
  "num_agree": 36013,
  "petition_idx": "590533",
  "title": "가짜뉴스!!허위보도!!추측성기사들로 국민을 조롱하는 기자들을 강력처벌해주세요!!"
}