{
  "category": "외교/통일/국방",
  "begin": "2020-07-09",
  "content": "사람에게 있어 20대 초반은 인생 청춘의 황금기이자 가장 두뇌회전이 빠른시기입니다. 전세계 수학자들 사이에서는 \"20대에 업적을 이루지 못한다면 평생 이룰 수 없다.\"라는 말이 공공연하게 떠돌고 있고, 실제로 세계사를 보면 위대한 발견의 대부분이 20대에 이루어지는게 명백한 사실입니다. 이는 각종 IT업계와 같은 아이디어 집약적 산업에서도 마찬가지입니다. 빌 게이츠, 스티브 잡스, 마크 저커버그, 마윈, 워렌 버핏, 리옌훙 등 모두 20대 초반에 사업적 기반을 세운 사람들입니다. 만약 이들이 20대 초반 2년을 군대에서 지냈었다면, 지금과 같은 사업적 성취를 얻을 수 있었을까요? 미국, 중국, 유럽의 청년들이 자신의 전문영역에서 집중적으로 실력을 쌓고 있을 때 한국의 청년들은 약 2~3년 가량의 시간을 군대에서 보내면서 고통받고 있습니다. 아이디어가 중요한 분야일 수록 받는 타격이 큽니다. 한국에서 이공계 분야에 몸담고 있으면 \"군대 다녀온 후 머리가 굳었고, 도저히 입대 이전 수준으로 머리를 회복시킬 수가 없다.\"고 호소하는 사람들이 많습니다. 현재 강제 징병으로 인해 청년들은 군대에서 시간적 손실,정신적 고통, 각종 병영부조리 등을 입고 있음에도 불구하고, 그 어느 누구도 신경쓰지도 않고 당연하다 여기고 넘어가고 있습니다. 몇 년 전 제22보병사단 총기난사, 일명 '임 병장 사건'이라 불리는 이 사건은 한국 군대의 현주소를 노골적으로 드러냈습니다. 또한 박찬주 육군 대장 부부 갑질 사건, 얼마 전에 발생한 공군 병사 황제 복무 논란 등으로 인하여, 현대 대한민국 군대가 가진 큰 병폐를 아직까지도 근절하지 못하고 있습니다. 대한민국 헌법 제29조 2항에 '군인·군무원·경찰공무원 기타 법률이 정하는 자가 전투·훈련 등 직무집행과 관련하여 받은 손해에 대하여는 법률이 정하는 보상 외에 국가 또는 공공단체에 공무원의 직무상 불법행위로 인한 배상은 청구할 수 없다.'는 조항으로 인해 군인이 되면 '합헌적'으로 인권 유린 및 침해를 당해도 처벌이 어렵습니다. 이러한 헌법 때문에 군대에서 훈련 중 사고로 인해 부상을 입거나, 윗사람이 아랫사람을 갈굼, 폭행하는 병영부조리 등의 사건이 발생하더라도 국가와 대한민국 국방부는 배상할 필요가 없습니다. 이런 식으로 헌법이 군대 안의 불법행위를 감싸고 있다. 뿐만 아니라 실제 국방부에서는 온갖 가혹행위가 실제로 일어나고 있으며, 그 횟수 또한 적지 않아 부모들도 자식들을 군대 보내기에 매우 회의적인 상태입니다. 이러한 각종 병영부조리가 일어나고 있는데 대한민국의 군대는 군대가고 싶게 만드는 환경인가요? 언제까지 20대 초반의 남성들이 이러한 각종 병영부조리에 휩쓸리고 부당한 처우를 받으면서 정당한 댓가를 제대로 받지 못하고 참아야 하나요? 인생의 황금기를 군대에서 갇혀 '합헌적'으로 인권 침해를 당해야 하나요? 사회적 악습과 각종 복합적 사회갈등을 조장하는 징병제를 폐지하고, 현재보다도 안보전문성을 강화할 수 있는 단계적 모병제를 도입해야 합니다. 수 조원 규모의 군납비리, 국회 및 공직 사회의 특수활동비, 업무추진비, 특정업무경비 횡령이나 부정목적사용 등 국고손실행위를 뿌리뽑음으로써 모병제 운영에 필요한 재정을 확보하여, 하루 빨리 모병제를 도입함으로써 안보 전문성을 강화하고, 병영부조리에 의한 20대 초반 남성들의 인권 유린을 막아야 합니다.",
  "num_agree": 266,
  "petition_idx": "590515",
  "title": "21세기 강제징병으로 인한 각종 사회적 병폐, 병영부조리, 이제는 개혁이 필요합니다."
}