{
  "category": "행정",
  "begin": "2020-07-10",
  "content": "안녕하세요. 저는 광주에서 곧 결혼식을 앞둔 예비 신부입니다. 광주에서 잠잠하던 코로나가 불과 며칠 사이 코로나 확진자가 기하급수적으로 발생했고, 단 6일 만에 ‘사회적 거리 두기 2단계’가 시행되었습니다. 주요 내용으로는 고위험시설 집합금지 및 행정조치, 실내 50명 미만, 실외 100명 미만으로 모임으로 제한된다는 점입니다, 사람들이 많이 모이는 결혼식 또한 50인 미만으로 하객을 초대할 수 있다는 사실도 뉴스를 통해 알게 되었습니다. 작년 봄, 저는 설레는 마음을 안고 결혼 준비를 시작했습니다. 어느 누가 코로나라는 감염병이 생겨날 줄 알았을까요. 코로나는 다른 감염병과 다르게 확산 속도가 빠르고, 치료제가 없어 전 세계 사람들이 고통받고 있습니다. 사회적 확산을 방지하기 위해서 정부에서 발표한 사회적 거리 두기 3단계가 실질적으로 필요하다는 것에는 공감하지만. 저는 사회적 거리 두기 3단계 시행조치가 어떤 기준을 가지고 만들어진 것인지 되묻고 싶습니다. 광주에서 초기 가장 큰 문제가 된 건 교회, 사찰 같은 종교 모임과 다단계 등이었습니다. 하지만 이 기관들은 사건 발생 9일 지난 시점에서야 고위험시설로 추가 지정되었습니다. 반면, 결혼식에서 코로나 확진자가 나온 것이 아님에도 불구하고 확진자가 결혼식장을 지나갔다는 이유만으로 단번에 고위험시설로 분류되어 7월 4일, 5일에 결혼하신 분들은 신랑, 신부, 예식 도우미 등을 포함하여 49명만을 모시고 식을 치러야 했습니다. 저는 정말 광주에서 확진자가 생겨나 누구보다 안타깝고, 속상합니다. 하루하루 확진자가 줄어들길 바라지만 오늘(9일) 15명, 144명의 확진자가 생겨났습니다. 그럼에도 불구하고 오늘도 광주 백화점, 영화관, 버스터미널, 지하철, 그 외 다른 밀집 시설은 평소와 다름없이 ‘정상영업’ 중입니다. 제가 이렇게 국민청원에 글을 올리게 된 이유는 ‘사회적 거리 두기 2단계가 과연 동일한 기준을 두고 전 기관에서 공정하게 시행되고 있는가’입니다. 실내 50인 미만으로 제한하려면 결혼식장 뿐만 아니라 모든 장소를 똑같이 제한해야 하는 거 아닌가요? 사람들이 많이 모이는 곳 중 하나인 백화점은 특성상 창문도 없고 자연적인 환기도 불가능합니다. 그뿐만 아니라 한 층에 칸막이가 여러 곳으로 나뉘어 있습니다. 백화점 푸드코드에서 음식을 사고, 그곳에서 여러 사람이 모여 먹는 건 안 위험한가요? 밀폐된 공간에서 다 함께 영화를 관람하는 것은 어떻게 생각하시는지 궁금합니다. 기업은 이해관계, 영업 손실 등을 이유로 상대적으로 제한하지 않고, 개인의 계약으로 이루어진 결혼식은 나라에서 통제하고, 권력을 사용해도 되는 곳인가요? (결혼식 진행하신 분들 이야기 들어보면 노란 조끼 입으시고 감시하셨다고 하시더군요) 최소한 사회적으로 행정명령을 내리기 위해선 ‘형평성’에 어긋나지 않게 해주셔야 하는 거 아닌가요? 지금 이 시기 결혼하는 게 민폐라는 거 잘 알고 있습니다. 또 이렇다 하는 치료제가 없는 만큼 인원을 통제하는 일이 가장 큰 예방책이 된다는 것도 잘 알고 있습니다. 하지만 결혼식 계약과 관련하여 수백 명의 보증 인원, 위약금 등의 비용을 개개인이 다 부담해야 하는 상황에서 모든 걸 떠안고 취소하는 일은 쉽지 않을 거라 생각됩니다. 또 공간의 면적이 다 다른데 똑같이 50명 미만 제한되는 것도 솔직히 이해가 되지 않습니다. (학교 교실만 한 크기에 49명 있는 것과 실내 운동장에 49명 모이는 것과 같은가요?) 광주 시청 여가부에 전화하면 ‘잘 모르겠다.’, ‘예식장과 잘 조율해보시라.’라는 답변뿐입니다. 이렇게 무책임한 답변이 또 있을까요. 결혼식이 사람들이 많이 모이고, 밥을 먹는 게 문제라면 식사 일절 금지 및 답례품으로 변경, 결혼식 입장 시, 마스크 착용 의무화 등으로 제한하고, 식만이라도 볼 수 있게 해줘야 하는 거 아닌가요? 시 전체가 록다운 되어 일상생활을 못 할 정도가 아닌 이상 융통성 있는 일 처리가 필요하다고 생각됩니다. 또 사회적 거리 두기 시행 단계별 예식 관련 사항에 대한 기준이 필요하다고 생각합니다. 지금이야 광주, 전남에 한해 2단계가 시행되고 있지만 언제 어떻게 서울이나 다른 지역까지 규제가 생겨날지 모르는 상황입니다. 그렇게 된다면 올해, 내년 결혼을 준비하는 예비부부들은 하루하루 마음 졸여야 하고, 수많은 피해자가 생겨날 것입니다. 그래서 제가 생각하기에는 사회적 거리두기 2단계 규제가 꼭 필요하다면 위약금 없이 보증인원 취소 및 변경 등의 허용을 나라에서 강력하게 담보해 주어야 한다고 생각합니다. 인원을 49명으로 제한하면서 보증인원 취소에 관한 협의는 예식장과 신랑신부 자율에 맡기는 것은 결국 예비신랑 신부들에게만 피해가 생겨납니다. 광주 평균 식대 38,000원 ~40,000원 사이인데 현재 49명만 들어갈 수 있음에도 불구하고 몇몇 예식장들의 갑질로 인해 보증 인원의 10%로만 감면해주거나 식대에 맞지 않는 이상한 답례품을 주는 식장이 많습니다. 이렇게 된다면 결혼식장에서는 식대비용 절감, 인건비 절감, 답례품 이익 등 오히려 예식장만 배부르게 되는 꼴입니다. 코로나 때문에 나라에서는 집합제한을 해 두고, 예비부부들과 예식장이 서로 싸우게 만들고 지켜만 보고 있습니다, 뉴스 기사보니 댓글에 ‘가족만 모여서 해라’, ‘이 시국에 결혼식이 말이 되냐.’라는 글이 많았습니다. 그 댓글을 읽으며 얼마나 속상했는지 모릅니다. 저는 성대한 결혼식, 특별한 결혼식을 원하지 않았습니다, 그냥 남들이 평범하게 하는 것처럼 준비했을 뿐인데 갑작스럽게 위약금, 보증인원을 모두 부담하라는 이야기를 들으니 가슴이 답답합니다. 저는 정부에게 지원금을 받거나, 돈을 바라는 게 아닙니다. 집합제한을 정부가 시행한 만큼 외면하지 마시고, 계약금 없이 취소나 보증 인원들 특수한 상황에서는 폐지할 수 있게 도와주십시오. 일생에서 한 번뿐인 결혼을 위해 1년 이상을 준비한 예비부부들이 많습니다. 간절히 부탁드립니다. 마지막으로 최전방에서 싸워주시는 의료진과 정부 기관 여러분께 항상 감사드리고, 코로나로 아프신 모든 분께서도 빨리 쾌유하시길 바랍니다. 제 긴 글 읽어주셔서 감사드리고, 제 의견에 공감하신다면 서명 부탁드립니다. 감사합니다.",
  "num_agree": 507,
  "petition_idx": "590541",
  "title": "코로나로 인한 광주 예식장 보증인원 위약금  무효 청원"
}