{
  "category": "행정",
  "begin": "2020-07-10",
  "content": "박원순 시장은 성추행 의혹으로 고소 당한 사람입니다. 공소권없음으로 종결은 되었지만 대부분의 정상적인 사고를 하는 국민들은 왜 박원순 시장이 자살했는지 알것입니다. 피해여성은 2차피해를 받게됩니다. 얼마나 큰 상처를 받겠습니까. 본인을 가리키는 수많은 사람에의해 벌써 2차 3차 피해를 받고 있습니다. 당장서울특별시장(葬) 5일장으로 장례하는 것을 취소해주세요.",
  "num_agree": 58084,
  "petition_idx": "590554",
  "title": "박원순시장의 장례를 서울특별시장(葬) 5일장으로 하는 것을 취소해주세요"
}