{
  "category": "정치개혁",
  "begin": "2020-07-10",
  "content": "뜻밖의 비보에 슬픈 마음 금할 길 없습니다 故 박원순 서울시장님의 삼가 조의를 표합니다. 별세와 덧붙여, 언론의 신뢰도를 보았을 때, 해당 건은 명확한 사실관계를 보도한다고 볼 수 없습니다. 하지만 공소권 없음으로 수사자체가 안될 상황입니다. 그에따라, 여론재판으로 모든 것이 끝날 상황입니다. 고인의 명예를 위해서라도, 해당 건에 대해서 공수처에서 명확하게 밝혀져야 한다고 봅니다. 공은 공으로, 과는 과로, 시대를 살아갔던 민주주의자에 대한 애도를 표합니다.",
  "num_agree": 16016,
  "petition_idx": "590551",
  "title": "故 박원순 서울시장의 죽음에 대해, 관련 연관된 모든 일에 대해 공소권 없음으로 끝나지 않아야합니다."
}