{
  "category": "인권/성평등",
  "begin": "2020-07-08",
  "content": "참다 참다 못해 국민 청원까지 올립니다. 대한민국 사회를 살아가면서 여성으로 태어난게 무슨 죄인지 모르겠습니다. 매일 비일비재하게 뉴스에 뜨는 성폭력 사건은 이제 뉴스가 나오는 약 1-2분가량의 안타까움, 저런 일을 피해다닐수는 있을까라는 무기력감만 남깁니다. 오늘은 클럽에 가서 만취한 여성을 남성 4명이 끌고가 성폭행을 저질렀음에도 무죄를 받았다는 소식을 접했습니다. 그리고 뒤이어서 검찰이 이 남성들을 불기소처분한 이유는 - 클럽에서 만난 것은 성관계에 암묵적으로 동의한 것이다. - 피해 직후 현장을 벗어나지 않았다. - 사건이 일어난 '직후' 신고하지 않고 '2일'이 지나 신고했다. 라고 나옵니다. 그리고 2차 신고 당시 경찰은 '클럽 사건이 일이나 되겠냐고' 피해자에게 되물었다고 합니다. 사건을 수사하기도 전에 먼저 경찰로부터 피해자에게 도덕적 비판이 날아옵니다. 2020년에 이게 말이나 되나 싶습니다. 성폭력 사건을 처리할 때는 적어도 '피해자'인 여성이 그렇게밖에 행동할 수 없었던 이유를 이해할 수 있는, 이해하려고 노력하는 사람이 필요하다고 생각합니다. 해당 여성이 경찰로 신고하러 경찰서로 발을 떼기 전까지 얼마나 많은 생각을 했을지 상상해볼 수 있습니다. 경찰관 아저씨가 날 이상한 눈으로 보지는 않을지, 진짜 일어난 일 맞아요? 취해서 그런거 아니예요? 라고 웃으며 아무일 아닌데 뭐하러 여기까지 와서 이렇게 큰 일을 만들지라고 말하는 듯한 눈초리를 감당할 자신이 있는지, 가해자들이 잡히는건 둘째치고 잡혀도 적법하게 사법판정을 받아 죗값을 치르기는 할지, 아니면 또 한낱 뉴스거리로 소비되다가 그들은 무죄로 풀려나는건 아닐지, 누워 자는 침대에서도 생각했을 것이고 일하는 책상에서도 생각했을 것이며 화장실에서도 고민했을 것입니다. 왜 직후에 가지 못하고 이틀이나 걸렸는지, 피해 직후에 현장을 왜 바로 벗어날 수 '없'었는지, 수사 및 판결 과정에서 이해할 수 있는 사람이 있어야한다고 생각합니다. 대한민국에서 성범죄가 이렇게 잦은 이유는 여성이 짧은 치마를 입고 술을 많이 마셔서가 아닙니다. 수사과정이 남성중심적이고 처벌이 남성의 시각에서 나오기 때문입니다. 적어도 성폭력 관련 사건 담당팀에서 절반 이상은 여성이 함께 투입되어 진행되어야 한다고 생각합니다. 법적으로 일정 비율이상 여성이 참여할 수 있도록 해주세요",
  "num_agree": 1141,
  "petition_idx": "590501",
  "title": "성범죄 사건은 법적으로 1/2 이상 여성경찰/판사가 전담할 수 있도록 해주세요."
}