{
  "category": "보건복지",
  "begin": "2020-07-09",
  "content": "대한민국에 코로나의 전염이 하루빨리 종식되기를 바라고 있지만 이것이 교회모임에 대한 지나친 억압으로 가능한 것은 아닙니다 특히 이번 7월 10일부터 시행하는 교회에 대한 [소모임과 특히 기도와 찬양 등 말하는 행위]를 금지하는 방역수칙은 교회탄압으로 이어지는 항목이기에 강력히 반대하는 바입니다 [소모임과 기도와 찬양]을 할지라도 일정 거리를 유지하고 마스크를 착용하다면 교회내에 전염을 충분히 막을 수 있기 때문입니다 [소모임과 기도에 찬양]을 금지하는 이번 방역수칙은 종교와 집회의 자유를 침해하는 위헌적인 종교탄압이기에 철외할 것을 강력히 청원하는 바입니다",
  "num_agree": 3558,
  "petition_idx": "590511",
  "title": "7월 10일(18시)부터 시행하는 교회에 대한 방역수칙 중 [소모임과 기도와찬양]에 대한 금지 항목을 철회하여 주십시오"
}