{
  "category": "보건복지",
  "begin": "2020-07-08",
  "content": "아홉번째 청원운동 다시 합니다. 이십만명 될때까지 *******재단 성직자•복지사들 철저하게 복지자금 횡령혐의 전수조사 할때까지 합니다. #서울시는_*******재단이_노숙인_다********센터_복지센터를_회수하라_차라리_구세군에_맡겨라. #*******재단_복지센터에서_퇴출시킵시다. #서울시는_노숙인_********센터를_회수하라. #차라리_구세군한테_맡겨라. 복지사가 상담을 기피하고 복지자금을 쳐 먹는 *******재단를 철저하게 전수조사하라. 2013년 민들레 문학 강좌를 통해 제2회 *** 문학상 당선작품 *** 통해 매입임대주택 보증금 백만원 확보해 2014년1월1일부터 주거하게 되었다. 보증금 1,098,000원 이지만, LH공사에서 보조금 50%을 더해 2,196,000원 이였지만, 복지센터 복지사는 그런것을 알려주지 않았다. 알게 된 동기는 복지사가 임대료 미납되었다며 명의변경소송이라 해서 법원소송장 보고 알게 되었다. 그 당시(2013년)에 자활근로 46만원 4대보험 제하면 42만원 받아 임대료 17만여원을 내며 생활하게 되었다. 자활근로 6개월 마치니 연장 불가하다고 해서 자활근로도 마친 상황에서 42만원도 받지 못해 임대료를 몇개월 미납된 상태였다. 청소노동자로 128만원 최저임금 받아 겨우 민간으로 취업을 했다.128만원 받아 4대보험과 식사비 제하니 98만원 월급 통장에 들어왔다. 청소노동자로 일 하면서 왼쪽 손가락 절단 사고 날뻔 했지만 응급실로 가서 급히 봉합수술후 안전하게 수술을 했다. 가운데 손가락 뼈가 가루가 되어 손가락 봉합수술후 지금도 가운데 손가락이 아프곤 하다. 그런데 *******재단 ********센터 복지사는 어떠한 상담조차 하지 않고 임대료 미납 되었다며 연체료와 원금을 청구하며 장사를 하고 있다. 노숙인 간판을 달고 노숙인 장사를 하며, 무료급식 한다며 급식 장사를 하는 복지센터 복지사들 도저히 용납할 수 없다. 몇년간 관심없다가 임대료 미납으로 독촉 전화가 대부분이다. 임대계약서를 새롭게 작성해야 기초생활대상자로 신청하는데 불구하고 복지사 왈!!! 내가 왜 하냐며 큰소리를 치며 나에게 다그쳤다. 2015년에 차상위 계층 신청하여 한달도 안되어 신청 완료하였지만, 그 당시엔 수급자격만 있지 수급비는 한푼도 없다. 문화누리카드 신청하여 2015년엔 오만원으로 감소했다. 그 오만원으로 뭘 할 수 있는건 영화, 도서, 공연 등 외 현금으로 사용을 하지 못한다. 2018년부터 차상위 계층도 십만원 수급비를 지급을 받는다. 2015년 차상위 계층을 받아 수급비 없으니 최저임금 128만원 받아 청소노동자를 일을 했다고 소득 발생 했다며, 12월에 차상위 계층을 취소를 당했다. 청소노동자 일을 하다 손가락 절단 사고 날때 청소 용역회사에선 산재처리 안하고 완치할때까지 몇개월 쉬다가 128만원 최저임금 에서 4대보험 제하고 118만원을 몇개월이 전부였고 그 이후, 퇴사를 했다. 청소용역회사는 재입찰 안될까 몇개월 동안 급여128만원 최저임금 4대보험 제하면 118만원 산재처리 대신 해 주었다. 용역 재입찰 못할까 산재보험 못한다고 한다. 그만두니 기초생활대상자로 신청하려 해도 주민센터 사회복지사가 새로운 임대계약서를 가지고 오리 해서 ********센터 복지사는 임대계약서를 직성조차 하지 안했다. 내가 왜? 하냐며 큰소리로 다그쳤다. 2013년12월 임대계약서로 5년동안 살고 있다가 임대계약서를 한번도 작성하질 않고 임대료 미납 되었다며 명의변경소송이라는 법원소송으로 일년동안 다가왔다. 인력소에 새벽마다 출근하다시피해도 인력소장는 일이 없다며 내일 어라고만 하는 날이 2016~2017년 2년 가까이 출근하다시피 했다. 청소노동자, 경비원으로 취직을 하려고 서울시 일자리센터 상담을 받아 구직을 통해 면접 봤지만, 통과하지 못했다. 백여차례 면접을 본 것 같다. 그러고는 센터에서 법원 조끼 입히고 강제집행 한다고 조폭들을 사서 힘으로 대항하지 못하게 강제집행를 하였다. 법을 사칭하여 취약계층을 거리로 내몰게 되는곳이 무슨 복지센터인가? 베낭가방으로 중요한 짐을 챙기고 자전거를 갖고 그것으로 교통수단이 되었고 어느 착하신 분이 오토텐트, 침낭을 주셔서 한강공원(마포대교)에서 11개월째 20~06시까지 한강관리자 눈을 피해 잠자리를 하고 있다. 씻지도 세탁도 못하고 간간히 착하신 분들이 후원금 주셔서 끼니를 해결을 하고 있지만, 하루 한끼 편의점에서 도시락과 컵라면이 전부였다. 이십만명 청원 서명을 달성하여 *******재단 (서울특별시립)노숙인 ********센터 회수와 복지사•성직자들의 불법자금 복지자금을 횡령한 것을 낱낱이 전수조사하여 횡령혐의 잡아야 한다. 그리고 서울시 복지자활과 이진산 주무관한테 복지사가 리베이트 자금도 전수조사 해야한다. 감시해야 할 서울시 주무관이 복지센터 복지사의 대변인이 되어 버렸다. *******재단을 복지센터에서 퇴출시켜야한다. (서울특별시립)노숙인 ********센터 서울시에서는 당장 회수하고 차라리 구세군에 맡겨야 한다. *******재단 복지사의 탁상행정 보고서라면 대한민국 노숙인 한명도 없어야 한다. 현장보다 탁상행정 보고서를 더 귀하게 여기는 *******재단 복지센터에서 퇴출시켜야한다. (장사꾼) \"구세군\"은 서울특별시립 *** 종합지원센터로 한다.구세군의 무료급식는 식사하려 온 사람들이 직접 서명하여 서명, 생년월일, 서명으로 인원을 투명하게 한다. 잠자리도 오후에 접수하여 침대칸을 배정한다. 구세군에서 자활근로 하는분들도 ********센터 가질 않으려한다. 그만큼 불법이 일삼기 때문에 토박이 노숙인들도 다 아는 사실이다. \"*******재단\" (서울특별시립)\" 노숙인\"********센터는 투명하지 못하고 탁상행정 하기 바쁘다. 같은 종합지원센터인데, ****만 왜? #노숙인 글자를 달고 장사를 해야할까, 이것만봐도 ***는 장사를 하는것이 확실하다. 무료급식도 식권200장+알파 만들어 놓고 잠자리도 저녁에 줄을 세워 입장하고 새벽에 퇴실하는 사람들을 식권 나눠주는데, 2012년만에도 공간이 협소해 자리를 하지 못했고 식권도 부족했다. 요즘은 식권이 남아 직원, 복지사, 자원봉사, 다 채우고도 남는 식권, 그만큼 노숙인이 서울역에 줄었다는 것이다. 아니 줄어진게 아니라 서울역을 내쫓는거나 마찬가지이다. 어디로 가셨을까? 불만을 갖는 몇몇 노숙인이 개인적으로 일하여 후원물품 받아 찾탕을 운영하는 곳이 있다. 정부지원금, 서울시 지원금, 기업, 개인 후원금을 받고도 못하는 복지 단체가 개인이 운영하니 턱없이 어려운건 사실이다. 저녁 무료급식 할때 식권을 받고 급식하는자는 17시30분부터 하게되고 17시부터은 복지사, 직원, 자원봉사등이 먼저 식사를 하는데 노숙인보다 직원, 복지사, 자원봉사들이 더 많고 급식이 남으면 과감하게 버리게 된다. 남는 음식 가지고 가면 횡령이기에 음식쓰레기로 버리게 된다. 성프란시스대학 십년넘게 운영하며 코닝업체에서 년2억을 받아 쳐 먹고 사업을 확장하여 **** * 이라는 공간을 확보해 예술인을 무료공연하게 하고, 재능기부 하게 광고와 홍보하게 한다. 탁상행정하며 후원금을 구걸하는 복지단체 *******재단 거지중에 왕거지다. 경기도 *** **겸 신부인 강**, 내부고발자로 통해 횡령혐의를 폭로 했더니 내부고발자를 괴롭힘이 도를 넘어갔고 서울주교 신부가 다른곳에 발령을 낸 상태다. 복지사는 후원금 구걸이 익숙한지 물품부터 공연, 스포츠, 돌아다니며 구걸하며 받아 쳐 먹는 복지사. 후원금, 후원물품을 개인적으로 사용하는 단체가 *******재단 복지사들이다. 후원금을 구걸하여 개인 호주머니에 넣어 호의호식 하는 복지사. ********센터 가 보시면 복지사는 할 일 없어 책상만 지킨다. 상담하려 온 노숙인이 상담도 못받고 본론이 뭐냐고요. 결론이 뭐고 뭘 원하는지 말을 하세요. 없으면 가세요. 라고 상담조차 못하는 복지사들이 대부분이다. 그래서 서울특별시립 ********센터를 회수 해야하고 복지자금을 전폭적으로 전수조사 해야한다. 주거지 다시 찾을수 있게 도와주세요. [본 게시물의 일부 내용이 국민 청원 요건에 위배되어 관리자에 의해 수정되었습니다]",
  "num_agree": 407,
  "petition_idx": "590502",
  "title": "주거지 다시 찾을수 있게 도와주세요. 강제퇴거 당해 한강공원에서 잠자리한지 11개월째."
}