{
  "category": "행정",
  "begin": "2020-07-09",
  "content": "정말 화장실을 사용할 사람에게 물었어야 하는 것 아닌가요? 저는 의정부에서 30년 넘게 택시 운전을 하고 있는 시민입니다. 운전을 하다 대·소변이 급하면 어쩔 수 없이 이곳저곳 찾아 헤매다가 급한데로 깡통이나 팻트병을 사용하고 아니면 가장 가까운 동사무소 같은 곳을 찾아 해결합니다. 저희와 같이 운전을 직업으로 하는 사람들은 시간이 곧 돈이기 때문에 참고 참다보니 비뇨기과 질환을 아주 달고 사는 동료 기사분들도 얼마나 많은지 모릅니다. 이것이 의정부만의 문제는 아닐 것입니다. 그런데 제가 주로 운행하는 의정부 지역의 의정부역이 새롭게 백화점도 들어오고, 공원도 들어서면서 손님들이 많이 늘어나는터라 손님도 늘고해서 이곳에서 주로 손님 대기를 많이 합니다. 하지만, 역시나 이곳에도 기사들이 이용할만한 화장실은 없더군요. 의정부시청에 많이 아쉽고 서운했습니다. 우리같이 잠시도 움직이지 않으면 돈을 벌 수 없는 사람들을 위한 마음을 누군가는 좀 내어줬으면 하는 바램이 정말 간절했습니다. 그래서 용기내어 몇 년 전부터 의정부역 근처에 화장실을 지어 달라고 의정부시청에 민원을 넣고 택시 대표자들이 찾아가기도 했습니다. 그러나 그 때마다 돌아온 대답은 시의 중심지이고 공원이기 때문에 화장실을 놓기 어렵다거나, 철도청 부지라서 어렵다는 똑같은 대답을 계속해서 해왔습니다. 그러다가 한 2년 전쯤 화장실을 역전근린공원 내에 설치한다는 반가운 소식을 들었을 때는 의정부가 얼마나 고마웠는지 눈물이 날 지경이었습니다. 그런데, 최근 뉴스에서 이 화장실이 예산낭비니 호화 화장실이라니 하면서 오르내리는 것을 보고 마음이 덜컥내려 앉았습니다. 한편으로는 30여평 규모에 6억의 예산을 드려 화장실을 만든다니 맞는 말인 것 같기도 했습니다. 그러나, 저의 입장에서 보면 이러다가 정말 화장실을 짓지 못하는 것이 아닌가 하는 두려움이 앞섭니다. 자꾸만 사람들의 입에 오르내리면 결국에는 다시 검토하는 순서가 기다릴 테고, 그렇게 되면 화장실 짓는 일은 점점 더 늦어지게 될 것이니까요. 그래서 의정부시에서 도대체 어떤 화장실을 짓는지 알아봤습니다. 그런데 정말 눈물이 나더군요. 의정부시청의 답변은 이러했습니다. “의정부역의 화장실은 컨테이너나 조립식으로 급하게 만들 수도 있습니다. 그러나, 그 곳은 우리시의 중심지고 주변에는 안중근 동상과 베를린 장벽, 소녀상 같은 역사적이고 문화적인 평화의 상징물들이 많아 그에 걸 맞는 특색있는 화장실이 만들 것이고, 더 나아가 의정부시민 어느 누구나 사용하는 공중화장실이 어느 곳보다 편안한 쉼이 있는 곳이야 한다 것”이었습니다. 거기에 음악과 조경, 치안을 위한 CCTV까지 설치한다는 애기에 감동을 하지 않을 수 없었습니다. 우리같은 노동자들도 편안하고 안전한 화장실을 이용할 수 있도록 도와주십시오. 왜 우리는 이런 화장실 이용하면 안 되는건가요? 죽을 때까지 이렇게 마음을 내어준 의정부시 행정에 깊이 감사드립니다. 우리같은 현장 근로자들도 아름다운 화장실을 이용할 수 있게 도와주시길 청원합니다.",
  "num_agree": 180,
  "petition_idx": "590528",
  "title": "시민들을 위한 화장실 증설 하는것을 정치적 목적으로 의정부시의 행정을 방해하는 집단의 청원을 막아주세요."
}