{
  "category": "안전/환경",
  "begin": "2020-07-09",
  "content": "코로나 걸릴지모르는 광주지역 학생들은 기말고사를 앞두고 이런일이 발생하여 학원에 나오라는등 다수에 학생들과 만나며 위험에 빠져있습니다. 1학기 기말고사를 취소해주세요",
  "num_agree": 940,
  "petition_idx": "590507",
  "title": "시험때문에 코로나위협을 무릅쓰고 학원가는 학생들을 위해 중학생 1학기기말고사를 취소해주세요"
}