{
  "category": "교통/건축/국토",
  "begin": "2020-07-10",
  "content": "안녕하세요? 재건축 추진중인 아파트 소유자이고 현재 내년초 만료인 임차인이 거주중에 있습니다. 이번 6.17 부동산대책이 투기적 수요를 차단하기 위한 것임을 잘 이해하고 있지만 신설예정인 재건축아파트 분양권 2년 실거주 요건은 대책발표 후 신규취득자부터 적용하여도 충분히 정책적 효과를 볼 수 있다고 생각합니다. 또한 세부 적용에 있어 선의의 피해자가 발생하지 않도록 구제방안을 마련해야한다고 생각합니다. 제 얘기로 돌아와서 이번 실거주 요건 적용으로 지난주 미안한 마음으로 내년초까지 임차기간이 있는 세입자에게 실거주하기위해 들어가게되어 미리 집구하시는 것 준비하시라고 전달하고 저도 현 전세집에서 이사할 준비를 하고 있습니다. 국토부는 조합설립후 분양까지 6-8년 기간이 소요되니 충분히 실거주할 수 있는 시간이 있다고 안내하지만.. 조합방식과 다르게 신탁방식(재건축 절차가 순조롭게 진행되면 신탁사 시행자 지정 인가(조합설립과 동일)부터 분양까지 2년 내에도 가능)은 그 기간이 빨라질 수 있어 현 임차기간 만료 후 입주하더라도 실거주 2년 요건을 채우지 못할까 걱정됩니다. 정책당국에서 이 부분 감안하여 6.17 대책발표 후 현 임차계약 만료 후 입주하여 신탁사 시행자 지정 인가후 분양시까지 실제 거주하는 소유자는 구제하여 주는 방안을 마련해야 한다고 생각합니다. 읽어주셔서 감사드립니다.",
  "num_agree": 204,
  "petition_idx": "590536",
  "title": "신탁방식재건축 거주요건중 실입주자 구제 요청"
}