{
  "category": "기타",
  "begin": "2020-07-10",
  "content": "현재 코로나 19로 인한 수많은 자영업자들이 쓰러져 가고 있습니다. 앞으로를 어떻게 견뎌 낼 수 있을지 가장으로서 앞으로 어떻게 가족의 생계를 책임져야 하는지 장사를 그만두고 일반 장사집에 입사해 설거지라도 해야하는 잠못이루는 밤을 보내고들 있습니다. 다른 장사집에 가려해도 요즘 채용을 하지 않다보니 하루하루를 버텨내고 있습니다. 오늘 청원을 하려는 내용은 ㅁ현재 국내산 돼지 삼겹, 족발 등 가격이 천정부지로 오르고 있습니다. 월초 대비 70% 인상되었고 앞으로 100%이상으로 인상 된다고 합니다 ㅁ가격인상에 대한 대기업 유통업체들은 가격인상에 대한 고지도 없이 인상을 하고 중간 유통상과 일반 소매점은 \"최저시급 인상으로 인한 高인건비\" & \"원재료 급등으로 인한 高원가\"로 인한 \"이중고\"를 겪고 있습니다. ㅁ 돼지고기 인상의 요인으로는 - 현재 학교급식에 나가는 돼지고기들이 나가지 않다보니 돼지를 잡지 않아서 - 경기침체로 인한 수요 극감이라고 하는데 ㅁ정부차원에서도 서민 대표음식인 \"돼지\" 관련해서 조사를 통해서 사실이라면 \"관련 대책\"을 아니라면 \"대기업 유통업체\"들의 진상조사를 통해서 그들의 횡포를 막을 수있는 \"송방망이 처벌-1000만원 과징금\"이 아닌 실질적 대안이 필요합니다. 마지막으로 많은 자영업자들이 피눈물을 흘리며 하루하루를 마지 못해 버티고 있습니다. 부디 외면 하지마시고 진실을 국민들에게 알려주시면 감사하겠습니다",
  "num_agree": 822,
  "petition_idx": "590535",
  "title": "자영업자의 피 눈물- 대기업 돼지 축산 유통업체 가격담합 조사필요"
}