{
  "category": "교통/건축/국토",
  "begin": "2020-07-09",
  "content": "대전광역시 유성구 장대동에 위치한 유성IC삼거리(장대교차로, 장대삼거리)는 \"입체교차로\"로 건설되어야 합니다. 유성IC를 난와 월드컵경기장을 보고 좌회전해서 200미터 내려가면 유성IC삼거리(장대삼거리)가 나옵니다. 이 곳은 평일, 주말 할 것 없이 차량이 뒤엉키는 상습정체 구간으로서 교통사고가 빈번하여 교통 흐름의 개선대책이 절실히 요구되어 약15년 전 부터 민원이 제기되었고, 대전광역시에서는 2008년경 그 필요성을 절감하여 \"입체교차로\"로 건설한다고 발표했습니다. 그런데, 어찌된 영문인지 지금은 \"평면교차로\"로 변경되어 공사가 착공 되었습니다. 이곳은 평소는 물론이고 출퇴근 시간, 주말 가릴것 없이 극심한 정체로 유성IC에서 나온 차량들이 좌,우회전 모두 안돼서 고속도로 상,하행선을 10킬로미터 이상을 막아 버리는 경우가 다반사입니다. 이곳은 대전시에서 최초 발표 당시와는 비교도 할 수 없을만큼 지역이 발전 되었고 교통량도 폭증 되었습니다. 최근에는 도안신도시 등 서남부권의 개발이 한창 진행중이며, 유성복합터미널이 건립되고 있어 대형 시외버스의 통행이 급격히 증가 될 것 입니다. 도한, 세종시와 유성복합터미널을 연결하는 BRT(급행간선버스)가 중앙 2개차로를 차지하고 지나게 되며, 세종시를 오가는 왕복10차선의 차량과 유성IC를 통과한 대부분의 차량들이 이 도로를 이용 할 수 밖에 없습니다. 과거에도 막혔고, 지금 현재도 너무 막혀 악명 높은 이곳을 \"입체교차로\"로 하겠다 발표 했었는데, 갑자기 \"평면교차로\"로 건설한다면 삼청동자도 웃을 노릇이고 유치원생에 맡겨도 입체로 만들 겁니다. 이곳을 평면교차로로 한다는 것은 교통지옥에 기름을 붓고 불을 지르는 격 입니다. 입체교차가 아니면 현 도로는 그냥 놔 두시고 차라리 우회도로를 만드십시요. 소문에 의하면 교차로가 신설되는 인근 토지를 유력 재산가들이 사들였고 그들이 지역 정치인들에게 청탁하여 평면교차로 변경하게 되었다고 합니다. 부디 소문이 사실이 아니기를 바라지만, 앞으로 그 소문의 근거를 추적해 보자는 지역 여론도 있습니다/ 물론, 기존 인근 토지소유자들의 자사과 미래의 부동산 가치도 소중합니다. 그러나, 시민의 편익과 공공의 가치가 더 우선시 되어야 한다고 생각 합니다. 상습정체로 인한 공고의 불편과 사회적 비용의 허비를 최소화 하고, 성장가도의 대전과 세종의 미래를 위한 결단이 절실 합니다. 불 보듯 명약관화한 장대교차로의 교통지옥을 해소해 주십시요.",
  "num_agree": 476,
  "petition_idx": "590520",
  "title": "장대교차로 \"입체교차로\"로 건설해 주십시요."
}