{
  "category": "인권/성평등",
  "begin": "2020-07-10",
  "content": "여러분, 촉법소년 뺑소니 사건, N번방의 운영진이 미성년자였던 사건, 부산 여중생 사건을 기억하시나요. 이 사건들의 가해자는 모두 미성년자였습니다. 이 사건들 이외에도 미성년자가 가해자였던 사건들을 수도없이 많았습니다. 촉법소년 폐지를 다시 강조하기 위해 올립니다. 촉법소년법은 범행 당시 10세 이상 14세 미만인 촉법소년이 형사처분은 받지 않고 보호 처분을 받게 되는 것입니다. 또한 강한 처벌은 소년원에 최고 2년 미만 동안 송치되는 것입니다. 그렇기 때문에 10세 이상 14세 미만의 촉법소년들은 사람을 죽였든, 폭행을 했든지 간에 모두 보호 처분을 받게 됩니다. 이렇게 때문에 피해자들은 자신을 괴롭게 만든 가해자들이 쉽게 풀려나는 것을 보고 또 다시 고통을 받습니다. 소년법에서는 반사회성이 있는 소년의 환경 조성과 품행 교정을 위한 보호처분 등의 필요한 조치를 하고 형사 처분에 관한 특별 조치를 함으로써 미성년자들이 건전하게 성장할 수 있도록 만들어진 것입니다. 그런데 지금 이 소년들이 올바르게 자라라고 만든 법이 악용되고 있습니다. 최근에는 촉법소년들이 민식이 법을 악용하는 사례도 있었습니다. 촉법소년은 보호처분만 받고 전과가 남지 않아서 촉법소년의 재범률은 점점 증가하고 있고, 소년법을 가볍게 여기는 소년들도 늘어나고 있습니다. 이들은 자신이 소년법 아래 처벌을 받지 않는다는 것을 명확히 알고 있으며 이를 악용하고 있습니다. 현재 국가는 소년들을 ‘보호’한다는 이유로 강력한 처벌을 내리지 않고 있습니다. 저는 범죄를 저지른 소년들이 다시 범죄자가 되지 않도록 강력하게 처벌하여 경각심을 줘야 한다고 생각하며, 이것이 소년들을 보호하는 것이며 앞으로의 올바른 사회를 이끌어나갈 수 있는 방법이라고 생각합니다. 그러므로 촉법소년법을 폐지하여 소년들을 보호하고 피해자들의 억울함을 풀어주기를 원합니다.",
  "num_agree": 2644,
  "petition_idx": "590546",
  "title": "촉법소년법 폐지를 요구합니다."
}