{
  "category": "인권/성평등",
  "begin": "2020-07-10",
  "content": "박원순씨가 사망하는 바람에 성추행 의혹은 수사도 하지 못한 채 종결되었지만 그렇다고 그게 떳떳한 죽음이었다고 확신할 수 있습니까? 성추행 의혹으로 자살에 이른 유력 정치인의 화려한 5일장을 언론에서 국민이 지켜봐야하나요? 대체 국민에게 어떤 메세지를 전달하고 싶은 건가요. 조용히 가족장으로 치르는게 맞다고 생각합니다.",
  "num_agree": 596410,
  "petition_idx": "590550",
  "title": "박원순씨 장례를 5일장, 서울특별시장(葬)으로 하는 것 반대합니다."
}