{
  "category": "저출산/고령화대책",
  "begin": "2020-07-09",
  "content": "노인을 위한 나라는 없고 노인을 요양하는 가족을 위한 나라도 없다. 요즘 대한민국에서 아이들 키우기 어렵지만 모든 부모에게 육아에 따른 지원을 제공해 줍니다. 그런데 2020년 6월 현재 팔순 어머님을 봉양하는 자식에게 나라에서 어떤 지원을 하는 지 혹시 아십니까? 당연히 아무것도 없습니다. 이 청원은 봉양에 따른 지원 내용이 아닙니다. 요양 등급 판정을 받은 어머님을 다른 요양보호사에게 맡기지 않고 가족이 직접 요양보호사 자격증을 취득하여 요양 보호할 때 나라에서 어떤 불이익을 주는 지에 대해서입니다. 요양보호사 자격을 취득하기 위해서는 240시간의 이론과 실기 교육을 이수하고 시험에 합격해야 합니다. 그리고 요양보호사 자격으로 요양 등급 판정을 받은 어머님께 자식이 요양 보호를 하면 하루에 몇시간을 보호하든 상관 없이 1시간만 인정을 하고 한 달 30일 가운데 20일만 인정을 해줍니다. 자식이 고령의 어머님을 봉양하면 부모 육아 지원처럼 봉양에 따른 지원도 충분히 제공할 수 있는건데 봉양도 아니고 요양 등급 판정을 받은 어머님을 자식이 요양보호사 자격으로 요양 보호하는 데 왜 불이익을 주는 것인가요? 요즘 같은 코로나 시대에 요양보호사로부터 감염되는 일을 막기위해서라도 가족 요양보호사가 절실한데 지원은 커녕 불이익을 제공하다니요? 국민 여러분이 이런 사실을 알고는 계신 지 모르겠네요. 신혼 부부도, 육아 부모도 지원하고 고령의 부모님 봉양하고 사는 자식들도 좀 지원해 주세요. 그리고 고령의 부모님이 요양 등급 판정을 받아 자식이 요양 보호사 자격증 취득하여 직접 요양 보호하면 격려해 주고 지원해 주세요. 지금처럼 불이익 주지 말고요. 우리나라 많이 발전하고 의료, 복지 칭찬 많이 하지만 아직도 미개한 분야 많습니다. 먹고 사는데 문제없는 분들이 이런 의료, 복지 제도 만들고 계시니 요양 보호 제도 만든지 12년이 지나도 이런 문제가 여전히 남아 있습니다. 이번 기회에 육아 수준의 봉양 정책도 기대하겠습니다. 할일 많은 대통령님에게 청원해야 하는 이런 시스템을 도대체 어떻게 해결해야 할까요?",
  "num_agree": 409,
  "petition_idx": "590516",
  "title": "가족 요양보호사에게 왜 불이익을 주나요?"
}