{
  "category": "교통/건축/국토",
  "begin": "2020-07-09",
  "content": "지난1월 치뤄진 대구경북통합신공항 이전후보지 주민들의 의사를 묻는 투표를 진행하였고 이 투표에서 군위군 우보면이전지에 대해 약80%상당수의 군위지역 주민들이 우보지역으로 오는것을 원한다는 결과가 나왔다 그런데 국방부와 경북도지사는 주민의사를 묻는 투표의 결과만가지고 법적요건이 갖춰진 단독후보지 신청을 반대해왔고 결국엔 약 80%정도의 군위군민의 찬성 의사를 묵살하고 국방부는 7/3일 군위군민을 무시하는 적법한요건을 갖춘 군위군 단독유치신청에 대해 부적합판정을 내렸다 이는 법치국가에서 법적하자가없는 적법행위(군위군 우보면 단독신청)를 무시한 결정이고 두지역간의 안좋은감정만 부추기는행위이다 이에 경북도지사는 중립적인 입장에서 어떤 선택이 원할한 사업을 진행하는것인지 또한 어떤 선택이 지역주민의 갈등을최소화하는 선택인지를 다시 한번 잘 생각해보시기 바란다 또한 국방부는 당장 7/3일의 말도 안되는 결정을 내리고 두지역이 알아서 협의 하라는식의 무책임한 태도를 그만보이고 적극적나서서 법적절차대로 지리적 입지조건 법적절차가 완벽한 군위군 우보면 단독유치신청을 받아들일것을 촉구한다",
  "num_agree": 801,
  "petition_idx": "590527",
  "title": "국방부는 7/3일 대구경북통합신공항 군위군우보면 단독유치신청 부적합판정을 취소하라!"
}