{
  "category": "행정",
  "begin": "2020-07-10",
  "content": "전 서울시장이 돌아가신것은 안타깝지만 코로나로 일반인은 장례도 가족장으로 하고 거리두기로 결혼식장례식 모두 소규모로 하는데 범죄혐의로 고소되고 자살하신분인데 더더욱 이 시기에 세금으로 코로나 확산위험까지 감수하면서 서울시 특별장례로 시민공개는 아닌거 같네요",
  "num_agree": 11300,
  "petition_idx": "590553",
  "title": "박원순 전 서울시장  서울시 장례식 반대 사회적 거리두기필요"
}