{
  "category": "육아/교육",
  "begin": "2020-07-10",
  "content": "대통령님. 교육부 장관님. 그리고 시도 교육청 교육감님. 또 모든 전국의 교장선생님!! 코로나19 사태 정기화로 인해 전국의 초중고 학생들이 학교도 매일 가지 않고 주1회~3회 또는 격주 등교를 하고있는 상황입니다. 지난 3월까지만해도 21에 등교한다 4월에 등교한다 등으로 조금씩 미루다 보니 임시방편적인 단방향 온라인 수업이 대체되었습니다. 하지만 단방향은 말그대로 '임시적'인것이지 길게는 쓰일수가 없습니다. 현재 확진자가 계속 늘어나고 있으면서 2학기 매일 정상등교도 불분명한 상황, 또 교내 및 가족확진자 발생시 수업중지등으로 혼란이 있는데 이럴때 필요한것이 화상수업을 이용한 양방향 온라인 수업입니다. 현재 전국학교 약 5%만이 이 쌍방향 온라인 수업을 하고있습니다. 일부사립초, 국제중,특목고 그리고 아주 극소수의 일반학교에서만 쌍방향 수업을 하고있습니다. 제 아이는 쌍방향 수업을 하는 학교에서 전학을 가게 되어 현재는 단방향 온라인 수업을 받고있는 상황입니다만, 학부모 입장에서 두가지를 다 격어본 결과 단방향은 아주 문제가 많습니다. 일단 수업시간이 지켜지지 않고 있고 일방적인 수업내용을 지침하다보니 듣는둥 마는둥 하는지 안하는지 확인이 되지 않습니다. 부모가 일일히 들여다보고 확인해야 알수만 있는것이지요. 그렇기때문에 수업내용과 질이 떨어져 학습손실이 발생는것은 당연한 결과겠지요. ebs콘텐츠는 한계가 있기때문에 사교육이 성행하는 판국입니다. 학교 선생님들께서도 화상수업 처음에는 부담이 있겠지만 오히려 녹음녹화되는것을 만드는것이 장기적으로 보면 더 좋지 않을수있습니다. 쌍방향 온라인수업도 대면수업보다는 못하겠지만 그래도 출석체크가 일일히 이루어지고 수업시간 딱 맞춰서 아이들을 확인할수 있고 서로 소통할수 있고 수업시간을 정상등교때처럼 알차게 활용할수있습니다. 쌍방향으로 하는곳은 그걸 알기때문에 쭉 하는것이구요. 그리고 선생님, 교육자라면 '가르치는것'에 대한 책임과 의무를 가지셔야할것입니다. (매일 이렇게 할수없다면 일주일에 3번정도는 꼭 쌍방향으로 해야합니다. 하지만 하다보면 매일 하게됩니다) 대한민국 교육 평등하게 받아야한다면서 어떤학교는 쌍방향이고 어떤학교는 단방향인것은 왜 그럴까요? 학교에만 선택권을 주지 마시고 이럴때일수록 정부행정명령을 내리시어 모든 학교 쌍방향 화상 온라인수업으로 해야한다고 주장하는 바입니다. 학교마다 쌍방향을 안하는 이유가 있겠지만서도 사실 정부에서 권고 및 적극 도입 추진하면 어쩔수없이 따라야할것입니다. 사업이 아닌 교육입니다. 아이들의 미래가 걸려있습니다. 가뜩이나 획일화된 교육인데 이렇게 암울한 시대에 교육이라도 제대로 갖추어야 나라가 희망이 있질 않겠습니까? 모든 나라가 지금 다 어려울때 교육 혁신은 바로 이런것부터 이루어져야한다고 생각합니다. 지금 나라가 어려울때 모든 국민 100만원 주기가 아니라 다른 추경편성이 아니라 전국 학교에 쌍방향온라인수업 다 도입하셔서 가정 형편이 어려운 아이들이나 기기장비가 어려운 학교로 도와주는 인력및 장비를 보태주셔야합니다. 이것이 나라에 보탬이 되는 일입니다. 대통령님! 교육만이 나라를 살릴수있습니다. 그러니 교육부 장관님이 이 코로나사태에도 등교를 해야한다고 주장하시는것 아니겠습니까. 전쟁과도 같은 상황이니만큼 그래도 희망인 교육을 위해서 전국 모든 학교 쌍방향 온라인 수업 지침 마련해주세요. 제발 간청드립니다. 너무나도 절실합니다. 코로나는 언제끝날지 모릅니다.",
  "num_agree": 415,
  "petition_idx": "590544",
  "title": "전국학교에 쌍방향 온라인수업 도입해주세요."
}