{
  "category": "행정",
  "begin": "2020-07-09",
  "content": "저는 도봉산, 수락산, 천보산으로 둘러쌓인 아름다운 도시 의정부에 살고 있는 시민입니다. 우리 의정부는 일제강점기 엄복동 선수가 전조선자전차 경기대회에서 우승한 이래, 싸이클 전용경기장을 건립하면서 전국에 스포츠 도시로 명성을 날리고 있습니다. 최근에는 전용 컬링장과 배드민턴장, 테니스장 등 새로운 체육시설을 확충하여 시민의 건강증진과 체육활성화에 앞장서고 있어 저는 의정부에 살고 있음을 자랑스럽게 생각하고 있습니다. 의정부 최초의 3선 시장인 안병용 시장님은 4개 권역동 체제에 따라 권역별로 국민체육센터를 건립한다며, 송산권역에는 이미 민락국민체육센터 건립을 위해 국비를 받았다고 하며, 흥선과 호원 권역에 국민체육센터를 건립키로 하는 등 그 어떤 시장님보다 우리 의정부시민의 건강복지를 생각하시는 분입니다. 그런데 지난 2020. 6. 26. 독단적 예산낭비를 막아 달라는 국민청원을 보고 제 눈을 의심하지 않을 수 없습니다. 이는 제가 그 동안 가졌던 의정부에 대한 자긍심이 송두리째 무너지는 심정이었습니다. 자신이 제기한 민원이 해결되지 않았다고, 지역 이기주의에 함몰되어, 정당한 절차와 방법에 의해 어렵게 추진하고 있는 사업에 대해 독단적 예산낭비 운운하며, 사업의 본질을 폄하하고 왜곡한 것은 우리 사회의 부끄러운 모습이 아닐 수 없습니다. 실내체육시설이 부족한 의정부시가 2019년 19억원을 들여 건립한 시청 테니스장은 평시에는 어린이집 원아들의 놀이터로 사용되고, 주말에 체육인들에게 테니스장으로 이용되고 있으며, 코로나19로 인한 집합금지가 해제되면 시민들에게도 개방한다고 합니다. 오랫동안 그린벨트에 묶여 개발이 제한되었던 직동과 추동공원에 시민들 세금 한 푼 안들이고 민간업자를 끌여들여, 그 곳에 테니스장과 배드민턴장을 설치하였고, 그 곳에서 지금은 크고 작은 대회를 열어 우리 의정부의 위상이 높아지고 있습니다. 이와 함께 청원한 467억원 규모의 다목적 스포츠파크 건립은 우선 주민편의 시설과 코트 일부를 설치하고, 그 이후에 예산 상황을 봐가면서 메인코트를 설치해 국제대회를 유치한다고 하며, 먼저 설치되는 코트는 평상시 주민들의 문화공연장으로 활용하도록 계획되어 있다고 합니다. 이것을 어찌 혈세낭비라고 할 수 있으며 국비나 도비를 지원하지 말아야할 이유가 되겠습니까? 100세 시대에 의료비 지출을 줄이는 방법으로 운동을 권유하고, 주변을 살펴보아도 운동으로 건강을 회복하는 사례는 얼마든지 있습니다. 따라서 저는 강력히 청원합니다. 의정부가 전국 최고의 스포츠 도시로, 그리고 건강한 도시로 자리 잡을 수 있도록 국도비 지원을 아끼지 말고, 지원 할 수 있는 범위 내에서 모든 비용을 지원해 주십시오. 그렇게 함으로써 대부분의 선량한 사람들이 대한민국의 국민으로, 의정부시민으로 자긍심을 가질 수 있도록 해 주십시오. 감사합니다.",
  "num_agree": 467,
  "petition_idx": "590521",
  "title": "의정부에 다목적 스포츠파크가 건립 되도록 적극 지원해 주세요"
}