{
  "category": "행정",
  "begin": "2020-07-10",
  "content": "안녕하세요, 항상 시민들의 건강을 위해 코로나 확진자 동선을 빨리 파악해주시고, 시민분들께 알림을 해주셔서 감사합니다. 하지만, 자영업자로서 요즘 코로나 알림문자에 대하여 많은 문제를 겪고 있고 이 부분에 대하여 이야기를 나누고 싶습니다. 얼마전 확진자가 저의 영업장에 방문한 후에 저의 가게 이름이 긴급재난문자에 띄워졌고 저희 동네 모든 사람들이 확진자의 이동 경로를 알게 되었습니다. 당연히 불안한 시민들을 위해서는 필요한 절차라고 생각하고 있지만, 알림 문자 이후에도 모든 자영업자들을 위해 추가로 알림문자 서비스가 필요하다고 생각합니다. 저의 경우에는 확진자가 방문했다는 사실을 알게된 바로 그날에 방역조치를 실시하였고, 모든 직원들이 코로나 검사를 받은 후 음성 판정을 받았습니다. 하지만, 이미 저희 지역 전체에 가게 이름이 명시된 후에는 직원들 이상이 없다고 하여도 손님들은 불안감에 줄줄이 예약취소만 하고 가게에는 발길이 끊겼습니다. 긴급재난문자에 가게이름이 명시되어 어려움을 겪고 있는 저를 비롯한 많은 가게들이 피해를 당했을 것이라고 생각합니다. 더 많은 코로나19 피해를 막기 위하여 필요한 절차라고 하지만, 건물 방역이 잘 이루어졌고 직원들이 이상이 없다면 시청에서 재난문자 알림을 통하여 직전에 명시된 가게가 현재 이상이 없음을 시민분들께 꼭 알려드려야 한다고 생각합니다. 보통 손님들은 확진자가 다녀간 가게를 긴급재난문자로 '확진자가 다녀간 곳' 이라고 기억하고 그곳에 발길을 주지 않습니다. 이때문에 너무나 힘든 코로나19 사태에 자영업자들은 더더욱 피눈물을 흘립니다.. 부탁드립니다. 적극적으로 시민들의 의견을 반영하는 것도 좋지만, 코로나 확진자가 다녀간 후에 전원 음성판정과 철저한 방역과 소독을 한 경우라면 긴급재난문자나 시청홈페이지를 통하여 \"00 가게, 방역완료. 직원들 모두 음성판정받았음.\" 과 같이 알림을 다시 보내주셨으면 좋겠습니다. 자영업자들의 목소리를 꼭 들어주세요. 감사합니다.",
  "num_agree": 193,
  "petition_idx": "590537",
  "title": "코로나 긴급재난문자- 자영업자들의 목소리"
}