{
  "category": "교통/건축/국토",
  "begin": "2020-07-10",
  "content": "얼마전 서해고속도에서 황당한일을격은 캠핑카차주입니다. 제차는 1톤기아 워크스루벤을 개조하여 만든 캠핑카입니다. 비봉에서 태안쪽으로 달리던중 화성휴게소 못밋쳐서 차가 퍼져서 그만 갓길로 정차를 하였습니다. 캠핑카는 긴급출동이 안돼서 고속도로교통공사에 전화를했더니 캠핑카란이유로 견인이 불과하다는 통보를 받았습니다. 고속도로는 2차사고가 발생하는 도로여서 무서웠습니다. 그래서 울며겨자먹기로 5kㄹ밖에 안되는 발안ic까지 가는데 사설렉카가 20만원을 요구하더군요. 캠핑카법을 만들었으면 거기에맞는 긴급출동도 되게 만들어지요. 개소세니 부과세 별도니 세금은 다뜯어가면서 왜 긴급출동이 안됩니다까. 보험은 비싼데 긴급출동이 안된다는건 말이안되는거같습니다. 앞으로 캠핑카타는사람들 더 많아질겁니다. 소잃고 외양간 고치지마시고. 캠핑카 긴급출동좀 오게 만들어주세요. 코로나 잘극복들하시구요",
  "num_agree": 1317,
  "petition_idx": "590534",
  "title": "캠핑카긴급출동"
}