{
  "category": "인권/성평등",
  "begin": "2020-07-09",
  "content": "저는 미래에 꼭 엄마가 되고 싶은 평범한 여자입니다. 오랫동안 아이를 갖기 위해 병원을 수차례 다니며 치료와 입원을 반복하고 있습니다. 우리 부부는 아이를 갖기 위해 힘들게 노력하고 있습니다. 아이가 태어나면 대한민국의 한 일원으로써 열심히 성장하고 살아가게 될테지요. 저는 병실에서 손정우 미국송환 불허의 기사를 접했습니다. 흥분하거나 스트레스를 받으면 또 아이를 유산할 수도 있다고 했습니다. 그러나 너무 큰 슬픔에 빠져 그만 또 유산을 하게 되었습니다. 대한민국의 법이 태어날 우리아이를 지키지 못하게 햇습니다. 현실 또한 대한민국의 미래를 지켜낼 아이들을 대한민국 법이 지켜내지 못했고 앞으로도 어른들이 지켜주지 못할 것 같은 절망감에 빠졌습니다. 그래서 엄마가 꼭 되고 싶은 저의 목소리를 힘겹게 내어 봅니다. 법조계 만연하게 퍼져있는 성문화와 뻔뻔하게 얼굴 들고 다니는 국회의원 성범죄자들, 판사 성범죄자들, 검찰 성범죄자들, 경찰 성범죄자들, 모두 찾아내서 엄벌해주시기 바랍니다. 잠정 25만명으로 추정하고 있는 텔레그램 방에 숨어있는 아동 성범죄자들도 처벌해주세요. 손정우 미국송환 불허 결정이 된 법을 2020년에 맞춰 변경해 주세요. 저는 낳기도 힘든 아이를....어떻게 노예로 삼아 죽지도 못하고 치욕의 삶을 살게 하나요? 그걸 보며 웃고 즐기고 함께 아동성범죄에 가담한 모든 아동성범죄자들에게 무기징역을 내려주세요. 전 대한민국 법이 대한민국을 짊어지고 책임지고 성장시킬 무한한 원동력을 가진 아이들이 꼭 지켜지길 바랍니다. 지금은 엄마들이 시국선언을 할 때라고 생각합니다. 더이사 내 아이를 교육 잘 시키는 것만으로는 아이를 지켜낼 수 없습니다. 관련링크는 오연준이 부른 바람의 빛깔입니다. \"나무를 베면 알 수가 없죠\" 우리가 하나되길 바랍니다.",
  "num_agree": 1674,
  "petition_idx": "590519",
  "title": "잠재적인 아동성범죄자들로부터 대한민국의 아이들을 지켜주세요. 우리의 미래입니다."
}