{
  "category": "안전/환경",
  "begin": "2020-07-09",
  "content": "대전 코로나 확진자 동선을 자세히 공개하지 않고, 같은 대전 시청 소속인 공무원의 동선은 ㅇㅇ병원, ㅇㅇ약국으로 공개하는등 출퇴근 이동경로 따위 상세하게 기록하지 않고 확진되기 5일전 동선을 공개 하지도 않고 있습니다. 확진자의 이동동선도 만취상태라는 이유로 공개하지 않고 있고, 정확한 정보를 얻을 수 없습니다. 지금 점점 심해지고 있는 대전에서 이렇게 상세하지 않게 동선을 올리므로 시민들이 불안해하고 있습니다. 좀더 상세하고 차별없는 확진자 동선이 있으면 좋겠습니다.",
  "num_agree": 1287,
  "petition_idx": "590526",
  "title": "대전 코로나 확진자 동선"
}