{
  "category": "농산어촌",
  "begin": "2020-07-10",
  "content": "대한민국 농촌에서는 오래전부터 일손부족으로 군과 기관등에서 많이 지원해오고 있지만 턱없이 일손이 부족한것은 이제 다 아는 이야기입니다. 몇 년 전부터 외국인가족 초청으로 계절근로자들이 와서 많은 도움이 되고 있는것은 사실입니다. 물론 불법외국인도 많이 있었지만, 그나마 아쉬운 실정입니다. 농촌에서는 부족한 일손으로 수확시기를 놓쳐 제때 좋은 상품을 출하하지 못한 농민도 많습니다. 지금까지 농촌 일자리 부족한 관할 거주 외국인 가족만 계절근로자 초청하였습니다. 현재 농촌에 거주하고 있는 외국인 고향 가족만 초청대상으로는 소수에 불과합니다. 대부분 도시에 있는 외국인 다문화가정들이 훨신 많습니다. 농촌거주 다문화가족만 계절근로자로 초청할게 아니라 도심지 다문화가족들에게도 다같이 농촌일손을 지원할 수 있는 기회를 주는것이 농촌일손부족에 많은 인력으로 도움될것으로 예상됩니다. 요즘은 코로나로 더욱 다문화 가족초청이 없어지고 있습니다. 예를들어 한국베트남 다문화 가정에서 조차 베트남가족 초청서류심사가 너무 까다로워, 작년까지 비자가 당연히 승인되던 아기출생 사유로도 초청비자 심사에 통과하기 어려운 실정입니다. 그래서 더욱 가족초청으로 불법취업도 많이 줄어들는 시점에, 차라리 다문화 가족의 계절근로자로 외국가족 초청을 많이 늘려 합법적으로 일하고 본국으로 돌아갈 경우 재초청, 비자 연기등으로 한다면 관련 불법체류는 대부분 방지 할 수 있을것으로 봅니다. 결론적으로 많은 도심지 거주 다문화 가족 초청외국인 일손을 농촌의 심각한 일손부족 해결에 도움이 될 수 있도록 정책을 펴주십시오.",
  "num_agree": 193,
  "petition_idx": "590555",
  "title": "심각한 농촌 일손부족 ~"
}