{
  "category": "기타",
  "begin": "2020-07-10",
  "content": "저는 53세 여성입니다. 지난 2014년 분양형호텔에 투자했다가 사기를 당해서 임대료도 못받고 이자만 내면서 살고 있었습니다. 어떻게든 명도를 통해 객실을 찾아왔고 영업을 하려는 찰나에 코로나가 발생하면서 건물은 폐쇄가 됐고 지금껏 영업을 못하고 있습니다. 이호텔애는 3개에 호텔이 있고 상가까지 합치면 4개에 영업소가 있습니다. 그러나 관리소에서 건물을 폐쇄해서 영업을 못하고 있습니다. 이런 상태에서 임대사업자라는 이유만으로 정부에 지원을 못받고 있습니다. 임대사업자라고 다 부자가 아닙니다. 조그만한 경제력에 조금 욕심으로 투자했다가 집까지 날린 사람들이 너무도 많다는 점 알아주셨으면 좋겠습니다. 물론 그 욕심으로 죄값을 지난 세월동안 고통으로 살아왔습니다. 그런데 코로나까지 창출을 정말 최악에 상태가 됐습니다. 임대업자라고 다 같은 임대업자가 아닙니다. 너무나 힘든 생활을 하고 있는 임대업자가 많다는 점 특히 정부가 법에 테두리없이 허가한 분양형호텔 피해자들이 너무나 많다는 점 알아주셨으면 좋겠습니다. 이자는 내야하고 영업은 안되고 그런데 사면초과로 임대업자는 대출을 안된다는 이 현실이 암담할따름입니다. 임대업자라고 다 같은 임대업자가 아닙니다. 정말 힘든 임대업자가 너무나 많으니 살려주십시요. 이렇게 힘든 국민들이 있다는 점 알아주셨으면 좋겠습니다.",
  "num_agree": 472,
  "petition_idx": "590542",
  "title": "가난한임대인"
}