{
  "category": "행정",
  "begin": "2020-07-09",
  "content": "청원의 요지 전 국민이 코로나19 여파로 어려운 경제 상황 속에 생활고로 허덕이는 가운데 IMF 때 보다 더한 어려움이 예상되는 이때, 또 다른 이면에 수십년간 어려움을 격으며 하루 하루를 겨우 살아가는 서민의 피를 말리는 악덕 채권추심회사가 정부의 정책 과 방침은 우습게 생각하고 오직 기업영리만을 생각하고 싼 가격에 채권채무를 매입하여, 삶에 허덕이고 지친 사람들에게 폭행과 폭언만이 없을 뿐이지 법을 이용한 채권추심을 하기위해 조직폭력배 나 다름없는 짓을 하고 있습니다. 채권추심회사가 부실채권 매입가격 원금과 이자로 본다면 수천%의 금액을 요구하는 것으로서 이는 법을 이용한 고리대금업자 보다 더 높은 수익을 창출하기 위해 합법적 사업을 빙자하여 세금도 내지 않으며, 경제적으로 부도가 나거나 어려워 갚지 못하는 채권채무를 인수하여 돈을 받기위해 갈길 없는 서민을 소송과 채권채무 기간 연장을 하여 압류 와 경매 등을 통해 한곳에 주민등록지로 정하지도 못하고 떠돌아다니게 만들고 경제적 활동을 차단하고 마지막에는 극단적 선택을 할 수밖에 없도록 몰아가는 조직입니다. 국민청원을 하는 저 역시 더 이상 희망이 없는 세상을 접고 싶은 생각에 마지막으로 이 나라에 나와 같은 고통을 격고 있는 사람이 많은데 이런 악덕채권추심회사 가 행하는 짓이 진정한 경제활동이라고 정부가 사업자등록 과 인가를 해주어야 하는가 국민청원 합니다. 악덕채권 추심회사 의 사업인가 취소를 국민청원 합니다. IMF 여파로 사업이 부도가 나고 살던 집 마저 시세보다 터무니 없는 가격에 경매를 당한 시기가 약 20년 전 2000년도입니다. 사업이 부도가 나고 채권자들은 하루가 멀다 하고 가제도구, 통장 등을 압류를 하여 마땅한 살림살이 하나 남아나지 않고, 결국 생활고로 처 자식만이라도 먹고 살게 하기 위해 국내에서의 재기는 꿈도 꾸지 못하고 해외로 나가 이 나라 저 나라 떠돌아 다니며 생활하다, 그 과정에 기약 없이 하루같이 채권자들로부터 오는 우편물 과 월세방에 압류를 하러오는 법원 집달관들 때문에 불안해서 살수가 없으니 이혼하자고 하여 이혼을 하고 자식하나 데리고 어떻게든 살아보려고 하였습니다. 신용불량자로 올바른 직장 과 사업은 생각지도 못하고 먹고살기 위해 조그마한 일이라도 하다가 일당 수십만원 받기 위해 개설한 통장에 몇십만원만 모여 있으면 어떻게 알았는지 통장을 압류 하여 월세가 체납되어 쫒겨 나기를 여러번 그러기를 약 20년입니다. 세월이 지나다 보니 정부가 발표한 IMF 때 어려워진 사람들을 구제하기 위해 부실채권을 매입하여 소각한다는 기사를 보고 다시 정상적으로 통장이라도 만들 수 있는 시간이 오려나 하고 기달리다, 부실채권이 소각 되엇다는 소식을 접하고 다시 통장을 개설하고 나니 난데없이 또다시 통장에 가압류가 붙어 생활비 마저 찾아 쓸수 없게 되엇습니다. 압류를 한 회사는 2012 부실채권을 싼값에 자산관리공사로부터 인수하여 대부업을 운영하며 2016년 다시 법적소송을 제기 하여 승소판결을 받아 추심을 전문으로 하는 회사 **********(주)라는 회사 였습니다. 하루하루 먹고살기 바쁜 사람에게 소송을 제기하여 경제적 형편상 출두하지 도 못하였고 답변을 하지도 못하였습니다. 법원에 출두를 한들 빛을 진 사람이 무슨 할 말이 있겠습니까 이를 원인으로 해서 채권을 얼마에 매입하였는지 알수는 없지만, 주택담보대출금 경매 후 잔액 약4,500만원이 이자가 불어서 1억 7천 만원이 넘는다며 채무변제를 독촉하며 이자는 탕감하여 줄수 있으니 원금에서 합의를 하자고 하는데 정부가 금융기관의 부실 채권을 소각키 위해 소각하는 과정에 이런 채권추심회사에 있는 채권은 이미 매각이 되었더라도 매각 금액에서라도 협의라도 할 수 있는 길을 열어주던지 형평성의 원칙에도 맞지 않는 정책은 수정할 수가 없는지 하여 금융 감독원에 신고를 하였으나 정상적인 채권이라는 답변만 받게 되었는데 그 근거가 채권추심회사가 소송에 승소한 채권이라는 답변을 가지고 못 도와줘서 미안하다는 말이 다인데 이 회사는 어떻게 알앗는지 통장만 개설하면 압류를 하는지 도무지 알수 가 없습니다. 정부도 금융기관도 아닌 개인기업이 보험회사에 보험만 들어도 압류, 조합금융에 통장을 개설하여도 압류 이렇게 철저히 압류를 하여 살수가 없도록 괴롭혀 돈을 받으려고 하는 악덕 채권 추심 대부업자에게 각종 개인 금융정보를 제공하는 기관은 누구이며, 정부는 이런 회사를 정상적으로 인허가 해주는 것은 누구를 위한 법이며 누구를 위한 것인지 궁금합니다. 금융기관에서 공기업에 부실채권 매각하고 또 다시 대부업자에게 매각 하는 이유는 무엇인가요. 공기업이 부실채권을 매각한다면 그 조건에 채무자에게 먼저 의사라도 물어 보는 것이 적절하지 않나 하는 생각입니다. 채권 추심회사가 채권을 추심하는 과정에 불법 행위가 없었는지 어떻게 개인의 금융거래상황을 상세히 들여다 볼수 있었는지에 대해 조사 하여야 할것입니다. 다른 사람들도 그러하겠지만 IMF 이전에 열심히 일만하였습니다. 남에게 받을돈은 한푼도 받지 못했습니다. 법적 조치할 비용마저도 없고 채권자들 피해 다니던 상황에 갚아야 할 채무에 대한 금융기관들의 채무 독촉만 빗발 쳣습니다. 금융기관도 대출해주고 이자 받아서 수익을 얻었는데 무슨 철천지 원수가 져서 매각금액으로 채무자에게 매각하면 좋으련만 이런 남의 어려움을 이용해 돈을 벌려는 회사에 어떤 이익을 보장받기에 매각을 하는지 대통령께서 발표한 내용과 정부정책에 절대적으로 반하는 행위를 하는 금융기관, 자산관리공사 는 어느 나라 의 기업입니까. 세월이 지나 채무소멸기간이 넘어 탕감 받은 채무도 있습니다. 하지만 상기 회사는 해도 해도 너무 합니다. 농협단위조합 통장압류, 우체국통장압류, 신한은행통장압류, 국민은행통장압류, 동부 생명보험 압류, 재난지원금 입금이 된 통장마저 압류하여 기왕 쓰지 못할거 근로복지공단에 기부하였습니다. 어째서 악덕 대부업자가 금융기관 거래상황을 합법적으로 들여다 볼수 있는지 대한민국이 언제부터 악덕 채권채무를 추심하는 대부업자의 채권수금에 까지 협조를 해주고 있는지 이것이 진정한 정상적인 경제활동인지를 묻고 싶습니다. 부도로 인해 피눈물 나는 어려운 생활은 견디고 살아가지만 신용불량이라 마땅한 취직자리 하나 못 구해 월급을 받지도 못하니 개인회생도 불가능한 사람에게 금융 감독원 직원은 법원에 개인회생 자문 받아 보라는 말이나 하는 담당자에게 하고 싶은 말은 철밥통 으로 그 자리에 있으니 민원인 들의 이야기가 남의나라 이야기처럼 들리시는지 정상적으로 취직해서 4대 보험 들고 개인회생 신청 할 수 있으면 벌써 햇지 오죽 답답하면 합법을 빙자한 악덕 채권추심 회사를 금융감독원에 신고를 하겠습니까 20년 세월 시달리며 신용불량에서 겨우 벗어낫나 싶었는데 악덕 대부업자의 채권추심으로 은행 거래마저 막혀 막막하게 사느니 이 나라를 떠나든지 아니면 극단적 선택만이 이 고통에서 벗어 날 수밖에 없는가 하다가 마지막으로 나만 아닌 다른 수많은 사람들도 이렇게 고통 받고 있을 것을 생각하며, 이런 악덕 채권 추심회사 의 사업허가 및 인가를 취소하고 살기 좋은 나라를 만들기 위해 남의 아픔을 이용해서 적법을 빙자한 악덕 채권추심회사 들을 양성하는 일은 없어져야 할 것 입니다. 대통령께서는 어려움을 격고있는 신용불량자와 IMF때 어려워진 국민들에게 정상적 경제활동으로 재기하라는 취지의 지원을 위해 부실채권 소각 등 서민경제에 도움을 주어 새로운 기회를 준다고 하는데, 서민의 피를 말리는 악덕 채권추심회사를 양성하는 기관은 과연 대한민국 의 어느 정부 기관입니까. 세상을 살면서 빛지고 싶어 지는 사람 있겠습니까. IMF 이전까지 세금 잘 내고 열심히 일만했습니다. 은행에 대출해서 사용하고 남은 돈 예금해놓고 자고나니 은행이 문 닫고 예금은 만기일도 안 된 대출금변제로 강제회수해가고 사용한 대출금 안갚는다고 외국회사에 부실채권으로 매각해서 공장, 기술 다 뺏기고 회사 문 닫아서, 먹고살기 위해 시작한 조금마한 사업마저 경기악화로 인해 살고 있는 주택마저 담보하여 직원들 월급 주며 버티다 결국 도산하여, 살던집 경매당하여 주택담보대출 부족분 잔금이 채권채무 추심회사로 넘어가 이자에 이자 가 늘어 눈덩이처럼 늘어나 경매 전 대출 원금을 넘어 선 금액을 갚으라고 독촉하고 10년에 한번씩 채무연장 소송을 제기하니 죽는날 까지 평생 신용불량으로 살 수밖에 없도록 하는 제도를 대통령님과 정부는 알고 계시는지요. 먼저 나 자신의 부족함이 많습니다. 한사람의 국민과 한가정이 행복한 것이 시작이고 끝인 우리 사회에 열심히 재기해서 다시 살아보려고 애쓰는 사람 잡는 악덕채권채무추심회사는 없어져야 한다고 국민청원 합니다. 이글을 올리는 이 순간 에도 가슴 조마조마하고 살길이 막막하기 그지없으나 더 열심히 살아야 겟다는 생각은 하기가 어려운 것이 현실입니다. 악덕채권채무추심회사 의 허가와 인가를 취소해주십시오. [본 게시물의 일부 내용이 국민 청원 요건에 위배되어 관리자에 의해 수정되었습니다]",
  "num_agree": 309,
  "petition_idx": "590517",
  "title": "서민의 피를 말리는 부실채권채무를 인수하여 추심을 전문으로 하는 회사의 허가 및 인가를 취소해주십시요"
}