{
  "category": "문화/예술/체육/언론",
  "begin": "2020-07-09",
  "content": "몇십년 동안 공휴일에 학교 운동장을 빌려 생활체육(야구)을 하는 시민들입니다 전국의 어느 도시나 똑같이 사회체육을 하는 사람들은 마땅한 구장이 없어 학교 운동장을 빌려 각계 각층에서 열심히 일하던 사람들이 공휴일만 되면 학교 운동장에 모여 일주일의 고되었던 생활의 스트레스를 푸는 것으로 활력을 찾는 곳으로 이용 하고 있는것입니다 헌데 지난 2월 부터 퍼지기 시작한 코로나19로 인하여 그즉시 학교 시설을 폐쇄 하여 이제껏 문을 닫고 있는것입니다 처음에는 모든 접촉을 피하기 위하여 시설 출입금지를 하는것은 맞다고 생각 하였습니다 그런데 한5개월 지나면서 무언가 앞뒤가 안 맞는다는 생각을 갖게 되는군요 첫째 공휴일 에 학교 운동장을 사용 할 때에는 사용 하는 우리 사회체육을 하는 사람들 외엔 거의 외부인의 출입은 없다는 것입니다 물론 학생들과의 접촉도 없습니다 그렇다고 관중이 있는것도 아닙니다 둘째 대부분의 학교 운동장은 교실과 상당한 거리에 있습니다 대면거리 2m를 훨씬 넘는곳이 대부분이고 교실 근처를 갈 일도 없습니다 이러한 모든 정황을 살펴 볼때 공휴일에 학교 시설을 폐쇄 하는것은 이치에 맞지 않는다고 생각되는군요 물론 코로나가 확산 되면서 사회 곳 곳에서 비대면 비접촉 하자는 소리가 나는것은 십분 동참 합니다 허지만 가뜩이나 모든 생활에 제재를 받고 있는 현실에서 사회 생활 하는 사람들의 숨 구명은 조금 터 주어야 하지 않을까 하는 생각입니다 회사와 장사 하는 사람은 툭하면 직장 폐쇄 영업중지 이로 인해 서민들은 크나큰 고통을 감내 하며 살고 있는데 그나마 스트레스 를 풀어야 하는 운동 마저도 장소가 폐쇄 되어 있으니 막막 합니다 어디 가서 술한잔 제대로 못 마시고 어디가서 밥 한번 제대로 먹을수 없는 현실에서 그나마도 스트레스를 풀수 있는 길은 터 주어야 하지 않을까요 운동장에 체온계 마스크 소독약 비치하고 방역에 만전을 기할테니 운동장을 공휴일에 한하여 개방 하여 주시기 바랍니다 참고로 저는 인천에서 운동을 하는 사람으로 인화여중 운동장을 사용 하고 있습니다 조건이 허락 하는대로 전국의 모든 운동장을 개방하여 주시면 감사하겠습니다 고맙습니다 인천광역시 미추홀구 **동 ***-* 정** (010-****-****) 올림 [본 게시물의 일부 내용이 국민 청원 요건에 위배되어 관리자에 의해 수정되었습니다]",
  "num_agree": 194,
  "petition_idx": "590506",
  "title": "학교 운동장 공휴일 개방 요청"
}