{
  "category": "인권/성평등",
  "begin": "2020-07-10",
  "content": "이시대의 진정한 페미니스트 대통령님과 더불어민주당 당원님들.... 억울하게 성추행당하고 공소권 없음으로 종결로 진실한줄 밝히지 못하게 될 작은 여인이 있습니다 그 여인은 자신의 들추고싶지않은 과거를 드러내는 용기를 내기까지 오랜시간과 결심을 하였을겁니다 가해자의 추악한 행태를 알리고자 많은 시선과 두려움을 이기고 용기내어 고소한 여인의 고소사실이 한점 진실없이 사라지게 되었습니다 범죄의 댓가는 법적잣대와 진실로 밝히고 죽음으로 덮는 불공정과 불의가 없어야 할것입니다 N번방의 가해자처럼 진실찾기에 꼭 동참해주시길 청원드립니다 부디 인권과 평등,공명정대함을 널리 밝히시어 억울한 사람이 단 한사람도 없도록 꼭 진실을 밝혀주시길 간곡히 청원드립니다",
  "num_agree": 30669,
  "petition_idx": "590552",
  "title": "(고)박원순의 성추행 피해자의 억울함을 풀어주세요"
}